{
  "type": "FeatureCollection",
  "name": "Mangalagiri_Cadastral_Parcels_500",
  "crs": {
    "type": "name",
    "properties": {
      "name": "urn:ogc:def:crs:OGC:1.3:CRS84"
    }
  },
  "metadata": {
    "total_parcels": 500,
    "state": "Andhra Pradesh",
    "district": "Guntur",
    "mandal": "Mangalagiri",
    "generator": "LAND•AI Synthetic Cadastral Engine",
    "classification": "DEMO DATA"
  },
  "features": [
    {
      "type": "Feature",
      "id": "PARCEL_1",
      "properties": {
        "parcel_id": "AP-GNT-0001",
        "survey_no": "100/1",
        "khata_no": "KH-1007",
        "pattadar_name": "Venkatesh Devi",
        "district": "Guntur",
        "mandal": "Mangalagiri",
        "village": "Atchampet",
        "doc_area_acres": 1.22,
        "gis_area_acres": 1.22,
        "area_delta_acres": 0,
        "status": "Synchronized",
        "classification": "Agricultural (Wet / Jirayati)",
        "is_demo_data": true,
        "discrepancy_note": null
      },
      "geometry": {
        "type": "Polygon",
        "coordinates": [
          [
            [
              80.53762,
              16.416118
            ],
            [
              80.539887,
              16.415837
            ],
            [
              80.539752,
              16.417769
            ],
            [
              80.537794,
              16.417497
            ],
            [
              80.53762,
              16.416118
            ]
          ]
        ]
      }
    },
    {
      "type": "Feature",
      "id": "PARCEL_2",
      "properties": {
        "parcel_id": "AP-GNT-0002",
        "survey_no": "100/2",
        "khata_no": "KH-1014",
        "pattadar_name": "Srinivasa Sharma",
        "district": "Guntur",
        "mandal": "Mangalagiri",
        "village": "Navuluru",
        "doc_area_acres": 1.59,
        "gis_area_acres": 1.59,
        "area_delta_acres": 0,
        "status": "Synchronized",
        "classification": "Agricultural (Wet / Jirayati)",
        "is_demo_data": true,
        "discrepancy_note": null
      },
      "geometry": {
        "type": "Polygon",
        "coordinates": [
          [
            [
              80.539915,
              16.416048
            ],
            [
              80.541802,
              16.415821
            ],
            [
              80.542087,
              16.417559
            ],
            [
              80.539953,
              16.417815
            ],
            [
              80.539915,
              16.416048
            ]
          ]
        ]
      }
    },
    {
      "type": "Feature",
      "id": "PARCEL_3",
      "properties": {
        "parcel_id": "AP-GNT-0003",
        "survey_no": "100/3",
        "khata_no": "KH-1021",
        "pattadar_name": "Lakshmi Varma",
        "district": "Guntur",
        "mandal": "Mangalagiri",
        "village": "Nidamarru",
        "doc_area_acres": 1.96,
        "gis_area_acres": 1.96,
        "area_delta_acres": 0,
        "status": "Synchronized",
        "classification": "Agricultural (Wet / Jirayati)",
        "is_demo_data": true,
        "discrepancy_note": null
      },
      "geometry": {
        "type": "Polygon",
        "coordinates": [
          [
            [
              80.541973,
              16.415902
            ],
            [
              80.544054,
              16.415923
            ],
            [
              80.544053,
              16.417827
            ],
            [
              80.541967,
              16.41752
            ],
            [
              80.541973,
              16.415902
            ]
          ]
        ]
      }
    },
    {
      "type": "Feature",
      "id": "PARCEL_4",
      "properties": {
        "parcel_id": "AP-GNT-0004",
        "survey_no": "100/4",
        "khata_no": "KH-1028",
        "pattadar_name": "Satyanarayana Kumar",
        "district": "Guntur",
        "mandal": "Mangalagiri",
        "village": "Kuragallu",
        "doc_area_acres": 2.33,
        "gis_area_acres": 2.33,
        "area_delta_acres": 0,
        "status": "Synchronized",
        "classification": "Agricultural (Dry)",
        "is_demo_data": true,
        "discrepancy_note": null
      },
      "geometry": {
        "type": "Polygon",
        "coordinates": [
          [
            [
              80.544092,
              16.415913
            ],
            [
              80.54651,
              16.415917
            ],
            [
              80.546168,
              16.417576
            ],
            [
              80.544292,
              16.417664
            ],
            [
              80.544092,
              16.415913
            ]
          ]
        ]
      }
    },
    {
      "type": "Feature",
      "id": "PARCEL_5",
      "properties": {
        "parcel_id": "AP-GNT-0005",
        "survey_no": "100/5",
        "khata_no": "KH-1035",
        "pattadar_name": "Subba Devi",
        "district": "Guntur",
        "mandal": "Mangalagiri",
        "village": "Yerrabalem",
        "doc_area_acres": 2.7,
        "gis_area_acres": 2.7,
        "area_delta_acres": 0,
        "status": "Synchronized",
        "classification": "Agricultural (Wet / Jirayati)",
        "is_demo_data": true,
        "discrepancy_note": null
      },
      "geometry": {
        "type": "Polygon",
        "coordinates": [
          [
            [
              80.546521,
              16.416071
            ],
            [
              80.548585,
              16.415921
            ],
            [
              80.548429,
              16.417666
            ],
            [
              80.546298,
              16.417613
            ],
            [
              80.546521,
              16.416071
            ]
          ]
        ]
      }
    },
    {
      "type": "Feature",
      "id": "PARCEL_6",
      "properties": {
        "parcel_id": "AP-GNT-0006",
        "survey_no": "101/1",
        "khata_no": "KH-1042",
        "pattadar_name": "Appa Sharma",
        "district": "Guntur",
        "mandal": "Mangalagiri",
        "village": "Mangalagiri",
        "doc_area_acres": 3.07,
        "gis_area_acres": 3.07,
        "area_delta_acres": 0,
        "status": "Synchronized",
        "classification": "Agricultural (Wet / Jirayati)",
        "is_demo_data": true,
        "discrepancy_note": null
      },
      "geometry": {
        "type": "Polygon",
        "coordinates": [
          [
            [
              80.548519,
              16.416023
            ],
            [
              80.550635,
              16.41595
            ],
            [
              80.550731,
              16.417849
            ],
            [
              80.548647,
              16.41763
            ],
            [
              80.548519,
              16.416023
            ]
          ]
        ]
      }
    },
    {
      "type": "Feature",
      "id": "PARCEL_7",
      "properties": {
        "parcel_id": "AP-GNT-0007",
        "survey_no": "101/2",
        "khata_no": "KH-1049",
        "pattadar_name": "Narayana Varma",
        "district": "Guntur",
        "mandal": "Mangalagiri",
        "village": "Atchampet",
        "doc_area_acres": 3.44,
        "gis_area_acres": 3.44,
        "area_delta_acres": 0,
        "status": "Synchronized",
        "classification": "Agricultural (Wet / Jirayati)",
        "is_demo_data": true,
        "discrepancy_note": null
      },
      "geometry": {
        "type": "Polygon",
        "coordinates": [
          [
            [
              80.550979,
              16.415938
            ],
            [
              80.553109,
              16.415841
            ],
            [
              80.552953,
              16.417597
            ],
            [
              80.550689,
              16.417557
            ],
            [
              80.550979,
              16.415938
            ]
          ]
        ]
      }
    },
    {
      "type": "Feature",
      "id": "PARCEL_8",
      "properties": {
        "parcel_id": "AP-GNT-0008",
        "survey_no": "101/3",
        "khata_no": "KH-1056",
        "pattadar_name": "Koteswara Kumar",
        "district": "Guntur",
        "mandal": "Mangalagiri",
        "village": "Navuluru",
        "doc_area_acres": 3.81,
        "gis_area_acres": 3.81,
        "area_delta_acres": 0,
        "status": "Synchronized",
        "classification": "Agricultural (Dry)",
        "is_demo_data": true,
        "discrepancy_note": null
      },
      "geometry": {
        "type": "Polygon",
        "coordinates": [
          [
            [
              80.553041,
              16.416025
            ],
            [
              80.555112,
              16.416038
            ],
            [
              80.555124,
              16.417688
            ],
            [
              80.5531,
              16.417492
            ],
            [
              80.553041,
              16.416025
            ]
          ]
        ]
      }
    },
    {
      "type": "Feature",
      "id": "PARCEL_9",
      "properties": {
        "parcel_id": "AP-GNT-0009",
        "survey_no": "101/4",
        "khata_no": "KH-1063",
        "pattadar_name": "Radha Devi",
        "district": "Guntur",
        "mandal": "Mangalagiri",
        "village": "Nidamarru",
        "doc_area_acres": 4.18,
        "gis_area_acres": 4.18,
        "area_delta_acres": 0,
        "status": "Synchronized",
        "classification": "Agricultural (Wet / Jirayati)",
        "is_demo_data": true,
        "discrepancy_note": null
      },
      "geometry": {
        "type": "Polygon",
        "coordinates": [
          [
            [
              80.555311,
              16.415998
            ],
            [
              80.557271,
              16.415861
            ],
            [
              80.557242,
              16.417723
            ],
            [
              80.555133,
              16.417748
            ],
            [
              80.555311,
              16.415998
            ]
          ]
        ]
      }
    },
    {
      "type": "Feature",
      "id": "PARCEL_10",
      "properties": {
        "parcel_id": "AP-GNT-0010",
        "survey_no": "101/5",
        "khata_no": "KH-1070",
        "pattadar_name": "Sujatha Sharma",
        "district": "Guntur",
        "mandal": "Mangalagiri",
        "village": "Kuragallu",
        "doc_area_acres": 4.55,
        "gis_area_acres": 4.55,
        "area_delta_acres": 0,
        "status": "Synchronized",
        "classification": "Agricultural (Wet / Jirayati)",
        "is_demo_data": true,
        "discrepancy_note": null
      },
      "geometry": {
        "type": "Polygon",
        "coordinates": [
          [
            [
              80.557533,
              16.415867
            ],
            [
              80.559481,
              16.415894
            ],
            [
              80.559515,
              16.417716
            ],
            [
              80.557421,
              16.417636
            ],
            [
              80.557533,
              16.415867
            ]
          ]
        ]
      }
    },
    {
      "type": "Feature",
      "id": "PARCEL_11",
      "properties": {
        "parcel_id": "AP-GNT-0011",
        "survey_no": "102/1",
        "khata_no": "KH-1077",
        "pattadar_name": "Ramana Varma",
        "district": "Guntur",
        "mandal": "Mangalagiri",
        "village": "Yerrabalem",
        "doc_area_acres": 0.92,
        "gis_area_acres": 0.92,
        "area_delta_acres": 0,
        "status": "Synchronized",
        "classification": "Agricultural (Wet / Jirayati)",
        "is_demo_data": true,
        "discrepancy_note": null
      },
      "geometry": {
        "type": "Polygon",
        "coordinates": [
          [
            [
              80.55974,
              16.416031
            ],
            [
              80.561925,
              16.41599
            ],
            [
              80.561782,
              16.417797
            ],
            [
              80.559707,
              16.417535
            ],
            [
              80.55974,
              16.416031
            ]
          ]
        ]
      }
    },
    {
      "type": "Feature",
      "id": "PARCEL_12",
      "properties": {
        "parcel_id": "AP-GNT-0012",
        "survey_no": "102/2",
        "khata_no": "KH-1084",
        "pattadar_name": "Govind Kumar",
        "district": "Guntur",
        "mandal": "Mangalagiri",
        "village": "Mangalagiri",
        "doc_area_acres": 1.29,
        "gis_area_acres": 1.29,
        "area_delta_acres": 0,
        "status": "Synchronized",
        "classification": "Agricultural (Dry)",
        "is_demo_data": true,
        "discrepancy_note": null
      },
      "geometry": {
        "type": "Polygon",
        "coordinates": [
          [
            [
              80.56171,
              16.415958
            ],
            [
              80.564009,
              16.415965
            ],
            [
              80.563961,
              16.417639
            ],
            [
              80.562019,
              16.417643
            ],
            [
              80.56171,
              16.415958
            ]
          ]
        ]
      }
    },
    {
      "type": "Feature",
      "id": "PARCEL_13",
      "properties": {
        "parcel_id": "AP-GNT-0013",
        "survey_no": "102/3",
        "khata_no": "KH-1091",
        "pattadar_name": "Krishna Devi",
        "district": "Guntur",
        "mandal": "Mangalagiri",
        "village": "Atchampet",
        "doc_area_acres": 1.66,
        "gis_area_acres": 1.66,
        "area_delta_acres": 0,
        "status": "Synchronized",
        "classification": "Agricultural (Wet / Jirayati)",
        "is_demo_data": true,
        "discrepancy_note": null
      },
      "geometry": {
        "type": "Polygon",
        "coordinates": [
          [
            [
              80.564122,
              16.416001
            ],
            [
              80.566073,
              16.416164
            ],
            [
              80.566086,
              16.417814
            ],
            [
              80.564156,
              16.417638
            ],
            [
              80.564122,
              16.416001
            ]
          ]
        ]
      }
    },
    {
      "type": "Feature",
      "id": "PARCEL_14",
      "properties": {
        "parcel_id": "AP-GNT-0014",
        "survey_no": "102/4",
        "khata_no": "KH-1098",
        "pattadar_name": "Mohan Sharma",
        "district": "Guntur",
        "mandal": "Mangalagiri",
        "village": "Navuluru",
        "doc_area_acres": 2.03,
        "gis_area_acres": 2.03,
        "area_delta_acres": 0,
        "status": "Synchronized",
        "classification": "Agricultural (Wet / Jirayati)",
        "is_demo_data": true,
        "discrepancy_note": null
      },
      "geometry": {
        "type": "Polygon",
        "coordinates": [
          [
            [
              80.566202,
              16.416076
            ],
            [
              80.568443,
              16.415875
            ],
            [
              80.568199,
              16.417719
            ],
            [
              80.566132,
              16.417608
            ],
            [
              80.566202,
              16.416076
            ]
          ]
        ]
      }
    },
    {
      "type": "Feature",
      "id": "PARCEL_15",
      "properties": {
        "parcel_id": "AP-GNT-0015",
        "survey_no": "102/5",
        "khata_no": "KH-1105",
        "pattadar_name": "Ravi Varma",
        "district": "Guntur",
        "mandal": "Mangalagiri",
        "village": "Nidamarru",
        "doc_area_acres": 2.4,
        "gis_area_acres": 2.4,
        "area_delta_acres": 0,
        "status": "Synchronized",
        "classification": "Agricultural (Wet / Jirayati)",
        "is_demo_data": true,
        "discrepancy_note": null
      },
      "geometry": {
        "type": "Polygon",
        "coordinates": [
          [
            [
              80.568454,
              16.415827
            ],
            [
              80.570738,
              16.416056
            ],
            [
              80.570635,
              16.417713
            ],
            [
              80.568432,
              16.417799
            ],
            [
              80.568454,
              16.415827
            ]
          ]
        ]
      }
    },
    {
      "type": "Feature",
      "id": "PARCEL_16",
      "properties": {
        "parcel_id": "AP-GNT-0016",
        "survey_no": "103/1",
        "khata_no": "KH-1112",
        "pattadar_name": "Venkatesh Kumar",
        "district": "Guntur",
        "mandal": "Mangalagiri",
        "village": "Kuragallu",
        "doc_area_acres": 2.77,
        "gis_area_acres": 2.77,
        "area_delta_acres": 0,
        "status": "Synchronized",
        "classification": "Agricultural (Dry)",
        "is_demo_data": true,
        "discrepancy_note": null
      },
      "geometry": {
        "type": "Polygon",
        "coordinates": [
          [
            [
              80.570502,
              16.415791
            ],
            [
              80.572786,
              16.416132
            ],
            [
              80.572863,
              16.417742
            ],
            [
              80.570626,
              16.417547
            ],
            [
              80.570502,
              16.415791
            ]
          ]
        ]
      }
    },
    {
      "type": "Feature",
      "id": "PARCEL_17",
      "properties": {
        "parcel_id": "AP-GNT-0017",
        "survey_no": "103/2",
        "khata_no": "KH-1119",
        "pattadar_name": "Srinivasa Devi",
        "district": "Guntur",
        "mandal": "Mangalagiri",
        "village": "Yerrabalem",
        "doc_area_acres": 3.14,
        "gis_area_acres": 3.14,
        "area_delta_acres": 0,
        "status": "Review Required",
        "classification": "Agricultural (Wet / Jirayati)",
        "is_demo_data": true,
        "discrepancy_note": null
      },
      "geometry": {
        "type": "Polygon",
        "coordinates": [
          [
            [
              80.572735,
              16.415789
            ],
            [
              80.574899,
              16.415896
            ],
            [
              80.574841,
              16.417538
            ],
            [
              80.572874,
              16.417562
            ],
            [
              80.572735,
              16.415789
            ]
          ]
        ]
      }
    },
    {
      "type": "Feature",
      "id": "PARCEL_18",
      "properties": {
        "parcel_id": "AP-GNT-0018",
        "survey_no": "103/3",
        "khata_no": "KH-1126",
        "pattadar_name": "Lakshmi Sharma",
        "district": "Guntur",
        "mandal": "Mangalagiri",
        "village": "Mangalagiri",
        "doc_area_acres": 3.51,
        "gis_area_acres": 3.51,
        "area_delta_acres": 0,
        "status": "Synchronized",
        "classification": "Agricultural (Wet / Jirayati)",
        "is_demo_data": true,
        "discrepancy_note": null
      },
      "geometry": {
        "type": "Polygon",
        "coordinates": [
          [
            [
              80.574975,
              16.415813
            ],
            [
              80.577078,
              16.415836
            ],
            [
              80.577149,
              16.417831
            ],
            [
              80.575081,
              16.417695
            ],
            [
              80.574975,
              16.415813
            ]
          ]
        ]
      }
    },
    {
      "type": "Feature",
      "id": "PARCEL_19",
      "properties": {
        "parcel_id": "AP-GNT-0019",
        "survey_no": "103/4",
        "khata_no": "KH-1133",
        "pattadar_name": "Satyanarayana Varma",
        "district": "Guntur",
        "mandal": "Mangalagiri",
        "village": "Atchampet",
        "doc_area_acres": 3.88,
        "gis_area_acres": 3.88,
        "area_delta_acres": 0,
        "status": "Synchronized",
        "classification": "Agricultural (Wet / Jirayati)",
        "is_demo_data": true,
        "discrepancy_note": null
      },
      "geometry": {
        "type": "Polygon",
        "coordinates": [
          [
            [
              80.577187,
              16.415784
            ],
            [
              80.579256,
              16.415891
            ],
            [
              80.579362,
              16.417766
            ],
            [
              80.577173,
              16.417522
            ],
            [
              80.577187,
              16.415784
            ]
          ]
        ]
      }
    },
    {
      "type": "Feature",
      "id": "PARCEL_20",
      "properties": {
        "parcel_id": "AP-GNT-0020",
        "survey_no": "103/5",
        "khata_no": "KH-1140",
        "pattadar_name": "Subba Kumar",
        "district": "Guntur",
        "mandal": "Mangalagiri",
        "village": "Navuluru",
        "doc_area_acres": 4.25,
        "gis_area_acres": 4.25,
        "area_delta_acres": 0,
        "status": "Synchronized",
        "classification": "Agricultural (Dry)",
        "is_demo_data": true,
        "discrepancy_note": null
      },
      "geometry": {
        "type": "Polygon",
        "coordinates": [
          [
            [
              80.579618,
              16.415961
            ],
            [
              80.581549,
              16.415866
            ],
            [
              80.58142,
              16.417851
            ],
            [
              80.579324,
              16.417605
            ],
            [
              80.579618,
              16.415961
            ]
          ]
        ]
      }
    },
    {
      "type": "Feature",
      "id": "PARCEL_21",
      "properties": {
        "parcel_id": "AP-GNT-0021",
        "survey_no": "104/1",
        "khata_no": "KH-1147",
        "pattadar_name": "Appa Devi",
        "district": "Guntur",
        "mandal": "Mangalagiri",
        "village": "Nidamarru",
        "doc_area_acres": 4.62,
        "gis_area_acres": 4.62,
        "area_delta_acres": 0,
        "status": "Synchronized",
        "classification": "Agricultural (Wet / Jirayati)",
        "is_demo_data": true,
        "discrepancy_note": null
      },
      "geometry": {
        "type": "Polygon",
        "coordinates": [
          [
            [
              80.581492,
              16.416064
            ],
            [
              80.583603,
              16.416163
            ],
            [
              80.583767,
              16.417537
            ],
            [
              80.581585,
              16.417563
            ],
            [
              80.581492,
              16.416064
            ]
          ]
        ]
      }
    },
    {
      "type": "Feature",
      "id": "PARCEL_22",
      "properties": {
        "parcel_id": "AP-GNT-0022",
        "survey_no": "104/2",
        "khata_no": "KH-1154",
        "pattadar_name": "Narayana Sharma",
        "district": "Guntur",
        "mandal": "Mangalagiri",
        "village": "Kuragallu",
        "doc_area_acres": 0.99,
        "gis_area_acres": 0.99,
        "area_delta_acres": 0,
        "status": "Synchronized",
        "classification": "Agricultural (Wet / Jirayati)",
        "is_demo_data": true,
        "discrepancy_note": null
      },
      "geometry": {
        "type": "Polygon",
        "coordinates": [
          [
            [
              80.583702,
              16.415852
            ],
            [
              80.586015,
              16.41611
            ],
            [
              80.586056,
              16.417607
            ],
            [
              80.583733,
              16.417579
            ],
            [
              80.583702,
              16.415852
            ]
          ]
        ]
      }
    },
    {
      "type": "Feature",
      "id": "PARCEL_23",
      "properties": {
        "parcel_id": "AP-GNT-0023",
        "survey_no": "104/3",
        "khata_no": "KH-1161",
        "pattadar_name": "Koteswara Varma",
        "district": "Guntur",
        "mandal": "Mangalagiri",
        "village": "Yerrabalem",
        "doc_area_acres": 1.36,
        "gis_area_acres": 1.36,
        "area_delta_acres": 0,
        "status": "Synchronized",
        "classification": "Agricultural (Wet / Jirayati)",
        "is_demo_data": true,
        "discrepancy_note": null
      },
      "geometry": {
        "type": "Polygon",
        "coordinates": [
          [
            [
              80.586128,
              16.416083
            ],
            [
              80.588056,
              16.415895
            ],
            [
              80.58816,
              16.417617
            ],
            [
              80.586095,
              16.417498
            ],
            [
              80.586128,
              16.416083
            ]
          ]
        ]
      }
    },
    {
      "type": "Feature",
      "id": "PARCEL_24",
      "properties": {
        "parcel_id": "AP-GNT-0024",
        "survey_no": "104/4",
        "khata_no": "KH-1168",
        "pattadar_name": "Radha Kumar",
        "district": "Guntur",
        "mandal": "Mangalagiri",
        "village": "Mangalagiri",
        "doc_area_acres": 1.73,
        "gis_area_acres": 1.73,
        "area_delta_acres": 0,
        "status": "Synchronized",
        "classification": "Agricultural (Dry)",
        "is_demo_data": true,
        "discrepancy_note": null
      },
      "geometry": {
        "type": "Polygon",
        "coordinates": [
          [
            [
              80.5881,
              16.416054
            ],
            [
              80.590278,
              16.415823
            ],
            [
              80.590229,
              16.417787
            ],
            [
              80.588201,
              16.417542
            ],
            [
              80.5881,
              16.416054
            ]
          ]
        ]
      }
    },
    {
      "type": "Feature",
      "id": "PARCEL_25",
      "properties": {
        "parcel_id": "AP-GNT-0025",
        "survey_no": "104/5",
        "khata_no": "KH-1175",
        "pattadar_name": "Sujatha Devi",
        "district": "Guntur",
        "mandal": "Mangalagiri",
        "village": "Atchampet",
        "doc_area_acres": 2.1,
        "gis_area_acres": 2.1,
        "area_delta_acres": 0,
        "status": "Synchronized",
        "classification": "Agricultural (Wet / Jirayati)",
        "is_demo_data": true,
        "discrepancy_note": null
      },
      "geometry": {
        "type": "Polygon",
        "coordinates": [
          [
            [
              80.590509,
              16.415782
            ],
            [
              80.592581,
              16.41588
            ],
            [
              80.592669,
              16.417832
            ],
            [
              80.590607,
              16.417474
            ],
            [
              80.590509,
              16.415782
            ]
          ]
        ]
      }
    },
    {
      "type": "Feature",
      "id": "PARCEL_26",
      "properties": {
        "parcel_id": "AP-GNT-0026",
        "survey_no": "105/1",
        "khata_no": "KH-1182",
        "pattadar_name": "Ramana Sharma",
        "district": "Guntur",
        "mandal": "Mangalagiri",
        "village": "Navuluru",
        "doc_area_acres": 2.47,
        "gis_area_acres": 2.47,
        "area_delta_acres": 0,
        "status": "Synchronized",
        "classification": "Agricultural (Wet / Jirayati)",
        "is_demo_data": true,
        "discrepancy_note": null
      },
      "geometry": {
        "type": "Polygon",
        "coordinates": [
          [
            [
              80.537827,
              16.41762
            ],
            [
              80.539804,
              16.417628
            ],
            [
              80.539755,
              16.419313
            ],
            [
              80.53776,
              16.419364
            ],
            [
              80.537827,
              16.41762
            ]
          ]
        ]
      }
    },
    {
      "type": "Feature",
      "id": "PARCEL_27",
      "properties": {
        "parcel_id": "AP-GNT-0027",
        "survey_no": "105/2",
        "khata_no": "KH-1189",
        "pattadar_name": "Govind Varma",
        "district": "Guntur",
        "mandal": "Mangalagiri",
        "village": "Nidamarru",
        "doc_area_acres": 2.84,
        "gis_area_acres": 2.84,
        "area_delta_acres": 0,
        "status": "Synchronized",
        "classification": "Agricultural (Wet / Jirayati)",
        "is_demo_data": true,
        "discrepancy_note": null
      },
      "geometry": {
        "type": "Polygon",
        "coordinates": [
          [
            [
              80.540001,
              16.417606
            ],
            [
              80.542024,
              16.417662
            ],
            [
              80.54187,
              16.419441
            ],
            [
              80.539758,
              16.419281
            ],
            [
              80.540001,
              16.417606
            ]
          ]
        ]
      }
    },
    {
      "type": "Feature",
      "id": "PARCEL_28",
      "properties": {
        "parcel_id": "AP-GNT-0028",
        "survey_no": "105/3",
        "khata_no": "KH-1196",
        "pattadar_name": "Krishna Kumar",
        "district": "Guntur",
        "mandal": "Mangalagiri",
        "village": "Kuragallu",
        "doc_area_acres": 3.21,
        "gis_area_acres": 3.21,
        "area_delta_acres": 0,
        "status": "Synchronized",
        "classification": "Agricultural (Dry)",
        "is_demo_data": true,
        "discrepancy_note": null
      },
      "geometry": {
        "type": "Polygon",
        "coordinates": [
          [
            [
              80.541888,
              16.417745
            ],
            [
              80.544324,
              16.41786
            ],
            [
              80.54428,
              16.41954
            ],
            [
              80.541892,
              16.419514
            ],
            [
              80.541888,
              16.417745
            ]
          ]
        ]
      }
    },
    {
      "type": "Feature",
      "id": "PARCEL_29",
      "properties": {
        "parcel_id": "AP-GNT-0029",
        "survey_no": "105/4",
        "khata_no": "KH-1203",
        "pattadar_name": "Mohan Devi",
        "district": "Guntur",
        "mandal": "Mangalagiri",
        "village": "Yerrabalem",
        "doc_area_acres": 3.58,
        "gis_area_acres": 3.58,
        "area_delta_acres": 0,
        "status": "Synchronized",
        "classification": "Agricultural (Wet / Jirayati)",
        "is_demo_data": true,
        "discrepancy_note": null
      },
      "geometry": {
        "type": "Polygon",
        "coordinates": [
          [
            [
              80.544251,
              16.417713
            ],
            [
              80.546444,
              16.41784
            ],
            [
              80.54622,
              16.41935
            ],
            [
              80.54441,
              16.41933
            ],
            [
              80.544251,
              16.417713
            ]
          ]
        ]
      }
    },
    {
      "type": "Feature",
      "id": "PARCEL_30",
      "properties": {
        "parcel_id": "AP-GNT-0030",
        "survey_no": "105/5",
        "khata_no": "KH-1210",
        "pattadar_name": "Ravi Sharma",
        "district": "Guntur",
        "mandal": "Mangalagiri",
        "village": "Mangalagiri",
        "doc_area_acres": 3.95,
        "gis_area_acres": 3.95,
        "area_delta_acres": 0,
        "status": "Synchronized",
        "classification": "Agricultural (Wet / Jirayati)",
        "is_demo_data": true,
        "discrepancy_note": null
      },
      "geometry": {
        "type": "Polygon",
        "coordinates": [
          [
            [
              80.54657,
              16.417675
            ],
            [
              80.548634,
              16.417811
            ],
            [
              80.548373,
              16.419557
            ],
            [
              80.546402,
              16.419522
            ],
            [
              80.54657,
              16.417675
            ]
          ]
        ]
      }
    },
    {
      "type": "Feature",
      "id": "PARCEL_31",
      "properties": {
        "parcel_id": "AP-GNT-0031",
        "survey_no": "106/1",
        "khata_no": "KH-1217",
        "pattadar_name": "Venkatesh Varma",
        "district": "Guntur",
        "mandal": "Mangalagiri",
        "village": "Atchampet",
        "doc_area_acres": 4.32,
        "gis_area_acres": 4.32,
        "area_delta_acres": 0,
        "status": "Synchronized",
        "classification": "Agricultural (Wet / Jirayati)",
        "is_demo_data": true,
        "discrepancy_note": null
      },
      "geometry": {
        "type": "Polygon",
        "coordinates": [
          [
            [
              80.548688,
              16.417775
            ],
            [
              80.55093,
              16.417957
            ],
            [
              80.550793,
              16.419423
            ],
            [
              80.548762,
              16.41941
            ],
            [
              80.548688,
              16.417775
            ]
          ]
        ]
      }
    },
    {
      "type": "Feature",
      "id": "PARCEL_32",
      "properties": {
        "parcel_id": "AP-GNT-0032",
        "survey_no": "106/2",
        "khata_no": "KH-1224",
        "pattadar_name": "Srinivasa Kumar",
        "district": "Guntur",
        "mandal": "Mangalagiri",
        "village": "Navuluru",
        "doc_area_acres": 4.69,
        "gis_area_acres": 4.69,
        "area_delta_acres": 0,
        "status": "Synchronized",
        "classification": "Agricultural (Dry)",
        "is_demo_data": true,
        "discrepancy_note": null
      },
      "geometry": {
        "type": "Polygon",
        "coordinates": [
          [
            [
              80.550798,
              16.417893
            ],
            [
              80.55302,
              16.417673
            ],
            [
              80.553064,
              16.419339
            ],
            [
              80.550696,
              16.419383
            ],
            [
              80.550798,
              16.417893
            ]
          ]
        ]
      }
    },
    {
      "type": "Feature",
      "id": "PARCEL_33",
      "properties": {
        "parcel_id": "AP-GNT-0033",
        "survey_no": "106/3",
        "khata_no": "KH-1231",
        "pattadar_name": "Lakshmi Devi",
        "district": "Guntur",
        "mandal": "Mangalagiri",
        "village": "Nidamarru",
        "doc_area_acres": 1.06,
        "gis_area_acres": 1.06,
        "area_delta_acres": 0,
        "status": "Synchronized",
        "classification": "Agricultural (Wet / Jirayati)",
        "is_demo_data": true,
        "discrepancy_note": null
      },
      "geometry": {
        "type": "Polygon",
        "coordinates": [
          [
            [
              80.553038,
              16.417649
            ],
            [
              80.555099,
              16.417726
            ],
            [
              80.555022,
              16.419336
            ],
            [
              80.55297,
              16.419405
            ],
            [
              80.553038,
              16.417649
            ]
          ]
        ]
      }
    },
    {
      "type": "Feature",
      "id": "PARCEL_34",
      "properties": {
        "parcel_id": "AP-GNT-0034",
        "survey_no": "106/4",
        "khata_no": "KH-1238",
        "pattadar_name": "Satyanarayana Sharma",
        "district": "Guntur",
        "mandal": "Mangalagiri",
        "village": "Kuragallu",
        "doc_area_acres": 1.43,
        "gis_area_acres": 1.43,
        "area_delta_acres": 0,
        "status": "Review Required",
        "classification": "Agricultural (Wet / Jirayati)",
        "is_demo_data": true,
        "discrepancy_note": null
      },
      "geometry": {
        "type": "Polygon",
        "coordinates": [
          [
            [
              80.555176,
              16.417766
            ],
            [
              80.557491,
              16.417956
            ],
            [
              80.557183,
              16.419419
            ],
            [
              80.555081,
              16.4194
            ],
            [
              80.555176,
              16.417766
            ]
          ]
        ]
      }
    },
    {
      "type": "Feature",
      "id": "PARCEL_35",
      "properties": {
        "parcel_id": "AP-GNT-0035",
        "survey_no": "106/5",
        "khata_no": "KH-1245",
        "pattadar_name": "Subba Varma",
        "district": "Guntur",
        "mandal": "Mangalagiri",
        "village": "Yerrabalem",
        "doc_area_acres": 1.8,
        "gis_area_acres": 1.8,
        "area_delta_acres": 0,
        "status": "Synchronized",
        "classification": "Agricultural (Wet / Jirayati)",
        "is_demo_data": true,
        "discrepancy_note": null
      },
      "geometry": {
        "type": "Polygon",
        "coordinates": [
          [
            [
              80.557342,
              16.417813
            ],
            [
              80.55943,
              16.417903
            ],
            [
              80.559452,
              16.419339
            ],
            [
              80.557353,
              16.41955
            ],
            [
              80.557342,
              16.417813
            ]
          ]
        ]
      }
    },
    {
      "type": "Feature",
      "id": "PARCEL_36",
      "properties": {
        "parcel_id": "AP-GNT-0036",
        "survey_no": "107/1",
        "khata_no": "KH-1252",
        "pattadar_name": "Appa Kumar",
        "district": "Guntur",
        "mandal": "Mangalagiri",
        "village": "Mangalagiri",
        "doc_area_acres": 2.17,
        "gis_area_acres": 2.17,
        "area_delta_acres": 0,
        "status": "Synchronized",
        "classification": "Agricultural (Dry)",
        "is_demo_data": true,
        "discrepancy_note": null
      },
      "geometry": {
        "type": "Polygon",
        "coordinates": [
          [
            [
              80.559795,
              16.41766
            ],
            [
              80.561782,
              16.417899
            ],
            [
              80.56183,
              16.419524
            ],
            [
              80.559568,
              16.41937
            ],
            [
              80.559795,
              16.41766
            ]
          ]
        ]
      }
    },
    {
      "type": "Feature",
      "id": "PARCEL_37",
      "properties": {
        "parcel_id": "AP-GNT-0037",
        "survey_no": "107/2",
        "khata_no": "KH-1259",
        "pattadar_name": "Narayana Devi",
        "district": "Guntur",
        "mandal": "Mangalagiri",
        "village": "Atchampet",
        "doc_area_acres": 2.54,
        "gis_area_acres": 2.54,
        "area_delta_acres": 0,
        "status": "Synchronized",
        "classification": "Agricultural (Wet / Jirayati)",
        "is_demo_data": true,
        "discrepancy_note": null
      },
      "geometry": {
        "type": "Polygon",
        "coordinates": [
          [
            [
              80.561729,
              16.417647
            ],
            [
              80.563893,
              16.417658
            ],
            [
              80.563813,
              16.419369
            ],
            [
              80.561979,
              16.419381
            ],
            [
              80.561729,
              16.417647
            ]
          ]
        ]
      }
    },
    {
      "type": "Feature",
      "id": "PARCEL_38",
      "properties": {
        "parcel_id": "AP-GNT-0038",
        "survey_no": "107/3",
        "khata_no": "KH-1266",
        "pattadar_name": "Koteswara Sharma",
        "district": "Guntur",
        "mandal": "Mangalagiri",
        "village": "Navuluru",
        "doc_area_acres": 2.91,
        "gis_area_acres": 2.91,
        "area_delta_acres": 0,
        "status": "Synchronized",
        "classification": "Agricultural (Wet / Jirayati)",
        "is_demo_data": true,
        "discrepancy_note": null
      },
      "geometry": {
        "type": "Polygon",
        "coordinates": [
          [
            [
              80.563897,
              16.417639
            ],
            [
              80.566245,
              16.417869
            ],
            [
              80.565958,
              16.41941
            ],
            [
              80.564207,
              16.419291
            ],
            [
              80.563897,
              16.417639
            ]
          ]
        ]
      }
    },
    {
      "type": "Feature",
      "id": "PARCEL_39",
      "properties": {
        "parcel_id": "AP-GNT-0039",
        "survey_no": "107/4",
        "khata_no": "KH-1273",
        "pattadar_name": "Radha Varma",
        "district": "Guntur",
        "mandal": "Mangalagiri",
        "village": "Nidamarru",
        "doc_area_acres": 3.28,
        "gis_area_acres": 3.28,
        "area_delta_acres": 0,
        "status": "Synchronized",
        "classification": "Agricultural (Wet / Jirayati)",
        "is_demo_data": true,
        "discrepancy_note": null
      },
      "geometry": {
        "type": "Polygon",
        "coordinates": [
          [
            [
              80.56617,
              16.417803
            ],
            [
              80.568218,
              16.417716
            ],
            [
              80.568255,
              16.419657
            ],
            [
              80.566317,
              16.419335
            ],
            [
              80.56617,
              16.417803
            ]
          ]
        ]
      }
    },
    {
      "type": "Feature",
      "id": "PARCEL_40",
      "properties": {
        "parcel_id": "AP-GNT-0040",
        "survey_no": "107/5",
        "khata_no": "KH-1280",
        "pattadar_name": "Sujatha Kumar",
        "district": "Guntur",
        "mandal": "Mangalagiri",
        "village": "Kuragallu",
        "doc_area_acres": 3.65,
        "gis_area_acres": 3.65,
        "area_delta_acres": 0,
        "status": "Synchronized",
        "classification": "Agricultural (Dry)",
        "is_demo_data": true,
        "discrepancy_note": null
      },
      "geometry": {
        "type": "Polygon",
        "coordinates": [
          [
            [
              80.568345,
              16.417763
            ],
            [
              80.570477,
              16.417864
            ],
            [
              80.570528,
              16.419345
            ],
            [
              80.568357,
              16.419408
            ],
            [
              80.568345,
              16.417763
            ]
          ]
        ]
      }
    },
    {
      "type": "Feature",
      "id": "PARCEL_41",
      "properties": {
        "parcel_id": "AP-GNT-0041",
        "survey_no": "108/1",
        "khata_no": "KH-1287",
        "pattadar_name": "Ramana Devi",
        "district": "Guntur",
        "mandal": "Mangalagiri",
        "village": "Yerrabalem",
        "doc_area_acres": 4.02,
        "gis_area_acres": 4.02,
        "area_delta_acres": 0,
        "status": "Synchronized",
        "classification": "Agricultural (Wet / Jirayati)",
        "is_demo_data": true,
        "discrepancy_note": null
      },
      "geometry": {
        "type": "Polygon",
        "coordinates": [
          [
            [
              80.570593,
              16.417784
            ],
            [
              80.572826,
              16.417928
            ],
            [
              80.572576,
              16.419506
            ],
            [
              80.570725,
              16.419457
            ],
            [
              80.570593,
              16.417784
            ]
          ]
        ]
      }
    },
    {
      "type": "Feature",
      "id": "PARCEL_42",
      "properties": {
        "parcel_id": "AP-GNT-0042",
        "survey_no": "108/2",
        "khata_no": "KH-1294",
        "pattadar_name": "Govind Sharma",
        "district": "Guntur",
        "mandal": "Mangalagiri",
        "village": "Mangalagiri",
        "doc_area_acres": 4.39,
        "gis_area_acres": 4.39,
        "area_delta_acres": 0,
        "status": "Synchronized",
        "classification": "Agricultural (Wet / Jirayati)",
        "is_demo_data": true,
        "discrepancy_note": null
      },
      "geometry": {
        "type": "Polygon",
        "coordinates": [
          [
            [
              80.572706,
              16.417881
            ],
            [
              80.574996,
              16.417648
            ],
            [
              80.574822,
              16.419363
            ],
            [
              80.572687,
              16.41932
            ],
            [
              80.572706,
              16.417881
            ]
          ]
        ]
      }
    },
    {
      "type": "Feature",
      "id": "PARCEL_43",
      "properties": {
        "parcel_id": "AP-GNT-0043",
        "survey_no": "108/3",
        "khata_no": "KH-1301",
        "pattadar_name": "Krishna Varma",
        "district": "Guntur",
        "mandal": "Mangalagiri",
        "village": "Atchampet",
        "doc_area_acres": 4.76,
        "gis_area_acres": 4.76,
        "area_delta_acres": 0,
        "status": "Synchronized",
        "classification": "Agricultural (Wet / Jirayati)",
        "is_demo_data": true,
        "discrepancy_note": null
      },
      "geometry": {
        "type": "Polygon",
        "coordinates": [
          [
            [
              80.575181,
              16.41764
            ],
            [
              80.577259,
              16.417718
            ],
            [
              80.57708,
              16.419476
            ],
            [
              80.575185,
              16.419287
            ],
            [
              80.575181,
              16.41764
            ]
          ]
        ]
      }
    },
    {
      "type": "Feature",
      "id": "PARCEL_44",
      "properties": {
        "parcel_id": "AP-GNT-0044",
        "survey_no": "108/4",
        "khata_no": "KH-1308",
        "pattadar_name": "Mohan Kumar",
        "district": "Guntur",
        "mandal": "Mangalagiri",
        "village": "Navuluru",
        "doc_area_acres": 1.13,
        "gis_area_acres": 1.13,
        "area_delta_acres": 0,
        "status": "Synchronized",
        "classification": "Agricultural (Dry)",
        "is_demo_data": true,
        "discrepancy_note": null
      },
      "geometry": {
        "type": "Polygon",
        "coordinates": [
          [
            [
              80.577197,
              16.417894
            ],
            [
              80.579334,
              16.417706
            ],
            [
              80.579445,
              16.419396
            ],
            [
              80.5772,
              16.419475
            ],
            [
              80.577197,
              16.417894
            ]
          ]
        ]
      }
    },
    {
      "type": "Feature",
      "id": "PARCEL_45",
      "properties": {
        "parcel_id": "AP-GNT-0045",
        "survey_no": "108/5",
        "khata_no": "KH-1315",
        "pattadar_name": "Ravi Devi",
        "district": "Guntur",
        "mandal": "Mangalagiri",
        "village": "Nidamarru",
        "doc_area_acres": 1.5,
        "gis_area_acres": 1.5,
        "area_delta_acres": 0,
        "status": "Synchronized",
        "classification": "Agricultural (Wet / Jirayati)",
        "is_demo_data": true,
        "discrepancy_note": null
      },
      "geometry": {
        "type": "Polygon",
        "coordinates": [
          [
            [
              80.579374,
              16.4176
            ],
            [
              80.581612,
              16.417686
            ],
            [
              80.581396,
              16.41942
            ],
            [
              80.579528,
              16.419546
            ],
            [
              80.579374,
              16.4176
            ]
          ]
        ]
      }
    },
    {
      "type": "Feature",
      "id": "PARCEL_46",
      "properties": {
        "parcel_id": "AP-GNT-0046",
        "survey_no": "109/1",
        "khata_no": "KH-1322",
        "pattadar_name": "Venkatesh Sharma",
        "district": "Guntur",
        "mandal": "Mangalagiri",
        "village": "Kuragallu",
        "doc_area_acres": 1.87,
        "gis_area_acres": 1.87,
        "area_delta_acres": 0,
        "status": "Synchronized",
        "classification": "Agricultural (Wet / Jirayati)",
        "is_demo_data": true,
        "discrepancy_note": null
      },
      "geometry": {
        "type": "Polygon",
        "coordinates": [
          [
            [
              80.581698,
              16.417893
            ],
            [
              80.583788,
              16.417868
            ],
            [
              80.583636,
              16.41962
            ],
            [
              80.581789,
              16.419532
            ],
            [
              80.581698,
              16.417893
            ]
          ]
        ]
      }
    },
    {
      "type": "Feature",
      "id": "PARCEL_47",
      "properties": {
        "parcel_id": "AP-GNT-0047",
        "survey_no": "109/2",
        "khata_no": "KH-1329",
        "pattadar_name": "Srinivasa Varma",
        "district": "Guntur",
        "mandal": "Mangalagiri",
        "village": "Yerrabalem",
        "doc_area_acres": 2.24,
        "gis_area_acres": 2.24,
        "area_delta_acres": 0,
        "status": "Synchronized",
        "classification": "Agricultural (Wet / Jirayati)",
        "is_demo_data": true,
        "discrepancy_note": null
      },
      "geometry": {
        "type": "Polygon",
        "coordinates": [
          [
            [
              80.583742,
              16.417797
            ],
            [
              80.586002,
              16.417772
            ],
            [
              80.585749,
              16.419385
            ],
            [
              80.583956,
              16.419332
            ],
            [
              80.583742,
              16.417797
            ]
          ]
        ]
      }
    },
    {
      "type": "Feature",
      "id": "PARCEL_48",
      "properties": {
        "parcel_id": "AP-GNT-0048",
        "survey_no": "109/3",
        "khata_no": "KH-1336",
        "pattadar_name": "Lakshmi Kumar",
        "district": "Guntur",
        "mandal": "Mangalagiri",
        "village": "Mangalagiri",
        "doc_area_acres": 2.61,
        "gis_area_acres": 2.61,
        "area_delta_acres": 0,
        "status": "Synchronized",
        "classification": "Agricultural (Dry)",
        "is_demo_data": true,
        "discrepancy_note": null
      },
      "geometry": {
        "type": "Polygon",
        "coordinates": [
          [
            [
              80.585926,
              16.417598
            ],
            [
              80.58825,
              16.417704
            ],
            [
              80.588152,
              16.419585
            ],
            [
              80.586229,
              16.419509
            ],
            [
              80.585926,
              16.417598
            ]
          ]
        ]
      }
    },
    {
      "type": "Feature",
      "id": "PARCEL_49",
      "properties": {
        "parcel_id": "AP-GNT-0049",
        "survey_no": "109/4",
        "khata_no": "KH-1343",
        "pattadar_name": "Satyanarayana Devi",
        "district": "Guntur",
        "mandal": "Mangalagiri",
        "village": "Atchampet",
        "doc_area_acres": 2.98,
        "gis_area_acres": 2.98,
        "area_delta_acres": 0,
        "status": "Synchronized",
        "classification": "Agricultural (Wet / Jirayati)",
        "is_demo_data": true,
        "discrepancy_note": null
      },
      "geometry": {
        "type": "Polygon",
        "coordinates": [
          [
            [
              80.588109,
              16.417747
            ],
            [
              80.590215,
              16.417899
            ],
            [
              80.590354,
              16.419432
            ],
            [
              80.588401,
              16.419438
            ],
            [
              80.588109,
              16.417747
            ]
          ]
        ]
      }
    },
    {
      "type": "Feature",
      "id": "PARCEL_50",
      "properties": {
        "parcel_id": "AP-GNT-0050",
        "survey_no": "109/5",
        "khata_no": "KH-1350",
        "pattadar_name": "Subba Sharma",
        "district": "Guntur",
        "mandal": "Mangalagiri",
        "village": "Navuluru",
        "doc_area_acres": 3.35,
        "gis_area_acres": 3.35,
        "area_delta_acres": 0,
        "status": "Synchronized",
        "classification": "Agricultural (Wet / Jirayati)",
        "is_demo_data": true,
        "discrepancy_note": null
      },
      "geometry": {
        "type": "Polygon",
        "coordinates": [
          [
            [
              80.59037,
              16.417759
            ],
            [
              80.592686,
              16.417931
            ],
            [
              80.592363,
              16.419397
            ],
            [
              80.590629,
              16.419603
            ],
            [
              80.59037,
              16.417759
            ]
          ]
        ]
      }
    },
    {
      "type": "Feature",
      "id": "PARCEL_51",
      "properties": {
        "parcel_id": "AP-GNT-0051",
        "survey_no": "110/1",
        "khata_no": "KH-1357",
        "pattadar_name": "Appa Varma",
        "district": "Guntur",
        "mandal": "Mangalagiri",
        "village": "Nidamarru",
        "doc_area_acres": 3.72,
        "gis_area_acres": 3.72,
        "area_delta_acres": 0,
        "status": "Review Required",
        "classification": "Agricultural (Wet / Jirayati)",
        "is_demo_data": true,
        "discrepancy_note": null
      },
      "geometry": {
        "type": "Polygon",
        "coordinates": [
          [
            [
              80.537682,
              16.419595
            ],
            [
              80.539675,
              16.41968
            ],
            [
              80.539888,
              16.421175
            ],
            [
              80.537681,
              16.42142
            ],
            [
              80.537682,
              16.419595
            ]
          ]
        ]
      }
    },
    {
      "type": "Feature",
      "id": "PARCEL_52",
      "properties": {
        "parcel_id": "AP-GNT-0052",
        "survey_no": "110/2",
        "khata_no": "KH-1364",
        "pattadar_name": "Narayana Kumar",
        "district": "Guntur",
        "mandal": "Mangalagiri",
        "village": "Kuragallu",
        "doc_area_acres": 4.09,
        "gis_area_acres": 4.09,
        "area_delta_acres": 0,
        "status": "Synchronized",
        "classification": "Agricultural (Dry)",
        "is_demo_data": true,
        "discrepancy_note": null
      },
      "geometry": {
        "type": "Polygon",
        "coordinates": [
          [
            [
              80.539816,
              16.419504
            ],
            [
              80.542018,
              16.419476
            ],
            [
              80.541991,
              16.421455
            ],
            [
              80.539751,
              16.421144
            ],
            [
              80.539816,
              16.419504
            ]
          ]
        ]
      }
    },
    {
      "type": "Feature",
      "id": "PARCEL_53",
      "properties": {
        "parcel_id": "AP-GNT-0053",
        "survey_no": "110/3",
        "khata_no": "KH-1371",
        "pattadar_name": "Koteswara Devi",
        "district": "Guntur",
        "mandal": "Mangalagiri",
        "village": "Yerrabalem",
        "doc_area_acres": 4.46,
        "gis_area_acres": 4.46,
        "area_delta_acres": 0,
        "status": "Synchronized",
        "classification": "Agricultural (Wet / Jirayati)",
        "is_demo_data": true,
        "discrepancy_note": null
      },
      "geometry": {
        "type": "Polygon",
        "coordinates": [
          [
            [
              80.542072,
              16.419579
            ],
            [
              80.544328,
              16.419527
            ],
            [
              80.544018,
              16.421149
            ],
            [
              80.542164,
              16.421318
            ],
            [
              80.542072,
              16.419579
            ]
          ]
        ]
      }
    },
    {
      "type": "Feature",
      "id": "PARCEL_54",
      "properties": {
        "parcel_id": "AP-GNT-0054",
        "survey_no": "110/4",
        "khata_no": "KH-1378",
        "pattadar_name": "Radha Sharma",
        "district": "Guntur",
        "mandal": "Mangalagiri",
        "village": "Mangalagiri",
        "doc_area_acres": 4.83,
        "gis_area_acres": 4.83,
        "area_delta_acres": 0,
        "status": "Synchronized",
        "classification": "Agricultural (Wet / Jirayati)",
        "is_demo_data": true,
        "discrepancy_note": null
      },
      "geometry": {
        "type": "Polygon",
        "coordinates": [
          [
            [
              80.544203,
              16.419589
            ],
            [
              80.546528,
              16.419524
            ],
            [
              80.546154,
              16.421338
            ],
            [
              80.544376,
              16.421241
            ],
            [
              80.544203,
              16.419589
            ]
          ]
        ]
      }
    },
    {
      "type": "Feature",
      "id": "PARCEL_55",
      "properties": {
        "parcel_id": "AP-GNT-0055",
        "survey_no": "110/5",
        "khata_no": "KH-1385",
        "pattadar_name": "Sujatha Varma",
        "district": "Guntur",
        "mandal": "Mangalagiri",
        "village": "Atchampet",
        "doc_area_acres": 1.2,
        "gis_area_acres": 1.2,
        "area_delta_acres": 0,
        "status": "Synchronized",
        "classification": "Agricultural (Wet / Jirayati)",
        "is_demo_data": true,
        "discrepancy_note": null
      },
      "geometry": {
        "type": "Polygon",
        "coordinates": [
          [
            [
              80.546497,
              16.419538
            ],
            [
              80.548624,
              16.419445
            ],
            [
              80.548467,
              16.421357
            ],
            [
              80.546572,
              16.421238
            ],
            [
              80.546497,
              16.419538
            ]
          ]
        ]
      }
    },
    {
      "type": "Feature",
      "id": "PARCEL_56",
      "properties": {
        "parcel_id": "AP-GNT-0056",
        "survey_no": "111/1",
        "khata_no": "KH-1392",
        "pattadar_name": "Ramana Kumar",
        "district": "Guntur",
        "mandal": "Mangalagiri",
        "village": "Navuluru",
        "doc_area_acres": 1.57,
        "gis_area_acres": 1.57,
        "area_delta_acres": 0,
        "status": "Synchronized",
        "classification": "Agricultural (Dry)",
        "is_demo_data": true,
        "discrepancy_note": null
      },
      "geometry": {
        "type": "Polygon",
        "coordinates": [
          [
            [
              80.548796,
              16.419679
            ],
            [
              80.550917,
              16.419696
            ],
            [
              80.550622,
              16.42138
            ],
            [
              80.54861,
              16.421337
            ],
            [
              80.548796,
              16.419679
            ]
          ]
        ]
      }
    },
    {
      "type": "Feature",
      "id": "PARCEL_57",
      "properties": {
        "parcel_id": "AP-GNT-0057",
        "survey_no": "111/2",
        "khata_no": "KH-1399",
        "pattadar_name": "Govind Devi",
        "district": "Guntur",
        "mandal": "Mangalagiri",
        "village": "Nidamarru",
        "doc_area_acres": 1.94,
        "gis_area_acres": 1.94,
        "area_delta_acres": 0,
        "status": "Synchronized",
        "classification": "Agricultural (Wet / Jirayati)",
        "is_demo_data": true,
        "discrepancy_note": null
      },
      "geometry": {
        "type": "Polygon",
        "coordinates": [
          [
            [
              80.550742,
              16.419638
            ],
            [
              80.553045,
              16.419683
            ],
            [
              80.552997,
              16.42137
            ],
            [
              80.550956,
              16.421239
            ],
            [
              80.550742,
              16.419638
            ]
          ]
        ]
      }
    },
    {
      "type": "Feature",
      "id": "PARCEL_58",
      "properties": {
        "parcel_id": "AP-GNT-0058",
        "survey_no": "111/3",
        "khata_no": "KH-1406",
        "pattadar_name": "Krishna Sharma",
        "district": "Guntur",
        "mandal": "Mangalagiri",
        "village": "Kuragallu",
        "doc_area_acres": 2.31,
        "gis_area_acres": 2.31,
        "area_delta_acres": 0,
        "status": "Synchronized",
        "classification": "Agricultural (Wet / Jirayati)",
        "is_demo_data": true,
        "discrepancy_note": null
      },
      "geometry": {
        "type": "Polygon",
        "coordinates": [
          [
            [
              80.553113,
              16.419469
            ],
            [
              80.555115,
              16.419502
            ],
            [
              80.555242,
              16.421404
            ],
            [
              80.553106,
              16.421209
            ],
            [
              80.553113,
              16.419469
            ]
          ]
        ]
      }
    },
    {
      "type": "Feature",
      "id": "PARCEL_59",
      "properties": {
        "parcel_id": "AP-GNT-0059",
        "survey_no": "111/4",
        "khata_no": "KH-1413",
        "pattadar_name": "Mohan Varma",
        "district": "Guntur",
        "mandal": "Mangalagiri",
        "village": "Yerrabalem",
        "doc_area_acres": 2.68,
        "gis_area_acres": 2.68,
        "area_delta_acres": 0,
        "status": "Synchronized",
        "classification": "Agricultural (Wet / Jirayati)",
        "is_demo_data": true,
        "discrepancy_note": null
      },
      "geometry": {
        "type": "Polygon",
        "coordinates": [
          [
            [
              80.555207,
              16.419685
            ],
            [
              80.557438,
              16.419583
            ],
            [
              80.55719,
              16.421332
            ],
            [
              80.555415,
              16.42139
            ],
            [
              80.555207,
              16.419685
            ]
          ]
        ]
      }
    },
    {
      "type": "Feature",
      "id": "PARCEL_60",
      "properties": {
        "parcel_id": "AP-GNT-0060",
        "survey_no": "111/5",
        "khata_no": "KH-1420",
        "pattadar_name": "Ravi Kumar",
        "district": "Guntur",
        "mandal": "Mangalagiri",
        "village": "Mangalagiri",
        "doc_area_acres": 3.05,
        "gis_area_acres": 3.05,
        "area_delta_acres": 0,
        "status": "Synchronized",
        "classification": "Agricultural (Dry)",
        "is_demo_data": true,
        "discrepancy_note": null
      },
      "geometry": {
        "type": "Polygon",
        "coordinates": [
          [
            [
              80.557526,
              16.419638
            ],
            [
              80.559642,
              16.419618
            ],
            [
              80.559521,
              16.421162
            ],
            [
              80.557363,
              16.421083
            ],
            [
              80.557526,
              16.419638
            ]
          ]
        ]
      }
    },
    {
      "type": "Feature",
      "id": "PARCEL_61",
      "properties": {
        "parcel_id": "AP-GNT-0061",
        "survey_no": "112/1",
        "khata_no": "KH-1427",
        "pattadar_name": "Venkatesh Devi",
        "district": "Guntur",
        "mandal": "Mangalagiri",
        "village": "Atchampet",
        "doc_area_acres": 3.42,
        "gis_area_acres": 3.42,
        "area_delta_acres": 0,
        "status": "Synchronized",
        "classification": "Agricultural (Wet / Jirayati)",
        "is_demo_data": true,
        "discrepancy_note": null
      },
      "geometry": {
        "type": "Polygon",
        "coordinates": [
          [
            [
              80.559563,
              16.41941
            ],
            [
              80.561739,
              16.419709
            ],
            [
              80.561648,
              16.421336
            ],
            [
              80.559497,
              16.421158
            ],
            [
              80.559563,
              16.41941
            ]
          ]
        ]
      }
    },
    {
      "type": "Feature",
      "id": "PARCEL_62",
      "properties": {
        "parcel_id": "AP-GNT-0062",
        "survey_no": "112/2",
        "khata_no": "KH-1434",
        "pattadar_name": "Srinivasa Sharma",
        "district": "Guntur",
        "mandal": "Mangalagiri",
        "village": "Navuluru",
        "doc_area_acres": 3.79,
        "gis_area_acres": 3.79,
        "area_delta_acres": 0,
        "status": "Synchronized",
        "classification": "Agricultural (Wet / Jirayati)",
        "is_demo_data": true,
        "discrepancy_note": null
      },
      "geometry": {
        "type": "Polygon",
        "coordinates": [
          [
            [
              80.561992,
              16.419517
            ],
            [
              80.563937,
              16.419457
            ],
            [
              80.563802,
              16.421136
            ],
            [
              80.56189,
              16.421266
            ],
            [
              80.561992,
              16.419517
            ]
          ]
        ]
      }
    },
    {
      "type": "Feature",
      "id": "PARCEL_63",
      "properties": {
        "parcel_id": "AP-GNT-0063",
        "survey_no": "112/3",
        "khata_no": "KH-1441",
        "pattadar_name": "Lakshmi Varma",
        "district": "Guntur",
        "mandal": "Mangalagiri",
        "village": "Nidamarru",
        "doc_area_acres": 4.16,
        "gis_area_acres": 4.16,
        "area_delta_acres": 0,
        "status": "Synchronized",
        "classification": "Agricultural (Wet / Jirayati)",
        "is_demo_data": true,
        "discrepancy_note": null
      },
      "geometry": {
        "type": "Polygon",
        "coordinates": [
          [
            [
              80.56409,
              16.419609
            ],
            [
              80.566001,
              16.419497
            ],
            [
              80.566072,
              16.421365
            ],
            [
              80.564074,
              16.421258
            ],
            [
              80.56409,
              16.419609
            ]
          ]
        ]
      }
    },
    {
      "type": "Feature",
      "id": "PARCEL_64",
      "properties": {
        "parcel_id": "AP-GNT-0064",
        "survey_no": "112/4",
        "khata_no": "KH-1448",
        "pattadar_name": "Satyanarayana Kumar",
        "district": "Guntur",
        "mandal": "Mangalagiri",
        "village": "Kuragallu",
        "doc_area_acres": 4.53,
        "gis_area_acres": 4.53,
        "area_delta_acres": 0,
        "status": "Synchronized",
        "classification": "Agricultural (Dry)",
        "is_demo_data": true,
        "discrepancy_note": null
      },
      "geometry": {
        "type": "Polygon",
        "coordinates": [
          [
            [
              80.566346,
              16.419727
            ],
            [
              80.568454,
              16.419494
            ],
            [
              80.568434,
              16.421449
            ],
            [
              80.566357,
              16.421255
            ],
            [
              80.566346,
              16.419727
            ]
          ]
        ]
      }
    },
    {
      "type": "Feature",
      "id": "PARCEL_65",
      "properties": {
        "parcel_id": "AP-GNT-0065",
        "survey_no": "112/5",
        "khata_no": "KH-1455",
        "pattadar_name": "Subba Devi",
        "district": "Guntur",
        "mandal": "Mangalagiri",
        "village": "Yerrabalem",
        "doc_area_acres": 0.9,
        "gis_area_acres": 0.9,
        "area_delta_acres": 0,
        "status": "Synchronized",
        "classification": "Agricultural (Wet / Jirayati)",
        "is_demo_data": true,
        "discrepancy_note": null
      },
      "geometry": {
        "type": "Polygon",
        "coordinates": [
          [
            [
              80.568358,
              16.419578
            ],
            [
              80.570633,
              16.419697
            ],
            [
              80.570459,
              16.421361
            ],
            [
              80.568408,
              16.421347
            ],
            [
              80.568358,
              16.419578
            ]
          ]
        ]
      }
    },
    {
      "type": "Feature",
      "id": "PARCEL_66",
      "properties": {
        "parcel_id": "AP-GNT-0066",
        "survey_no": "113/1",
        "khata_no": "KH-1462",
        "pattadar_name": "Appa Sharma",
        "district": "Guntur",
        "mandal": "Mangalagiri",
        "village": "Mangalagiri",
        "doc_area_acres": 1.27,
        "gis_area_acres": 1.27,
        "area_delta_acres": 0,
        "status": "Synchronized",
        "classification": "Agricultural (Wet / Jirayati)",
        "is_demo_data": true,
        "discrepancy_note": null
      },
      "geometry": {
        "type": "Polygon",
        "coordinates": [
          [
            [
              80.570772,
              16.419477
            ],
            [
              80.572814,
              16.41945
            ],
            [
              80.572689,
              16.421302
            ],
            [
              80.570567,
              16.421155
            ],
            [
              80.570772,
              16.419477
            ]
          ]
        ]
      }
    },
    {
      "type": "Feature",
      "id": "PARCEL_67",
      "properties": {
        "parcel_id": "AP-GNT-0067",
        "survey_no": "113/2",
        "khata_no": "KH-1469",
        "pattadar_name": "Narayana Varma",
        "district": "Guntur",
        "mandal": "Mangalagiri",
        "village": "Atchampet",
        "doc_area_acres": 1.64,
        "gis_area_acres": 1.64,
        "area_delta_acres": 0,
        "status": "Synchronized",
        "classification": "Agricultural (Wet / Jirayati)",
        "is_demo_data": true,
        "discrepancy_note": null
      },
      "geometry": {
        "type": "Polygon",
        "coordinates": [
          [
            [
              80.572944,
              16.419468
            ],
            [
              80.575113,
              16.419418
            ],
            [
              80.574916,
              16.421183
            ],
            [
              80.572885,
              16.421126
            ],
            [
              80.572944,
              16.419468
            ]
          ]
        ]
      }
    },
    {
      "type": "Feature",
      "id": "PARCEL_68",
      "properties": {
        "parcel_id": "AP-GNT-0068",
        "survey_no": "113/3",
        "khata_no": "KH-1476",
        "pattadar_name": "Koteswara Kumar",
        "district": "Guntur",
        "mandal": "Mangalagiri",
        "village": "Navuluru",
        "doc_area_acres": 2.01,
        "gis_area_acres": 2.01,
        "area_delta_acres": 0,
        "status": "Review Required",
        "classification": "Agricultural (Dry)",
        "is_demo_data": true,
        "discrepancy_note": null
      },
      "geometry": {
        "type": "Polygon",
        "coordinates": [
          [
            [
              80.574945,
              16.419495
            ],
            [
              80.577166,
              16.419504
            ],
            [
              80.577216,
              16.421348
            ],
            [
              80.575026,
              16.421211
            ],
            [
              80.574945,
              16.419495
            ]
          ]
        ]
      }
    },
    {
      "type": "Feature",
      "id": "PARCEL_69",
      "properties": {
        "parcel_id": "AP-GNT-0069",
        "survey_no": "113/4",
        "khata_no": "KH-1483",
        "pattadar_name": "Radha Devi",
        "district": "Guntur",
        "mandal": "Mangalagiri",
        "village": "Nidamarru",
        "doc_area_acres": 2.38,
        "gis_area_acres": 2.38,
        "area_delta_acres": 0,
        "status": "Synchronized",
        "classification": "Agricultural (Wet / Jirayati)",
        "is_demo_data": true,
        "discrepancy_note": null
      },
      "geometry": {
        "type": "Polygon",
        "coordinates": [
          [
            [
              80.577107,
              16.419584
            ],
            [
              80.579225,
              16.419538
            ],
            [
              80.579345,
              16.421152
            ],
            [
              80.57709,
              16.421166
            ],
            [
              80.577107,
              16.419584
            ]
          ]
        ]
      }
    },
    {
      "type": "Feature",
      "id": "PARCEL_70",
      "properties": {
        "parcel_id": "AP-GNT-0070",
        "survey_no": "113/5",
        "khata_no": "KH-1490",
        "pattadar_name": "Sujatha Sharma",
        "district": "Guntur",
        "mandal": "Mangalagiri",
        "village": "Kuragallu",
        "doc_area_acres": 2.75,
        "gis_area_acres": 2.75,
        "area_delta_acres": 0,
        "status": "Synchronized",
        "classification": "Agricultural (Wet / Jirayati)",
        "is_demo_data": true,
        "discrepancy_note": null
      },
      "geometry": {
        "type": "Polygon",
        "coordinates": [
          [
            [
              80.579583,
              16.419426
            ],
            [
              80.581598,
              16.419657
            ],
            [
              80.58162,
              16.42122
            ],
            [
              80.5796,
              16.421169
            ],
            [
              80.579583,
              16.419426
            ]
          ]
        ]
      }
    },
    {
      "type": "Feature",
      "id": "PARCEL_71",
      "properties": {
        "parcel_id": "AP-GNT-0071",
        "survey_no": "114/1",
        "khata_no": "KH-1497",
        "pattadar_name": "Ramana Varma",
        "district": "Guntur",
        "mandal": "Mangalagiri",
        "village": "Yerrabalem",
        "doc_area_acres": 3.12,
        "gis_area_acres": 3.12,
        "area_delta_acres": 0,
        "status": "Synchronized",
        "classification": "Agricultural (Wet / Jirayati)",
        "is_demo_data": true,
        "discrepancy_note": null
      },
      "geometry": {
        "type": "Polygon",
        "coordinates": [
          [
            [
              80.58159,
              16.419416
            ],
            [
              80.5837,
              16.419684
            ],
            [
              80.583815,
              16.42123
            ],
            [
              80.581596,
              16.421142
            ],
            [
              80.58159,
              16.419416
            ]
          ]
        ]
      }
    },
    {
      "type": "Feature",
      "id": "PARCEL_72",
      "properties": {
        "parcel_id": "AP-GNT-0072",
        "survey_no": "114/2",
        "khata_no": "KH-1504",
        "pattadar_name": "Govind Kumar",
        "district": "Guntur",
        "mandal": "Mangalagiri",
        "village": "Mangalagiri",
        "doc_area_acres": 3.49,
        "gis_area_acres": 3.49,
        "area_delta_acres": 0,
        "status": "Synchronized",
        "classification": "Agricultural (Dry)",
        "is_demo_data": true,
        "discrepancy_note": null
      },
      "geometry": {
        "type": "Polygon",
        "coordinates": [
          [
            [
              80.583729,
              16.419475
            ],
            [
              80.586074,
              16.41951
            ],
            [
              80.586095,
              16.421118
            ],
            [
              80.583696,
              16.421391
            ],
            [
              80.583729,
              16.419475
            ]
          ]
        ]
      }
    },
    {
      "type": "Feature",
      "id": "PARCEL_73",
      "properties": {
        "parcel_id": "AP-GNT-0073",
        "survey_no": "114/3",
        "khata_no": "KH-1511",
        "pattadar_name": "Krishna Devi",
        "district": "Guntur",
        "mandal": "Mangalagiri",
        "village": "Atchampet",
        "doc_area_acres": 3.86,
        "gis_area_acres": 3.86,
        "area_delta_acres": 0,
        "status": "Synchronized",
        "classification": "Agricultural (Wet / Jirayati)",
        "is_demo_data": true,
        "discrepancy_note": null
      },
      "geometry": {
        "type": "Polygon",
        "coordinates": [
          [
            [
              80.585931,
              16.419457
            ],
            [
              80.588258,
              16.419614
            ],
            [
              80.58827,
              16.421238
            ],
            [
              80.586033,
              16.421149
            ],
            [
              80.585931,
              16.419457
            ]
          ]
        ]
      }
    },
    {
      "type": "Feature",
      "id": "PARCEL_74",
      "properties": {
        "parcel_id": "AP-GNT-0074",
        "survey_no": "114/4",
        "khata_no": "KH-1518",
        "pattadar_name": "Mohan Sharma",
        "district": "Guntur",
        "mandal": "Mangalagiri",
        "village": "Navuluru",
        "doc_area_acres": 4.23,
        "gis_area_acres": 4.23,
        "area_delta_acres": 0,
        "status": "Synchronized",
        "classification": "Agricultural (Wet / Jirayati)",
        "is_demo_data": true,
        "discrepancy_note": null
      },
      "geometry": {
        "type": "Polygon",
        "coordinates": [
          [
            [
              80.58833,
              16.419625
            ],
            [
              80.590342,
              16.419596
            ],
            [
              80.590434,
              16.421214
            ],
            [
              80.58823,
              16.421107
            ],
            [
              80.58833,
              16.419625
            ]
          ]
        ]
      }
    },
    {
      "type": "Feature",
      "id": "PARCEL_75",
      "properties": {
        "parcel_id": "AP-GNT-0075",
        "survey_no": "114/5",
        "khata_no": "KH-1525",
        "pattadar_name": "Ravi Varma",
        "district": "Guntur",
        "mandal": "Mangalagiri",
        "village": "Nidamarru",
        "doc_area_acres": 4.6,
        "gis_area_acres": 4.6,
        "area_delta_acres": 0,
        "status": "Synchronized",
        "classification": "Agricultural (Wet / Jirayati)",
        "is_demo_data": true,
        "discrepancy_note": null
      },
      "geometry": {
        "type": "Polygon",
        "coordinates": [
          [
            [
              80.59029,
              16.419593
            ],
            [
              80.592474,
              16.419674
            ],
            [
              80.592697,
              16.421258
            ],
            [
              80.590316,
              16.421299
            ],
            [
              80.59029,
              16.419593
            ]
          ]
        ]
      }
    },
    {
      "type": "Feature",
      "id": "PARCEL_76",
      "properties": {
        "parcel_id": "AP-GNT-0076",
        "survey_no": "115/1",
        "khata_no": "KH-1532",
        "pattadar_name": "Venkatesh Kumar",
        "district": "Guntur",
        "mandal": "Mangalagiri",
        "village": "Kuragallu",
        "doc_area_acres": 0.97,
        "gis_area_acres": 0.97,
        "area_delta_acres": 0,
        "status": "Synchronized",
        "classification": "Agricultural (Dry)",
        "is_demo_data": true,
        "discrepancy_note": null
      },
      "geometry": {
        "type": "Polygon",
        "coordinates": [
          [
            [
              80.537742,
              16.42147
            ],
            [
              80.539633,
              16.421336
            ],
            [
              80.53958,
              16.423047
            ],
            [
              80.53755,
              16.422996
            ],
            [
              80.537742,
              16.42147
            ]
          ]
        ]
      }
    },
    {
      "type": "Feature",
      "id": "PARCEL_77",
      "properties": {
        "parcel_id": "AP-GNT-0077",
        "survey_no": "115/2",
        "khata_no": "KH-1539",
        "pattadar_name": "Srinivasa Devi",
        "district": "Guntur",
        "mandal": "Mangalagiri",
        "village": "Yerrabalem",
        "doc_area_acres": 1.34,
        "gis_area_acres": 1.34,
        "area_delta_acres": 0,
        "status": "Synchronized",
        "classification": "Agricultural (Wet / Jirayati)",
        "is_demo_data": true,
        "discrepancy_note": null
      },
      "geometry": {
        "type": "Polygon",
        "coordinates": [
          [
            [
              80.539702,
              16.421187
            ],
            [
              80.542114,
              16.421453
            ],
            [
              80.541845,
              16.422943
            ],
            [
              80.539864,
              16.423157
            ],
            [
              80.539702,
              16.421187
            ]
          ]
        ]
      }
    },
    {
      "type": "Feature",
      "id": "PARCEL_78",
      "properties": {
        "parcel_id": "AP-GNT-0078",
        "survey_no": "115/3",
        "khata_no": "KH-1546",
        "pattadar_name": "Lakshmi Sharma",
        "district": "Guntur",
        "mandal": "Mangalagiri",
        "village": "Mangalagiri",
        "doc_area_acres": 1.71,
        "gis_area_acres": 1.71,
        "area_delta_acres": 0,
        "status": "Synchronized",
        "classification": "Agricultural (Wet / Jirayati)",
        "is_demo_data": true,
        "discrepancy_note": null
      },
      "geometry": {
        "type": "Polygon",
        "coordinates": [
          [
            [
              80.542059,
              16.421324
            ],
            [
              80.544032,
              16.421229
            ],
            [
              80.543968,
              16.422955
            ],
            [
              80.542192,
              16.422968
            ],
            [
              80.542059,
              16.421324
            ]
          ]
        ]
      }
    },
    {
      "type": "Feature",
      "id": "PARCEL_79",
      "properties": {
        "parcel_id": "AP-GNT-0079",
        "survey_no": "115/4",
        "khata_no": "KH-1553",
        "pattadar_name": "Satyanarayana Varma",
        "district": "Guntur",
        "mandal": "Mangalagiri",
        "village": "Atchampet",
        "doc_area_acres": 2.08,
        "gis_area_acres": 2.08,
        "area_delta_acres": 0,
        "status": "Synchronized",
        "classification": "Agricultural (Wet / Jirayati)",
        "is_demo_data": true,
        "discrepancy_note": null
      },
      "geometry": {
        "type": "Polygon",
        "coordinates": [
          [
            [
              80.544359,
              16.421381
            ],
            [
              80.546357,
              16.421462
            ],
            [
              80.546232,
              16.423103
            ],
            [
              80.544179,
              16.423154
            ],
            [
              80.544359,
              16.421381
            ]
          ]
        ]
      }
    },
    {
      "type": "Feature",
      "id": "PARCEL_80",
      "properties": {
        "parcel_id": "AP-GNT-0080",
        "survey_no": "115/5",
        "khata_no": "KH-1560",
        "pattadar_name": "Subba Kumar",
        "district": "Guntur",
        "mandal": "Mangalagiri",
        "village": "Navuluru",
        "doc_area_acres": 2.45,
        "gis_area_acres": 2.45,
        "area_delta_acres": 0,
        "status": "Synchronized",
        "classification": "Agricultural (Dry)",
        "is_demo_data": true,
        "discrepancy_note": null
      },
      "geometry": {
        "type": "Polygon",
        "coordinates": [
          [
            [
              80.546317,
              16.421428
            ],
            [
              80.548535,
              16.421495
            ],
            [
              80.548582,
              16.423233
            ],
            [
              80.546493,
              16.423073
            ],
            [
              80.546317,
              16.421428
            ]
          ]
        ]
      }
    },
    {
      "type": "Feature",
      "id": "PARCEL_81",
      "properties": {
        "parcel_id": "AP-GNT-0081",
        "survey_no": "116/1",
        "khata_no": "KH-1567",
        "pattadar_name": "Appa Devi",
        "district": "Guntur",
        "mandal": "Mangalagiri",
        "village": "Nidamarru",
        "doc_area_acres": 2.82,
        "gis_area_acres": 2.82,
        "area_delta_acres": 0,
        "status": "Synchronized",
        "classification": "Agricultural (Wet / Jirayati)",
        "is_demo_data": true,
        "discrepancy_note": null
      },
      "geometry": {
        "type": "Polygon",
        "coordinates": [
          [
            [
              80.5486,
              16.421381
            ],
            [
              80.550751,
              16.421476
            ],
            [
              80.550806,
              16.423218
            ],
            [
              80.548829,
              16.423201
            ],
            [
              80.5486,
              16.421381
            ]
          ]
        ]
      }
    },
    {
      "type": "Feature",
      "id": "PARCEL_82",
      "properties": {
        "parcel_id": "AP-GNT-0082",
        "survey_no": "116/2",
        "khata_no": "KH-1574",
        "pattadar_name": "Narayana Sharma",
        "district": "Guntur",
        "mandal": "Mangalagiri",
        "village": "Kuragallu",
        "doc_area_acres": 3.19,
        "gis_area_acres": 3.19,
        "area_delta_acres": 0,
        "status": "Synchronized",
        "classification": "Agricultural (Wet / Jirayati)",
        "is_demo_data": true,
        "discrepancy_note": null
      },
      "geometry": {
        "type": "Polygon",
        "coordinates": [
          [
            [
              80.550961,
              16.42145
            ],
            [
              80.553098,
              16.421365
            ],
            [
              80.552959,
              16.423091
            ],
            [
              80.550948,
              16.422944
            ],
            [
              80.550961,
              16.42145
            ]
          ]
        ]
      }
    },
    {
      "type": "Feature",
      "id": "PARCEL_83",
      "properties": {
        "parcel_id": "AP-GNT-0083",
        "survey_no": "116/3",
        "khata_no": "KH-1581",
        "pattadar_name": "Koteswara Varma",
        "district": "Guntur",
        "mandal": "Mangalagiri",
        "village": "Yerrabalem",
        "doc_area_acres": 3.56,
        "gis_area_acres": 3.56,
        "area_delta_acres": 0,
        "status": "Synchronized",
        "classification": "Agricultural (Wet / Jirayati)",
        "is_demo_data": true,
        "discrepancy_note": null
      },
      "geometry": {
        "type": "Polygon",
        "coordinates": [
          [
            [
              80.55301,
              16.421469
            ],
            [
              80.555134,
              16.421299
            ],
            [
              80.555122,
              16.423205
            ],
            [
              80.553065,
              16.422999
            ],
            [
              80.55301,
              16.421469
            ]
          ]
        ]
      }
    },
    {
      "type": "Feature",
      "id": "PARCEL_84",
      "properties": {
        "parcel_id": "AP-GNT-0084",
        "survey_no": "116/4",
        "khata_no": "KH-1588",
        "pattadar_name": "Radha Kumar",
        "district": "Guntur",
        "mandal": "Mangalagiri",
        "village": "Mangalagiri",
        "doc_area_acres": 3.93,
        "gis_area_acres": 3.93,
        "area_delta_acres": 0,
        "status": "Synchronized",
        "classification": "Agricultural (Dry)",
        "is_demo_data": true,
        "discrepancy_note": null
      },
      "geometry": {
        "type": "Polygon",
        "coordinates": [
          [
            [
              80.555276,
              16.421386
            ],
            [
              80.557502,
              16.421502
            ],
            [
              80.557371,
              16.422977
            ],
            [
              80.555082,
              16.423162
            ],
            [
              80.555276,
              16.421386
            ]
          ]
        ]
      }
    },
    {
      "type": "Feature",
      "id": "PARCEL_85",
      "properties": {
        "parcel_id": "AP-GNT-0085",
        "survey_no": "116/5",
        "khata_no": "KH-1595",
        "pattadar_name": "Sujatha Devi",
        "district": "Guntur",
        "mandal": "Mangalagiri",
        "village": "Atchampet",
        "doc_area_acres": 4.3,
        "gis_area_acres": 4.3,
        "area_delta_acres": 0,
        "status": "Review Required",
        "classification": "Agricultural (Wet / Jirayati)",
        "is_demo_data": true,
        "discrepancy_note": null
      },
      "geometry": {
        "type": "Polygon",
        "coordinates": [
          [
            [
              80.557433,
              16.421201
            ],
            [
              80.55968,
              16.421542
            ],
            [
              80.559594,
              16.423108
            ],
            [
              80.5573,
              16.422886
            ],
            [
              80.557433,
              16.421201
            ]
          ]
        ]
      }
    },
    {
      "type": "Feature",
      "id": "PARCEL_86",
      "properties": {
        "parcel_id": "AP-GNT-0086",
        "survey_no": "117/1",
        "khata_no": "KH-1602",
        "pattadar_name": "Ramana Sharma",
        "district": "Guntur",
        "mandal": "Mangalagiri",
        "village": "Navuluru",
        "doc_area_acres": 4.67,
        "gis_area_acres": 4.67,
        "area_delta_acres": 0,
        "status": "Synchronized",
        "classification": "Agricultural (Wet / Jirayati)",
        "is_demo_data": true,
        "discrepancy_note": null
      },
      "geometry": {
        "type": "Polygon",
        "coordinates": [
          [
            [
              80.559504,
              16.421266
            ],
            [
              80.561799,
              16.421565
            ],
            [
              80.561817,
              16.423025
            ],
            [
              80.559531,
              16.423101
            ],
            [
              80.559504,
              16.421266
            ]
          ]
        ]
      }
    },
    {
      "type": "Feature",
      "id": "PARCEL_87",
      "properties": {
        "parcel_id": "AP-GNT-0087",
        "survey_no": "117/2",
        "khata_no": "KH-1609",
        "pattadar_name": "Govind Varma",
        "district": "Guntur",
        "mandal": "Mangalagiri",
        "village": "Nidamarru",
        "doc_area_acres": 1.04,
        "gis_area_acres": 1.04,
        "area_delta_acres": 0,
        "status": "Synchronized",
        "classification": "Agricultural (Wet / Jirayati)",
        "is_demo_data": true,
        "discrepancy_note": null
      },
      "geometry": {
        "type": "Polygon",
        "coordinates": [
          [
            [
              80.561748,
              16.421371
            ],
            [
              80.563817,
              16.421367
            ],
            [
              80.564016,
              16.423106
            ],
            [
              80.561697,
              16.422969
            ],
            [
              80.561748,
              16.421371
            ]
          ]
        ]
      }
    },
    {
      "type": "Feature",
      "id": "PARCEL_88",
      "properties": {
        "parcel_id": "AP-GNT-0088",
        "survey_no": "117/3",
        "khata_no": "KH-1616",
        "pattadar_name": "Krishna Kumar",
        "district": "Guntur",
        "mandal": "Mangalagiri",
        "village": "Kuragallu",
        "doc_area_acres": 1.41,
        "gis_area_acres": 1.41,
        "area_delta_acres": 0,
        "status": "Synchronized",
        "classification": "Agricultural (Dry)",
        "is_demo_data": true,
        "discrepancy_note": null
      },
      "geometry": {
        "type": "Polygon",
        "coordinates": [
          [
            [
              80.564058,
              16.421417
            ],
            [
              80.566055,
              16.421235
            ],
            [
              80.566261,
              16.422965
            ],
            [
              80.564214,
              16.423187
            ],
            [
              80.564058,
              16.421417
            ]
          ]
        ]
      }
    },
    {
      "type": "Feature",
      "id": "PARCEL_89",
      "properties": {
        "parcel_id": "AP-GNT-0089",
        "survey_no": "117/4",
        "khata_no": "KH-1623",
        "pattadar_name": "Mohan Devi",
        "district": "Guntur",
        "mandal": "Mangalagiri",
        "village": "Yerrabalem",
        "doc_area_acres": 1.78,
        "gis_area_acres": 1.78,
        "area_delta_acres": 0,
        "status": "Synchronized",
        "classification": "Agricultural (Wet / Jirayati)",
        "is_demo_data": true,
        "discrepancy_note": null
      },
      "geometry": {
        "type": "Polygon",
        "coordinates": [
          [
            [
              80.566264,
              16.421307
            ],
            [
              80.568365,
              16.421483
            ],
            [
              80.568158,
              16.422979
            ],
            [
              80.566302,
              16.422974
            ],
            [
              80.566264,
              16.421307
            ]
          ]
        ]
      }
    },
    {
      "type": "Feature",
      "id": "PARCEL_90",
      "properties": {
        "parcel_id": "AP-GNT-0090",
        "survey_no": "117/5",
        "khata_no": "KH-1630",
        "pattadar_name": "Ravi Sharma",
        "district": "Guntur",
        "mandal": "Mangalagiri",
        "village": "Mangalagiri",
        "doc_area_acres": 2.15,
        "gis_area_acres": 2.15,
        "area_delta_acres": 0,
        "status": "Synchronized",
        "classification": "Agricultural (Wet / Jirayati)",
        "is_demo_data": true,
        "discrepancy_note": null
      },
      "geometry": {
        "type": "Polygon",
        "coordinates": [
          [
            [
              80.568442,
              16.421459
            ],
            [
              80.57061,
              16.421321
            ],
            [
              80.57049,
              16.423022
            ],
            [
              80.568547,
              16.422897
            ],
            [
              80.568442,
              16.421459
            ]
          ]
        ]
      }
    },
    {
      "type": "Feature",
      "id": "PARCEL_91",
      "properties": {
        "parcel_id": "AP-GNT-0091",
        "survey_no": "118/1",
        "khata_no": "KH-1637",
        "pattadar_name": "Venkatesh Varma",
        "district": "Guntur",
        "mandal": "Mangalagiri",
        "village": "Atchampet",
        "doc_area_acres": 2.52,
        "gis_area_acres": 2.52,
        "area_delta_acres": 0,
        "status": "Synchronized",
        "classification": "Agricultural (Wet / Jirayati)",
        "is_demo_data": true,
        "discrepancy_note": null
      },
      "geometry": {
        "type": "Polygon",
        "coordinates": [
          [
            [
              80.570748,
              16.421335
            ],
            [
              80.57282,
              16.421248
            ],
            [
              80.572852,
              16.423047
            ],
            [
              80.570709,
              16.423033
            ],
            [
              80.570748,
              16.421335
            ]
          ]
        ]
      }
    },
    {
      "type": "Feature",
      "id": "PARCEL_92",
      "properties": {
        "parcel_id": "AP-GNT-0092",
        "survey_no": "118/2",
        "khata_no": "KH-1644",
        "pattadar_name": "Srinivasa Kumar",
        "district": "Guntur",
        "mandal": "Mangalagiri",
        "village": "Navuluru",
        "doc_area_acres": 2.89,
        "gis_area_acres": 2.89,
        "area_delta_acres": 0,
        "status": "Synchronized",
        "classification": "Agricultural (Dry)",
        "is_demo_data": true,
        "discrepancy_note": null
      },
      "geometry": {
        "type": "Polygon",
        "coordinates": [
          [
            [
              80.572959,
              16.421289
            ],
            [
              80.574896,
              16.421248
            ],
            [
              80.574998,
              16.423021
            ],
            [
              80.57287,
              16.423107
            ],
            [
              80.572959,
              16.421289
            ]
          ]
        ]
      }
    },
    {
      "type": "Feature",
      "id": "PARCEL_93",
      "properties": {
        "parcel_id": "AP-GNT-0093",
        "survey_no": "118/3",
        "khata_no": "KH-1651",
        "pattadar_name": "Lakshmi Devi",
        "district": "Guntur",
        "mandal": "Mangalagiri",
        "village": "Nidamarru",
        "doc_area_acres": 3.26,
        "gis_area_acres": 3.26,
        "area_delta_acres": 0,
        "status": "Synchronized",
        "classification": "Agricultural (Wet / Jirayati)",
        "is_demo_data": true,
        "discrepancy_note": null
      },
      "geometry": {
        "type": "Polygon",
        "coordinates": [
          [
            [
              80.575191,
              16.421417
            ],
            [
              80.577202,
              16.42123
            ],
            [
              80.577027,
              16.422935
            ],
            [
              80.574991,
              16.423069
            ],
            [
              80.575191,
              16.421417
            ]
          ]
        ]
      }
    },
    {
      "type": "Feature",
      "id": "PARCEL_94",
      "properties": {
        "parcel_id": "AP-GNT-0094",
        "survey_no": "118/4",
        "khata_no": "KH-1658",
        "pattadar_name": "Satyanarayana Sharma",
        "district": "Guntur",
        "mandal": "Mangalagiri",
        "village": "Kuragallu",
        "doc_area_acres": 3.63,
        "gis_area_acres": 3.63,
        "area_delta_acres": 0,
        "status": "Synchronized",
        "classification": "Agricultural (Wet / Jirayati)",
        "is_demo_data": true,
        "discrepancy_note": null
      },
      "geometry": {
        "type": "Polygon",
        "coordinates": [
          [
            [
              80.577287,
              16.421396
            ],
            [
              80.579499,
              16.421511
            ],
            [
              80.579485,
              16.423018
            ],
            [
              80.577096,
              16.422926
            ],
            [
              80.577287,
              16.421396
            ]
          ]
        ]
      }
    },
    {
      "type": "Feature",
      "id": "PARCEL_95",
      "properties": {
        "parcel_id": "AP-GNT-0095",
        "survey_no": "118/5",
        "khata_no": "KH-1665",
        "pattadar_name": "Subba Varma",
        "district": "Guntur",
        "mandal": "Mangalagiri",
        "village": "Yerrabalem",
        "doc_area_acres": 4,
        "gis_area_acres": 4,
        "area_delta_acres": 0,
        "status": "Synchronized",
        "classification": "Agricultural (Wet / Jirayati)",
        "is_demo_data": true,
        "discrepancy_note": null
      },
      "geometry": {
        "type": "Polygon",
        "coordinates": [
          [
            [
              80.579405,
              16.421416
            ],
            [
              80.581401,
              16.42134
            ],
            [
              80.581634,
              16.423019
            ],
            [
              80.579565,
              16.423007
            ],
            [
              80.579405,
              16.421416
            ]
          ]
        ]
      }
    },
    {
      "type": "Feature",
      "id": "PARCEL_96",
      "properties": {
        "parcel_id": "AP-GNT-0096",
        "survey_no": "119/1",
        "khata_no": "KH-1672",
        "pattadar_name": "Appa Kumar",
        "district": "Guntur",
        "mandal": "Mangalagiri",
        "village": "Mangalagiri",
        "doc_area_acres": 4.37,
        "gis_area_acres": 4.37,
        "area_delta_acres": 0,
        "status": "Synchronized",
        "classification": "Agricultural (Dry)",
        "is_demo_data": true,
        "discrepancy_note": null
      },
      "geometry": {
        "type": "Polygon",
        "coordinates": [
          [
            [
              80.581693,
              16.421185
            ],
            [
              80.58373,
              16.421439
            ],
            [
              80.583601,
              16.423219
            ],
            [
              80.5816,
              16.42294
            ],
            [
              80.581693,
              16.421185
            ]
          ]
        ]
      }
    },
    {
      "type": "Feature",
      "id": "PARCEL_97",
      "properties": {
        "parcel_id": "AP-GNT-0097",
        "survey_no": "119/2",
        "khata_no": "KH-1679",
        "pattadar_name": "Narayana Devi",
        "district": "Guntur",
        "mandal": "Mangalagiri",
        "village": "Atchampet",
        "doc_area_acres": 4.74,
        "gis_area_acres": 4.74,
        "area_delta_acres": 0,
        "status": "Synchronized",
        "classification": "Agricultural (Wet / Jirayati)",
        "is_demo_data": true,
        "discrepancy_note": null
      },
      "geometry": {
        "type": "Polygon",
        "coordinates": [
          [
            [
              80.583868,
              16.421375
            ],
            [
              80.585993,
              16.42156
            ],
            [
              80.585934,
              16.423252
            ],
            [
              80.583794,
              16.423113
            ],
            [
              80.583868,
              16.421375
            ]
          ]
        ]
      }
    },
    {
      "type": "Feature",
      "id": "PARCEL_98",
      "properties": {
        "parcel_id": "AP-GNT-0098",
        "survey_no": "119/3",
        "khata_no": "KH-1686",
        "pattadar_name": "Koteswara Sharma",
        "district": "Guntur",
        "mandal": "Mangalagiri",
        "village": "Navuluru",
        "doc_area_acres": 1.11,
        "gis_area_acres": 1.11,
        "area_delta_acres": 0,
        "status": "Synchronized",
        "classification": "Agricultural (Wet / Jirayati)",
        "is_demo_data": true,
        "discrepancy_note": null
      },
      "geometry": {
        "type": "Polygon",
        "coordinates": [
          [
            [
              80.58602,
              16.4214
            ],
            [
              80.588209,
              16.42153
            ],
            [
              80.588289,
              16.423171
            ],
            [
              80.586027,
              16.42297
            ],
            [
              80.58602,
              16.4214
            ]
          ]
        ]
      }
    },
    {
      "type": "Feature",
      "id": "PARCEL_99",
      "properties": {
        "parcel_id": "AP-GNT-0099",
        "survey_no": "119/4",
        "khata_no": "KH-1693",
        "pattadar_name": "Radha Varma",
        "district": "Guntur",
        "mandal": "Mangalagiri",
        "village": "Nidamarru",
        "doc_area_acres": 1.48,
        "gis_area_acres": 1.48,
        "area_delta_acres": 0,
        "status": "Synchronized",
        "classification": "Agricultural (Wet / Jirayati)",
        "is_demo_data": true,
        "discrepancy_note": null
      },
      "geometry": {
        "type": "Polygon",
        "coordinates": [
          [
            [
              80.588186,
              16.421279
            ],
            [
              80.590336,
              16.421262
            ],
            [
              80.590496,
              16.422966
            ],
            [
              80.588329,
              16.423016
            ],
            [
              80.588186,
              16.421279
            ]
          ]
        ]
      }
    },
    {
      "type": "Feature",
      "id": "PARCEL_100",
      "properties": {
        "parcel_id": "AP-GNT-0100",
        "survey_no": "119/5",
        "khata_no": "KH-1700",
        "pattadar_name": "Sujatha Kumar",
        "district": "Guntur",
        "mandal": "Mangalagiri",
        "village": "Kuragallu",
        "doc_area_acres": 1.85,
        "gis_area_acres": 1.85,
        "area_delta_acres": 0,
        "status": "Synchronized",
        "classification": "Agricultural (Dry)",
        "is_demo_data": true,
        "discrepancy_note": null
      },
      "geometry": {
        "type": "Polygon",
        "coordinates": [
          [
            [
              80.590571,
              16.421254
            ],
            [
              80.592625,
              16.421432
            ],
            [
              80.592593,
              16.423025
            ],
            [
              80.590588,
              16.422928
            ],
            [
              80.590571,
              16.421254
            ]
          ]
        ]
      }
    },
    {
      "type": "Feature",
      "id": "PARCEL_101",
      "properties": {
        "parcel_id": "AP-GNT-0101",
        "survey_no": "120/1",
        "khata_no": "KH-1707",
        "pattadar_name": "Ramana Devi",
        "district": "Guntur",
        "mandal": "Mangalagiri",
        "village": "Yerrabalem",
        "doc_area_acres": 2.22,
        "gis_area_acres": 2.22,
        "area_delta_acres": 0,
        "status": "Synchronized",
        "classification": "Agricultural (Wet / Jirayati)",
        "is_demo_data": true,
        "discrepancy_note": null
      },
      "geometry": {
        "type": "Polygon",
        "coordinates": [
          [
            [
              80.537596,
              16.423312
            ],
            [
              80.539689,
              16.423107
            ],
            [
              80.539778,
              16.424905
            ],
            [
              80.537504,
              16.424891
            ],
            [
              80.537596,
              16.423312
            ]
          ]
        ]
      }
    },
    {
      "type": "Feature",
      "id": "PARCEL_102",
      "properties": {
        "parcel_id": "AP-GNT-0102",
        "survey_no": "120/2",
        "khata_no": "KH-1714",
        "pattadar_name": "Govind Sharma",
        "district": "Guntur",
        "mandal": "Mangalagiri",
        "village": "Mangalagiri",
        "doc_area_acres": 2.59,
        "gis_area_acres": 2.59,
        "area_delta_acres": 0,
        "status": "Review Required",
        "classification": "Agricultural (Wet / Jirayati)",
        "is_demo_data": true,
        "discrepancy_note": null
      },
      "geometry": {
        "type": "Polygon",
        "coordinates": [
          [
            [
              80.539826,
              16.423062
            ],
            [
              80.541821,
              16.423246
            ],
            [
              80.541791,
              16.424992
            ],
            [
              80.539835,
              16.424908
            ],
            [
              80.539826,
              16.423062
            ]
          ]
        ]
      }
    },
    {
      "type": "Feature",
      "id": "PARCEL_103",
      "properties": {
        "parcel_id": "AP-GNT-0103",
        "survey_no": "120/3",
        "khata_no": "KH-1721",
        "pattadar_name": "Krishna Varma",
        "district": "Guntur",
        "mandal": "Mangalagiri",
        "village": "Atchampet",
        "doc_area_acres": 2.96,
        "gis_area_acres": 2.96,
        "area_delta_acres": 0,
        "status": "Synchronized",
        "classification": "Agricultural (Wet / Jirayati)",
        "is_demo_data": true,
        "discrepancy_note": null
      },
      "geometry": {
        "type": "Polygon",
        "coordinates": [
          [
            [
              80.542124,
              16.423128
            ],
            [
              80.544226,
              16.423172
            ],
            [
              80.544231,
              16.424851
            ],
            [
              80.541948,
              16.424781
            ],
            [
              80.542124,
              16.423128
            ]
          ]
        ]
      }
    },
    {
      "type": "Feature",
      "id": "PARCEL_104",
      "properties": {
        "parcel_id": "AP-GNT-0104",
        "survey_no": "120/4",
        "khata_no": "KH-1728",
        "pattadar_name": "Mohan Kumar",
        "district": "Guntur",
        "mandal": "Mangalagiri",
        "village": "Navuluru",
        "doc_area_acres": 3.33,
        "gis_area_acres": 3.33,
        "area_delta_acres": 0,
        "status": "Synchronized",
        "classification": "Agricultural (Dry)",
        "is_demo_data": true,
        "discrepancy_note": null
      },
      "geometry": {
        "type": "Polygon",
        "coordinates": [
          [
            [
              80.544165,
              16.423059
            ],
            [
              80.546219,
              16.423303
            ],
            [
              80.546312,
              16.424741
            ],
            [
              80.544144,
              16.424777
            ],
            [
              80.544165,
              16.423059
            ]
          ]
        ]
      }
    },
    {
      "type": "Feature",
      "id": "PARCEL_105",
      "properties": {
        "parcel_id": "AP-GNT-0105",
        "survey_no": "120/5",
        "khata_no": "KH-1735",
        "pattadar_name": "Ravi Devi",
        "district": "Guntur",
        "mandal": "Mangalagiri",
        "village": "Nidamarru",
        "doc_area_acres": 3.7,
        "gis_area_acres": 3.7,
        "area_delta_acres": 0,
        "status": "Synchronized",
        "classification": "Agricultural (Wet / Jirayati)",
        "is_demo_data": true,
        "discrepancy_note": null
      },
      "geometry": {
        "type": "Polygon",
        "coordinates": [
          [
            [
              80.546398,
              16.423006
            ],
            [
              80.548624,
              16.423345
            ],
            [
              80.548415,
              16.424756
            ],
            [
              80.546586,
              16.424729
            ],
            [
              80.546398,
              16.423006
            ]
          ]
        ]
      }
    },
    {
      "type": "Feature",
      "id": "PARCEL_106",
      "properties": {
        "parcel_id": "AP-GNT-0106",
        "survey_no": "121/1",
        "khata_no": "KH-1742",
        "pattadar_name": "Venkatesh Sharma",
        "district": "Guntur",
        "mandal": "Mangalagiri",
        "village": "Kuragallu",
        "doc_area_acres": 4.07,
        "gis_area_acres": 4.07,
        "area_delta_acres": 0,
        "status": "Synchronized",
        "classification": "Agricultural (Wet / Jirayati)",
        "is_demo_data": true,
        "discrepancy_note": null
      },
      "geometry": {
        "type": "Polygon",
        "coordinates": [
          [
            [
              80.548731,
              16.423167
            ],
            [
              80.550717,
              16.42303
            ],
            [
              80.550743,
              16.425006
            ],
            [
              80.548727,
              16.424683
            ],
            [
              80.548731,
              16.423167
            ]
          ]
        ]
      }
    },
    {
      "type": "Feature",
      "id": "PARCEL_107",
      "properties": {
        "parcel_id": "AP-GNT-0107",
        "survey_no": "121/2",
        "khata_no": "KH-1749",
        "pattadar_name": "Srinivasa Varma",
        "district": "Guntur",
        "mandal": "Mangalagiri",
        "village": "Yerrabalem",
        "doc_area_acres": 4.44,
        "gis_area_acres": 4.44,
        "area_delta_acres": 0,
        "status": "Synchronized",
        "classification": "Agricultural (Wet / Jirayati)",
        "is_demo_data": true,
        "discrepancy_note": null
      },
      "geometry": {
        "type": "Polygon",
        "coordinates": [
          [
            [
              80.550857,
              16.423096
            ],
            [
              80.552938,
              16.42328
            ],
            [
              80.552918,
              16.424932
            ],
            [
              80.550736,
              16.424754
            ],
            [
              80.550857,
              16.423096
            ]
          ]
        ]
      }
    },
    {
      "type": "Feature",
      "id": "PARCEL_108",
      "properties": {
        "parcel_id": "AP-GNT-0108",
        "survey_no": "121/3",
        "khata_no": "KH-1756",
        "pattadar_name": "Lakshmi Kumar",
        "district": "Guntur",
        "mandal": "Mangalagiri",
        "village": "Mangalagiri",
        "doc_area_acres": 4.81,
        "gis_area_acres": 4.81,
        "area_delta_acres": 0,
        "status": "Synchronized",
        "classification": "Agricultural (Dry)",
        "is_demo_data": true,
        "discrepancy_note": null
      },
      "geometry": {
        "type": "Polygon",
        "coordinates": [
          [
            [
              80.553188,
              16.423044
            ],
            [
              80.555164,
              16.42333
            ],
            [
              80.555242,
              16.424867
            ],
            [
              80.552997,
              16.424965
            ],
            [
              80.553188,
              16.423044
            ]
          ]
        ]
      }
    },
    {
      "type": "Feature",
      "id": "PARCEL_109",
      "properties": {
        "parcel_id": "AP-GNT-0109",
        "survey_no": "121/4",
        "khata_no": "KH-1763",
        "pattadar_name": "Satyanarayana Devi",
        "district": "Guntur",
        "mandal": "Mangalagiri",
        "village": "Atchampet",
        "doc_area_acres": 1.18,
        "gis_area_acres": 1.18,
        "area_delta_acres": 0,
        "status": "Synchronized",
        "classification": "Agricultural (Wet / Jirayati)",
        "is_demo_data": true,
        "discrepancy_note": null
      },
      "geometry": {
        "type": "Polygon",
        "coordinates": [
          [
            [
              80.555132,
              16.423063
            ],
            [
              80.557448,
              16.423018
            ],
            [
              80.557465,
              16.424995
            ],
            [
              80.555267,
              16.424739
            ],
            [
              80.555132,
              16.423063
            ]
          ]
        ]
      }
    },
    {
      "type": "Feature",
      "id": "PARCEL_110",
      "properties": {
        "parcel_id": "AP-GNT-0110",
        "survey_no": "121/5",
        "khata_no": "KH-1770",
        "pattadar_name": "Subba Sharma",
        "district": "Guntur",
        "mandal": "Mangalagiri",
        "village": "Navuluru",
        "doc_area_acres": 1.55,
        "gis_area_acres": 1.55,
        "area_delta_acres": 0,
        "status": "Synchronized",
        "classification": "Agricultural (Wet / Jirayati)",
        "is_demo_data": true,
        "discrepancy_note": null
      },
      "geometry": {
        "type": "Polygon",
        "coordinates": [
          [
            [
              80.557618,
              16.423284
            ],
            [
              80.559465,
              16.42316
            ],
            [
              80.55936,
              16.424826
            ],
            [
              80.557287,
              16.42483
            ],
            [
              80.557618,
              16.423284
            ]
          ]
        ]
      }
    },
    {
      "type": "Feature",
      "id": "PARCEL_111",
      "properties": {
        "parcel_id": "AP-GNT-0111",
        "survey_no": "122/1",
        "khata_no": "KH-1777",
        "pattadar_name": "Appa Varma",
        "district": "Guntur",
        "mandal": "Mangalagiri",
        "village": "Nidamarru",
        "doc_area_acres": 1.92,
        "gis_area_acres": 1.92,
        "area_delta_acres": 0,
        "status": "Synchronized",
        "classification": "Agricultural (Wet / Jirayati)",
        "is_demo_data": true,
        "discrepancy_note": null
      },
      "geometry": {
        "type": "Polygon",
        "coordinates": [
          [
            [
              80.559811,
              16.423304
            ],
            [
              80.561797,
              16.423106
            ],
            [
              80.561774,
              16.424768
            ],
            [
              80.559733,
              16.425004
            ],
            [
              80.559811,
              16.423304
            ]
          ]
        ]
      }
    },
    {
      "type": "Feature",
      "id": "PARCEL_112",
      "properties": {
        "parcel_id": "AP-GNT-0112",
        "survey_no": "122/2",
        "khata_no": "KH-1784",
        "pattadar_name": "Narayana Kumar",
        "district": "Guntur",
        "mandal": "Mangalagiri",
        "village": "Kuragallu",
        "doc_area_acres": 2.29,
        "gis_area_acres": 2.29,
        "area_delta_acres": 0,
        "status": "Synchronized",
        "classification": "Agricultural (Dry)",
        "is_demo_data": true,
        "discrepancy_note": null
      },
      "geometry": {
        "type": "Polygon",
        "coordinates": [
          [
            [
              80.561687,
              16.42304
            ],
            [
              80.564044,
              16.423312
            ],
            [
              80.563815,
              16.425005
            ],
            [
              80.561778,
              16.424742
            ],
            [
              80.561687,
              16.42304
            ]
          ]
        ]
      }
    },
    {
      "type": "Feature",
      "id": "PARCEL_113",
      "properties": {
        "parcel_id": "AP-GNT-0113",
        "survey_no": "122/3",
        "khata_no": "KH-1791",
        "pattadar_name": "Koteswara Devi",
        "district": "Guntur",
        "mandal": "Mangalagiri",
        "village": "Yerrabalem",
        "doc_area_acres": 2.66,
        "gis_area_acres": 2.66,
        "area_delta_acres": 0,
        "status": "Synchronized",
        "classification": "Agricultural (Wet / Jirayati)",
        "is_demo_data": true,
        "discrepancy_note": null
      },
      "geometry": {
        "type": "Polygon",
        "coordinates": [
          [
            [
              80.564116,
              16.422996
            ],
            [
              80.566311,
              16.423094
            ],
            [
              80.566125,
              16.424952
            ],
            [
              80.564153,
              16.424748
            ],
            [
              80.564116,
              16.422996
            ]
          ]
        ]
      }
    },
    {
      "type": "Feature",
      "id": "PARCEL_114",
      "properties": {
        "parcel_id": "AP-GNT-0114",
        "survey_no": "122/4",
        "khata_no": "KH-1798",
        "pattadar_name": "Radha Sharma",
        "district": "Guntur",
        "mandal": "Mangalagiri",
        "village": "Mangalagiri",
        "doc_area_acres": 3.03,
        "gis_area_acres": 3.03,
        "area_delta_acres": 0,
        "status": "Synchronized",
        "classification": "Agricultural (Wet / Jirayati)",
        "is_demo_data": true,
        "discrepancy_note": null
      },
      "geometry": {
        "type": "Polygon",
        "coordinates": [
          [
            [
              80.566264,
              16.423164
            ],
            [
              80.568328,
              16.423232
            ],
            [
              80.568224,
              16.424985
            ],
            [
              80.566103,
              16.424999
            ],
            [
              80.566264,
              16.423164
            ]
          ]
        ]
      }
    },
    {
      "type": "Feature",
      "id": "PARCEL_115",
      "properties": {
        "parcel_id": "AP-GNT-0115",
        "survey_no": "122/5",
        "khata_no": "KH-1805",
        "pattadar_name": "Sujatha Varma",
        "district": "Guntur",
        "mandal": "Mangalagiri",
        "village": "Atchampet",
        "doc_area_acres": 3.4,
        "gis_area_acres": 3.4,
        "area_delta_acres": 0,
        "status": "Synchronized",
        "classification": "Agricultural (Wet / Jirayati)",
        "is_demo_data": true,
        "discrepancy_note": null
      },
      "geometry": {
        "type": "Polygon",
        "coordinates": [
          [
            [
              80.5683,
              16.423273
            ],
            [
              80.570573,
              16.42317
            ],
            [
              80.570634,
              16.425022
            ],
            [
              80.568583,
              16.424835
            ],
            [
              80.5683,
              16.423273
            ]
          ]
        ]
      }
    },
    {
      "type": "Feature",
      "id": "PARCEL_116",
      "properties": {
        "parcel_id": "AP-GNT-0116",
        "survey_no": "123/1",
        "khata_no": "KH-1812",
        "pattadar_name": "Ramana Kumar",
        "district": "Guntur",
        "mandal": "Mangalagiri",
        "village": "Navuluru",
        "doc_area_acres": 3.77,
        "gis_area_acres": 3.77,
        "area_delta_acres": 0,
        "status": "Synchronized",
        "classification": "Agricultural (Dry)",
        "is_demo_data": true,
        "discrepancy_note": null
      },
      "geometry": {
        "type": "Polygon",
        "coordinates": [
          [
            [
              80.57078,
              16.423013
            ],
            [
              80.572724,
              16.423023
            ],
            [
              80.572622,
              16.425014
            ],
            [
              80.570515,
              16.424832
            ],
            [
              80.57078,
              16.423013
            ]
          ]
        ]
      }
    },
    {
      "type": "Feature",
      "id": "PARCEL_117",
      "properties": {
        "parcel_id": "AP-GNT-0117",
        "survey_no": "123/2",
        "khata_no": "KH-1819",
        "pattadar_name": "Govind Devi",
        "district": "Guntur",
        "mandal": "Mangalagiri",
        "village": "Nidamarru",
        "doc_area_acres": 4.14,
        "gis_area_acres": 4.14,
        "area_delta_acres": 0,
        "status": "Synchronized",
        "classification": "Agricultural (Wet / Jirayati)",
        "is_demo_data": true,
        "discrepancy_note": null
      },
      "geometry": {
        "type": "Polygon",
        "coordinates": [
          [
            [
              80.572861,
              16.423061
            ],
            [
              80.575103,
              16.423302
            ],
            [
              80.574923,
              16.42479
            ],
            [
              80.572934,
              16.424732
            ],
            [
              80.572861,
              16.423061
            ]
          ]
        ]
      }
    },
    {
      "type": "Feature",
      "id": "PARCEL_118",
      "properties": {
        "parcel_id": "AP-GNT-0118",
        "survey_no": "123/3",
        "khata_no": "KH-1826",
        "pattadar_name": "Krishna Sharma",
        "district": "Guntur",
        "mandal": "Mangalagiri",
        "village": "Kuragallu",
        "doc_area_acres": 4.51,
        "gis_area_acres": 4.51,
        "area_delta_acres": 0,
        "status": "Synchronized",
        "classification": "Agricultural (Wet / Jirayati)",
        "is_demo_data": true,
        "discrepancy_note": null
      },
      "geometry": {
        "type": "Polygon",
        "coordinates": [
          [
            [
              80.574957,
              16.423112
            ],
            [
              80.577112,
              16.423105
            ],
            [
              80.577189,
              16.424848
            ],
            [
              80.575057,
              16.424841
            ],
            [
              80.574957,
              16.423112
            ]
          ]
        ]
      }
    },
    {
      "type": "Feature",
      "id": "PARCEL_119",
      "properties": {
        "parcel_id": "AP-GNT-0119",
        "survey_no": "123/4",
        "khata_no": "KH-1833",
        "pattadar_name": "Mohan Varma",
        "district": "Guntur",
        "mandal": "Mangalagiri",
        "village": "Yerrabalem",
        "doc_area_acres": 0.88,
        "gis_area_acres": 0.88,
        "area_delta_acres": 0,
        "status": "Review Required",
        "classification": "Agricultural (Wet / Jirayati)",
        "is_demo_data": true,
        "discrepancy_note": null
      },
      "geometry": {
        "type": "Polygon",
        "coordinates": [
          [
            [
              80.577117,
              16.422981
            ],
            [
              80.579469,
              16.42315
            ],
            [
              80.57939,
              16.424925
            ],
            [
              80.577095,
              16.424843
            ],
            [
              80.577117,
              16.422981
            ]
          ]
        ]
      }
    },
    {
      "type": "Feature",
      "id": "PARCEL_120",
      "properties": {
        "parcel_id": "AP-GNT-0120",
        "survey_no": "123/5",
        "khata_no": "KH-1840",
        "pattadar_name": "Ravi Kumar",
        "district": "Guntur",
        "mandal": "Mangalagiri",
        "village": "Mangalagiri",
        "doc_area_acres": 1.25,
        "gis_area_acres": 1.25,
        "area_delta_acres": 0,
        "status": "Synchronized",
        "classification": "Agricultural (Dry)",
        "is_demo_data": true,
        "discrepancy_note": null
      },
      "geometry": {
        "type": "Polygon",
        "coordinates": [
          [
            [
              80.579374,
              16.423292
            ],
            [
              80.581505,
              16.423028
            ],
            [
              80.581474,
              16.42505
            ],
            [
              80.579367,
              16.424977
            ],
            [
              80.579374,
              16.423292
            ]
          ]
        ]
      }
    },
    {
      "type": "Feature",
      "id": "PARCEL_121",
      "properties": {
        "parcel_id": "AP-GNT-0121",
        "survey_no": "124/1",
        "khata_no": "KH-1847",
        "pattadar_name": "Venkatesh Devi",
        "district": "Guntur",
        "mandal": "Mangalagiri",
        "village": "Atchampet",
        "doc_area_acres": 1.62,
        "gis_area_acres": 1.62,
        "area_delta_acres": 0,
        "status": "Synchronized",
        "classification": "Agricultural (Wet / Jirayati)",
        "is_demo_data": true,
        "discrepancy_note": null
      },
      "geometry": {
        "type": "Polygon",
        "coordinates": [
          [
            [
              80.581514,
              16.423009
            ],
            [
              80.58366,
              16.423157
            ],
            [
              80.583712,
              16.424826
            ],
            [
              80.581504,
              16.425021
            ],
            [
              80.581514,
              16.423009
            ]
          ]
        ]
      }
    },
    {
      "type": "Feature",
      "id": "PARCEL_122",
      "properties": {
        "parcel_id": "AP-GNT-0122",
        "survey_no": "124/2",
        "khata_no": "KH-1854",
        "pattadar_name": "Srinivasa Sharma",
        "district": "Guntur",
        "mandal": "Mangalagiri",
        "village": "Navuluru",
        "doc_area_acres": 1.99,
        "gis_area_acres": 1.99,
        "area_delta_acres": 0,
        "status": "Synchronized",
        "classification": "Agricultural (Wet / Jirayati)",
        "is_demo_data": true,
        "discrepancy_note": null
      },
      "geometry": {
        "type": "Polygon",
        "coordinates": [
          [
            [
              80.58402,
              16.423064
            ],
            [
              80.585808,
              16.42303
            ],
            [
              80.586013,
              16.424787
            ],
            [
              80.583945,
              16.424957
            ],
            [
              80.58402,
              16.423064
            ]
          ]
        ]
      }
    },
    {
      "type": "Feature",
      "id": "PARCEL_123",
      "properties": {
        "parcel_id": "AP-GNT-0123",
        "survey_no": "124/9",
        "khata_no": "KH-1861",
        "pattadar_name": "Lakshmi Varma",
        "district": "Guntur",
        "mandal": "Mangalagiri",
        "village": "Nidamarru",
        "doc_area_acres": 2.36,
        "gis_area_acres": 2.36,
        "area_delta_acres": 0,
        "status": "Synchronized",
        "classification": "Agricultural (Wet / Jirayati)",
        "is_demo_data": true,
        "discrepancy_note": null
      },
      "geometry": {
        "type": "Polygon",
        "coordinates": [
          [
            [
              80.586067,
              16.423262
            ],
            [
              80.588015,
              16.423243
            ],
            [
              80.588184,
              16.424808
            ],
            [
              80.586142,
              16.424855
            ],
            [
              80.586067,
              16.423262
            ]
          ]
        ]
      }
    },
    {
      "type": "Feature",
      "id": "PARCEL_124",
      "properties": {
        "parcel_id": "AP-GNT-0124",
        "survey_no": "124/4",
        "khata_no": "KH-1868",
        "pattadar_name": "Satyanarayana Kumar",
        "district": "Guntur",
        "mandal": "Mangalagiri",
        "village": "Kuragallu",
        "doc_area_acres": 2.73,
        "gis_area_acres": 2.73,
        "area_delta_acres": 0,
        "status": "Synchronized",
        "classification": "Agricultural (Dry)",
        "is_demo_data": true,
        "discrepancy_note": null
      },
      "geometry": {
        "type": "Polygon",
        "coordinates": [
          [
            [
              80.588188,
              16.423321
            ],
            [
              80.590465,
              16.423045
            ],
            [
              80.590472,
              16.424716
            ],
            [
              80.588165,
              16.424811
            ],
            [
              80.588188,
              16.423321
            ]
          ]
        ]
      }
    },
    {
      "type": "Feature",
      "id": "PARCEL_125",
      "properties": {
        "parcel_id": "AP-GNT-0125",
        "survey_no": "124/5",
        "khata_no": "KH-1875",
        "pattadar_name": "Subba Devi",
        "district": "Guntur",
        "mandal": "Mangalagiri",
        "village": "Yerrabalem",
        "doc_area_acres": 3.1,
        "gis_area_acres": 3.1,
        "area_delta_acres": 0,
        "status": "Synchronized",
        "classification": "Agricultural (Wet / Jirayati)",
        "is_demo_data": true,
        "discrepancy_note": null
      },
      "geometry": {
        "type": "Polygon",
        "coordinates": [
          [
            [
              80.59045,
              16.423104
            ],
            [
              80.592579,
              16.423095
            ],
            [
              80.59247,
              16.424768
            ],
            [
              80.590569,
              16.424844
            ],
            [
              80.59045,
              16.423104
            ]
          ]
        ]
      }
    },
    {
      "type": "Feature",
      "id": "PARCEL_126",
      "properties": {
        "parcel_id": "AP-GNT-0126",
        "survey_no": "125/1",
        "khata_no": "KH-1882",
        "pattadar_name": "Appa Sharma",
        "district": "Guntur",
        "mandal": "Mangalagiri",
        "village": "Mangalagiri",
        "doc_area_acres": 3.47,
        "gis_area_acres": 3.47,
        "area_delta_acres": 0,
        "status": "Synchronized",
        "classification": "Agricultural (Wet / Jirayati)",
        "is_demo_data": true,
        "discrepancy_note": null
      },
      "geometry": {
        "type": "Polygon",
        "coordinates": [
          [
            [
              80.537557,
              16.425053
            ],
            [
              80.539614,
              16.424963
            ],
            [
              80.539732,
              16.426762
            ],
            [
              80.537487,
              16.426621
            ],
            [
              80.537557,
              16.425053
            ]
          ]
        ]
      }
    },
    {
      "type": "Feature",
      "id": "PARCEL_127",
      "properties": {
        "parcel_id": "AP-GNT-0127",
        "survey_no": "125/2",
        "khata_no": "KH-1889",
        "pattadar_name": "Narayana Varma",
        "district": "Guntur",
        "mandal": "Mangalagiri",
        "village": "Atchampet",
        "doc_area_acres": 3.84,
        "gis_area_acres": 3.84,
        "area_delta_acres": 0,
        "status": "Synchronized",
        "classification": "Agricultural (Wet / Jirayati)",
        "is_demo_data": true,
        "discrepancy_note": null
      },
      "geometry": {
        "type": "Polygon",
        "coordinates": [
          [
            [
              80.539761,
              16.424853
            ],
            [
              80.541828,
              16.424847
            ],
            [
              80.541802,
              16.426691
            ],
            [
              80.539914,
              16.426772
            ],
            [
              80.539761,
              16.424853
            ]
          ]
        ]
      }
    },
    {
      "type": "Feature",
      "id": "PARCEL_128",
      "properties": {
        "parcel_id": "AP-GNT-0128",
        "survey_no": "125/3",
        "khata_no": "KH-1896",
        "pattadar_name": "Koteswara Kumar",
        "district": "Guntur",
        "mandal": "Mangalagiri",
        "village": "Navuluru",
        "doc_area_acres": 4.21,
        "gis_area_acres": 4.21,
        "area_delta_acres": 0,
        "status": "Synchronized",
        "classification": "Agricultural (Dry)",
        "is_demo_data": true,
        "discrepancy_note": null
      },
      "geometry": {
        "type": "Polygon",
        "coordinates": [
          [
            [
              80.54218,
              16.424979
            ],
            [
              80.544153,
              16.424913
            ],
            [
              80.544228,
              16.426559
            ],
            [
              80.542004,
              16.426716
            ],
            [
              80.54218,
              16.424979
            ]
          ]
        ]
      }
    },
    {
      "type": "Feature",
      "id": "PARCEL_129",
      "properties": {
        "parcel_id": "AP-GNT-0129",
        "survey_no": "125/4",
        "khata_no": "KH-1903",
        "pattadar_name": "Radha Devi",
        "district": "Guntur",
        "mandal": "Mangalagiri",
        "village": "Nidamarru",
        "doc_area_acres": 4.58,
        "gis_area_acres": 4.58,
        "area_delta_acres": 0,
        "status": "Synchronized",
        "classification": "Agricultural (Wet / Jirayati)",
        "is_demo_data": true,
        "discrepancy_note": null
      },
      "geometry": {
        "type": "Polygon",
        "coordinates": [
          [
            [
              80.544288,
              16.424982
            ],
            [
              80.546498,
              16.424867
            ],
            [
              80.546227,
              16.426794
            ],
            [
              80.544227,
              16.426621
            ],
            [
              80.544288,
              16.424982
            ]
          ]
        ]
      }
    },
    {
      "type": "Feature",
      "id": "PARCEL_130",
      "properties": {
        "parcel_id": "AP-GNT-0130",
        "survey_no": "125/5",
        "khata_no": "KH-1910",
        "pattadar_name": "Sujatha Sharma",
        "district": "Guntur",
        "mandal": "Mangalagiri",
        "village": "Kuragallu",
        "doc_area_acres": 0.95,
        "gis_area_acres": 0.95,
        "area_delta_acres": 0,
        "status": "Synchronized",
        "classification": "Agricultural (Wet / Jirayati)",
        "is_demo_data": true,
        "discrepancy_note": null
      },
      "geometry": {
        "type": "Polygon",
        "coordinates": [
          [
            [
              80.546627,
              16.425082
            ],
            [
              80.548643,
              16.42493
            ],
            [
              80.548473,
              16.426738
            ],
            [
              80.546467,
              16.426719
            ],
            [
              80.546627,
              16.425082
            ]
          ]
        ]
      }
    },
    {
      "type": "Feature",
      "id": "PARCEL_131",
      "properties": {
        "parcel_id": "AP-GNT-0131",
        "survey_no": "126/1",
        "khata_no": "KH-1917",
        "pattadar_name": "Ramana Varma",
        "district": "Guntur",
        "mandal": "Mangalagiri",
        "village": "Yerrabalem",
        "doc_area_acres": 1.32,
        "gis_area_acres": 1.32,
        "area_delta_acres": 0,
        "status": "Synchronized",
        "classification": "Agricultural (Wet / Jirayati)",
        "is_demo_data": true,
        "discrepancy_note": null
      },
      "geometry": {
        "type": "Polygon",
        "coordinates": [
          [
            [
              80.548754,
              16.424968
            ],
            [
              80.550783,
              16.424962
            ],
            [
              80.550691,
              16.426737
            ],
            [
              80.548672,
              16.426488
            ],
            [
              80.548754,
              16.424968
            ]
          ]
        ]
      }
    },
    {
      "type": "Feature",
      "id": "PARCEL_132",
      "properties": {
        "parcel_id": "AP-GNT-0132",
        "survey_no": "126/2",
        "khata_no": "KH-1924",
        "pattadar_name": "Govind Kumar",
        "district": "Guntur",
        "mandal": "Mangalagiri",
        "village": "Mangalagiri",
        "doc_area_acres": 1.69,
        "gis_area_acres": 1.69,
        "area_delta_acres": 0,
        "status": "Synchronized",
        "classification": "Agricultural (Dry)",
        "is_demo_data": true,
        "discrepancy_note": null
      },
      "geometry": {
        "type": "Polygon",
        "coordinates": [
          [
            [
              80.550694,
              16.425082
            ],
            [
              80.553064,
              16.424959
            ],
            [
              80.553004,
              16.42672
            ],
            [
              80.550735,
              16.426683
            ],
            [
              80.550694,
              16.425082
            ]
          ]
        ]
      }
    },
    {
      "type": "Feature",
      "id": "PARCEL_133",
      "properties": {
        "parcel_id": "AP-GNT-0133",
        "survey_no": "126/3",
        "khata_no": "KH-1931",
        "pattadar_name": "Krishna Devi",
        "district": "Guntur",
        "mandal": "Mangalagiri",
        "village": "Atchampet",
        "doc_area_acres": 2.06,
        "gis_area_acres": 2.06,
        "area_delta_acres": 0,
        "status": "Synchronized",
        "classification": "Agricultural (Wet / Jirayati)",
        "is_demo_data": true,
        "discrepancy_note": null
      },
      "geometry": {
        "type": "Polygon",
        "coordinates": [
          [
            [
              80.553051,
              16.425125
            ],
            [
              80.555234,
              16.425059
            ],
            [
              80.555049,
              16.426578
            ],
            [
              80.553177,
              16.426498
            ],
            [
              80.553051,
              16.425125
            ]
          ]
        ]
      }
    },
    {
      "type": "Feature",
      "id": "PARCEL_134",
      "properties": {
        "parcel_id": "AP-GNT-0134",
        "survey_no": "126/4",
        "khata_no": "KH-1938",
        "pattadar_name": "Mohan Sharma",
        "district": "Guntur",
        "mandal": "Mangalagiri",
        "village": "Navuluru",
        "doc_area_acres": 2.43,
        "gis_area_acres": 2.43,
        "area_delta_acres": 0,
        "status": "Synchronized",
        "classification": "Agricultural (Wet / Jirayati)",
        "is_demo_data": true,
        "discrepancy_note": null
      },
      "geometry": {
        "type": "Polygon",
        "coordinates": [
          [
            [
              80.555413,
              16.424857
            ],
            [
              80.557205,
              16.424907
            ],
            [
              80.557431,
              16.42662
            ],
            [
              80.555214,
              16.426606
            ],
            [
              80.555413,
              16.424857
            ]
          ]
        ]
      }
    },
    {
      "type": "Feature",
      "id": "PARCEL_135",
      "properties": {
        "parcel_id": "AP-GNT-0135",
        "survey_no": "126/5",
        "khata_no": "KH-1945",
        "pattadar_name": "Ravi Varma",
        "district": "Guntur",
        "mandal": "Mangalagiri",
        "village": "Nidamarru",
        "doc_area_acres": 2.8,
        "gis_area_acres": 2.8,
        "area_delta_acres": 0,
        "status": "Synchronized",
        "classification": "Agricultural (Wet / Jirayati)",
        "is_demo_data": true,
        "discrepancy_note": null
      },
      "geometry": {
        "type": "Polygon",
        "coordinates": [
          [
            [
              80.557547,
              16.424842
            ],
            [
              80.55973,
              16.424843
            ],
            [
              80.559427,
              16.426644
            ],
            [
              80.55755,
              16.426785
            ],
            [
              80.557547,
              16.424842
            ]
          ]
        ]
      }
    },
    {
      "type": "Feature",
      "id": "PARCEL_136",
      "properties": {
        "parcel_id": "AP-GNT-0136",
        "survey_no": "127/1",
        "khata_no": "KH-1952",
        "pattadar_name": "Venkatesh Kumar",
        "district": "Guntur",
        "mandal": "Mangalagiri",
        "village": "Kuragallu",
        "doc_area_acres": 3.17,
        "gis_area_acres": 3.17,
        "area_delta_acres": 0,
        "status": "Review Required",
        "classification": "Agricultural (Dry)",
        "is_demo_data": true,
        "discrepancy_note": null
      },
      "geometry": {
        "type": "Polygon",
        "coordinates": [
          [
            [
              80.559813,
              16.425101
            ],
            [
              80.561853,
              16.424929
            ],
            [
              80.561785,
              16.426769
            ],
            [
              80.559744,
              16.426526
            ],
            [
              80.559813,
              16.425101
            ]
          ]
        ]
      }
    },
    {
      "type": "Feature",
      "id": "PARCEL_137",
      "properties": {
        "parcel_id": "AP-GNT-0137",
        "survey_no": "127/2",
        "khata_no": "KH-1959",
        "pattadar_name": "Srinivasa Devi",
        "district": "Guntur",
        "mandal": "Mangalagiri",
        "village": "Yerrabalem",
        "doc_area_acres": 3.54,
        "gis_area_acres": 3.54,
        "area_delta_acres": 0,
        "status": "Synchronized",
        "classification": "Agricultural (Wet / Jirayati)",
        "is_demo_data": true,
        "discrepancy_note": null
      },
      "geometry": {
        "type": "Polygon",
        "coordinates": [
          [
            [
              80.561832,
              16.42492
            ],
            [
              80.564112,
              16.425003
            ],
            [
              80.563963,
              16.42652
            ],
            [
              80.561817,
              16.426575
            ],
            [
              80.561832,
              16.42492
            ]
          ]
        ]
      }
    },
    {
      "type": "Feature",
      "id": "PARCEL_138",
      "properties": {
        "parcel_id": "AP-GNT-0138",
        "survey_no": "127/3",
        "khata_no": "KH-1966",
        "pattadar_name": "Lakshmi Sharma",
        "district": "Guntur",
        "mandal": "Mangalagiri",
        "village": "Mangalagiri",
        "doc_area_acres": 3.91,
        "gis_area_acres": 3.91,
        "area_delta_acres": 0,
        "status": "Synchronized",
        "classification": "Agricultural (Wet / Jirayati)",
        "is_demo_data": true,
        "discrepancy_note": null
      },
      "geometry": {
        "type": "Polygon",
        "coordinates": [
          [
            [
              80.56389,
              16.424948
            ],
            [
              80.566334,
              16.424962
            ],
            [
              80.566186,
              16.426648
            ],
            [
              80.564204,
              16.426819
            ],
            [
              80.56389,
              16.424948
            ]
          ]
        ]
      }
    },
    {
      "type": "Feature",
      "id": "PARCEL_139",
      "properties": {
        "parcel_id": "AP-GNT-0139",
        "survey_no": "127/4",
        "khata_no": "KH-1973",
        "pattadar_name": "Satyanarayana Varma",
        "district": "Guntur",
        "mandal": "Mangalagiri",
        "village": "Atchampet",
        "doc_area_acres": 4.28,
        "gis_area_acres": 4.28,
        "area_delta_acres": 0,
        "status": "Synchronized",
        "classification": "Agricultural (Wet / Jirayati)",
        "is_demo_data": true,
        "discrepancy_note": null
      },
      "geometry": {
        "type": "Polygon",
        "coordinates": [
          [
            [
              80.566297,
              16.424869
            ],
            [
              80.568328,
              16.425165
            ],
            [
              80.568331,
              16.426819
            ],
            [
              80.566276,
              16.426568
            ],
            [
              80.566297,
              16.424869
            ]
          ]
        ]
      }
    },
    {
      "type": "Feature",
      "id": "PARCEL_140",
      "properties": {
        "parcel_id": "AP-GNT-0140",
        "survey_no": "127/5",
        "khata_no": "KH-1980",
        "pattadar_name": "Subba Kumar",
        "district": "Guntur",
        "mandal": "Mangalagiri",
        "village": "Navuluru",
        "doc_area_acres": 4.65,
        "gis_area_acres": 4.65,
        "area_delta_acres": 0,
        "status": "Synchronized",
        "classification": "Agricultural (Dry)",
        "is_demo_data": true,
        "discrepancy_note": null
      },
      "geometry": {
        "type": "Polygon",
        "coordinates": [
          [
            [
              80.568577,
              16.425068
            ],
            [
              80.570461,
              16.424879
            ],
            [
              80.57057,
              16.426662
            ],
            [
              80.568508,
              16.426521
            ],
            [
              80.568577,
              16.425068
            ]
          ]
        ]
      }
    },
    {
      "type": "Feature",
      "id": "PARCEL_141",
      "properties": {
        "parcel_id": "AP-GNT-0141",
        "survey_no": "128/1",
        "khata_no": "KH-1987",
        "pattadar_name": "Appa Devi",
        "district": "Guntur",
        "mandal": "Mangalagiri",
        "village": "Nidamarru",
        "doc_area_acres": 1.02,
        "gis_area_acres": 1.02,
        "area_delta_acres": 0,
        "status": "Synchronized",
        "classification": "Agricultural (Wet / Jirayati)",
        "is_demo_data": true,
        "discrepancy_note": null
      },
      "geometry": {
        "type": "Polygon",
        "coordinates": [
          [
            [
              80.570509,
              16.425109
            ],
            [
              80.572685,
              16.425006
            ],
            [
              80.572555,
              16.426776
            ],
            [
              80.570598,
              16.426785
            ],
            [
              80.570509,
              16.425109
            ]
          ]
        ]
      }
    },
    {
      "type": "Feature",
      "id": "PARCEL_142",
      "properties": {
        "parcel_id": "AP-GNT-0142",
        "survey_no": "128/2",
        "khata_no": "KH-1994",
        "pattadar_name": "Narayana Sharma",
        "district": "Guntur",
        "mandal": "Mangalagiri",
        "village": "Kuragallu",
        "doc_area_acres": 1.39,
        "gis_area_acres": 1.39,
        "area_delta_acres": 0,
        "status": "Synchronized",
        "classification": "Agricultural (Wet / Jirayati)",
        "is_demo_data": true,
        "discrepancy_note": null
      },
      "geometry": {
        "type": "Polygon",
        "coordinates": [
          [
            [
              80.572843,
              16.424816
            ],
            [
              80.57503,
              16.425088
            ],
            [
              80.574968,
              16.426643
            ],
            [
              80.573009,
              16.426647
            ],
            [
              80.572843,
              16.424816
            ]
          ]
        ]
      }
    },
    {
      "type": "Feature",
      "id": "PARCEL_143",
      "properties": {
        "parcel_id": "AP-GNT-0143",
        "survey_no": "128/3",
        "khata_no": "KH-2001",
        "pattadar_name": "Koteswara Varma",
        "district": "Guntur",
        "mandal": "Mangalagiri",
        "village": "Yerrabalem",
        "doc_area_acres": 1.76,
        "gis_area_acres": 1.76,
        "area_delta_acres": 0,
        "status": "Synchronized",
        "classification": "Agricultural (Wet / Jirayati)",
        "is_demo_data": true,
        "discrepancy_note": null
      },
      "geometry": {
        "type": "Polygon",
        "coordinates": [
          [
            [
              80.575147,
              16.425052
            ],
            [
              80.577175,
              16.424874
            ],
            [
              80.57723,
              16.42681
            ],
            [
              80.575179,
              16.42657
            ],
            [
              80.575147,
              16.425052
            ]
          ]
        ]
      }
    },
    {
      "type": "Feature",
      "id": "PARCEL_144",
      "properties": {
        "parcel_id": "AP-GNT-0144",
        "survey_no": "128/4",
        "khata_no": "KH-2008",
        "pattadar_name": "Radha Kumar",
        "district": "Guntur",
        "mandal": "Mangalagiri",
        "village": "Mangalagiri",
        "doc_area_acres": 2.13,
        "gis_area_acres": 2.13,
        "area_delta_acres": 0,
        "status": "Synchronized",
        "classification": "Agricultural (Dry)",
        "is_demo_data": true,
        "discrepancy_note": null
      },
      "geometry": {
        "type": "Polygon",
        "coordinates": [
          [
            [
              80.577416,
              16.425045
            ],
            [
              80.579403,
              16.425152
            ],
            [
              80.579178,
              16.426576
            ],
            [
              80.57742,
              16.426771
            ],
            [
              80.577416,
              16.425045
            ]
          ]
        ]
      }
    },
    {
      "type": "Feature",
      "id": "PARCEL_145",
      "properties": {
        "parcel_id": "AP-GNT-0145",
        "survey_no": "128/5",
        "khata_no": "KH-2015",
        "pattadar_name": "Sujatha Devi",
        "district": "Guntur",
        "mandal": "Mangalagiri",
        "village": "Atchampet",
        "doc_area_acres": 2.5,
        "gis_area_acres": 2.5,
        "area_delta_acres": 0,
        "status": "Synchronized",
        "classification": "Agricultural (Wet / Jirayati)",
        "is_demo_data": true,
        "discrepancy_note": null
      },
      "geometry": {
        "type": "Polygon",
        "coordinates": [
          [
            [
              80.579529,
              16.424861
            ],
            [
              80.581501,
              16.424873
            ],
            [
              80.581493,
              16.426808
            ],
            [
              80.579519,
              16.426545
            ],
            [
              80.579529,
              16.424861
            ]
          ]
        ]
      }
    },
    {
      "type": "Feature",
      "id": "PARCEL_146",
      "properties": {
        "parcel_id": "AP-GNT-0146",
        "survey_no": "129/1",
        "khata_no": "KH-2022",
        "pattadar_name": "Ramana Sharma",
        "district": "Guntur",
        "mandal": "Mangalagiri",
        "village": "Navuluru",
        "doc_area_acres": 2.87,
        "gis_area_acres": 2.87,
        "area_delta_acres": 0,
        "status": "Synchronized",
        "classification": "Agricultural (Wet / Jirayati)",
        "is_demo_data": true,
        "discrepancy_note": null
      },
      "geometry": {
        "type": "Polygon",
        "coordinates": [
          [
            [
              80.581628,
              16.424805
            ],
            [
              80.58363,
              16.424963
            ],
            [
              80.583799,
              16.426621
            ],
            [
              80.581756,
              16.426655
            ],
            [
              80.581628,
              16.424805
            ]
          ]
        ]
      }
    },
    {
      "type": "Feature",
      "id": "PARCEL_147",
      "properties": {
        "parcel_id": "AP-GNT-0147",
        "survey_no": "129/2",
        "khata_no": "KH-2029",
        "pattadar_name": "Govind Varma",
        "district": "Guntur",
        "mandal": "Mangalagiri",
        "village": "Nidamarru",
        "doc_area_acres": 3.24,
        "gis_area_acres": 3.24,
        "area_delta_acres": 0,
        "status": "Synchronized",
        "classification": "Agricultural (Wet / Jirayati)",
        "is_demo_data": true,
        "discrepancy_note": null
      },
      "geometry": {
        "type": "Polygon",
        "coordinates": [
          [
            [
              80.583968,
              16.424857
            ],
            [
              80.585797,
              16.42485
            ],
            [
              80.585757,
              16.426552
            ],
            [
              80.583718,
              16.426532
            ],
            [
              80.583968,
              16.424857
            ]
          ]
        ]
      }
    },
    {
      "type": "Feature",
      "id": "PARCEL_148",
      "properties": {
        "parcel_id": "AP-GNT-0148",
        "survey_no": "129/3",
        "khata_no": "KH-2036",
        "pattadar_name": "Krishna Kumar",
        "district": "Guntur",
        "mandal": "Mangalagiri",
        "village": "Kuragallu",
        "doc_area_acres": 3.61,
        "gis_area_acres": 3.61,
        "area_delta_acres": 0,
        "status": "Synchronized",
        "classification": "Agricultural (Dry)",
        "is_demo_data": true,
        "discrepancy_note": null
      },
      "geometry": {
        "type": "Polygon",
        "coordinates": [
          [
            [
              80.586066,
              16.424854
            ],
            [
              80.58822,
              16.425115
            ],
            [
              80.588036,
              16.42673
            ],
            [
              80.586169,
              16.426603
            ],
            [
              80.586066,
              16.424854
            ]
          ]
        ]
      }
    },
    {
      "type": "Feature",
      "id": "PARCEL_149",
      "properties": {
        "parcel_id": "AP-GNT-0149",
        "survey_no": "129/4",
        "khata_no": "KH-2043",
        "pattadar_name": "Mohan Devi",
        "district": "Guntur",
        "mandal": "Mangalagiri",
        "village": "Yerrabalem",
        "doc_area_acres": 3.98,
        "gis_area_acres": 3.98,
        "area_delta_acres": 0,
        "status": "Synchronized",
        "classification": "Agricultural (Wet / Jirayati)",
        "is_demo_data": true,
        "discrepancy_note": null
      },
      "geometry": {
        "type": "Polygon",
        "coordinates": [
          [
            [
              80.588219,
              16.425031
            ],
            [
              80.59046,
              16.425113
            ],
            [
              80.590432,
              16.42669
            ],
            [
              80.588234,
              16.426821
            ],
            [
              80.588219,
              16.425031
            ]
          ]
        ]
      }
    },
    {
      "type": "Feature",
      "id": "PARCEL_150",
      "properties": {
        "parcel_id": "AP-GNT-0150",
        "survey_no": "129/5",
        "khata_no": "KH-2050",
        "pattadar_name": "Ravi Sharma",
        "district": "Guntur",
        "mandal": "Mangalagiri",
        "village": "Mangalagiri",
        "doc_area_acres": 4.35,
        "gis_area_acres": 4.35,
        "area_delta_acres": 0,
        "status": "Synchronized",
        "classification": "Agricultural (Wet / Jirayati)",
        "is_demo_data": true,
        "discrepancy_note": null
      },
      "geometry": {
        "type": "Polygon",
        "coordinates": [
          [
            [
              80.590336,
              16.424897
            ],
            [
              80.592512,
              16.424889
            ],
            [
              80.592426,
              16.426585
            ],
            [
              80.590293,
              16.4265
            ],
            [
              80.590336,
              16.424897
            ]
          ]
        ]
      }
    },
    {
      "type": "Feature",
      "id": "PARCEL_151",
      "properties": {
        "parcel_id": "AP-GNT-0151",
        "survey_no": "130/1",
        "khata_no": "KH-2057",
        "pattadar_name": "Venkatesh Varma",
        "district": "Guntur",
        "mandal": "Mangalagiri",
        "village": "Atchampet",
        "doc_area_acres": 4.72,
        "gis_area_acres": 4.72,
        "area_delta_acres": 0,
        "status": "Synchronized",
        "classification": "Agricultural (Wet / Jirayati)",
        "is_demo_data": true,
        "discrepancy_note": null
      },
      "geometry": {
        "type": "Polygon",
        "coordinates": [
          [
            [
              80.537641,
              16.426857
            ],
            [
              80.539846,
              16.426751
            ],
            [
              80.53956,
              16.428443
            ],
            [
              80.53774,
              16.4285
            ],
            [
              80.537641,
              16.426857
            ]
          ]
        ]
      }
    },
    {
      "type": "Feature",
      "id": "PARCEL_152",
      "properties": {
        "parcel_id": "AP-GNT-0152",
        "survey_no": "130/2",
        "khata_no": "KH-2064",
        "pattadar_name": "Srinivasa Kumar",
        "district": "Guntur",
        "mandal": "Mangalagiri",
        "village": "Navuluru",
        "doc_area_acres": 1.09,
        "gis_area_acres": 1.09,
        "area_delta_acres": 0,
        "status": "Synchronized",
        "classification": "Agricultural (Dry)",
        "is_demo_data": true,
        "discrepancy_note": null
      },
      "geometry": {
        "type": "Polygon",
        "coordinates": [
          [
            [
              80.539867,
              16.426582
            ],
            [
              80.542108,
              16.426648
            ],
            [
              80.541972,
              16.428568
            ],
            [
              80.540028,
              16.428516
            ],
            [
              80.539867,
              16.426582
            ]
          ]
        ]
      }
    },
    {
      "type": "Feature",
      "id": "PARCEL_153",
      "properties": {
        "parcel_id": "AP-GNT-0153",
        "survey_no": "130/3",
        "khata_no": "KH-2071",
        "pattadar_name": "Lakshmi Devi",
        "district": "Guntur",
        "mandal": "Mangalagiri",
        "village": "Nidamarru",
        "doc_area_acres": 1.46,
        "gis_area_acres": 1.46,
        "area_delta_acres": 0,
        "status": "Review Required",
        "classification": "Agricultural (Wet / Jirayati)",
        "is_demo_data": true,
        "discrepancy_note": null
      },
      "geometry": {
        "type": "Polygon",
        "coordinates": [
          [
            [
              80.542043,
              16.426641
            ],
            [
              80.544086,
              16.42672
            ],
            [
              80.544201,
              16.428383
            ],
            [
              80.542104,
              16.428593
            ],
            [
              80.542043,
              16.426641
            ]
          ]
        ]
      }
    },
    {
      "type": "Feature",
      "id": "PARCEL_154",
      "properties": {
        "parcel_id": "AP-GNT-0154",
        "survey_no": "130/4",
        "khata_no": "KH-2078",
        "pattadar_name": "Satyanarayana Sharma",
        "district": "Guntur",
        "mandal": "Mangalagiri",
        "village": "Kuragallu",
        "doc_area_acres": 1.83,
        "gis_area_acres": 1.83,
        "area_delta_acres": 0,
        "status": "Synchronized",
        "classification": "Agricultural (Wet / Jirayati)",
        "is_demo_data": true,
        "discrepancy_note": null
      },
      "geometry": {
        "type": "Polygon",
        "coordinates": [
          [
            [
              80.544356,
              16.426674
            ],
            [
              80.546288,
              16.426896
            ],
            [
              80.546168,
              16.428383
            ],
            [
              80.544255,
              16.428456
            ],
            [
              80.544356,
              16.426674
            ]
          ]
        ]
      }
    },
    {
      "type": "Feature",
      "id": "PARCEL_155",
      "properties": {
        "parcel_id": "AP-GNT-0155",
        "survey_no": "130/5",
        "khata_no": "KH-2085",
        "pattadar_name": "Subba Varma",
        "district": "Guntur",
        "mandal": "Mangalagiri",
        "village": "Yerrabalem",
        "doc_area_acres": 2.2,
        "gis_area_acres": 2.2,
        "area_delta_acres": 0,
        "status": "Synchronized",
        "classification": "Agricultural (Wet / Jirayati)",
        "is_demo_data": true,
        "discrepancy_note": null
      },
      "geometry": {
        "type": "Polygon",
        "coordinates": [
          [
            [
              80.54653,
              16.426898
            ],
            [
              80.548555,
              16.426908
            ],
            [
              80.548566,
              16.428462
            ],
            [
              80.546594,
              16.428452
            ],
            [
              80.54653,
              16.426898
            ]
          ]
        ]
      }
    },
    {
      "type": "Feature",
      "id": "PARCEL_156",
      "properties": {
        "parcel_id": "AP-GNT-0156",
        "survey_no": "131/1",
        "khata_no": "KH-2092",
        "pattadar_name": "Appa Kumar",
        "district": "Guntur",
        "mandal": "Mangalagiri",
        "village": "Mangalagiri",
        "doc_area_acres": 2.57,
        "gis_area_acres": 2.57,
        "area_delta_acres": 0,
        "status": "Synchronized",
        "classification": "Agricultural (Dry)",
        "is_demo_data": true,
        "discrepancy_note": null
      },
      "geometry": {
        "type": "Polygon",
        "coordinates": [
          [
            [
              80.548789,
              16.426769
            ],
            [
              80.550644,
              16.426834
            ],
            [
              80.550618,
              16.428381
            ],
            [
              80.548666,
              16.428498
            ],
            [
              80.548789,
              16.426769
            ]
          ]
        ]
      }
    },
    {
      "type": "Feature",
      "id": "PARCEL_157",
      "properties": {
        "parcel_id": "AP-GNT-0157",
        "survey_no": "131/2",
        "khata_no": "KH-2099",
        "pattadar_name": "Narayana Devi",
        "district": "Guntur",
        "mandal": "Mangalagiri",
        "village": "Atchampet",
        "doc_area_acres": 2.94,
        "gis_area_acres": 2.94,
        "area_delta_acres": 0,
        "status": "Synchronized",
        "classification": "Agricultural (Wet / Jirayati)",
        "is_demo_data": true,
        "discrepancy_note": null
      },
      "geometry": {
        "type": "Polygon",
        "coordinates": [
          [
            [
              80.550997,
              16.42672
            ],
            [
              80.553103,
              16.426751
            ],
            [
              80.552899,
              16.42842
            ],
            [
              80.550883,
              16.428497
            ],
            [
              80.550997,
              16.42672
            ]
          ]
        ]
      }
    },
    {
      "type": "Feature",
      "id": "PARCEL_158",
      "properties": {
        "parcel_id": "AP-GNT-0158",
        "survey_no": "131/3",
        "khata_no": "KH-2106",
        "pattadar_name": "Koteswara Sharma",
        "district": "Guntur",
        "mandal": "Mangalagiri",
        "village": "Navuluru",
        "doc_area_acres": 3.31,
        "gis_area_acres": 3.31,
        "area_delta_acres": 0,
        "status": "Synchronized",
        "classification": "Agricultural (Wet / Jirayati)",
        "is_demo_data": true,
        "discrepancy_note": null
      },
      "geometry": {
        "type": "Polygon",
        "coordinates": [
          [
            [
              80.553095,
              16.426587
            ],
            [
              80.555126,
              16.426638
            ],
            [
              80.555208,
              16.428418
            ],
            [
              80.553035,
              16.428286
            ],
            [
              80.553095,
              16.426587
            ]
          ]
        ]
      }
    },
    {
      "type": "Feature",
      "id": "PARCEL_159",
      "properties": {
        "parcel_id": "AP-GNT-0159",
        "survey_no": "131/4",
        "khata_no": "KH-2113",
        "pattadar_name": "Radha Varma",
        "district": "Guntur",
        "mandal": "Mangalagiri",
        "village": "Nidamarru",
        "doc_area_acres": 3.68,
        "gis_area_acres": 3.68,
        "area_delta_acres": 0,
        "status": "Synchronized",
        "classification": "Agricultural (Wet / Jirayati)",
        "is_demo_data": true,
        "discrepancy_note": null
      },
      "geometry": {
        "type": "Polygon",
        "coordinates": [
          [
            [
              80.555174,
              16.426891
            ],
            [
              80.557376,
              16.426629
            ],
            [
              80.557388,
              16.428643
            ],
            [
              80.555307,
              16.428516
            ],
            [
              80.555174,
              16.426891
            ]
          ]
        ]
      }
    },
    {
      "type": "Feature",
      "id": "PARCEL_160",
      "properties": {
        "parcel_id": "AP-GNT-0160",
        "survey_no": "131/5",
        "khata_no": "KH-2120",
        "pattadar_name": "Sujatha Kumar",
        "district": "Guntur",
        "mandal": "Mangalagiri",
        "village": "Kuragallu",
        "doc_area_acres": 4.05,
        "gis_area_acres": 4.05,
        "area_delta_acres": 0,
        "status": "Synchronized",
        "classification": "Agricultural (Dry)",
        "is_demo_data": true,
        "discrepancy_note": null
      },
      "geometry": {
        "type": "Polygon",
        "coordinates": [
          [
            [
              80.55757,
              16.426626
            ],
            [
              80.559582,
              16.426949
            ],
            [
              80.559589,
              16.428624
            ],
            [
              80.557474,
              16.42849
            ],
            [
              80.55757,
              16.426626
            ]
          ]
        ]
      }
    },
    {
      "type": "Feature",
      "id": "PARCEL_161",
      "properties": {
        "parcel_id": "AP-GNT-0161",
        "survey_no": "132/1",
        "khata_no": "KH-2127",
        "pattadar_name": "Ramana Devi",
        "district": "Guntur",
        "mandal": "Mangalagiri",
        "village": "Yerrabalem",
        "doc_area_acres": 4.42,
        "gis_area_acres": 4.42,
        "area_delta_acres": 0,
        "status": "Synchronized",
        "classification": "Agricultural (Wet / Jirayati)",
        "is_demo_data": true,
        "discrepancy_note": null
      },
      "geometry": {
        "type": "Polygon",
        "coordinates": [
          [
            [
              80.559708,
              16.426733
            ],
            [
              80.561934,
              16.426756
            ],
            [
              80.561563,
              16.428364
            ],
            [
              80.559767,
              16.428405
            ],
            [
              80.559708,
              16.426733
            ]
          ]
        ]
      }
    },
    {
      "type": "Feature",
      "id": "PARCEL_162",
      "properties": {
        "parcel_id": "AP-GNT-0162",
        "survey_no": "132/2",
        "khata_no": "KH-2134",
        "pattadar_name": "Govind Sharma",
        "district": "Guntur",
        "mandal": "Mangalagiri",
        "village": "Mangalagiri",
        "doc_area_acres": 4.79,
        "gis_area_acres": 4.79,
        "area_delta_acres": 0,
        "status": "Synchronized",
        "classification": "Agricultural (Wet / Jirayati)",
        "is_demo_data": true,
        "discrepancy_note": null
      },
      "geometry": {
        "type": "Polygon",
        "coordinates": [
          [
            [
              80.561908,
              16.426814
            ],
            [
              80.563953,
              16.426662
            ],
            [
              80.563957,
              16.428636
            ],
            [
              80.56187,
              16.428473
            ],
            [
              80.561908,
              16.426814
            ]
          ]
        ]
      }
    },
    {
      "type": "Feature",
      "id": "PARCEL_163",
      "properties": {
        "parcel_id": "AP-GNT-0163",
        "survey_no": "132/3",
        "khata_no": "KH-2141",
        "pattadar_name": "Krishna Varma",
        "district": "Guntur",
        "mandal": "Mangalagiri",
        "village": "Atchampet",
        "doc_area_acres": 1.16,
        "gis_area_acres": 1.16,
        "area_delta_acres": 0,
        "status": "Synchronized",
        "classification": "Agricultural (Wet / Jirayati)",
        "is_demo_data": true,
        "discrepancy_note": null
      },
      "geometry": {
        "type": "Polygon",
        "coordinates": [
          [
            [
              80.564085,
              16.426804
            ],
            [
              80.566252,
              16.426678
            ],
            [
              80.566189,
              16.428395
            ],
            [
              80.564074,
              16.428538
            ],
            [
              80.564085,
              16.426804
            ]
          ]
        ]
      }
    },
    {
      "type": "Feature",
      "id": "PARCEL_164",
      "properties": {
        "parcel_id": "AP-GNT-0164",
        "survey_no": "132/4",
        "khata_no": "KH-2148",
        "pattadar_name": "Mohan Kumar",
        "district": "Guntur",
        "mandal": "Mangalagiri",
        "village": "Navuluru",
        "doc_area_acres": 1.53,
        "gis_area_acres": 1.53,
        "area_delta_acres": 0,
        "status": "Synchronized",
        "classification": "Agricultural (Dry)",
        "is_demo_data": true,
        "discrepancy_note": null
      },
      "geometry": {
        "type": "Polygon",
        "coordinates": [
          [
            [
              80.566236,
              16.426784
            ],
            [
              80.568299,
              16.426951
            ],
            [
              80.568367,
              16.428625
            ],
            [
              80.56621,
              16.428464
            ],
            [
              80.566236,
              16.426784
            ]
          ]
        ]
      }
    },
    {
      "type": "Feature",
      "id": "PARCEL_165",
      "properties": {
        "parcel_id": "AP-GNT-0165",
        "survey_no": "132/5",
        "khata_no": "KH-2155",
        "pattadar_name": "Ravi Devi",
        "district": "Guntur",
        "mandal": "Mangalagiri",
        "village": "Nidamarru",
        "doc_area_acres": 1.9,
        "gis_area_acres": 1.9,
        "area_delta_acres": 0,
        "status": "Synchronized",
        "classification": "Agricultural (Wet / Jirayati)",
        "is_demo_data": true,
        "discrepancy_note": null
      },
      "geometry": {
        "type": "Polygon",
        "coordinates": [
          [
            [
              80.568401,
              16.426705
            ],
            [
              80.57061,
              16.42675
            ],
            [
              80.570523,
              16.428503
            ],
            [
              80.568412,
              16.428405
            ],
            [
              80.568401,
              16.426705
            ]
          ]
        ]
      }
    },
    {
      "type": "Feature",
      "id": "PARCEL_166",
      "properties": {
        "parcel_id": "AP-GNT-0166",
        "survey_no": "133/1",
        "khata_no": "KH-2162",
        "pattadar_name": "Venkatesh Sharma",
        "district": "Guntur",
        "mandal": "Mangalagiri",
        "village": "Kuragallu",
        "doc_area_acres": 2.27,
        "gis_area_acres": 2.27,
        "area_delta_acres": 0,
        "status": "Synchronized",
        "classification": "Agricultural (Wet / Jirayati)",
        "is_demo_data": true,
        "discrepancy_note": null
      },
      "geometry": {
        "type": "Polygon",
        "coordinates": [
          [
            [
              80.570709,
              16.426857
            ],
            [
              80.572717,
              16.426891
            ],
            [
              80.572686,
              16.428366
            ],
            [
              80.570631,
              16.428452
            ],
            [
              80.570709,
              16.426857
            ]
          ]
        ]
      }
    },
    {
      "type": "Feature",
      "id": "PARCEL_167",
      "properties": {
        "parcel_id": "AP-GNT-0167",
        "survey_no": "133/2",
        "khata_no": "KH-2169",
        "pattadar_name": "Srinivasa Varma",
        "district": "Guntur",
        "mandal": "Mangalagiri",
        "village": "Yerrabalem",
        "doc_area_acres": 2.64,
        "gis_area_acres": 2.64,
        "area_delta_acres": 0,
        "status": "Synchronized",
        "classification": "Agricultural (Wet / Jirayati)",
        "is_demo_data": true,
        "discrepancy_note": null
      },
      "geometry": {
        "type": "Polygon",
        "coordinates": [
          [
            [
              80.572863,
              16.426622
            ],
            [
              80.575042,
              16.426931
            ],
            [
              80.575057,
              16.428483
            ],
            [
              80.572923,
              16.4285
            ],
            [
              80.572863,
              16.426622
            ]
          ]
        ]
      }
    },
    {
      "type": "Feature",
      "id": "PARCEL_168",
      "properties": {
        "parcel_id": "AP-GNT-0168",
        "survey_no": "133/3",
        "khata_no": "KH-2176",
        "pattadar_name": "Lakshmi Kumar",
        "district": "Guntur",
        "mandal": "Mangalagiri",
        "village": "Mangalagiri",
        "doc_area_acres": 3.01,
        "gis_area_acres": 3.01,
        "area_delta_acres": 0,
        "status": "Synchronized",
        "classification": "Agricultural (Dry)",
        "is_demo_data": true,
        "discrepancy_note": null
      },
      "geometry": {
        "type": "Polygon",
        "coordinates": [
          [
            [
              80.575139,
              16.426695
            ],
            [
              80.577047,
              16.42672
            ],
            [
              80.577207,
              16.428475
            ],
            [
              80.575054,
              16.428418
            ],
            [
              80.575139,
              16.426695
            ]
          ]
        ]
      }
    },
    {
      "type": "Feature",
      "id": "PARCEL_169",
      "properties": {
        "parcel_id": "AP-GNT-0169",
        "survey_no": "133/4",
        "khata_no": "KH-2183",
        "pattadar_name": "Satyanarayana Devi",
        "district": "Guntur",
        "mandal": "Mangalagiri",
        "village": "Atchampet",
        "doc_area_acres": 3.38,
        "gis_area_acres": 3.38,
        "area_delta_acres": 0,
        "status": "Synchronized",
        "classification": "Agricultural (Wet / Jirayati)",
        "is_demo_data": true,
        "discrepancy_note": null
      },
      "geometry": {
        "type": "Polygon",
        "coordinates": [
          [
            [
              80.577322,
              16.426789
            ],
            [
              80.579282,
              16.42685
            ],
            [
              80.579386,
              16.428634
            ],
            [
              80.577251,
              16.428537
            ],
            [
              80.577322,
              16.426789
            ]
          ]
        ]
      }
    },
    {
      "type": "Feature",
      "id": "PARCEL_170",
      "properties": {
        "parcel_id": "AP-GNT-0170",
        "survey_no": "133/5",
        "khata_no": "KH-2190",
        "pattadar_name": "Subba Sharma",
        "district": "Guntur",
        "mandal": "Mangalagiri",
        "village": "Navuluru",
        "doc_area_acres": 3.75,
        "gis_area_acres": 3.75,
        "area_delta_acres": 0,
        "status": "Review Required",
        "classification": "Agricultural (Wet / Jirayati)",
        "is_demo_data": true,
        "discrepancy_note": null
      },
      "geometry": {
        "type": "Polygon",
        "coordinates": [
          [
            [
              80.579386,
              16.42689
            ],
            [
              80.581436,
              16.426732
            ],
            [
              80.581453,
              16.428321
            ],
            [
              80.579574,
              16.428445
            ],
            [
              80.579386,
              16.42689
            ]
          ]
        ]
      }
    },
    {
      "type": "Feature",
      "id": "PARCEL_171",
      "properties": {
        "parcel_id": "AP-GNT-0171",
        "survey_no": "134/1",
        "khata_no": "KH-2197",
        "pattadar_name": "Appa Varma",
        "district": "Guntur",
        "mandal": "Mangalagiri",
        "village": "Nidamarru",
        "doc_area_acres": 4.12,
        "gis_area_acres": 4.12,
        "area_delta_acres": 0,
        "status": "Synchronized",
        "classification": "Agricultural (Wet / Jirayati)",
        "is_demo_data": true,
        "discrepancy_note": null
      },
      "geometry": {
        "type": "Polygon",
        "coordinates": [
          [
            [
              80.581666,
              16.42666
            ],
            [
              80.583755,
              16.426893
            ],
            [
              80.583695,
              16.428343
            ],
            [
              80.581652,
              16.428301
            ],
            [
              80.581666,
              16.42666
            ]
          ]
        ]
      }
    },
    {
      "type": "Feature",
      "id": "PARCEL_172",
      "properties": {
        "parcel_id": "AP-GNT-0172",
        "survey_no": "134/2",
        "khata_no": "KH-2204",
        "pattadar_name": "Narayana Kumar",
        "district": "Guntur",
        "mandal": "Mangalagiri",
        "village": "Kuragallu",
        "doc_area_acres": 4.49,
        "gis_area_acres": 4.49,
        "area_delta_acres": 0,
        "status": "Synchronized",
        "classification": "Agricultural (Dry)",
        "is_demo_data": true,
        "discrepancy_note": null
      },
      "geometry": {
        "type": "Polygon",
        "coordinates": [
          [
            [
              80.583806,
              16.426584
            ],
            [
              80.585799,
              16.42683
            ],
            [
              80.58609,
              16.428447
            ],
            [
              80.583946,
              16.428327
            ],
            [
              80.583806,
              16.426584
            ]
          ]
        ]
      }
    },
    {
      "type": "Feature",
      "id": "PARCEL_173",
      "properties": {
        "parcel_id": "AP-GNT-0173",
        "survey_no": "134/3",
        "khata_no": "KH-2211",
        "pattadar_name": "Koteswara Devi",
        "district": "Guntur",
        "mandal": "Mangalagiri",
        "village": "Yerrabalem",
        "doc_area_acres": 0.86,
        "gis_area_acres": 0.86,
        "area_delta_acres": 0,
        "status": "Synchronized",
        "classification": "Agricultural (Wet / Jirayati)",
        "is_demo_data": true,
        "discrepancy_note": null
      },
      "geometry": {
        "type": "Polygon",
        "coordinates": [
          [
            [
              80.586021,
              16.42687
            ],
            [
              80.588292,
              16.426853
            ],
            [
              80.587952,
              16.428476
            ],
            [
              80.586174,
              16.428503
            ],
            [
              80.586021,
              16.42687
            ]
          ]
        ]
      }
    },
    {
      "type": "Feature",
      "id": "PARCEL_174",
      "properties": {
        "parcel_id": "AP-GNT-0174",
        "survey_no": "134/4",
        "khata_no": "KH-2218",
        "pattadar_name": "Radha Sharma",
        "district": "Guntur",
        "mandal": "Mangalagiri",
        "village": "Mangalagiri",
        "doc_area_acres": 1.23,
        "gis_area_acres": 1.23,
        "area_delta_acres": 0,
        "status": "Synchronized",
        "classification": "Agricultural (Wet / Jirayati)",
        "is_demo_data": true,
        "discrepancy_note": null
      },
      "geometry": {
        "type": "Polygon",
        "coordinates": [
          [
            [
              80.58818,
              16.42689
            ],
            [
              80.59032,
              16.42673
            ],
            [
              80.590345,
              16.428433
            ],
            [
              80.588242,
              16.428485
            ],
            [
              80.58818,
              16.42689
            ]
          ]
        ]
      }
    },
    {
      "type": "Feature",
      "id": "PARCEL_175",
      "properties": {
        "parcel_id": "AP-GNT-0175",
        "survey_no": "134/5",
        "khata_no": "KH-2225",
        "pattadar_name": "Sujatha Varma",
        "district": "Guntur",
        "mandal": "Mangalagiri",
        "village": "Atchampet",
        "doc_area_acres": 1.6,
        "gis_area_acres": 1.6,
        "area_delta_acres": 0,
        "status": "Synchronized",
        "classification": "Agricultural (Wet / Jirayati)",
        "is_demo_data": true,
        "discrepancy_note": null
      },
      "geometry": {
        "type": "Polygon",
        "coordinates": [
          [
            [
              80.590373,
              16.42675
            ],
            [
              80.592589,
              16.426768
            ],
            [
              80.592575,
              16.428568
            ],
            [
              80.590596,
              16.428566
            ],
            [
              80.590373,
              16.42675
            ]
          ]
        ]
      }
    },
    {
      "type": "Feature",
      "id": "PARCEL_176",
      "properties": {
        "parcel_id": "AP-GNT-0176",
        "survey_no": "135/1",
        "khata_no": "KH-2232",
        "pattadar_name": "Ramana Kumar",
        "district": "Guntur",
        "mandal": "Mangalagiri",
        "village": "Navuluru",
        "doc_area_acres": 1.97,
        "gis_area_acres": 1.97,
        "area_delta_acres": 0,
        "status": "Synchronized",
        "classification": "Agricultural (Dry)",
        "is_demo_data": true,
        "discrepancy_note": null
      },
      "geometry": {
        "type": "Polygon",
        "coordinates": [
          [
            [
              80.537645,
              16.428632
            ],
            [
              80.539813,
              16.428545
            ],
            [
              80.539589,
              16.430167
            ],
            [
              80.53749,
              16.430393
            ],
            [
              80.537645,
              16.428632
            ]
          ]
        ]
      }
    },
    {
      "type": "Feature",
      "id": "PARCEL_177",
      "properties": {
        "parcel_id": "AP-GNT-0177",
        "survey_no": "135/2",
        "khata_no": "KH-2239",
        "pattadar_name": "Govind Devi",
        "district": "Guntur",
        "mandal": "Mangalagiri",
        "village": "Nidamarru",
        "doc_area_acres": 2.34,
        "gis_area_acres": 2.34,
        "area_delta_acres": 0,
        "status": "Synchronized",
        "classification": "Agricultural (Wet / Jirayati)",
        "is_demo_data": true,
        "discrepancy_note": null
      },
      "geometry": {
        "type": "Polygon",
        "coordinates": [
          [
            [
              80.539929,
              16.428517
            ],
            [
              80.541925,
              16.428595
            ],
            [
              80.54187,
              16.430249
            ],
            [
              80.539727,
              16.430195
            ],
            [
              80.539929,
              16.428517
            ]
          ]
        ]
      }
    },
    {
      "type": "Feature",
      "id": "PARCEL_178",
      "properties": {
        "parcel_id": "AP-GNT-0178",
        "survey_no": "135/3",
        "khata_no": "KH-2246",
        "pattadar_name": "Krishna Sharma",
        "district": "Guntur",
        "mandal": "Mangalagiri",
        "village": "Kuragallu",
        "doc_area_acres": 2.71,
        "gis_area_acres": 2.71,
        "area_delta_acres": 0,
        "status": "Synchronized",
        "classification": "Agricultural (Wet / Jirayati)",
        "is_demo_data": true,
        "discrepancy_note": null
      },
      "geometry": {
        "type": "Polygon",
        "coordinates": [
          [
            [
              80.541894,
              16.42845
            ],
            [
              80.543992,
              16.428499
            ],
            [
              80.544099,
              16.430424
            ],
            [
              80.542052,
              16.430216
            ],
            [
              80.541894,
              16.42845
            ]
          ]
        ]
      }
    },
    {
      "type": "Feature",
      "id": "PARCEL_179",
      "properties": {
        "parcel_id": "AP-GNT-0179",
        "survey_no": "135/4",
        "khata_no": "KH-2253",
        "pattadar_name": "Mohan Varma",
        "district": "Guntur",
        "mandal": "Mangalagiri",
        "village": "Yerrabalem",
        "doc_area_acres": 3.08,
        "gis_area_acres": 3.08,
        "area_delta_acres": 0,
        "status": "Synchronized",
        "classification": "Agricultural (Wet / Jirayati)",
        "is_demo_data": true,
        "discrepancy_note": null
      },
      "geometry": {
        "type": "Polygon",
        "coordinates": [
          [
            [
              80.544286,
              16.428679
            ],
            [
              80.54652,
              16.428422
            ],
            [
              80.546384,
              16.430259
            ],
            [
              80.544229,
              16.430168
            ],
            [
              80.544286,
              16.428679
            ]
          ]
        ]
      }
    },
    {
      "type": "Feature",
      "id": "PARCEL_180",
      "properties": {
        "parcel_id": "AP-GNT-0180",
        "survey_no": "135/5",
        "khata_no": "KH-2260",
        "pattadar_name": "Ravi Kumar",
        "district": "Guntur",
        "mandal": "Mangalagiri",
        "village": "Mangalagiri",
        "doc_area_acres": 3.45,
        "gis_area_acres": 3.45,
        "area_delta_acres": 0,
        "status": "Synchronized",
        "classification": "Agricultural (Dry)",
        "is_demo_data": true,
        "discrepancy_note": null
      },
      "geometry": {
        "type": "Polygon",
        "coordinates": [
          [
            [
              80.546622,
              16.428646
            ],
            [
              80.548417,
              16.428484
            ],
            [
              80.548635,
              16.430136
            ],
            [
              80.546331,
              16.430178
            ],
            [
              80.546622,
              16.428646
            ]
          ]
        ]
      }
    },
    {
      "type": "Feature",
      "id": "PARCEL_181",
      "properties": {
        "parcel_id": "AP-GNT-0181",
        "survey_no": "136/1",
        "khata_no": "KH-2267",
        "pattadar_name": "Venkatesh Devi",
        "district": "Guntur",
        "mandal": "Mangalagiri",
        "village": "Atchampet",
        "doc_area_acres": 3.82,
        "gis_area_acres": 3.82,
        "area_delta_acres": 0,
        "status": "Synchronized",
        "classification": "Agricultural (Wet / Jirayati)",
        "is_demo_data": true,
        "discrepancy_note": null
      },
      "geometry": {
        "type": "Polygon",
        "coordinates": [
          [
            [
              80.54848,
              16.428649
            ],
            [
              80.55063,
              16.428488
            ],
            [
              80.5506,
              16.430204
            ],
            [
              80.548682,
              16.430303
            ],
            [
              80.54848,
              16.428649
            ]
          ]
        ]
      }
    },
    {
      "type": "Feature",
      "id": "PARCEL_182",
      "properties": {
        "parcel_id": "AP-GNT-0182",
        "survey_no": "136/2",
        "khata_no": "KH-2274",
        "pattadar_name": "Srinivasa Sharma",
        "district": "Guntur",
        "mandal": "Mangalagiri",
        "village": "Navuluru",
        "doc_area_acres": 4.19,
        "gis_area_acres": 4.19,
        "area_delta_acres": 0,
        "status": "Synchronized",
        "classification": "Agricultural (Wet / Jirayati)",
        "is_demo_data": true,
        "discrepancy_note": null
      },
      "geometry": {
        "type": "Polygon",
        "coordinates": [
          [
            [
              80.55087,
              16.428409
            ],
            [
              80.55307,
              16.428695
            ],
            [
              80.552823,
              16.430434
            ],
            [
              80.550759,
              16.4302
            ],
            [
              80.55087,
              16.428409
            ]
          ]
        ]
      }
    },
    {
      "type": "Feature",
      "id": "PARCEL_183",
      "properties": {
        "parcel_id": "AP-GNT-0183",
        "survey_no": "136/3",
        "khata_no": "KH-2281",
        "pattadar_name": "Lakshmi Varma",
        "district": "Guntur",
        "mandal": "Mangalagiri",
        "village": "Nidamarru",
        "doc_area_acres": 4.56,
        "gis_area_acres": 4.56,
        "area_delta_acres": 0,
        "status": "Synchronized",
        "classification": "Agricultural (Wet / Jirayati)",
        "is_demo_data": true,
        "discrepancy_note": null
      },
      "geometry": {
        "type": "Polygon",
        "coordinates": [
          [
            [
              80.553179,
              16.428391
            ],
            [
              80.555074,
              16.428713
            ],
            [
              80.555174,
              16.430139
            ],
            [
              80.552996,
              16.430403
            ],
            [
              80.553179,
              16.428391
            ]
          ]
        ]
      }
    },
    {
      "type": "Feature",
      "id": "PARCEL_184",
      "properties": {
        "parcel_id": "AP-GNT-0184",
        "survey_no": "136/4",
        "khata_no": "KH-2288",
        "pattadar_name": "Satyanarayana Kumar",
        "district": "Guntur",
        "mandal": "Mangalagiri",
        "village": "Kuragallu",
        "doc_area_acres": 0.93,
        "gis_area_acres": 0.93,
        "area_delta_acres": 0,
        "status": "Synchronized",
        "classification": "Agricultural (Dry)",
        "is_demo_data": true,
        "discrepancy_note": null
      },
      "geometry": {
        "type": "Polygon",
        "coordinates": [
          [
            [
              80.555241,
              16.428507
            ],
            [
              80.557254,
              16.428713
            ],
            [
              80.557383,
              16.43042
            ],
            [
              80.555161,
              16.43017
            ],
            [
              80.555241,
              16.428507
            ]
          ]
        ]
      }
    },
    {
      "type": "Feature",
      "id": "PARCEL_185",
      "properties": {
        "parcel_id": "AP-GNT-0185",
        "survey_no": "136/5",
        "khata_no": "KH-2295",
        "pattadar_name": "Subba Devi",
        "district": "Guntur",
        "mandal": "Mangalagiri",
        "village": "Yerrabalem",
        "doc_area_acres": 1.3,
        "gis_area_acres": 1.3,
        "area_delta_acres": 0,
        "status": "Synchronized",
        "classification": "Agricultural (Wet / Jirayati)",
        "is_demo_data": true,
        "discrepancy_note": null
      },
      "geometry": {
        "type": "Polygon",
        "coordinates": [
          [
            [
              80.557579,
              16.42843
            ],
            [
              80.559502,
              16.428726
            ],
            [
              80.559552,
              16.430235
            ],
            [
              80.557333,
              16.430322
            ],
            [
              80.557579,
              16.42843
            ]
          ]
        ]
      }
    },
    {
      "type": "Feature",
      "id": "PARCEL_186",
      "properties": {
        "parcel_id": "AP-GNT-0186",
        "survey_no": "137/1",
        "khata_no": "KH-2302",
        "pattadar_name": "Appa Sharma",
        "district": "Guntur",
        "mandal": "Mangalagiri",
        "village": "Mangalagiri",
        "doc_area_acres": 1.67,
        "gis_area_acres": 1.67,
        "area_delta_acres": 0,
        "status": "Synchronized",
        "classification": "Agricultural (Wet / Jirayati)",
        "is_demo_data": true,
        "discrepancy_note": null
      },
      "geometry": {
        "type": "Polygon",
        "coordinates": [
          [
            [
              80.559801,
              16.428704
            ],
            [
              80.561832,
              16.428759
            ],
            [
              80.561817,
              16.430366
            ],
            [
              80.559658,
              16.430236
            ],
            [
              80.559801,
              16.428704
            ]
          ]
        ]
      }
    },
    {
      "type": "Feature",
      "id": "PARCEL_187",
      "properties": {
        "parcel_id": "AP-GNT-0187",
        "survey_no": "137/2",
        "khata_no": "KH-2309",
        "pattadar_name": "Narayana Varma",
        "district": "Guntur",
        "mandal": "Mangalagiri",
        "village": "Atchampet",
        "doc_area_acres": 2.04,
        "gis_area_acres": 2.04,
        "area_delta_acres": 0,
        "status": "Review Required",
        "classification": "Agricultural (Wet / Jirayati)",
        "is_demo_data": true,
        "discrepancy_note": null
      },
      "geometry": {
        "type": "Polygon",
        "coordinates": [
          [
            [
              80.561789,
              16.428426
            ],
            [
              80.564129,
              16.428518
            ],
            [
              80.563807,
              16.430449
            ],
            [
              80.561995,
              16.43017
            ],
            [
              80.561789,
              16.428426
            ]
          ]
        ]
      }
    },
    {
      "type": "Feature",
      "id": "PARCEL_188",
      "properties": {
        "parcel_id": "AP-GNT-0188",
        "survey_no": "137/3",
        "khata_no": "KH-2316",
        "pattadar_name": "Koteswara Kumar",
        "district": "Guntur",
        "mandal": "Mangalagiri",
        "village": "Navuluru",
        "doc_area_acres": 2.41,
        "gis_area_acres": 2.41,
        "area_delta_acres": 0,
        "status": "Synchronized",
        "classification": "Agricultural (Dry)",
        "is_demo_data": true,
        "discrepancy_note": null
      },
      "geometry": {
        "type": "Polygon",
        "coordinates": [
          [
            [
              80.564073,
              16.428606
            ],
            [
              80.566049,
              16.428505
            ],
            [
              80.565963,
              16.430128
            ],
            [
              80.563978,
              16.430362
            ],
            [
              80.564073,
              16.428606
            ]
          ]
        ]
      }
    },
    {
      "type": "Feature",
      "id": "PARCEL_189",
      "properties": {
        "parcel_id": "AP-GNT-0189",
        "survey_no": "137/4",
        "khata_no": "KH-2323",
        "pattadar_name": "Radha Devi",
        "district": "Guntur",
        "mandal": "Mangalagiri",
        "village": "Nidamarru",
        "doc_area_acres": 2.78,
        "gis_area_acres": 2.78,
        "area_delta_acres": 0,
        "status": "Synchronized",
        "classification": "Agricultural (Wet / Jirayati)",
        "is_demo_data": true,
        "discrepancy_note": null
      },
      "geometry": {
        "type": "Polygon",
        "coordinates": [
          [
            [
              80.566331,
              16.428455
            ],
            [
              80.568219,
              16.428608
            ],
            [
              80.568213,
              16.430149
            ],
            [
              80.566203,
              16.43009
            ],
            [
              80.566331,
              16.428455
            ]
          ]
        ]
      }
    },
    {
      "type": "Feature",
      "id": "PARCEL_190",
      "properties": {
        "parcel_id": "AP-GNT-0190",
        "survey_no": "137/5",
        "khata_no": "KH-2330",
        "pattadar_name": "Sujatha Sharma",
        "district": "Guntur",
        "mandal": "Mangalagiri",
        "village": "Kuragallu",
        "doc_area_acres": 3.15,
        "gis_area_acres": 3.15,
        "area_delta_acres": 0,
        "status": "Synchronized",
        "classification": "Agricultural (Wet / Jirayati)",
        "is_demo_data": true,
        "discrepancy_note": null
      },
      "geometry": {
        "type": "Polygon",
        "coordinates": [
          [
            [
              80.568378,
              16.428671
            ],
            [
              80.570412,
              16.428482
            ],
            [
              80.570687,
              16.43026
            ],
            [
              80.568624,
              16.430243
            ],
            [
              80.568378,
              16.428671
            ]
          ]
        ]
      }
    },
    {
      "type": "Feature",
      "id": "PARCEL_191",
      "properties": {
        "parcel_id": "AP-GNT-0191",
        "survey_no": "138/1",
        "khata_no": "KH-2337",
        "pattadar_name": "Ramana Varma",
        "district": "Guntur",
        "mandal": "Mangalagiri",
        "village": "Yerrabalem",
        "doc_area_acres": 3.52,
        "gis_area_acres": 3.52,
        "area_delta_acres": 0,
        "status": "Synchronized",
        "classification": "Agricultural (Wet / Jirayati)",
        "is_demo_data": true,
        "discrepancy_note": null
      },
      "geometry": {
        "type": "Polygon",
        "coordinates": [
          [
            [
              80.570829,
              16.428451
            ],
            [
              80.572917,
              16.428576
            ],
            [
              80.572826,
              16.430196
            ],
            [
              80.570692,
              16.430373
            ],
            [
              80.570829,
              16.428451
            ]
          ]
        ]
      }
    },
    {
      "type": "Feature",
      "id": "PARCEL_192",
      "properties": {
        "parcel_id": "AP-GNT-0192",
        "survey_no": "138/2",
        "khata_no": "KH-2344",
        "pattadar_name": "Govind Kumar",
        "district": "Guntur",
        "mandal": "Mangalagiri",
        "village": "Mangalagiri",
        "doc_area_acres": 3.89,
        "gis_area_acres": 3.89,
        "area_delta_acres": 0,
        "status": "Synchronized",
        "classification": "Agricultural (Dry)",
        "is_demo_data": true,
        "discrepancy_note": null
      },
      "geometry": {
        "type": "Polygon",
        "coordinates": [
          [
            [
              80.572827,
              16.428595
            ],
            [
              80.574924,
              16.428484
            ],
            [
              80.574917,
              16.430306
            ],
            [
              80.572802,
              16.430324
            ],
            [
              80.572827,
              16.428595
            ]
          ]
        ]
      }
    },
    {
      "type": "Feature",
      "id": "PARCEL_193",
      "properties": {
        "parcel_id": "AP-GNT-0193",
        "survey_no": "138/3",
        "khata_no": "KH-2351",
        "pattadar_name": "Krishna Devi",
        "district": "Guntur",
        "mandal": "Mangalagiri",
        "village": "Atchampet",
        "doc_area_acres": 4.26,
        "gis_area_acres": 4.26,
        "area_delta_acres": 0,
        "status": "Synchronized",
        "classification": "Agricultural (Wet / Jirayati)",
        "is_demo_data": true,
        "discrepancy_note": null
      },
      "geometry": {
        "type": "Polygon",
        "coordinates": [
          [
            [
              80.575118,
              16.428441
            ],
            [
              80.577293,
              16.428619
            ],
            [
              80.577271,
              16.430135
            ],
            [
              80.575112,
              16.430297
            ],
            [
              80.575118,
              16.428441
            ]
          ]
        ]
      }
    },
    {
      "type": "Feature",
      "id": "PARCEL_194",
      "properties": {
        "parcel_id": "AP-GNT-0194",
        "survey_no": "138/4",
        "khata_no": "KH-2358",
        "pattadar_name": "Mohan Sharma",
        "district": "Guntur",
        "mandal": "Mangalagiri",
        "village": "Navuluru",
        "doc_area_acres": 4.63,
        "gis_area_acres": 4.63,
        "area_delta_acres": 0,
        "status": "Synchronized",
        "classification": "Agricultural (Wet / Jirayati)",
        "is_demo_data": true,
        "discrepancy_note": null
      },
      "geometry": {
        "type": "Polygon",
        "coordinates": [
          [
            [
              80.577162,
              16.428529
            ],
            [
              80.579422,
              16.428576
            ],
            [
              80.579259,
              16.430142
            ],
            [
              80.577324,
              16.430079
            ],
            [
              80.577162,
              16.428529
            ]
          ]
        ]
      }
    },
    {
      "type": "Feature",
      "id": "PARCEL_195",
      "properties": {
        "parcel_id": "AP-GNT-0195",
        "survey_no": "138/5",
        "khata_no": "KH-2365",
        "pattadar_name": "Ravi Varma",
        "district": "Guntur",
        "mandal": "Mangalagiri",
        "village": "Nidamarru",
        "doc_area_acres": 1,
        "gis_area_acres": 1,
        "area_delta_acres": 0,
        "status": "Synchronized",
        "classification": "Agricultural (Wet / Jirayati)",
        "is_demo_data": true,
        "discrepancy_note": null
      },
      "geometry": {
        "type": "Polygon",
        "coordinates": [
          [
            [
              80.57931,
              16.428677
            ],
            [
              80.581628,
              16.428713
            ],
            [
              80.581611,
              16.430176
            ],
            [
              80.579299,
              16.430394
            ],
            [
              80.57931,
              16.428677
            ]
          ]
        ]
      }
    },
    {
      "type": "Feature",
      "id": "PARCEL_196",
      "properties": {
        "parcel_id": "AP-GNT-0196",
        "survey_no": "139/1",
        "khata_no": "KH-2372",
        "pattadar_name": "Venkatesh Kumar",
        "district": "Guntur",
        "mandal": "Mangalagiri",
        "village": "Kuragallu",
        "doc_area_acres": 1.37,
        "gis_area_acres": 1.37,
        "area_delta_acres": 0,
        "status": "Synchronized",
        "classification": "Agricultural (Dry)",
        "is_demo_data": true,
        "discrepancy_note": null
      },
      "geometry": {
        "type": "Polygon",
        "coordinates": [
          [
            [
              80.581606,
              16.428639
            ],
            [
              80.583786,
              16.428531
            ],
            [
              80.583691,
              16.430457
            ],
            [
              80.581624,
              16.430104
            ],
            [
              80.581606,
              16.428639
            ]
          ]
        ]
      }
    },
    {
      "type": "Feature",
      "id": "PARCEL_197",
      "properties": {
        "parcel_id": "AP-GNT-0197",
        "survey_no": "139/2",
        "khata_no": "KH-2379",
        "pattadar_name": "Srinivasa Devi",
        "district": "Guntur",
        "mandal": "Mangalagiri",
        "village": "Yerrabalem",
        "doc_area_acres": 1.74,
        "gis_area_acres": 1.74,
        "area_delta_acres": 0,
        "status": "Synchronized",
        "classification": "Agricultural (Wet / Jirayati)",
        "is_demo_data": true,
        "discrepancy_note": null
      },
      "geometry": {
        "type": "Polygon",
        "coordinates": [
          [
            [
              80.583935,
              16.428538
            ],
            [
              80.585898,
              16.428611
            ],
            [
              80.585887,
              16.430262
            ],
            [
              80.583901,
              16.43038
            ],
            [
              80.583935,
              16.428538
            ]
          ]
        ]
      }
    },
    {
      "type": "Feature",
      "id": "PARCEL_198",
      "properties": {
        "parcel_id": "AP-GNT-0198",
        "survey_no": "139/3",
        "khata_no": "KH-2386",
        "pattadar_name": "Lakshmi Sharma",
        "district": "Guntur",
        "mandal": "Mangalagiri",
        "village": "Mangalagiri",
        "doc_area_acres": 2.11,
        "gis_area_acres": 2.11,
        "area_delta_acres": 0,
        "status": "Synchronized",
        "classification": "Agricultural (Wet / Jirayati)",
        "is_demo_data": true,
        "discrepancy_note": null
      },
      "geometry": {
        "type": "Polygon",
        "coordinates": [
          [
            [
              80.586071,
              16.428667
            ],
            [
              80.588169,
              16.428696
            ],
            [
              80.587975,
              16.430408
            ],
            [
              80.586081,
              16.430226
            ],
            [
              80.586071,
              16.428667
            ]
          ]
        ]
      }
    },
    {
      "type": "Feature",
      "id": "PARCEL_199",
      "properties": {
        "parcel_id": "AP-GNT-0199",
        "survey_no": "139/4",
        "khata_no": "KH-2393",
        "pattadar_name": "Satyanarayana Varma",
        "district": "Guntur",
        "mandal": "Mangalagiri",
        "village": "Atchampet",
        "doc_area_acres": 2.48,
        "gis_area_acres": 2.48,
        "area_delta_acres": 0,
        "status": "Synchronized",
        "classification": "Agricultural (Wet / Jirayati)",
        "is_demo_data": true,
        "discrepancy_note": null
      },
      "geometry": {
        "type": "Polygon",
        "coordinates": [
          [
            [
              80.588133,
              16.428501
            ],
            [
              80.590372,
              16.428665
            ],
            [
              80.590365,
              16.430204
            ],
            [
              80.5884,
              16.430318
            ],
            [
              80.588133,
              16.428501
            ]
          ]
        ]
      }
    },
    {
      "type": "Feature",
      "id": "PARCEL_200",
      "properties": {
        "parcel_id": "AP-GNT-0200",
        "survey_no": "139/5",
        "khata_no": "KH-2400",
        "pattadar_name": "Subba Kumar",
        "district": "Guntur",
        "mandal": "Mangalagiri",
        "village": "Navuluru",
        "doc_area_acres": 2.85,
        "gis_area_acres": 2.85,
        "area_delta_acres": 0,
        "status": "Synchronized",
        "classification": "Agricultural (Dry)",
        "is_demo_data": true,
        "discrepancy_note": null
      },
      "geometry": {
        "type": "Polygon",
        "coordinates": [
          [
            [
              80.590463,
              16.428722
            ],
            [
              80.592518,
              16.428622
            ],
            [
              80.592561,
              16.430412
            ],
            [
              80.590451,
              16.430323
            ],
            [
              80.590463,
              16.428722
            ]
          ]
        ]
      }
    },
    {
      "type": "Feature",
      "id": "PARCEL_201",
      "properties": {
        "parcel_id": "AP-GNT-0201",
        "survey_no": "140/1",
        "khata_no": "KH-2407",
        "pattadar_name": "Appa Devi",
        "district": "Guntur",
        "mandal": "Mangalagiri",
        "village": "Nidamarru",
        "doc_area_acres": 3.22,
        "gis_area_acres": 3.22,
        "area_delta_acres": 0,
        "status": "Synchronized",
        "classification": "Agricultural (Wet / Jirayati)",
        "is_demo_data": true,
        "discrepancy_note": null
      },
      "geometry": {
        "type": "Polygon",
        "coordinates": [
          [
            [
              80.537496,
              16.430392
            ],
            [
              80.539883,
              16.430374
            ],
            [
              80.539746,
              16.432133
            ],
            [
              80.537792,
              16.432076
            ],
            [
              80.537496,
              16.430392
            ]
          ]
        ]
      }
    },
    {
      "type": "Feature",
      "id": "PARCEL_202",
      "properties": {
        "parcel_id": "AP-GNT-0202",
        "survey_no": "140/2",
        "khata_no": "KH-2414",
        "pattadar_name": "Narayana Sharma",
        "district": "Guntur",
        "mandal": "Mangalagiri",
        "village": "Kuragallu",
        "doc_area_acres": 3.59,
        "gis_area_acres": 3.59,
        "area_delta_acres": 0,
        "status": "Synchronized",
        "classification": "Agricultural (Wet / Jirayati)",
        "is_demo_data": true,
        "discrepancy_note": null
      },
      "geometry": {
        "type": "Polygon",
        "coordinates": [
          [
            [
              80.539766,
              16.430428
            ],
            [
              80.542127,
              16.43047
            ],
            [
              80.542095,
              16.432251
            ],
            [
              80.539815,
              16.432116
            ],
            [
              80.539766,
              16.430428
            ]
          ]
        ]
      }
    },
    {
      "type": "Feature",
      "id": "PARCEL_203",
      "properties": {
        "parcel_id": "AP-GNT-0203",
        "survey_no": "140/3",
        "khata_no": "KH-2421",
        "pattadar_name": "Koteswara Varma",
        "district": "Guntur",
        "mandal": "Mangalagiri",
        "village": "Yerrabalem",
        "doc_area_acres": 3.96,
        "gis_area_acres": 3.96,
        "area_delta_acres": 0,
        "status": "Synchronized",
        "classification": "Agricultural (Wet / Jirayati)",
        "is_demo_data": true,
        "discrepancy_note": null
      },
      "geometry": {
        "type": "Polygon",
        "coordinates": [
          [
            [
              80.54191,
              16.430212
            ],
            [
              80.544177,
              16.430261
            ],
            [
              80.544228,
              16.432003
            ],
            [
              80.542165,
              16.431896
            ],
            [
              80.54191,
              16.430212
            ]
          ]
        ]
      }
    },
    {
      "type": "Feature",
      "id": "PARCEL_204",
      "properties": {
        "parcel_id": "AP-GNT-0204",
        "survey_no": "140/4",
        "khata_no": "KH-2428",
        "pattadar_name": "Radha Kumar",
        "district": "Guntur",
        "mandal": "Mangalagiri",
        "village": "Mangalagiri",
        "doc_area_acres": 4.33,
        "gis_area_acres": 4.33,
        "area_delta_acres": 0,
        "status": "Review Required",
        "classification": "Agricultural (Dry)",
        "is_demo_data": true,
        "discrepancy_note": null
      },
      "geometry": {
        "type": "Polygon",
        "coordinates": [
          [
            [
              80.544238,
              16.430236
            ],
            [
              80.546296,
              16.430468
            ],
            [
              80.546154,
              16.432242
            ],
            [
              80.544161,
              16.431922
            ],
            [
              80.544238,
              16.430236
            ]
          ]
        ]
      }
    },
    {
      "type": "Feature",
      "id": "PARCEL_205",
      "properties": {
        "parcel_id": "AP-GNT-0205",
        "survey_no": "140/5",
        "khata_no": "KH-2435",
        "pattadar_name": "Sujatha Devi",
        "district": "Guntur",
        "mandal": "Mangalagiri",
        "village": "Atchampet",
        "doc_area_acres": 4.7,
        "gis_area_acres": 4.7,
        "area_delta_acres": 0,
        "status": "Synchronized",
        "classification": "Agricultural (Wet / Jirayati)",
        "is_demo_data": true,
        "discrepancy_note": null
      },
      "geometry": {
        "type": "Polygon",
        "coordinates": [
          [
            [
              80.546299,
              16.430414
            ],
            [
              80.548589,
              16.43032
            ],
            [
              80.548434,
              16.431926
            ],
            [
              80.546518,
              16.432203
            ],
            [
              80.546299,
              16.430414
            ]
          ]
        ]
      }
    },
    {
      "type": "Feature",
      "id": "PARCEL_206",
      "properties": {
        "parcel_id": "AP-GNT-0206",
        "survey_no": "141/1",
        "khata_no": "KH-2442",
        "pattadar_name": "Ramana Sharma",
        "district": "Guntur",
        "mandal": "Mangalagiri",
        "village": "Navuluru",
        "doc_area_acres": 1.07,
        "gis_area_acres": 1.07,
        "area_delta_acres": 0,
        "status": "Synchronized",
        "classification": "Agricultural (Wet / Jirayati)",
        "is_demo_data": true,
        "discrepancy_note": null
      },
      "geometry": {
        "type": "Polygon",
        "coordinates": [
          [
            [
              80.548673,
              16.430456
            ],
            [
              80.550642,
              16.430308
            ],
            [
              80.550724,
              16.432185
            ],
            [
              80.548499,
              16.432076
            ],
            [
              80.548673,
              16.430456
            ]
          ]
        ]
      }
    },
    {
      "type": "Feature",
      "id": "PARCEL_207",
      "properties": {
        "parcel_id": "AP-GNT-0207",
        "survey_no": "141/2",
        "khata_no": "KH-2449",
        "pattadar_name": "Govind Varma",
        "district": "Guntur",
        "mandal": "Mangalagiri",
        "village": "Nidamarru",
        "doc_area_acres": 1.44,
        "gis_area_acres": 1.44,
        "area_delta_acres": 0,
        "status": "Synchronized",
        "classification": "Agricultural (Wet / Jirayati)",
        "is_demo_data": true,
        "discrepancy_note": null
      },
      "geometry": {
        "type": "Polygon",
        "coordinates": [
          [
            [
              80.550941,
              16.430252
            ],
            [
              80.552967,
              16.430436
            ],
            [
              80.552749,
              16.432137
            ],
            [
              80.550983,
              16.432113
            ],
            [
              80.550941,
              16.430252
            ]
          ]
        ]
      }
    },
    {
      "type": "Feature",
      "id": "PARCEL_208",
      "properties": {
        "parcel_id": "AP-GNT-0208",
        "survey_no": "141/3",
        "khata_no": "KH-2456",
        "pattadar_name": "Krishna Kumar",
        "district": "Guntur",
        "mandal": "Mangalagiri",
        "village": "Kuragallu",
        "doc_area_acres": 1.81,
        "gis_area_acres": 1.81,
        "area_delta_acres": 0,
        "status": "Synchronized",
        "classification": "Agricultural (Dry)",
        "is_demo_data": true,
        "discrepancy_note": null
      },
      "geometry": {
        "type": "Polygon",
        "coordinates": [
          [
            [
              80.552966,
              16.430439
            ],
            [
              80.555019,
              16.430509
            ],
            [
              80.555069,
              16.432086
            ],
            [
              80.55317,
              16.432146
            ],
            [
              80.552966,
              16.430439
            ]
          ]
        ]
      }
    },
    {
      "type": "Feature",
      "id": "PARCEL_209",
      "properties": {
        "parcel_id": "AP-GNT-0209",
        "survey_no": "141/4",
        "khata_no": "KH-2463",
        "pattadar_name": "Mohan Devi",
        "district": "Guntur",
        "mandal": "Mangalagiri",
        "village": "Yerrabalem",
        "doc_area_acres": 2.18,
        "gis_area_acres": 2.18,
        "area_delta_acres": 0,
        "status": "Synchronized",
        "classification": "Agricultural (Wet / Jirayati)",
        "is_demo_data": true,
        "discrepancy_note": null
      },
      "geometry": {
        "type": "Polygon",
        "coordinates": [
          [
            [
              80.555355,
              16.430264
            ],
            [
              80.557408,
              16.430476
            ],
            [
              80.557405,
              16.431971
            ],
            [
              80.555298,
              16.432147
            ],
            [
              80.555355,
              16.430264
            ]
          ]
        ]
      }
    },
    {
      "type": "Feature",
      "id": "PARCEL_210",
      "properties": {
        "parcel_id": "AP-GNT-0210",
        "survey_no": "141/5",
        "khata_no": "KH-2470",
        "pattadar_name": "Ravi Sharma",
        "district": "Guntur",
        "mandal": "Mangalagiri",
        "village": "Mangalagiri",
        "doc_area_acres": 2.55,
        "gis_area_acres": 2.55,
        "area_delta_acres": 0,
        "status": "Synchronized",
        "classification": "Agricultural (Wet / Jirayati)",
        "is_demo_data": true,
        "discrepancy_note": null
      },
      "geometry": {
        "type": "Polygon",
        "coordinates": [
          [
            [
              80.557304,
              16.430472
            ],
            [
              80.559694,
              16.430497
            ],
            [
              80.559658,
              16.432054
            ],
            [
              80.557511,
              16.431913
            ],
            [
              80.557304,
              16.430472
            ]
          ]
        ]
      }
    },
    {
      "type": "Feature",
      "id": "PARCEL_211",
      "properties": {
        "parcel_id": "AP-GNT-0211",
        "survey_no": "142/1",
        "khata_no": "KH-2477",
        "pattadar_name": "Venkatesh Varma",
        "district": "Guntur",
        "mandal": "Mangalagiri",
        "village": "Atchampet",
        "doc_area_acres": 2.92,
        "gis_area_acres": 2.92,
        "area_delta_acres": 0,
        "status": "Synchronized",
        "classification": "Agricultural (Wet / Jirayati)",
        "is_demo_data": true,
        "discrepancy_note": null
      },
      "geometry": {
        "type": "Polygon",
        "coordinates": [
          [
            [
              80.559635,
              16.430183
            ],
            [
              80.561922,
              16.430276
            ],
            [
              80.561767,
              16.431913
            ],
            [
              80.559715,
              16.432097
            ],
            [
              80.559635,
              16.430183
            ]
          ]
        ]
      }
    },
    {
      "type": "Feature",
      "id": "PARCEL_212",
      "properties": {
        "parcel_id": "AP-GNT-0212",
        "survey_no": "142/2",
        "khata_no": "KH-2484",
        "pattadar_name": "Srinivasa Kumar",
        "district": "Guntur",
        "mandal": "Mangalagiri",
        "village": "Navuluru",
        "doc_area_acres": 3.29,
        "gis_area_acres": 3.29,
        "area_delta_acres": 0,
        "status": "Synchronized",
        "classification": "Agricultural (Dry)",
        "is_demo_data": true,
        "discrepancy_note": null
      },
      "geometry": {
        "type": "Polygon",
        "coordinates": [
          [
            [
              80.561797,
              16.430408
            ],
            [
              80.563951,
              16.430423
            ],
            [
              80.563779,
              16.432232
            ],
            [
              80.561939,
              16.43202
            ],
            [
              80.561797,
              16.430408
            ]
          ]
        ]
      }
    },
    {
      "type": "Feature",
      "id": "PARCEL_213",
      "properties": {
        "parcel_id": "AP-GNT-0213",
        "survey_no": "142/3",
        "khata_no": "KH-2491",
        "pattadar_name": "Lakshmi Devi",
        "district": "Guntur",
        "mandal": "Mangalagiri",
        "village": "Nidamarru",
        "doc_area_acres": 3.66,
        "gis_area_acres": 3.66,
        "area_delta_acres": 0,
        "status": "Synchronized",
        "classification": "Agricultural (Wet / Jirayati)",
        "is_demo_data": true,
        "discrepancy_note": null
      },
      "geometry": {
        "type": "Polygon",
        "coordinates": [
          [
            [
              80.56402,
              16.4304
            ],
            [
              80.566338,
              16.430278
            ],
            [
              80.566096,
              16.432096
            ],
            [
              80.563919,
              16.432186
            ],
            [
              80.56402,
              16.4304
            ]
          ]
        ]
      }
    },
    {
      "type": "Feature",
      "id": "PARCEL_214",
      "properties": {
        "parcel_id": "AP-GNT-0214",
        "survey_no": "142/4",
        "khata_no": "KH-2498",
        "pattadar_name": "Satyanarayana Sharma",
        "district": "Guntur",
        "mandal": "Mangalagiri",
        "village": "Kuragallu",
        "doc_area_acres": 4.03,
        "gis_area_acres": 4.03,
        "area_delta_acres": 0,
        "status": "Synchronized",
        "classification": "Agricultural (Wet / Jirayati)",
        "is_demo_data": true,
        "discrepancy_note": null
      },
      "geometry": {
        "type": "Polygon",
        "coordinates": [
          [
            [
              80.566329,
              16.430309
            ],
            [
              80.568525,
              16.430327
            ],
            [
              80.568401,
              16.432191
            ],
            [
              80.56619,
              16.432197
            ],
            [
              80.566329,
              16.430309
            ]
          ]
        ]
      }
    },
    {
      "type": "Feature",
      "id": "PARCEL_215",
      "properties": {
        "parcel_id": "AP-GNT-0215",
        "survey_no": "142/5",
        "khata_no": "KH-2505",
        "pattadar_name": "Subba Varma",
        "district": "Guntur",
        "mandal": "Mangalagiri",
        "village": "Yerrabalem",
        "doc_area_acres": 4.4,
        "gis_area_acres": 4.4,
        "area_delta_acres": 0,
        "status": "Synchronized",
        "classification": "Agricultural (Wet / Jirayati)",
        "is_demo_data": true,
        "discrepancy_note": null
      },
      "geometry": {
        "type": "Polygon",
        "coordinates": [
          [
            [
              80.56834,
              16.430292
            ],
            [
              80.570468,
              16.430386
            ],
            [
              80.570446,
              16.432165
            ],
            [
              80.568568,
              16.432171
            ],
            [
              80.56834,
              16.430292
            ]
          ]
        ]
      }
    },
    {
      "type": "Feature",
      "id": "PARCEL_216",
      "properties": {
        "parcel_id": "AP-GNT-0216",
        "survey_no": "143/1",
        "khata_no": "KH-2512",
        "pattadar_name": "Appa Kumar",
        "district": "Guntur",
        "mandal": "Mangalagiri",
        "village": "Mangalagiri",
        "doc_area_acres": 4.77,
        "gis_area_acres": 4.77,
        "area_delta_acres": 0,
        "status": "Synchronized",
        "classification": "Agricultural (Dry)",
        "is_demo_data": true,
        "discrepancy_note": null
      },
      "geometry": {
        "type": "Polygon",
        "coordinates": [
          [
            [
              80.570508,
              16.430394
            ],
            [
              80.572656,
              16.430484
            ],
            [
              80.572817,
              16.431937
            ],
            [
              80.570562,
              16.431917
            ],
            [
              80.570508,
              16.430394
            ]
          ]
        ]
      }
    },
    {
      "type": "Feature",
      "id": "PARCEL_217",
      "properties": {
        "parcel_id": "AP-GNT-0217",
        "survey_no": "143/2",
        "khata_no": "KH-2519",
        "pattadar_name": "Narayana Devi",
        "district": "Guntur",
        "mandal": "Mangalagiri",
        "village": "Atchampet",
        "doc_area_acres": 1.14,
        "gis_area_acres": 1.14,
        "area_delta_acres": 0,
        "status": "Synchronized",
        "classification": "Agricultural (Wet / Jirayati)",
        "is_demo_data": true,
        "discrepancy_note": null
      },
      "geometry": {
        "type": "Polygon",
        "coordinates": [
          [
            [
              80.572723,
              16.430273
            ],
            [
              80.57486,
              16.430467
            ],
            [
              80.575054,
              16.432177
            ],
            [
              80.572858,
              16.432054
            ],
            [
              80.572723,
              16.430273
            ]
          ]
        ]
      }
    },
    {
      "type": "Feature",
      "id": "PARCEL_218",
      "properties": {
        "parcel_id": "AP-GNT-0218",
        "survey_no": "143/3",
        "khata_no": "KH-2526",
        "pattadar_name": "Koteswara Sharma",
        "district": "Guntur",
        "mandal": "Mangalagiri",
        "village": "Navuluru",
        "doc_area_acres": 1.51,
        "gis_area_acres": 1.51,
        "area_delta_acres": 0,
        "status": "Synchronized",
        "classification": "Agricultural (Wet / Jirayati)",
        "is_demo_data": true,
        "discrepancy_note": null
      },
      "geometry": {
        "type": "Polygon",
        "coordinates": [
          [
            [
              80.575207,
              16.430388
            ],
            [
              80.577076,
              16.430338
            ],
            [
              80.577102,
              16.432088
            ],
            [
              80.57498,
              16.431959
            ],
            [
              80.575207,
              16.430388
            ]
          ]
        ]
      }
    },
    {
      "type": "Feature",
      "id": "PARCEL_219",
      "properties": {
        "parcel_id": "AP-GNT-0219",
        "survey_no": "143/4",
        "khata_no": "KH-2533",
        "pattadar_name": "Radha Varma",
        "district": "Guntur",
        "mandal": "Mangalagiri",
        "village": "Nidamarru",
        "doc_area_acres": 1.88,
        "gis_area_acres": 1.88,
        "area_delta_acres": 0,
        "status": "Synchronized",
        "classification": "Agricultural (Wet / Jirayati)",
        "is_demo_data": true,
        "discrepancy_note": null
      },
      "geometry": {
        "type": "Polygon",
        "coordinates": [
          [
            [
              80.577106,
              16.430463
            ],
            [
              80.579224,
              16.430374
            ],
            [
              80.579257,
              16.431932
            ],
            [
              80.577369,
              16.431882
            ],
            [
              80.577106,
              16.430463
            ]
          ]
        ]
      }
    },
    {
      "type": "Feature",
      "id": "PARCEL_220",
      "properties": {
        "parcel_id": "AP-GNT-0220",
        "survey_no": "143/5",
        "khata_no": "KH-2540",
        "pattadar_name": "Sujatha Kumar",
        "district": "Guntur",
        "mandal": "Mangalagiri",
        "village": "Kuragallu",
        "doc_area_acres": 2.25,
        "gis_area_acres": 2.25,
        "area_delta_acres": 0,
        "status": "Synchronized",
        "classification": "Agricultural (Dry)",
        "is_demo_data": true,
        "discrepancy_note": null
      },
      "geometry": {
        "type": "Polygon",
        "coordinates": [
          [
            [
              80.57962,
              16.430501
            ],
            [
              80.581573,
              16.430454
            ],
            [
              80.581598,
              16.432032
            ],
            [
              80.579487,
              16.431967
            ],
            [
              80.57962,
              16.430501
            ]
          ]
        ]
      }
    },
    {
      "type": "Feature",
      "id": "PARCEL_221",
      "properties": {
        "parcel_id": "AP-GNT-0221",
        "survey_no": "144/1",
        "khata_no": "KH-2547",
        "pattadar_name": "Ramana Devi",
        "district": "Guntur",
        "mandal": "Mangalagiri",
        "village": "Yerrabalem",
        "doc_area_acres": 2.62,
        "gis_area_acres": 2.62,
        "area_delta_acres": 0,
        "status": "Review Required",
        "classification": "Agricultural (Wet / Jirayati)",
        "is_demo_data": true,
        "discrepancy_note": null
      },
      "geometry": {
        "type": "Polygon",
        "coordinates": [
          [
            [
              80.581797,
              16.430182
            ],
            [
              80.583816,
              16.430391
            ],
            [
              80.583784,
              16.431936
            ],
            [
              80.58178,
              16.431927
            ],
            [
              80.581797,
              16.430182
            ]
          ]
        ]
      }
    },
    {
      "type": "Feature",
      "id": "PARCEL_222",
      "properties": {
        "parcel_id": "AP-GNT-0222",
        "survey_no": "144/2",
        "khata_no": "KH-2554",
        "pattadar_name": "Govind Sharma",
        "district": "Guntur",
        "mandal": "Mangalagiri",
        "village": "Mangalagiri",
        "doc_area_acres": 2.99,
        "gis_area_acres": 2.99,
        "area_delta_acres": 0,
        "status": "Synchronized",
        "classification": "Agricultural (Wet / Jirayati)",
        "is_demo_data": true,
        "discrepancy_note": null
      },
      "geometry": {
        "type": "Polygon",
        "coordinates": [
          [
            [
              80.583895,
              16.43036
            ],
            [
              80.585924,
              16.430241
            ],
            [
              80.585869,
              16.432238
            ],
            [
              80.583819,
              16.432144
            ],
            [
              80.583895,
              16.43036
            ]
          ]
        ]
      }
    },
    {
      "type": "Feature",
      "id": "PARCEL_223",
      "properties": {
        "parcel_id": "AP-GNT-0223",
        "survey_no": "144/3",
        "khata_no": "KH-2561",
        "pattadar_name": "Krishna Varma",
        "district": "Guntur",
        "mandal": "Mangalagiri",
        "village": "Atchampet",
        "doc_area_acres": 3.36,
        "gis_area_acres": 3.36,
        "area_delta_acres": 0,
        "status": "Synchronized",
        "classification": "Agricultural (Wet / Jirayati)",
        "is_demo_data": true,
        "discrepancy_note": null
      },
      "geometry": {
        "type": "Polygon",
        "coordinates": [
          [
            [
              80.586061,
              16.43048
            ],
            [
              80.588106,
              16.430492
            ],
            [
              80.588236,
              16.432016
            ],
            [
              80.585998,
              16.432145
            ],
            [
              80.586061,
              16.43048
            ]
          ]
        ]
      }
    },
    {
      "type": "Feature",
      "id": "PARCEL_224",
      "properties": {
        "parcel_id": "AP-GNT-0224",
        "survey_no": "144/4",
        "khata_no": "KH-2568",
        "pattadar_name": "Mohan Kumar",
        "district": "Guntur",
        "mandal": "Mangalagiri",
        "village": "Navuluru",
        "doc_area_acres": 3.73,
        "gis_area_acres": 3.73,
        "area_delta_acres": 0,
        "status": "Synchronized",
        "classification": "Agricultural (Dry)",
        "is_demo_data": true,
        "discrepancy_note": null
      },
      "geometry": {
        "type": "Polygon",
        "coordinates": [
          [
            [
              80.588286,
              16.430332
            ],
            [
              80.590338,
              16.430501
            ],
            [
              80.590436,
              16.431917
            ],
            [
              80.588349,
              16.431991
            ],
            [
              80.588286,
              16.430332
            ]
          ]
        ]
      }
    },
    {
      "type": "Feature",
      "id": "PARCEL_225",
      "properties": {
        "parcel_id": "AP-GNT-0225",
        "survey_no": "144/5",
        "khata_no": "KH-2575",
        "pattadar_name": "Ravi Devi",
        "district": "Guntur",
        "mandal": "Mangalagiri",
        "village": "Nidamarru",
        "doc_area_acres": 4.1,
        "gis_area_acres": 4.1,
        "area_delta_acres": 0,
        "status": "Synchronized",
        "classification": "Agricultural (Wet / Jirayati)",
        "is_demo_data": true,
        "discrepancy_note": null
      },
      "geometry": {
        "type": "Polygon",
        "coordinates": [
          [
            [
              80.590498,
              16.430244
            ],
            [
              80.592689,
              16.430549
            ],
            [
              80.592645,
              16.432134
            ],
            [
              80.590625,
              16.432107
            ],
            [
              80.590498,
              16.430244
            ]
          ]
        ]
      }
    },
    {
      "type": "Feature",
      "id": "PARCEL_226",
      "properties": {
        "parcel_id": "AP-GNT-0226",
        "survey_no": "145/1",
        "khata_no": "KH-2582",
        "pattadar_name": "Venkatesh Sharma",
        "district": "Guntur",
        "mandal": "Mangalagiri",
        "village": "Kuragallu",
        "doc_area_acres": 4.47,
        "gis_area_acres": 4.47,
        "area_delta_acres": 0,
        "status": "Synchronized",
        "classification": "Agricultural (Wet / Jirayati)",
        "is_demo_data": true,
        "discrepancy_note": null
      },
      "geometry": {
        "type": "Polygon",
        "coordinates": [
          [
            [
              80.537601,
              16.432158
            ],
            [
              80.539869,
              16.432358
            ],
            [
              80.539586,
              16.433881
            ],
            [
              80.537491,
              16.433967
            ],
            [
              80.537601,
              16.432158
            ]
          ]
        ]
      }
    },
    {
      "type": "Feature",
      "id": "PARCEL_227",
      "properties": {
        "parcel_id": "AP-GNT-0227",
        "survey_no": "145/2",
        "khata_no": "KH-2589",
        "pattadar_name": "Srinivasa Varma",
        "district": "Guntur",
        "mandal": "Mangalagiri",
        "village": "Yerrabalem",
        "doc_area_acres": 4.84,
        "gis_area_acres": 4.84,
        "area_delta_acres": 0,
        "status": "Synchronized",
        "classification": "Agricultural (Wet / Jirayati)",
        "is_demo_data": true,
        "discrepancy_note": null
      },
      "geometry": {
        "type": "Polygon",
        "coordinates": [
          [
            [
              80.539977,
              16.432157
            ],
            [
              80.541816,
              16.432064
            ],
            [
              80.541786,
              16.433791
            ],
            [
              80.539951,
              16.433893
            ],
            [
              80.539977,
              16.432157
            ]
          ]
        ]
      }
    },
    {
      "type": "Feature",
      "id": "PARCEL_228",
      "properties": {
        "parcel_id": "AP-GNT-0228",
        "survey_no": "145/3",
        "khata_no": "KH-2596",
        "pattadar_name": "Lakshmi Kumar",
        "district": "Guntur",
        "mandal": "Mangalagiri",
        "village": "Mangalagiri",
        "doc_area_acres": 1.21,
        "gis_area_acres": 1.21,
        "area_delta_acres": 0,
        "status": "Synchronized",
        "classification": "Agricultural (Dry)",
        "is_demo_data": true,
        "discrepancy_note": null
      },
      "geometry": {
        "type": "Polygon",
        "coordinates": [
          [
            [
              80.542068,
              16.43213
            ],
            [
              80.54433,
              16.432238
            ],
            [
              80.543976,
              16.433816
            ],
            [
              80.542068,
              16.433869
            ],
            [
              80.542068,
              16.43213
            ]
          ]
        ]
      }
    },
    {
      "type": "Feature",
      "id": "PARCEL_229",
      "properties": {
        "parcel_id": "AP-GNT-0229",
        "survey_no": "145/4",
        "khata_no": "KH-2603",
        "pattadar_name": "Satyanarayana Devi",
        "district": "Guntur",
        "mandal": "Mangalagiri",
        "village": "Atchampet",
        "doc_area_acres": 1.58,
        "gis_area_acres": 1.58,
        "area_delta_acres": 0,
        "status": "Synchronized",
        "classification": "Agricultural (Wet / Jirayati)",
        "is_demo_data": true,
        "discrepancy_note": null
      },
      "geometry": {
        "type": "Polygon",
        "coordinates": [
          [
            [
              80.544369,
              16.432278
            ],
            [
              80.546309,
              16.432082
            ],
            [
              80.546335,
              16.433837
            ],
            [
              80.54437,
              16.433796
            ],
            [
              80.544369,
              16.432278
            ]
          ]
        ]
      }
    },
    {
      "type": "Feature",
      "id": "PARCEL_230",
      "properties": {
        "parcel_id": "AP-GNT-0230",
        "survey_no": "145/5",
        "khata_no": "KH-2610",
        "pattadar_name": "Subba Sharma",
        "district": "Guntur",
        "mandal": "Mangalagiri",
        "village": "Navuluru",
        "doc_area_acres": 1.95,
        "gis_area_acres": 1.95,
        "area_delta_acres": 0,
        "status": "Synchronized",
        "classification": "Agricultural (Wet / Jirayati)",
        "is_demo_data": true,
        "discrepancy_note": null
      },
      "geometry": {
        "type": "Polygon",
        "coordinates": [
          [
            [
              80.546493,
              16.432027
            ],
            [
              80.548438,
              16.432137
            ],
            [
              80.548453,
              16.434037
            ],
            [
              80.546616,
              16.43368
            ],
            [
              80.546493,
              16.432027
            ]
          ]
        ]
      }
    },
    {
      "type": "Feature",
      "id": "PARCEL_231",
      "properties": {
        "parcel_id": "AP-GNT-0231",
        "survey_no": "146/1",
        "khata_no": "KH-2617",
        "pattadar_name": "Appa Varma",
        "district": "Guntur",
        "mandal": "Mangalagiri",
        "village": "Nidamarru",
        "doc_area_acres": 2.32,
        "gis_area_acres": 2.32,
        "area_delta_acres": 0,
        "status": "Synchronized",
        "classification": "Agricultural (Wet / Jirayati)",
        "is_demo_data": true,
        "discrepancy_note": null
      },
      "geometry": {
        "type": "Polygon",
        "coordinates": [
          [
            [
              80.548672,
              16.432009
            ],
            [
              80.550858,
              16.432234
            ],
            [
              80.550734,
              16.433853
            ],
            [
              80.548561,
              16.433916
            ],
            [
              80.548672,
              16.432009
            ]
          ]
        ]
      }
    },
    {
      "type": "Feature",
      "id": "PARCEL_232",
      "properties": {
        "parcel_id": "AP-GNT-0232",
        "survey_no": "146/2",
        "khata_no": "KH-2624",
        "pattadar_name": "Narayana Kumar",
        "district": "Guntur",
        "mandal": "Mangalagiri",
        "village": "Kuragallu",
        "doc_area_acres": 2.69,
        "gis_area_acres": 2.69,
        "area_delta_acres": 0,
        "status": "Synchronized",
        "classification": "Agricultural (Dry)",
        "is_demo_data": true,
        "discrepancy_note": null
      },
      "geometry": {
        "type": "Polygon",
        "coordinates": [
          [
            [
              80.550876,
              16.432199
            ],
            [
              80.552976,
              16.432194
            ],
            [
              80.553061,
              16.433993
            ],
            [
              80.550822,
              16.43398
            ],
            [
              80.550876,
              16.432199
            ]
          ]
        ]
      }
    },
    {
      "type": "Feature",
      "id": "PARCEL_233",
      "properties": {
        "parcel_id": "AP-GNT-0233",
        "survey_no": "146/3",
        "khata_no": "KH-2631",
        "pattadar_name": "Koteswara Devi",
        "district": "Guntur",
        "mandal": "Mangalagiri",
        "village": "Yerrabalem",
        "doc_area_acres": 3.06,
        "gis_area_acres": 3.06,
        "area_delta_acres": 0,
        "status": "Synchronized",
        "classification": "Agricultural (Wet / Jirayati)",
        "is_demo_data": true,
        "discrepancy_note": null
      },
      "geometry": {
        "type": "Polygon",
        "coordinates": [
          [
            [
              80.553156,
              16.431996
            ],
            [
              80.555023,
              16.432293
            ],
            [
              80.55523,
              16.434033
            ],
            [
              80.553197,
              16.433937
            ],
            [
              80.553156,
              16.431996
            ]
          ]
        ]
      }
    },
    {
      "type": "Feature",
      "id": "PARCEL_234",
      "properties": {
        "parcel_id": "AP-GNT-0234",
        "survey_no": "146/4",
        "khata_no": "KH-2638",
        "pattadar_name": "Radha Sharma",
        "district": "Guntur",
        "mandal": "Mangalagiri",
        "village": "Mangalagiri",
        "doc_area_acres": 3.43,
        "gis_area_acres": 3.43,
        "area_delta_acres": 0,
        "status": "Synchronized",
        "classification": "Agricultural (Wet / Jirayati)",
        "is_demo_data": true,
        "discrepancy_note": null
      },
      "geometry": {
        "type": "Polygon",
        "coordinates": [
          [
            [
              80.555163,
              16.432114
            ],
            [
              80.557409,
              16.432037
            ],
            [
              80.557264,
              16.434028
            ],
            [
              80.555112,
              16.433743
            ],
            [
              80.555163,
              16.432114
            ]
          ]
        ]
      }
    },
    {
      "type": "Feature",
      "id": "PARCEL_235",
      "properties": {
        "parcel_id": "AP-GNT-0235",
        "survey_no": "146/5",
        "khata_no": "KH-2645",
        "pattadar_name": "Sujatha Varma",
        "district": "Guntur",
        "mandal": "Mangalagiri",
        "village": "Atchampet",
        "doc_area_acres": 3.8,
        "gis_area_acres": 3.8,
        "area_delta_acres": 0,
        "status": "Synchronized",
        "classification": "Agricultural (Wet / Jirayati)",
        "is_demo_data": true,
        "discrepancy_note": null
      },
      "geometry": {
        "type": "Polygon",
        "coordinates": [
          [
            [
              80.557376,
              16.432318
            ],
            [
              80.559462,
              16.432206
            ],
            [
              80.559538,
              16.433791
            ],
            [
              80.55756,
              16.433966
            ],
            [
              80.557376,
              16.432318
            ]
          ]
        ]
      }
    },
    {
      "type": "Feature",
      "id": "PARCEL_236",
      "properties": {
        "parcel_id": "AP-GNT-0236",
        "survey_no": "147/1",
        "khata_no": "KH-2652",
        "pattadar_name": "Ramana Kumar",
        "district": "Guntur",
        "mandal": "Mangalagiri",
        "village": "Navuluru",
        "doc_area_acres": 4.17,
        "gis_area_acres": 4.17,
        "area_delta_acres": 0,
        "status": "Synchronized",
        "classification": "Agricultural (Dry)",
        "is_demo_data": true,
        "discrepancy_note": null
      },
      "geometry": {
        "type": "Polygon",
        "coordinates": [
          [
            [
              80.559672,
              16.43215
            ],
            [
              80.561795,
              16.432241
            ],
            [
              80.561753,
              16.433932
            ],
            [
              80.559704,
              16.43377
            ],
            [
              80.559672,
              16.43215
            ]
          ]
        ]
      }
    },
    {
      "type": "Feature",
      "id": "PARCEL_237",
      "properties": {
        "parcel_id": "AP-GNT-0237",
        "survey_no": "147/2",
        "khata_no": "KH-2659",
        "pattadar_name": "Govind Devi",
        "district": "Guntur",
        "mandal": "Mangalagiri",
        "village": "Nidamarru",
        "doc_area_acres": 4.54,
        "gis_area_acres": 4.54,
        "area_delta_acres": 0,
        "status": "Synchronized",
        "classification": "Agricultural (Wet / Jirayati)",
        "is_demo_data": true,
        "discrepancy_note": null
      },
      "geometry": {
        "type": "Polygon",
        "coordinates": [
          [
            [
              80.561951,
              16.432137
            ],
            [
              80.563871,
              16.432299
            ],
            [
              80.563805,
              16.434029
            ],
            [
              80.56199,
              16.433805
            ],
            [
              80.561951,
              16.432137
            ]
          ]
        ]
      }
    },
    {
      "type": "Feature",
      "id": "PARCEL_238",
      "properties": {
        "parcel_id": "AP-GNT-0238",
        "survey_no": "147/3",
        "khata_no": "KH-2666",
        "pattadar_name": "Krishna Sharma",
        "district": "Guntur",
        "mandal": "Mangalagiri",
        "village": "Kuragallu",
        "doc_area_acres": 0.91,
        "gis_area_acres": 0.91,
        "area_delta_acres": 0,
        "status": "Review Required",
        "classification": "Agricultural (Wet / Jirayati)",
        "is_demo_data": true,
        "discrepancy_note": null
      },
      "geometry": {
        "type": "Polygon",
        "coordinates": [
          [
            [
              80.564014,
              16.432135
            ],
            [
              80.566215,
              16.432064
            ],
            [
              80.566099,
              16.434029
            ],
            [
              80.564048,
              16.433721
            ],
            [
              80.564014,
              16.432135
            ]
          ]
        ]
      }
    },
    {
      "type": "Feature",
      "id": "PARCEL_239",
      "properties": {
        "parcel_id": "AP-GNT-0239",
        "survey_no": "147/4",
        "khata_no": "KH-2673",
        "pattadar_name": "Mohan Varma",
        "district": "Guntur",
        "mandal": "Mangalagiri",
        "village": "Yerrabalem",
        "doc_area_acres": 1.28,
        "gis_area_acres": 1.28,
        "area_delta_acres": 0,
        "status": "Synchronized",
        "classification": "Agricultural (Wet / Jirayati)",
        "is_demo_data": true,
        "discrepancy_note": null
      },
      "geometry": {
        "type": "Polygon",
        "coordinates": [
          [
            [
              80.566193,
              16.432182
            ],
            [
              80.568342,
              16.432028
            ],
            [
              80.568216,
              16.433952
            ],
            [
              80.566088,
              16.433733
            ],
            [
              80.566193,
              16.432182
            ]
          ]
        ]
      }
    },
    {
      "type": "Feature",
      "id": "PARCEL_240",
      "properties": {
        "parcel_id": "AP-GNT-0240",
        "survey_no": "147/5",
        "khata_no": "KH-2680",
        "pattadar_name": "Ravi Kumar",
        "district": "Guntur",
        "mandal": "Mangalagiri",
        "village": "Mangalagiri",
        "doc_area_acres": 1.65,
        "gis_area_acres": 1.65,
        "area_delta_acres": 0,
        "status": "Synchronized",
        "classification": "Agricultural (Dry)",
        "is_demo_data": true,
        "discrepancy_note": null
      },
      "geometry": {
        "type": "Polygon",
        "coordinates": [
          [
            [
              80.568558,
              16.43205
            ],
            [
              80.570553,
              16.432151
            ],
            [
              80.570584,
              16.433801
            ],
            [
              80.568448,
              16.433984
            ],
            [
              80.568558,
              16.43205
            ]
          ]
        ]
      }
    },
    {
      "type": "Feature",
      "id": "PARCEL_241",
      "properties": {
        "parcel_id": "AP-GNT-0241",
        "survey_no": "148/1",
        "khata_no": "KH-2687",
        "pattadar_name": "Venkatesh Devi",
        "district": "Guntur",
        "mandal": "Mangalagiri",
        "village": "Atchampet",
        "doc_area_acres": 2.02,
        "gis_area_acres": 2.02,
        "area_delta_acres": 0,
        "status": "Synchronized",
        "classification": "Agricultural (Wet / Jirayati)",
        "is_demo_data": true,
        "discrepancy_note": null
      },
      "geometry": {
        "type": "Polygon",
        "coordinates": [
          [
            [
              80.570811,
              16.432102
            ],
            [
              80.572729,
              16.432253
            ],
            [
              80.572896,
              16.433796
            ],
            [
              80.570627,
              16.433734
            ],
            [
              80.570811,
              16.432102
            ]
          ]
        ]
      }
    },
    {
      "type": "Feature",
      "id": "PARCEL_242",
      "properties": {
        "parcel_id": "AP-GNT-0242",
        "survey_no": "148/2",
        "khata_no": "KH-2694",
        "pattadar_name": "Srinivasa Sharma",
        "district": "Guntur",
        "mandal": "Mangalagiri",
        "village": "Navuluru",
        "doc_area_acres": 2.39,
        "gis_area_acres": 2.39,
        "area_delta_acres": 0,
        "status": "Synchronized",
        "classification": "Agricultural (Wet / Jirayati)",
        "is_demo_data": true,
        "discrepancy_note": null
      },
      "geometry": {
        "type": "Polygon",
        "coordinates": [
          [
            [
              80.572753,
              16.431985
            ],
            [
              80.574883,
              16.432047
            ],
            [
              80.574945,
              16.433729
            ],
            [
              80.572882,
              16.433818
            ],
            [
              80.572753,
              16.431985
            ]
          ]
        ]
      }
    },
    {
      "type": "Feature",
      "id": "PARCEL_243",
      "properties": {
        "parcel_id": "AP-GNT-0243",
        "survey_no": "148/3",
        "khata_no": "KH-2701",
        "pattadar_name": "Lakshmi Varma",
        "district": "Guntur",
        "mandal": "Mangalagiri",
        "village": "Nidamarru",
        "doc_area_acres": 2.76,
        "gis_area_acres": 2.76,
        "area_delta_acres": 0,
        "status": "Synchronized",
        "classification": "Agricultural (Wet / Jirayati)",
        "is_demo_data": true,
        "discrepancy_note": null
      },
      "geometry": {
        "type": "Polygon",
        "coordinates": [
          [
            [
              80.574931,
              16.432039
            ],
            [
              80.577172,
              16.432223
            ],
            [
              80.577272,
              16.433721
            ],
            [
              80.575163,
              16.433933
            ],
            [
              80.574931,
              16.432039
            ]
          ]
        ]
      }
    },
    {
      "type": "Feature",
      "id": "PARCEL_244",
      "properties": {
        "parcel_id": "AP-GNT-0244",
        "survey_no": "148/4",
        "khata_no": "KH-2708",
        "pattadar_name": "Satyanarayana Kumar",
        "district": "Guntur",
        "mandal": "Mangalagiri",
        "village": "Kuragallu",
        "doc_area_acres": 3.13,
        "gis_area_acres": 3.13,
        "area_delta_acres": 0,
        "status": "Synchronized",
        "classification": "Agricultural (Dry)",
        "is_demo_data": true,
        "discrepancy_note": null
      },
      "geometry": {
        "type": "Polygon",
        "coordinates": [
          [
            [
              80.577131,
              16.432092
            ],
            [
              80.57944,
              16.432102
            ],
            [
              80.579482,
              16.433848
            ],
            [
              80.577209,
              16.433762
            ],
            [
              80.577131,
              16.432092
            ]
          ]
        ]
      }
    },
    {
      "type": "Feature",
      "id": "PARCEL_245",
      "properties": {
        "parcel_id": "AP-GNT-0245",
        "survey_no": "148/5",
        "khata_no": "KH-2715",
        "pattadar_name": "Subba Devi",
        "district": "Guntur",
        "mandal": "Mangalagiri",
        "village": "Yerrabalem",
        "doc_area_acres": 3.5,
        "gis_area_acres": 3.5,
        "area_delta_acres": 0,
        "status": "Synchronized",
        "classification": "Agricultural (Wet / Jirayati)",
        "is_demo_data": true,
        "discrepancy_note": null
      },
      "geometry": {
        "type": "Polygon",
        "coordinates": [
          [
            [
              80.579454,
              16.432159
            ],
            [
              80.581567,
              16.432314
            ],
            [
              80.581444,
              16.433917
            ],
            [
              80.579522,
              16.433835
            ],
            [
              80.579454,
              16.432159
            ]
          ]
        ]
      }
    },
    {
      "type": "Feature",
      "id": "PARCEL_246",
      "properties": {
        "parcel_id": "AP-GNT-0246",
        "survey_no": "149/1",
        "khata_no": "KH-2722",
        "pattadar_name": "Appa Sharma",
        "district": "Guntur",
        "mandal": "Mangalagiri",
        "village": "Mangalagiri",
        "doc_area_acres": 3.87,
        "gis_area_acres": 3.87,
        "area_delta_acres": 0,
        "status": "Synchronized",
        "classification": "Agricultural (Wet / Jirayati)",
        "is_demo_data": true,
        "discrepancy_note": null
      },
      "geometry": {
        "type": "Polygon",
        "coordinates": [
          [
            [
              80.581558,
              16.432269
            ],
            [
              80.583802,
              16.432343
            ],
            [
              80.583627,
              16.433731
            ],
            [
              80.581786,
              16.433801
            ],
            [
              80.581558,
              16.432269
            ]
          ]
        ]
      }
    },
    {
      "type": "Feature",
      "id": "PARCEL_247",
      "properties": {
        "parcel_id": "AP-GNT-0247",
        "survey_no": "149/2",
        "khata_no": "KH-2729",
        "pattadar_name": "Narayana Varma",
        "district": "Guntur",
        "mandal": "Mangalagiri",
        "village": "Atchampet",
        "doc_area_acres": 4.24,
        "gis_area_acres": 4.24,
        "area_delta_acres": 0,
        "status": "Synchronized",
        "classification": "Agricultural (Wet / Jirayati)",
        "is_demo_data": true,
        "discrepancy_note": null
      },
      "geometry": {
        "type": "Polygon",
        "coordinates": [
          [
            [
              80.583897,
              16.432272
            ],
            [
              80.585887,
              16.43217
            ],
            [
              80.586062,
              16.434056
            ],
            [
              80.583812,
              16.433747
            ],
            [
              80.583897,
              16.432272
            ]
          ]
        ]
      }
    },
    {
      "type": "Feature",
      "id": "PARCEL_248",
      "properties": {
        "parcel_id": "AP-GNT-0248",
        "survey_no": "149/3",
        "khata_no": "KH-2736",
        "pattadar_name": "Koteswara Kumar",
        "district": "Guntur",
        "mandal": "Mangalagiri",
        "village": "Navuluru",
        "doc_area_acres": 4.61,
        "gis_area_acres": 4.61,
        "area_delta_acres": 0,
        "status": "Synchronized",
        "classification": "Agricultural (Dry)",
        "is_demo_data": true,
        "discrepancy_note": null
      },
      "geometry": {
        "type": "Polygon",
        "coordinates": [
          [
            [
              80.58597,
              16.432152
            ],
            [
              80.588092,
              16.43214
            ],
            [
              80.588063,
              16.433713
            ],
            [
              80.586121,
              16.43371
            ],
            [
              80.58597,
              16.432152
            ]
          ]
        ]
      }
    },
    {
      "type": "Feature",
      "id": "PARCEL_249",
      "properties": {
        "parcel_id": "AP-GNT-0249",
        "survey_no": "149/4",
        "khata_no": "KH-2743",
        "pattadar_name": "Radha Devi",
        "district": "Guntur",
        "mandal": "Mangalagiri",
        "village": "Nidamarru",
        "doc_area_acres": 0.98,
        "gis_area_acres": 0.98,
        "area_delta_acres": 0,
        "status": "Synchronized",
        "classification": "Agricultural (Wet / Jirayati)",
        "is_demo_data": true,
        "discrepancy_note": null
      },
      "geometry": {
        "type": "Polygon",
        "coordinates": [
          [
            [
              80.588274,
              16.432317
            ],
            [
              80.590272,
              16.432126
            ],
            [
              80.590415,
              16.433782
            ],
            [
              80.58828,
              16.434013
            ],
            [
              80.588274,
              16.432317
            ]
          ]
        ]
      }
    },
    {
      "type": "Feature",
      "id": "PARCEL_250",
      "properties": {
        "parcel_id": "AP-GNT-0250",
        "survey_no": "149/5",
        "khata_no": "KH-2750",
        "pattadar_name": "Sujatha Sharma",
        "district": "Guntur",
        "mandal": "Mangalagiri",
        "village": "Kuragallu",
        "doc_area_acres": 1.35,
        "gis_area_acres": 1.35,
        "area_delta_acres": 0,
        "status": "Synchronized",
        "classification": "Agricultural (Wet / Jirayati)",
        "is_demo_data": true,
        "discrepancy_note": null
      },
      "geometry": {
        "type": "Polygon",
        "coordinates": [
          [
            [
              80.590297,
              16.432152
            ],
            [
              80.592528,
              16.432351
            ],
            [
              80.592562,
              16.433801
            ],
            [
              80.590406,
              16.433904
            ],
            [
              80.590297,
              16.432152
            ]
          ]
        ]
      }
    },
    {
      "type": "Feature",
      "id": "PARCEL_251",
      "properties": {
        "parcel_id": "AP-GNT-0251",
        "survey_no": "150/1",
        "khata_no": "KH-2757",
        "pattadar_name": "Ramana Varma",
        "district": "Guntur",
        "mandal": "Mangalagiri",
        "village": "Yerrabalem",
        "doc_area_acres": 1.72,
        "gis_area_acres": 1.72,
        "area_delta_acres": 0,
        "status": "Synchronized",
        "classification": "Agricultural (Wet / Jirayati)",
        "is_demo_data": true,
        "discrepancy_note": null
      },
      "geometry": {
        "type": "Polygon",
        "coordinates": [
          [
            [
              80.537618,
              16.433996
            ],
            [
              80.539622,
              16.434083
            ],
            [
              80.539547,
              16.4358
            ],
            [
              80.53749,
              16.435676
            ],
            [
              80.537618,
              16.433996
            ]
          ]
        ]
      }
    },
    {
      "type": "Feature",
      "id": "PARCEL_252",
      "properties": {
        "parcel_id": "AP-GNT-0252",
        "survey_no": "150/2",
        "khata_no": "KH-2764",
        "pattadar_name": "Govind Kumar",
        "district": "Guntur",
        "mandal": "Mangalagiri",
        "village": "Mangalagiri",
        "doc_area_acres": 2.09,
        "gis_area_acres": 2.09,
        "area_delta_acres": 0,
        "status": "Synchronized",
        "classification": "Agricultural (Dry)",
        "is_demo_data": true,
        "discrepancy_note": null
      },
      "geometry": {
        "type": "Polygon",
        "coordinates": [
          [
            [
              80.539743,
              16.434098
            ],
            [
              80.542109,
              16.434009
            ],
            [
              80.54192,
              16.435615
            ],
            [
              80.53968,
              16.435699
            ],
            [
              80.539743,
              16.434098
            ]
          ]
        ]
      }
    },
    {
      "type": "Feature",
      "id": "PARCEL_253",
      "properties": {
        "parcel_id": "AP-GNT-0253",
        "survey_no": "150/3",
        "khata_no": "KH-2771",
        "pattadar_name": "Krishna Devi",
        "district": "Guntur",
        "mandal": "Mangalagiri",
        "village": "Atchampet",
        "doc_area_acres": 2.46,
        "gis_area_acres": 2.46,
        "area_delta_acres": 0,
        "status": "Synchronized",
        "classification": "Agricultural (Wet / Jirayati)",
        "is_demo_data": true,
        "discrepancy_note": null
      },
      "geometry": {
        "type": "Polygon",
        "coordinates": [
          [
            [
              80.541961,
              16.433866
            ],
            [
              80.544063,
              16.433906
            ],
            [
              80.544058,
              16.435621
            ],
            [
              80.542022,
              16.43567
            ],
            [
              80.541961,
              16.433866
            ]
          ]
        ]
      }
    },
    {
      "type": "Feature",
      "id": "PARCEL_254",
      "properties": {
        "parcel_id": "AP-GNT-0254",
        "survey_no": "150/4",
        "khata_no": "KH-2778",
        "pattadar_name": "Mohan Sharma",
        "district": "Guntur",
        "mandal": "Mangalagiri",
        "village": "Navuluru",
        "doc_area_acres": 2.83,
        "gis_area_acres": 2.83,
        "area_delta_acres": 0,
        "status": "Synchronized",
        "classification": "Agricultural (Wet / Jirayati)",
        "is_demo_data": true,
        "discrepancy_note": null
      },
      "geometry": {
        "type": "Polygon",
        "coordinates": [
          [
            [
              80.544365,
              16.433919
            ],
            [
              80.546244,
              16.434073
            ],
            [
              80.546245,
              16.435854
            ],
            [
              80.544181,
              16.435655
            ],
            [
              80.544365,
              16.433919
            ]
          ]
        ]
      }
    },
    {
      "type": "Feature",
      "id": "PARCEL_255",
      "properties": {
        "parcel_id": "AP-GNT-0255",
        "survey_no": "150/5",
        "khata_no": "KH-2785",
        "pattadar_name": "Ravi Varma",
        "district": "Guntur",
        "mandal": "Mangalagiri",
        "village": "Nidamarru",
        "doc_area_acres": 3.2,
        "gis_area_acres": 3.2,
        "area_delta_acres": 0,
        "status": "Review Required",
        "classification": "Agricultural (Wet / Jirayati)",
        "is_demo_data": true,
        "discrepancy_note": null
      },
      "geometry": {
        "type": "Polygon",
        "coordinates": [
          [
            [
              80.546325,
              16.433895
            ],
            [
              80.548725,
              16.433822
            ],
            [
              80.54869,
              16.435849
            ],
            [
              80.546373,
              16.435637
            ],
            [
              80.546325,
              16.433895
            ]
          ]
        ]
      }
    },
    {
      "type": "Feature",
      "id": "PARCEL_256",
      "properties": {
        "parcel_id": "AP-GNT-0256",
        "survey_no": "151/1",
        "khata_no": "KH-2792",
        "pattadar_name": "Venkatesh Kumar",
        "district": "Guntur",
        "mandal": "Mangalagiri",
        "village": "Kuragallu",
        "doc_area_acres": 3.57,
        "gis_area_acres": 3.57,
        "area_delta_acres": 0,
        "status": "Synchronized",
        "classification": "Agricultural (Dry)",
        "is_demo_data": true,
        "discrepancy_note": null
      },
      "geometry": {
        "type": "Polygon",
        "coordinates": [
          [
            [
              80.548697,
              16.433829
            ],
            [
              80.550627,
              16.433846
            ],
            [
              80.55081,
              16.435647
            ],
            [
              80.548585,
              16.435753
            ],
            [
              80.548697,
              16.433829
            ]
          ]
        ]
      }
    },
    {
      "type": "Feature",
      "id": "PARCEL_257",
      "properties": {
        "parcel_id": "AP-GNT-0257",
        "survey_no": "151/2",
        "khata_no": "KH-2799",
        "pattadar_name": "Srinivasa Devi",
        "district": "Guntur",
        "mandal": "Mangalagiri",
        "village": "Yerrabalem",
        "doc_area_acres": 3.94,
        "gis_area_acres": 3.94,
        "area_delta_acres": 0,
        "status": "Synchronized",
        "classification": "Agricultural (Wet / Jirayati)",
        "is_demo_data": true,
        "discrepancy_note": null
      },
      "geometry": {
        "type": "Polygon",
        "coordinates": [
          [
            [
              80.550801,
              16.434102
            ],
            [
              80.552976,
              16.434014
            ],
            [
              80.553023,
              16.43554
            ],
            [
              80.550936,
              16.435712
            ],
            [
              80.550801,
              16.434102
            ]
          ]
        ]
      }
    },
    {
      "type": "Feature",
      "id": "PARCEL_258",
      "properties": {
        "parcel_id": "AP-GNT-0258",
        "survey_no": "151/3",
        "khata_no": "KH-2806",
        "pattadar_name": "Lakshmi Sharma",
        "district": "Guntur",
        "mandal": "Mangalagiri",
        "village": "Mangalagiri",
        "doc_area_acres": 4.31,
        "gis_area_acres": 4.31,
        "area_delta_acres": 0,
        "status": "Synchronized",
        "classification": "Agricultural (Wet / Jirayati)",
        "is_demo_data": true,
        "discrepancy_note": null
      },
      "geometry": {
        "type": "Polygon",
        "coordinates": [
          [
            [
              80.553016,
              16.433918
            ],
            [
              80.55508,
              16.434011
            ],
            [
              80.554972,
              16.435665
            ],
            [
              80.553061,
              16.435591
            ],
            [
              80.553016,
              16.433918
            ]
          ]
        ]
      }
    },
    {
      "type": "Feature",
      "id": "PARCEL_259",
      "properties": {
        "parcel_id": "AP-GNT-0259",
        "survey_no": "151/4",
        "khata_no": "KH-2813",
        "pattadar_name": "Satyanarayana Varma",
        "district": "Guntur",
        "mandal": "Mangalagiri",
        "village": "Atchampet",
        "doc_area_acres": 4.68,
        "gis_area_acres": 4.68,
        "area_delta_acres": 0,
        "status": "Synchronized",
        "classification": "Agricultural (Wet / Jirayati)",
        "is_demo_data": true,
        "discrepancy_note": null
      },
      "geometry": {
        "type": "Polygon",
        "coordinates": [
          [
            [
              80.555364,
              16.434094
            ],
            [
              80.557201,
              16.434104
            ],
            [
              80.557277,
              16.435695
            ],
            [
              80.555117,
              16.435648
            ],
            [
              80.555364,
              16.434094
            ]
          ]
        ]
      }
    },
    {
      "type": "Feature",
      "id": "PARCEL_260",
      "properties": {
        "parcel_id": "AP-GNT-0260",
        "survey_no": "151/5",
        "khata_no": "KH-2820",
        "pattadar_name": "Subba Kumar",
        "district": "Guntur",
        "mandal": "Mangalagiri",
        "village": "Navuluru",
        "doc_area_acres": 1.05,
        "gis_area_acres": 1.05,
        "area_delta_acres": 0,
        "status": "Synchronized",
        "classification": "Agricultural (Dry)",
        "is_demo_data": true,
        "discrepancy_note": null
      },
      "geometry": {
        "type": "Polygon",
        "coordinates": [
          [
            [
              80.557506,
              16.434031
            ],
            [
              80.559435,
              16.433911
            ],
            [
              80.559646,
              16.435539
            ],
            [
              80.557592,
              16.435607
            ],
            [
              80.557506,
              16.434031
            ]
          ]
        ]
      }
    },
    {
      "type": "Feature",
      "id": "PARCEL_261",
      "properties": {
        "parcel_id": "AP-GNT-0261",
        "survey_no": "152/1",
        "khata_no": "KH-2827",
        "pattadar_name": "Appa Devi",
        "district": "Guntur",
        "mandal": "Mangalagiri",
        "village": "Nidamarru",
        "doc_area_acres": 1.42,
        "gis_area_acres": 1.42,
        "area_delta_acres": 0,
        "status": "Synchronized",
        "classification": "Agricultural (Wet / Jirayati)",
        "is_demo_data": true,
        "discrepancy_note": null
      },
      "geometry": {
        "type": "Polygon",
        "coordinates": [
          [
            [
              80.559654,
              16.434037
            ],
            [
              80.561723,
              16.434155
            ],
            [
              80.56159,
              16.435738
            ],
            [
              80.559769,
              16.435565
            ],
            [
              80.559654,
              16.434037
            ]
          ]
        ]
      }
    },
    {
      "type": "Feature",
      "id": "PARCEL_262",
      "properties": {
        "parcel_id": "AP-GNT-0262",
        "survey_no": "152/2",
        "khata_no": "KH-2834",
        "pattadar_name": "Narayana Sharma",
        "district": "Guntur",
        "mandal": "Mangalagiri",
        "village": "Kuragallu",
        "doc_area_acres": 1.79,
        "gis_area_acres": 1.79,
        "area_delta_acres": 0,
        "status": "Synchronized",
        "classification": "Agricultural (Wet / Jirayati)",
        "is_demo_data": true,
        "discrepancy_note": null
      },
      "geometry": {
        "type": "Polygon",
        "coordinates": [
          [
            [
              80.561819,
              16.4338
            ],
            [
              80.563812,
              16.43395
            ],
            [
              80.564046,
              16.435622
            ],
            [
              80.561889,
              16.435509
            ],
            [
              80.561819,
              16.4338
            ]
          ]
        ]
      }
    },
    {
      "type": "Feature",
      "id": "PARCEL_263",
      "properties": {
        "parcel_id": "AP-GNT-0263",
        "survey_no": "124/3",
        "khata_no": "KH-2048",
        "pattadar_name": "Ravi Kumar",
        "district": "Guntur",
        "mandal": "Mangalagiri",
        "village": "Mangalagiri",
        "doc_area_acres": 2.45,
        "gis_area_acres": 2.31,
        "area_delta_acres": -0.14,
        "status": "GIS Conflict",
        "classification": "Agricultural (Wet / Jirayati)",
        "is_demo_data": true,
        "discrepancy_note": "Road expansion easement encroachment (-0.14 Acres along North boundary)"
      },
      "geometry": {
        "type": "Polygon",
        "coordinates": [
          [
            [
              80.563976,
              16.433804
            ],
            [
              80.566004,
              16.434094
            ],
            [
              80.56601,
              16.435544
            ],
            [
              80.563905,
              16.43551
            ],
            [
              80.563976,
              16.433804
            ]
          ]
        ]
      }
    },
    {
      "type": "Feature",
      "id": "PARCEL_264",
      "properties": {
        "parcel_id": "AP-GNT-0264",
        "survey_no": "152/4",
        "khata_no": "KH-2848",
        "pattadar_name": "Radha Kumar",
        "district": "Guntur",
        "mandal": "Mangalagiri",
        "village": "Mangalagiri",
        "doc_area_acres": 2.53,
        "gis_area_acres": 2.53,
        "area_delta_acres": 0,
        "status": "Synchronized",
        "classification": "Agricultural (Dry)",
        "is_demo_data": true,
        "discrepancy_note": null
      },
      "geometry": {
        "type": "Polygon",
        "coordinates": [
          [
            [
              80.56634,
              16.434045
            ],
            [
              80.568355,
              16.433978
            ],
            [
              80.568199,
              16.435852
            ],
            [
              80.566308,
              16.435567
            ],
            [
              80.56634,
              16.434045
            ]
          ]
        ]
      }
    },
    {
      "type": "Feature",
      "id": "PARCEL_265",
      "properties": {
        "parcel_id": "AP-GNT-0265",
        "survey_no": "152/5",
        "khata_no": "KH-2855",
        "pattadar_name": "Sujatha Devi",
        "district": "Guntur",
        "mandal": "Mangalagiri",
        "village": "Atchampet",
        "doc_area_acres": 2.9,
        "gis_area_acres": 2.9,
        "area_delta_acres": 0,
        "status": "Synchronized",
        "classification": "Agricultural (Wet / Jirayati)",
        "is_demo_data": true,
        "discrepancy_note": null
      },
      "geometry": {
        "type": "Polygon",
        "coordinates": [
          [
            [
              80.568555,
              16.434059
            ],
            [
              80.570706,
              16.43389
            ],
            [
              80.570361,
              16.435749
            ],
            [
              80.568582,
              16.43552
            ],
            [
              80.568555,
              16.434059
            ]
          ]
        ]
      }
    },
    {
      "type": "Feature",
      "id": "PARCEL_266",
      "properties": {
        "parcel_id": "AP-GNT-0266",
        "survey_no": "153/1",
        "khata_no": "KH-2862",
        "pattadar_name": "Ramana Sharma",
        "district": "Guntur",
        "mandal": "Mangalagiri",
        "village": "Navuluru",
        "doc_area_acres": 3.27,
        "gis_area_acres": 3.27,
        "area_delta_acres": 0,
        "status": "Synchronized",
        "classification": "Agricultural (Wet / Jirayati)",
        "is_demo_data": true,
        "discrepancy_note": null
      },
      "geometry": {
        "type": "Polygon",
        "coordinates": [
          [
            [
              80.57058,
              16.433811
            ],
            [
              80.572633,
              16.434032
            ],
            [
              80.572688,
              16.435808
            ],
            [
              80.570819,
              16.435707
            ],
            [
              80.57058,
              16.433811
            ]
          ]
        ]
      }
    },
    {
      "type": "Feature",
      "id": "PARCEL_267",
      "properties": {
        "parcel_id": "AP-GNT-0267",
        "survey_no": "153/2",
        "khata_no": "KH-2869",
        "pattadar_name": "Govind Varma",
        "district": "Guntur",
        "mandal": "Mangalagiri",
        "village": "Nidamarru",
        "doc_area_acres": 3.64,
        "gis_area_acres": 3.64,
        "area_delta_acres": 0,
        "status": "Synchronized",
        "classification": "Agricultural (Wet / Jirayati)",
        "is_demo_data": true,
        "discrepancy_note": null
      },
      "geometry": {
        "type": "Polygon",
        "coordinates": [
          [
            [
              80.572991,
              16.433929
            ],
            [
              80.575123,
              16.434122
            ],
            [
              80.57503,
              16.435562
            ],
            [
              80.573029,
              16.435811
            ],
            [
              80.572991,
              16.433929
            ]
          ]
        ]
      }
    },
    {
      "type": "Feature",
      "id": "PARCEL_268",
      "properties": {
        "parcel_id": "AP-GNT-0268",
        "survey_no": "153/3",
        "khata_no": "KH-2876",
        "pattadar_name": "Krishna Kumar",
        "district": "Guntur",
        "mandal": "Mangalagiri",
        "village": "Kuragallu",
        "doc_area_acres": 4.01,
        "gis_area_acres": 4.01,
        "area_delta_acres": 0,
        "status": "Synchronized",
        "classification": "Agricultural (Dry)",
        "is_demo_data": true,
        "discrepancy_note": null
      },
      "geometry": {
        "type": "Polygon",
        "coordinates": [
          [
            [
              80.575139,
              16.433981
            ],
            [
              80.577144,
              16.434144
            ],
            [
              80.577204,
              16.435587
            ],
            [
              80.575206,
              16.435689
            ],
            [
              80.575139,
              16.433981
            ]
          ]
        ]
      }
    },
    {
      "type": "Feature",
      "id": "PARCEL_269",
      "properties": {
        "parcel_id": "AP-GNT-0269",
        "survey_no": "153/4",
        "khata_no": "KH-2883",
        "pattadar_name": "Mohan Devi",
        "district": "Guntur",
        "mandal": "Mangalagiri",
        "village": "Yerrabalem",
        "doc_area_acres": 4.38,
        "gis_area_acres": 4.38,
        "area_delta_acres": 0,
        "status": "Synchronized",
        "classification": "Agricultural (Wet / Jirayati)",
        "is_demo_data": true,
        "discrepancy_note": null
      },
      "geometry": {
        "type": "Polygon",
        "coordinates": [
          [
            [
              80.577383,
              16.433996
            ],
            [
              80.579208,
              16.433963
            ],
            [
              80.579448,
              16.435842
            ],
            [
              80.5771,
              16.435799
            ],
            [
              80.577383,
              16.433996
            ]
          ]
        ]
      }
    },
    {
      "type": "Feature",
      "id": "PARCEL_270",
      "properties": {
        "parcel_id": "AP-GNT-0270",
        "survey_no": "153/5",
        "khata_no": "KH-2890",
        "pattadar_name": "Ravi Sharma",
        "district": "Guntur",
        "mandal": "Mangalagiri",
        "village": "Mangalagiri",
        "doc_area_acres": 4.75,
        "gis_area_acres": 4.75,
        "area_delta_acres": 0,
        "status": "Synchronized",
        "classification": "Agricultural (Wet / Jirayati)",
        "is_demo_data": true,
        "discrepancy_note": null
      },
      "geometry": {
        "type": "Polygon",
        "coordinates": [
          [
            [
              80.5795,
              16.434056
            ],
            [
              80.581535,
              16.433954
            ],
            [
              80.58139,
              16.435646
            ],
            [
              80.579527,
              16.435655
            ],
            [
              80.5795,
              16.434056
            ]
          ]
        ]
      }
    },
    {
      "type": "Feature",
      "id": "PARCEL_271",
      "properties": {
        "parcel_id": "AP-GNT-0271",
        "survey_no": "154/1",
        "khata_no": "KH-2897",
        "pattadar_name": "Venkatesh Varma",
        "district": "Guntur",
        "mandal": "Mangalagiri",
        "village": "Atchampet",
        "doc_area_acres": 1.12,
        "gis_area_acres": 1.12,
        "area_delta_acres": 0,
        "status": "Synchronized",
        "classification": "Agricultural (Wet / Jirayati)",
        "is_demo_data": true,
        "discrepancy_note": null
      },
      "geometry": {
        "type": "Polygon",
        "coordinates": [
          [
            [
              80.581819,
              16.433904
            ],
            [
              80.583829,
              16.434053
            ],
            [
              80.583778,
              16.435848
            ],
            [
              80.581598,
              16.43553
            ],
            [
              80.581819,
              16.433904
            ]
          ]
        ]
      }
    },
    {
      "type": "Feature",
      "id": "PARCEL_272",
      "properties": {
        "parcel_id": "AP-GNT-0272",
        "survey_no": "154/2",
        "khata_no": "KH-2904",
        "pattadar_name": "Srinivasa Kumar",
        "district": "Guntur",
        "mandal": "Mangalagiri",
        "village": "Navuluru",
        "doc_area_acres": 1.49,
        "gis_area_acres": 1.49,
        "area_delta_acres": 0,
        "status": "Review Required",
        "classification": "Agricultural (Dry)",
        "is_demo_data": true,
        "discrepancy_note": null
      },
      "geometry": {
        "type": "Polygon",
        "coordinates": [
          [
            [
              80.583928,
              16.433923
            ],
            [
              80.586133,
              16.433834
            ],
            [
              80.585869,
              16.435664
            ],
            [
              80.583922,
              16.435646
            ],
            [
              80.583928,
              16.433923
            ]
          ]
        ]
      }
    },
    {
      "type": "Feature",
      "id": "PARCEL_273",
      "properties": {
        "parcel_id": "AP-GNT-0273",
        "survey_no": "154/3",
        "khata_no": "KH-2911",
        "pattadar_name": "Lakshmi Devi",
        "district": "Guntur",
        "mandal": "Mangalagiri",
        "village": "Nidamarru",
        "doc_area_acres": 1.86,
        "gis_area_acres": 1.86,
        "area_delta_acres": 0,
        "status": "Synchronized",
        "classification": "Agricultural (Wet / Jirayati)",
        "is_demo_data": true,
        "discrepancy_note": null
      },
      "geometry": {
        "type": "Polygon",
        "coordinates": [
          [
            [
              80.5862,
              16.433862
            ],
            [
              80.588281,
              16.433865
            ],
            [
              80.588283,
              16.435679
            ],
            [
              80.586075,
              16.4357
            ],
            [
              80.5862,
              16.433862
            ]
          ]
        ]
      }
    },
    {
      "type": "Feature",
      "id": "PARCEL_274",
      "properties": {
        "parcel_id": "AP-GNT-0274",
        "survey_no": "154/4",
        "khata_no": "KH-2918",
        "pattadar_name": "Satyanarayana Sharma",
        "district": "Guntur",
        "mandal": "Mangalagiri",
        "village": "Kuragallu",
        "doc_area_acres": 2.23,
        "gis_area_acres": 2.23,
        "area_delta_acres": 0,
        "status": "Synchronized",
        "classification": "Agricultural (Wet / Jirayati)",
        "is_demo_data": true,
        "discrepancy_note": null
      },
      "geometry": {
        "type": "Polygon",
        "coordinates": [
          [
            [
              80.588244,
              16.433987
            ],
            [
              80.590288,
              16.434066
            ],
            [
              80.590391,
              16.435787
            ],
            [
              80.588174,
              16.435532
            ],
            [
              80.588244,
              16.433987
            ]
          ]
        ]
      }
    },
    {
      "type": "Feature",
      "id": "PARCEL_275",
      "properties": {
        "parcel_id": "AP-GNT-0275",
        "survey_no": "154/5",
        "khata_no": "KH-2925",
        "pattadar_name": "Subba Varma",
        "district": "Guntur",
        "mandal": "Mangalagiri",
        "village": "Yerrabalem",
        "doc_area_acres": 2.6,
        "gis_area_acres": 2.6,
        "area_delta_acres": 0,
        "status": "Synchronized",
        "classification": "Agricultural (Wet / Jirayati)",
        "is_demo_data": true,
        "discrepancy_note": null
      },
      "geometry": {
        "type": "Polygon",
        "coordinates": [
          [
            [
              80.590326,
              16.434004
            ],
            [
              80.592408,
              16.433928
            ],
            [
              80.592597,
              16.435573
            ],
            [
              80.590524,
              16.435627
            ],
            [
              80.590326,
              16.434004
            ]
          ]
        ]
      }
    },
    {
      "type": "Feature",
      "id": "PARCEL_276",
      "properties": {
        "parcel_id": "AP-GNT-0276",
        "survey_no": "155/1",
        "khata_no": "KH-2932",
        "pattadar_name": "Appa Kumar",
        "district": "Guntur",
        "mandal": "Mangalagiri",
        "village": "Mangalagiri",
        "doc_area_acres": 2.97,
        "gis_area_acres": 2.97,
        "area_delta_acres": 0,
        "status": "Synchronized",
        "classification": "Agricultural (Dry)",
        "is_demo_data": true,
        "discrepancy_note": null
      },
      "geometry": {
        "type": "Polygon",
        "coordinates": [
          [
            [
              80.537548,
              16.435822
            ],
            [
              80.539777,
              16.435746
            ],
            [
              80.539763,
              16.43743
            ],
            [
              80.537769,
              16.437294
            ],
            [
              80.537548,
              16.435822
            ]
          ]
        ]
      }
    },
    {
      "type": "Feature",
      "id": "PARCEL_277",
      "properties": {
        "parcel_id": "AP-GNT-0277",
        "survey_no": "155/2",
        "khata_no": "KH-2939",
        "pattadar_name": "Narayana Devi",
        "district": "Guntur",
        "mandal": "Mangalagiri",
        "village": "Atchampet",
        "doc_area_acres": 3.34,
        "gis_area_acres": 3.34,
        "area_delta_acres": 0,
        "status": "Synchronized",
        "classification": "Agricultural (Wet / Jirayati)",
        "is_demo_data": true,
        "discrepancy_note": null
      },
      "geometry": {
        "type": "Polygon",
        "coordinates": [
          [
            [
              80.53979,
              16.435889
            ],
            [
              80.542055,
              16.435928
            ],
            [
              80.541844,
              16.437644
            ],
            [
              80.540011,
              16.437364
            ],
            [
              80.53979,
              16.435889
            ]
          ]
        ]
      }
    },
    {
      "type": "Feature",
      "id": "PARCEL_278",
      "properties": {
        "parcel_id": "AP-GNT-0278",
        "survey_no": "155/3",
        "khata_no": "KH-2946",
        "pattadar_name": "Koteswara Sharma",
        "district": "Guntur",
        "mandal": "Mangalagiri",
        "village": "Navuluru",
        "doc_area_acres": 3.71,
        "gis_area_acres": 3.71,
        "area_delta_acres": 0,
        "status": "Synchronized",
        "classification": "Agricultural (Wet / Jirayati)",
        "is_demo_data": true,
        "discrepancy_note": null
      },
      "geometry": {
        "type": "Polygon",
        "coordinates": [
          [
            [
              80.542146,
              16.435727
            ],
            [
              80.5443,
              16.435895
            ],
            [
              80.543984,
              16.437339
            ],
            [
              80.541892,
              16.437503
            ],
            [
              80.542146,
              16.435727
            ]
          ]
        ]
      }
    },
    {
      "type": "Feature",
      "id": "PARCEL_279",
      "properties": {
        "parcel_id": "AP-GNT-0279",
        "survey_no": "155/4",
        "khata_no": "KH-2953",
        "pattadar_name": "Radha Varma",
        "district": "Guntur",
        "mandal": "Mangalagiri",
        "village": "Nidamarru",
        "doc_area_acres": 4.08,
        "gis_area_acres": 4.08,
        "area_delta_acres": 0,
        "status": "Synchronized",
        "classification": "Agricultural (Wet / Jirayati)",
        "is_demo_data": true,
        "discrepancy_note": null
      },
      "geometry": {
        "type": "Polygon",
        "coordinates": [
          [
            [
              80.544286,
              16.435877
            ],
            [
              80.546412,
              16.435728
            ],
            [
              80.546442,
              16.437549
            ],
            [
              80.544292,
              16.437368
            ],
            [
              80.544286,
              16.435877
            ]
          ]
        ]
      }
    },
    {
      "type": "Feature",
      "id": "PARCEL_280",
      "properties": {
        "parcel_id": "AP-GNT-0280",
        "survey_no": "155/5",
        "khata_no": "KH-2960",
        "pattadar_name": "Sujatha Kumar",
        "district": "Guntur",
        "mandal": "Mangalagiri",
        "village": "Kuragallu",
        "doc_area_acres": 4.45,
        "gis_area_acres": 4.45,
        "area_delta_acres": 0,
        "status": "Synchronized",
        "classification": "Agricultural (Dry)",
        "is_demo_data": true,
        "discrepancy_note": null
      },
      "geometry": {
        "type": "Polygon",
        "coordinates": [
          [
            [
              80.546495,
              16.435919
            ],
            [
              80.548615,
              16.435732
            ],
            [
              80.548669,
              16.43744
            ],
            [
              80.546338,
              16.437441
            ],
            [
              80.546495,
              16.435919
            ]
          ]
        ]
      }
    },
    {
      "type": "Feature",
      "id": "PARCEL_281",
      "properties": {
        "parcel_id": "AP-GNT-0281",
        "survey_no": "156/1",
        "khata_no": "KH-2967",
        "pattadar_name": "Ramana Devi",
        "district": "Guntur",
        "mandal": "Mangalagiri",
        "village": "Yerrabalem",
        "doc_area_acres": 4.82,
        "gis_area_acres": 4.82,
        "area_delta_acres": 0,
        "status": "Synchronized",
        "classification": "Agricultural (Wet / Jirayati)",
        "is_demo_data": true,
        "discrepancy_note": null
      },
      "geometry": {
        "type": "Polygon",
        "coordinates": [
          [
            [
              80.548513,
              16.435781
            ],
            [
              80.550654,
              16.435751
            ],
            [
              80.550614,
              16.437419
            ],
            [
              80.548696,
              16.437553
            ],
            [
              80.548513,
              16.435781
            ]
          ]
        ]
      }
    },
    {
      "type": "Feature",
      "id": "PARCEL_282",
      "properties": {
        "parcel_id": "AP-GNT-0282",
        "survey_no": "156/2",
        "khata_no": "KH-2974",
        "pattadar_name": "Govind Sharma",
        "district": "Guntur",
        "mandal": "Mangalagiri",
        "village": "Mangalagiri",
        "doc_area_acres": 1.19,
        "gis_area_acres": 1.19,
        "area_delta_acres": 0,
        "status": "Synchronized",
        "classification": "Agricultural (Wet / Jirayati)",
        "is_demo_data": true,
        "discrepancy_note": null
      },
      "geometry": {
        "type": "Polygon",
        "coordinates": [
          [
            [
              80.550911,
              16.435838
            ],
            [
              80.552904,
              16.435906
            ],
            [
              80.552918,
              16.437651
            ],
            [
              80.550922,
              16.437331
            ],
            [
              80.550911,
              16.435838
            ]
          ]
        ]
      }
    },
    {
      "type": "Feature",
      "id": "PARCEL_283",
      "properties": {
        "parcel_id": "AP-GNT-0283",
        "survey_no": "156/3",
        "khata_no": "KH-2981",
        "pattadar_name": "Krishna Varma",
        "district": "Guntur",
        "mandal": "Mangalagiri",
        "village": "Atchampet",
        "doc_area_acres": 1.56,
        "gis_area_acres": 1.56,
        "area_delta_acres": 0,
        "status": "Synchronized",
        "classification": "Agricultural (Wet / Jirayati)",
        "is_demo_data": true,
        "discrepancy_note": null
      },
      "geometry": {
        "type": "Polygon",
        "coordinates": [
          [
            [
              80.553194,
              16.435667
            ],
            [
              80.555299,
              16.435723
            ],
            [
              80.554992,
              16.437443
            ],
            [
              80.553056,
              16.437546
            ],
            [
              80.553194,
              16.435667
            ]
          ]
        ]
      }
    },
    {
      "type": "Feature",
      "id": "PARCEL_284",
      "properties": {
        "parcel_id": "AP-GNT-0284",
        "survey_no": "156/4",
        "khata_no": "KH-2988",
        "pattadar_name": "Mohan Kumar",
        "district": "Guntur",
        "mandal": "Mangalagiri",
        "village": "Navuluru",
        "doc_area_acres": 1.93,
        "gis_area_acres": 1.93,
        "area_delta_acres": 0,
        "status": "Synchronized",
        "classification": "Agricultural (Dry)",
        "is_demo_data": true,
        "discrepancy_note": null
      },
      "geometry": {
        "type": "Polygon",
        "coordinates": [
          [
            [
              80.55525,
              16.435789
            ],
            [
              80.557403,
              16.435735
            ],
            [
              80.557254,
              16.437395
            ],
            [
              80.555093,
              16.437414
            ],
            [
              80.55525,
              16.435789
            ]
          ]
        ]
      }
    },
    {
      "type": "Feature",
      "id": "PARCEL_285",
      "properties": {
        "parcel_id": "AP-GNT-0285",
        "survey_no": "156/5",
        "khata_no": "KH-2995",
        "pattadar_name": "Ravi Devi",
        "district": "Guntur",
        "mandal": "Mangalagiri",
        "village": "Nidamarru",
        "doc_area_acres": 2.3,
        "gis_area_acres": 2.3,
        "area_delta_acres": 0,
        "status": "Synchronized",
        "classification": "Agricultural (Wet / Jirayati)",
        "is_demo_data": true,
        "discrepancy_note": null
      },
      "geometry": {
        "type": "Polygon",
        "coordinates": [
          [
            [
              80.557518,
              16.435834
            ],
            [
              80.559727,
              16.435934
            ],
            [
              80.559431,
              16.437434
            ],
            [
              80.557294,
              16.437303
            ],
            [
              80.557518,
              16.435834
            ]
          ]
        ]
      }
    },
    {
      "type": "Feature",
      "id": "PARCEL_286",
      "properties": {
        "parcel_id": "AP-GNT-0286",
        "survey_no": "157/1",
        "khata_no": "KH-3002",
        "pattadar_name": "Venkatesh Sharma",
        "district": "Guntur",
        "mandal": "Mangalagiri",
        "village": "Kuragallu",
        "doc_area_acres": 2.67,
        "gis_area_acres": 2.67,
        "area_delta_acres": 0,
        "status": "Synchronized",
        "classification": "Agricultural (Wet / Jirayati)",
        "is_demo_data": true,
        "discrepancy_note": null
      },
      "geometry": {
        "type": "Polygon",
        "coordinates": [
          [
            [
              80.559589,
              16.435639
            ],
            [
              80.561659,
              16.435726
            ],
            [
              80.5616,
              16.437463
            ],
            [
              80.559678,
              16.437473
            ],
            [
              80.559589,
              16.435639
            ]
          ]
        ]
      }
    },
    {
      "type": "Feature",
      "id": "PARCEL_287",
      "properties": {
        "parcel_id": "AP-GNT-0287",
        "survey_no": "157/2",
        "khata_no": "KH-3009",
        "pattadar_name": "Srinivasa Varma",
        "district": "Guntur",
        "mandal": "Mangalagiri",
        "village": "Yerrabalem",
        "doc_area_acres": 3.04,
        "gis_area_acres": 3.04,
        "area_delta_acres": 0,
        "status": "Synchronized",
        "classification": "Agricultural (Wet / Jirayati)",
        "is_demo_data": true,
        "discrepancy_note": null
      },
      "geometry": {
        "type": "Polygon",
        "coordinates": [
          [
            [
              80.561841,
              16.435716
            ],
            [
              80.564107,
              16.435881
            ],
            [
              80.563861,
              16.437403
            ],
            [
              80.561758,
              16.437506
            ],
            [
              80.561841,
              16.435716
            ]
          ]
        ]
      }
    },
    {
      "type": "Feature",
      "id": "PARCEL_288",
      "properties": {
        "parcel_id": "AP-GNT-0288",
        "survey_no": "157/3",
        "khata_no": "KH-3016",
        "pattadar_name": "Lakshmi Kumar",
        "district": "Guntur",
        "mandal": "Mangalagiri",
        "village": "Mangalagiri",
        "doc_area_acres": 3.41,
        "gis_area_acres": 3.41,
        "area_delta_acres": 0,
        "status": "Synchronized",
        "classification": "Agricultural (Dry)",
        "is_demo_data": true,
        "discrepancy_note": null
      },
      "geometry": {
        "type": "Polygon",
        "coordinates": [
          [
            [
              80.564119,
              16.435615
            ],
            [
              80.566248,
              16.435829
            ],
            [
              80.566251,
              16.43752
            ],
            [
              80.563886,
              16.437493
            ],
            [
              80.564119,
              16.435615
            ]
          ]
        ]
      }
    },
    {
      "type": "Feature",
      "id": "PARCEL_289",
      "properties": {
        "parcel_id": "AP-GNT-0289",
        "survey_no": "157/4",
        "khata_no": "KH-3023",
        "pattadar_name": "Satyanarayana Devi",
        "district": "Guntur",
        "mandal": "Mangalagiri",
        "village": "Atchampet",
        "doc_area_acres": 3.78,
        "gis_area_acres": 3.78,
        "area_delta_acres": 0,
        "status": "Review Required",
        "classification": "Agricultural (Wet / Jirayati)",
        "is_demo_data": true,
        "discrepancy_note": null
      },
      "geometry": {
        "type": "Polygon",
        "coordinates": [
          [
            [
              80.566244,
              16.435589
            ],
            [
              80.568418,
              16.435936
            ],
            [
              80.568376,
              16.437333
            ],
            [
              80.566201,
              16.437453
            ],
            [
              80.566244,
              16.435589
            ]
          ]
        ]
      }
    },
    {
      "type": "Feature",
      "id": "PARCEL_290",
      "properties": {
        "parcel_id": "AP-GNT-0290",
        "survey_no": "157/5",
        "khata_no": "KH-3030",
        "pattadar_name": "Subba Sharma",
        "district": "Guntur",
        "mandal": "Mangalagiri",
        "village": "Navuluru",
        "doc_area_acres": 4.15,
        "gis_area_acres": 4.15,
        "area_delta_acres": 0,
        "status": "Synchronized",
        "classification": "Agricultural (Wet / Jirayati)",
        "is_demo_data": true,
        "discrepancy_note": null
      },
      "geometry": {
        "type": "Polygon",
        "coordinates": [
          [
            [
              80.568415,
              16.435713
            ],
            [
              80.570595,
              16.435901
            ],
            [
              80.570528,
              16.437602
            ],
            [
              80.568413,
              16.437488
            ],
            [
              80.568415,
              16.435713
            ]
          ]
        ]
      }
    },
    {
      "type": "Feature",
      "id": "PARCEL_291",
      "properties": {
        "parcel_id": "AP-GNT-0291",
        "survey_no": "158/1",
        "khata_no": "KH-3037",
        "pattadar_name": "Appa Varma",
        "district": "Guntur",
        "mandal": "Mangalagiri",
        "village": "Nidamarru",
        "doc_area_acres": 4.52,
        "gis_area_acres": 4.52,
        "area_delta_acres": 0,
        "status": "Synchronized",
        "classification": "Agricultural (Wet / Jirayati)",
        "is_demo_data": true,
        "discrepancy_note": null
      },
      "geometry": {
        "type": "Polygon",
        "coordinates": [
          [
            [
              80.570643,
              16.435924
            ],
            [
              80.572794,
              16.435814
            ],
            [
              80.57274,
              16.437413
            ],
            [
              80.57063,
              16.437601
            ],
            [
              80.570643,
              16.435924
            ]
          ]
        ]
      }
    },
    {
      "type": "Feature",
      "id": "PARCEL_292",
      "properties": {
        "parcel_id": "AP-GNT-0292",
        "survey_no": "158/2",
        "khata_no": "KH-3044",
        "pattadar_name": "Narayana Kumar",
        "district": "Guntur",
        "mandal": "Mangalagiri",
        "village": "Kuragallu",
        "doc_area_acres": 0.89,
        "gis_area_acres": 0.89,
        "area_delta_acres": 0,
        "status": "Synchronized",
        "classification": "Agricultural (Dry)",
        "is_demo_data": true,
        "discrepancy_note": null
      },
      "geometry": {
        "type": "Polygon",
        "coordinates": [
          [
            [
              80.572952,
              16.435691
            ],
            [
              80.574918,
              16.435929
            ],
            [
              80.575031,
              16.437545
            ],
            [
              80.572792,
              16.43756
            ],
            [
              80.572952,
              16.435691
            ]
          ]
        ]
      }
    },
    {
      "type": "Feature",
      "id": "PARCEL_293",
      "properties": {
        "parcel_id": "AP-GNT-0293",
        "survey_no": "158/3",
        "khata_no": "KH-3051",
        "pattadar_name": "Koteswara Devi",
        "district": "Guntur",
        "mandal": "Mangalagiri",
        "village": "Yerrabalem",
        "doc_area_acres": 1.26,
        "gis_area_acres": 1.26,
        "area_delta_acres": 0,
        "status": "Synchronized",
        "classification": "Agricultural (Wet / Jirayati)",
        "is_demo_data": true,
        "discrepancy_note": null
      },
      "geometry": {
        "type": "Polygon",
        "coordinates": [
          [
            [
              80.575214,
              16.435899
            ],
            [
              80.577298,
              16.435797
            ],
            [
              80.577198,
              16.437399
            ],
            [
              80.574938,
              16.437606
            ],
            [
              80.575214,
              16.435899
            ]
          ]
        ]
      }
    },
    {
      "type": "Feature",
      "id": "PARCEL_294",
      "properties": {
        "parcel_id": "AP-GNT-0294",
        "survey_no": "158/4",
        "khata_no": "KH-3058",
        "pattadar_name": "Radha Sharma",
        "district": "Guntur",
        "mandal": "Mangalagiri",
        "village": "Mangalagiri",
        "doc_area_acres": 1.63,
        "gis_area_acres": 1.63,
        "area_delta_acres": 0,
        "status": "Synchronized",
        "classification": "Agricultural (Wet / Jirayati)",
        "is_demo_data": true,
        "discrepancy_note": null
      },
      "geometry": {
        "type": "Polygon",
        "coordinates": [
          [
            [
              80.577421,
              16.435592
            ],
            [
              80.579231,
              16.435794
            ],
            [
              80.579478,
              16.437336
            ],
            [
              80.57708,
              16.437602
            ],
            [
              80.577421,
              16.435592
            ]
          ]
        ]
      }
    },
    {
      "type": "Feature",
      "id": "PARCEL_295",
      "properties": {
        "parcel_id": "AP-GNT-0295",
        "survey_no": "158/5",
        "khata_no": "KH-3065",
        "pattadar_name": "Sujatha Varma",
        "district": "Guntur",
        "mandal": "Mangalagiri",
        "village": "Atchampet",
        "doc_area_acres": 2,
        "gis_area_acres": 2,
        "area_delta_acres": 0,
        "status": "Synchronized",
        "classification": "Agricultural (Wet / Jirayati)",
        "is_demo_data": true,
        "discrepancy_note": null
      },
      "geometry": {
        "type": "Polygon",
        "coordinates": [
          [
            [
              80.57948,
              16.43579
            ],
            [
              80.581608,
              16.435899
            ],
            [
              80.581495,
              16.437457
            ],
            [
              80.579485,
              16.437588
            ],
            [
              80.57948,
              16.43579
            ]
          ]
        ]
      }
    },
    {
      "type": "Feature",
      "id": "PARCEL_296",
      "properties": {
        "parcel_id": "AP-GNT-0296",
        "survey_no": "159/1",
        "khata_no": "KH-3072",
        "pattadar_name": "Ramana Kumar",
        "district": "Guntur",
        "mandal": "Mangalagiri",
        "village": "Navuluru",
        "doc_area_acres": 2.37,
        "gis_area_acres": 2.37,
        "area_delta_acres": 0,
        "status": "Synchronized",
        "classification": "Agricultural (Dry)",
        "is_demo_data": true,
        "discrepancy_note": null
      },
      "geometry": {
        "type": "Polygon",
        "coordinates": [
          [
            [
              80.581767,
              16.435749
            ],
            [
              80.583793,
              16.435893
            ],
            [
              80.583551,
              16.43761
            ],
            [
              80.581663,
              16.437346
            ],
            [
              80.581767,
              16.435749
            ]
          ]
        ]
      }
    },
    {
      "type": "Feature",
      "id": "PARCEL_297",
      "properties": {
        "parcel_id": "AP-GNT-0297",
        "survey_no": "159/2",
        "khata_no": "KH-3079",
        "pattadar_name": "Govind Devi",
        "district": "Guntur",
        "mandal": "Mangalagiri",
        "village": "Nidamarru",
        "doc_area_acres": 2.74,
        "gis_area_acres": 2.74,
        "area_delta_acres": 0,
        "status": "Synchronized",
        "classification": "Agricultural (Wet / Jirayati)",
        "is_demo_data": true,
        "discrepancy_note": null
      },
      "geometry": {
        "type": "Polygon",
        "coordinates": [
          [
            [
              80.584013,
              16.43572
            ],
            [
              80.585855,
              16.435874
            ],
            [
              80.585777,
              16.437504
            ],
            [
              80.583937,
              16.437304
            ],
            [
              80.584013,
              16.43572
            ]
          ]
        ]
      }
    },
    {
      "type": "Feature",
      "id": "PARCEL_298",
      "properties": {
        "parcel_id": "AP-GNT-0298",
        "survey_no": "159/3",
        "khata_no": "KH-3086",
        "pattadar_name": "Krishna Sharma",
        "district": "Guntur",
        "mandal": "Mangalagiri",
        "village": "Kuragallu",
        "doc_area_acres": 3.11,
        "gis_area_acres": 3.11,
        "area_delta_acres": 0,
        "status": "Synchronized",
        "classification": "Agricultural (Wet / Jirayati)",
        "is_demo_data": true,
        "discrepancy_note": null
      },
      "geometry": {
        "type": "Polygon",
        "coordinates": [
          [
            [
              80.586103,
              16.435863
            ],
            [
              80.588082,
              16.435722
            ],
            [
              80.588,
              16.437341
            ],
            [
              80.586206,
              16.437356
            ],
            [
              80.586103,
              16.435863
            ]
          ]
        ]
      }
    },
    {
      "type": "Feature",
      "id": "PARCEL_299",
      "properties": {
        "parcel_id": "AP-GNT-0299",
        "survey_no": "159/4",
        "khata_no": "KH-3093",
        "pattadar_name": "Mohan Varma",
        "district": "Guntur",
        "mandal": "Mangalagiri",
        "village": "Yerrabalem",
        "doc_area_acres": 3.48,
        "gis_area_acres": 3.48,
        "area_delta_acres": 0,
        "status": "Synchronized",
        "classification": "Agricultural (Wet / Jirayati)",
        "is_demo_data": true,
        "discrepancy_note": null
      },
      "geometry": {
        "type": "Polygon",
        "coordinates": [
          [
            [
              80.588258,
              16.435651
            ],
            [
              80.590247,
              16.435729
            ],
            [
              80.590494,
              16.437342
            ],
            [
              80.588399,
              16.437313
            ],
            [
              80.588258,
              16.435651
            ]
          ]
        ]
      }
    },
    {
      "type": "Feature",
      "id": "PARCEL_300",
      "properties": {
        "parcel_id": "AP-GNT-0300",
        "survey_no": "159/5",
        "khata_no": "KH-3100",
        "pattadar_name": "Ravi Kumar",
        "district": "Guntur",
        "mandal": "Mangalagiri",
        "village": "Mangalagiri",
        "doc_area_acres": 3.85,
        "gis_area_acres": 3.85,
        "area_delta_acres": 0,
        "status": "Synchronized",
        "classification": "Agricultural (Dry)",
        "is_demo_data": true,
        "discrepancy_note": null
      },
      "geometry": {
        "type": "Polygon",
        "coordinates": [
          [
            [
              80.590359,
              16.435707
            ],
            [
              80.592603,
              16.435861
            ],
            [
              80.592543,
              16.437534
            ],
            [
              80.590504,
              16.437567
            ],
            [
              80.590359,
              16.435707
            ]
          ]
        ]
      }
    },
    {
      "type": "Feature",
      "id": "PARCEL_301",
      "properties": {
        "parcel_id": "AP-GNT-0301",
        "survey_no": "160/1",
        "khata_no": "KH-3107",
        "pattadar_name": "Venkatesh Devi",
        "district": "Guntur",
        "mandal": "Mangalagiri",
        "village": "Atchampet",
        "doc_area_acres": 4.22,
        "gis_area_acres": 4.22,
        "area_delta_acres": 0,
        "status": "Synchronized",
        "classification": "Agricultural (Wet / Jirayati)",
        "is_demo_data": true,
        "discrepancy_note": null
      },
      "geometry": {
        "type": "Polygon",
        "coordinates": [
          [
            [
              80.53759,
              16.437498
            ],
            [
              80.539756,
              16.43753
            ],
            [
              80.539887,
              16.439318
            ],
            [
              80.537589,
              16.439153
            ],
            [
              80.53759,
              16.437498
            ]
          ]
        ]
      }
    },
    {
      "type": "Feature",
      "id": "PARCEL_302",
      "properties": {
        "parcel_id": "AP-GNT-0302",
        "survey_no": "160/2",
        "khata_no": "KH-3114",
        "pattadar_name": "Srinivasa Sharma",
        "district": "Guntur",
        "mandal": "Mangalagiri",
        "village": "Navuluru",
        "doc_area_acres": 4.59,
        "gis_area_acres": 4.59,
        "area_delta_acres": 0,
        "status": "Synchronized",
        "classification": "Agricultural (Wet / Jirayati)",
        "is_demo_data": true,
        "discrepancy_note": null
      },
      "geometry": {
        "type": "Polygon",
        "coordinates": [
          [
            [
              80.539687,
              16.437612
            ],
            [
              80.542123,
              16.437675
            ],
            [
              80.541956,
              16.439195
            ],
            [
              80.539893,
              16.439076
            ],
            [
              80.539687,
              16.437612
            ]
          ]
        ]
      }
    },
    {
      "type": "Feature",
      "id": "PARCEL_303",
      "properties": {
        "parcel_id": "AP-GNT-0303",
        "survey_no": "160/3",
        "khata_no": "KH-3121",
        "pattadar_name": "Lakshmi Varma",
        "district": "Guntur",
        "mandal": "Mangalagiri",
        "village": "Nidamarru",
        "doc_area_acres": 0.96,
        "gis_area_acres": 0.96,
        "area_delta_acres": 0,
        "status": "Synchronized",
        "classification": "Agricultural (Wet / Jirayati)",
        "is_demo_data": true,
        "discrepancy_note": null
      },
      "geometry": {
        "type": "Polygon",
        "coordinates": [
          [
            [
              80.542139,
              16.437579
            ],
            [
              80.544308,
              16.43766
            ],
            [
              80.543955,
              16.439431
            ],
            [
              80.542186,
              16.439339
            ],
            [
              80.542139,
              16.437579
            ]
          ]
        ]
      }
    },
    {
      "type": "Feature",
      "id": "PARCEL_304",
      "properties": {
        "parcel_id": "AP-GNT-0304",
        "survey_no": "160/4",
        "khata_no": "KH-3128",
        "pattadar_name": "Satyanarayana Kumar",
        "district": "Guntur",
        "mandal": "Mangalagiri",
        "village": "Kuragallu",
        "doc_area_acres": 1.33,
        "gis_area_acres": 1.33,
        "area_delta_acres": 0,
        "status": "Synchronized",
        "classification": "Agricultural (Dry)",
        "is_demo_data": true,
        "discrepancy_note": null
      },
      "geometry": {
        "type": "Polygon",
        "coordinates": [
          [
            [
              80.544382,
              16.437663
            ],
            [
              80.546346,
              16.437659
            ],
            [
              80.54631,
              16.439422
            ],
            [
              80.544241,
              16.439382
            ],
            [
              80.544382,
              16.437663
            ]
          ]
        ]
      }
    },
    {
      "type": "Feature",
      "id": "PARCEL_305",
      "properties": {
        "parcel_id": "AP-GNT-0305",
        "survey_no": "160/5",
        "khata_no": "KH-3135",
        "pattadar_name": "Subba Devi",
        "district": "Guntur",
        "mandal": "Mangalagiri",
        "village": "Yerrabalem",
        "doc_area_acres": 1.7,
        "gis_area_acres": 1.7,
        "area_delta_acres": 0,
        "status": "Synchronized",
        "classification": "Agricultural (Wet / Jirayati)",
        "is_demo_data": true,
        "discrepancy_note": null
      },
      "geometry": {
        "type": "Polygon",
        "coordinates": [
          [
            [
              80.546476,
              16.43758
            ],
            [
              80.548609,
              16.437467
            ],
            [
              80.548581,
              16.439235
            ],
            [
              80.54644,
              16.439287
            ],
            [
              80.546476,
              16.43758
            ]
          ]
        ]
      }
    },
    {
      "type": "Feature",
      "id": "PARCEL_306",
      "properties": {
        "parcel_id": "AP-GNT-0306",
        "survey_no": "161/1",
        "khata_no": "KH-3142",
        "pattadar_name": "Appa Sharma",
        "district": "Guntur",
        "mandal": "Mangalagiri",
        "village": "Mangalagiri",
        "doc_area_acres": 2.07,
        "gis_area_acres": 2.07,
        "area_delta_acres": 0,
        "status": "Review Required",
        "classification": "Agricultural (Wet / Jirayati)",
        "is_demo_data": true,
        "discrepancy_note": null
      },
      "geometry": {
        "type": "Polygon",
        "coordinates": [
          [
            [
              80.548695,
              16.43749
            ],
            [
              80.550764,
              16.437652
            ],
            [
              80.550835,
              16.439304
            ],
            [
              80.548519,
              16.439226
            ],
            [
              80.548695,
              16.43749
            ]
          ]
        ]
      }
    },
    {
      "type": "Feature",
      "id": "PARCEL_307",
      "properties": {
        "parcel_id": "AP-GNT-0307",
        "survey_no": "161/2",
        "khata_no": "KH-3149",
        "pattadar_name": "Narayana Varma",
        "district": "Guntur",
        "mandal": "Mangalagiri",
        "village": "Atchampet",
        "doc_area_acres": 2.44,
        "gis_area_acres": 2.44,
        "area_delta_acres": 0,
        "status": "Synchronized",
        "classification": "Agricultural (Wet / Jirayati)",
        "is_demo_data": true,
        "discrepancy_note": null
      },
      "geometry": {
        "type": "Polygon",
        "coordinates": [
          [
            [
              80.550885,
              16.437511
            ],
            [
              80.553071,
              16.437485
            ],
            [
              80.552886,
              16.439167
            ],
            [
              80.550933,
              16.439332
            ],
            [
              80.550885,
              16.437511
            ]
          ]
        ]
      }
    },
    {
      "type": "Feature",
      "id": "PARCEL_308",
      "properties": {
        "parcel_id": "AP-GNT-0308",
        "survey_no": "161/3",
        "khata_no": "KH-3156",
        "pattadar_name": "Koteswara Kumar",
        "district": "Guntur",
        "mandal": "Mangalagiri",
        "village": "Navuluru",
        "doc_area_acres": 2.81,
        "gis_area_acres": 2.81,
        "area_delta_acres": 0,
        "status": "Synchronized",
        "classification": "Agricultural (Dry)",
        "is_demo_data": true,
        "discrepancy_note": null
      },
      "geometry": {
        "type": "Polygon",
        "coordinates": [
          [
            [
              80.55322,
              16.437435
            ],
            [
              80.555239,
              16.437451
            ],
            [
              80.555015,
              16.439357
            ],
            [
              80.552952,
              16.439154
            ],
            [
              80.55322,
              16.437435
            ]
          ]
        ]
      }
    },
    {
      "type": "Feature",
      "id": "PARCEL_309",
      "properties": {
        "parcel_id": "AP-GNT-0309",
        "survey_no": "161/4",
        "khata_no": "KH-3163",
        "pattadar_name": "Radha Devi",
        "district": "Guntur",
        "mandal": "Mangalagiri",
        "village": "Nidamarru",
        "doc_area_acres": 3.18,
        "gis_area_acres": 3.18,
        "area_delta_acres": 0,
        "status": "Synchronized",
        "classification": "Agricultural (Wet / Jirayati)",
        "is_demo_data": true,
        "discrepancy_note": null
      },
      "geometry": {
        "type": "Polygon",
        "coordinates": [
          [
            [
              80.555285,
              16.437663
            ],
            [
              80.557297,
              16.437608
            ],
            [
              80.557454,
              16.439298
            ],
            [
              80.555383,
              16.439074
            ],
            [
              80.555285,
              16.437663
            ]
          ]
        ]
      }
    },
    {
      "type": "Feature",
      "id": "PARCEL_310",
      "properties": {
        "parcel_id": "AP-GNT-0310",
        "survey_no": "161/5",
        "khata_no": "KH-3170",
        "pattadar_name": "Sujatha Sharma",
        "district": "Guntur",
        "mandal": "Mangalagiri",
        "village": "Kuragallu",
        "doc_area_acres": 3.55,
        "gis_area_acres": 3.55,
        "area_delta_acres": 0,
        "status": "Synchronized",
        "classification": "Agricultural (Wet / Jirayati)",
        "is_demo_data": true,
        "discrepancy_note": null
      },
      "geometry": {
        "type": "Polygon",
        "coordinates": [
          [
            [
              80.55749,
              16.437672
            ],
            [
              80.559611,
              16.437644
            ],
            [
              80.559463,
              16.439264
            ],
            [
              80.557487,
              16.439091
            ],
            [
              80.55749,
              16.437672
            ]
          ]
        ]
      }
    },
    {
      "type": "Feature",
      "id": "PARCEL_311",
      "properties": {
        "parcel_id": "AP-GNT-0311",
        "survey_no": "162/1",
        "khata_no": "KH-3177",
        "pattadar_name": "Ramana Varma",
        "district": "Guntur",
        "mandal": "Mangalagiri",
        "village": "Yerrabalem",
        "doc_area_acres": 3.92,
        "gis_area_acres": 3.92,
        "area_delta_acres": 0,
        "status": "Synchronized",
        "classification": "Agricultural (Wet / Jirayati)",
        "is_demo_data": true,
        "discrepancy_note": null
      },
      "geometry": {
        "type": "Polygon",
        "coordinates": [
          [
            [
              80.559613,
              16.437423
            ],
            [
              80.561595,
              16.437528
            ],
            [
              80.561775,
              16.439457
            ],
            [
              80.559768,
              16.439086
            ],
            [
              80.559613,
              16.437423
            ]
          ]
        ]
      }
    },
    {
      "type": "Feature",
      "id": "PARCEL_312",
      "properties": {
        "parcel_id": "AP-GNT-0312",
        "survey_no": "162/2",
        "khata_no": "KH-3184",
        "pattadar_name": "Govind Kumar",
        "district": "Guntur",
        "mandal": "Mangalagiri",
        "village": "Mangalagiri",
        "doc_area_acres": 4.29,
        "gis_area_acres": 4.29,
        "area_delta_acres": 0,
        "status": "Synchronized",
        "classification": "Agricultural (Dry)",
        "is_demo_data": true,
        "discrepancy_note": null
      },
      "geometry": {
        "type": "Polygon",
        "coordinates": [
          [
            [
              80.56195,
              16.437428
            ],
            [
              80.563844,
              16.437674
            ],
            [
              80.564065,
              16.439139
            ],
            [
              80.56202,
              16.439341
            ],
            [
              80.56195,
              16.437428
            ]
          ]
        ]
      }
    },
    {
      "type": "Feature",
      "id": "PARCEL_313",
      "properties": {
        "parcel_id": "AP-GNT-0313",
        "survey_no": "162/3",
        "khata_no": "KH-3191",
        "pattadar_name": "Krishna Devi",
        "district": "Guntur",
        "mandal": "Mangalagiri",
        "village": "Atchampet",
        "doc_area_acres": 4.66,
        "gis_area_acres": 4.66,
        "area_delta_acres": 0,
        "status": "Synchronized",
        "classification": "Agricultural (Wet / Jirayati)",
        "is_demo_data": true,
        "discrepancy_note": null
      },
      "geometry": {
        "type": "Polygon",
        "coordinates": [
          [
            [
              80.56421,
              16.437388
            ],
            [
              80.566116,
              16.437492
            ],
            [
              80.566268,
              16.439158
            ],
            [
              80.564005,
              16.439128
            ],
            [
              80.56421,
              16.437388
            ]
          ]
        ]
      }
    },
    {
      "type": "Feature",
      "id": "PARCEL_314",
      "properties": {
        "parcel_id": "AP-GNT-0314",
        "survey_no": "162/4",
        "khata_no": "KH-3198",
        "pattadar_name": "Mohan Sharma",
        "district": "Guntur",
        "mandal": "Mangalagiri",
        "village": "Navuluru",
        "doc_area_acres": 1.03,
        "gis_area_acres": 1.03,
        "area_delta_acres": 0,
        "status": "Synchronized",
        "classification": "Agricultural (Wet / Jirayati)",
        "is_demo_data": true,
        "discrepancy_note": null
      },
      "geometry": {
        "type": "Polygon",
        "coordinates": [
          [
            [
              80.566333,
              16.437592
            ],
            [
              80.568491,
              16.437767
            ],
            [
              80.568222,
              16.439165
            ],
            [
              80.566294,
              16.439177
            ],
            [
              80.566333,
              16.437592
            ]
          ]
        ]
      }
    },
    {
      "type": "Feature",
      "id": "PARCEL_315",
      "properties": {
        "parcel_id": "AP-GNT-0315",
        "survey_no": "162/5",
        "khata_no": "KH-3205",
        "pattadar_name": "Ravi Varma",
        "district": "Guntur",
        "mandal": "Mangalagiri",
        "village": "Nidamarru",
        "doc_area_acres": 1.4,
        "gis_area_acres": 1.4,
        "area_delta_acres": 0,
        "status": "Synchronized",
        "classification": "Agricultural (Wet / Jirayati)",
        "is_demo_data": true,
        "discrepancy_note": null
      },
      "geometry": {
        "type": "Polygon",
        "coordinates": [
          [
            [
              80.568517,
              16.437652
            ],
            [
              80.570561,
              16.437561
            ],
            [
              80.570667,
              16.439265
            ],
            [
              80.568505,
              16.439381
            ],
            [
              80.568517,
              16.437652
            ]
          ]
        ]
      }
    },
    {
      "type": "Feature",
      "id": "PARCEL_316",
      "properties": {
        "parcel_id": "AP-GNT-0316",
        "survey_no": "163/1",
        "khata_no": "KH-3212",
        "pattadar_name": "Venkatesh Kumar",
        "district": "Guntur",
        "mandal": "Mangalagiri",
        "village": "Kuragallu",
        "doc_area_acres": 1.77,
        "gis_area_acres": 1.77,
        "area_delta_acres": 0,
        "status": "Synchronized",
        "classification": "Agricultural (Dry)",
        "is_demo_data": true,
        "discrepancy_note": null
      },
      "geometry": {
        "type": "Polygon",
        "coordinates": [
          [
            [
              80.57072,
              16.437574
            ],
            [
              80.57274,
              16.437418
            ],
            [
              80.57269,
              16.439173
            ],
            [
              80.570551,
              16.439351
            ],
            [
              80.57072,
              16.437574
            ]
          ]
        ]
      }
    },
    {
      "type": "Feature",
      "id": "PARCEL_317",
      "properties": {
        "parcel_id": "AP-GNT-0317",
        "survey_no": "163/2",
        "khata_no": "KH-3219",
        "pattadar_name": "Srinivasa Devi",
        "district": "Guntur",
        "mandal": "Mangalagiri",
        "village": "Yerrabalem",
        "doc_area_acres": 2.14,
        "gis_area_acres": 2.14,
        "area_delta_acres": 0,
        "status": "Synchronized",
        "classification": "Agricultural (Wet / Jirayati)",
        "is_demo_data": true,
        "discrepancy_note": null
      },
      "geometry": {
        "type": "Polygon",
        "coordinates": [
          [
            [
              80.572802,
              16.437522
            ],
            [
              80.574933,
              16.437585
            ],
            [
              80.574861,
              16.439359
            ],
            [
              80.57299,
              16.43916
            ],
            [
              80.572802,
              16.437522
            ]
          ]
        ]
      }
    },
    {
      "type": "Feature",
      "id": "PARCEL_318",
      "properties": {
        "parcel_id": "AP-GNT-0318",
        "survey_no": "163/3",
        "khata_no": "KH-3226",
        "pattadar_name": "Lakshmi Sharma",
        "district": "Guntur",
        "mandal": "Mangalagiri",
        "village": "Mangalagiri",
        "doc_area_acres": 2.51,
        "gis_area_acres": 2.51,
        "area_delta_acres": 0,
        "status": "Synchronized",
        "classification": "Agricultural (Wet / Jirayati)",
        "is_demo_data": true,
        "discrepancy_note": null
      },
      "geometry": {
        "type": "Polygon",
        "coordinates": [
          [
            [
              80.57501,
              16.437547
            ],
            [
              80.577183,
              16.437674
            ],
            [
              80.577099,
              16.439432
            ],
            [
              80.575128,
              16.439173
            ],
            [
              80.57501,
              16.437547
            ]
          ]
        ]
      }
    },
    {
      "type": "Feature",
      "id": "PARCEL_319",
      "properties": {
        "parcel_id": "AP-GNT-0319",
        "survey_no": "163/4",
        "khata_no": "KH-3233",
        "pattadar_name": "Satyanarayana Varma",
        "district": "Guntur",
        "mandal": "Mangalagiri",
        "village": "Atchampet",
        "doc_area_acres": 2.88,
        "gis_area_acres": 2.88,
        "area_delta_acres": 0,
        "status": "Synchronized",
        "classification": "Agricultural (Wet / Jirayati)",
        "is_demo_data": true,
        "discrepancy_note": null
      },
      "geometry": {
        "type": "Polygon",
        "coordinates": [
          [
            [
              80.577331,
              16.437454
            ],
            [
              80.57954,
              16.437747
            ],
            [
              80.579488,
              16.439186
            ],
            [
              80.577081,
              16.439205
            ],
            [
              80.577331,
              16.437454
            ]
          ]
        ]
      }
    },
    {
      "type": "Feature",
      "id": "PARCEL_320",
      "properties": {
        "parcel_id": "AP-GNT-0320",
        "survey_no": "163/5",
        "khata_no": "KH-3240",
        "pattadar_name": "Subba Kumar",
        "district": "Guntur",
        "mandal": "Mangalagiri",
        "village": "Navuluru",
        "doc_area_acres": 3.25,
        "gis_area_acres": 3.25,
        "area_delta_acres": 0,
        "status": "Synchronized",
        "classification": "Agricultural (Dry)",
        "is_demo_data": true,
        "discrepancy_note": null
      },
      "geometry": {
        "type": "Polygon",
        "coordinates": [
          [
            [
              80.57953,
              16.4375
            ],
            [
              80.581536,
              16.437522
            ],
            [
              80.581688,
              16.439345
            ],
            [
              80.579486,
              16.439369
            ],
            [
              80.57953,
              16.4375
            ]
          ]
        ]
      }
    },
    {
      "type": "Feature",
      "id": "PARCEL_321",
      "properties": {
        "parcel_id": "AP-GNT-0321",
        "survey_no": "164/1",
        "khata_no": "KH-3247",
        "pattadar_name": "Appa Devi",
        "district": "Guntur",
        "mandal": "Mangalagiri",
        "village": "Nidamarru",
        "doc_area_acres": 3.62,
        "gis_area_acres": 3.62,
        "area_delta_acres": 0,
        "status": "Synchronized",
        "classification": "Agricultural (Wet / Jirayati)",
        "is_demo_data": true,
        "discrepancy_note": null
      },
      "geometry": {
        "type": "Polygon",
        "coordinates": [
          [
            [
              80.581511,
              16.437711
            ],
            [
              80.583669,
              16.437423
            ],
            [
              80.583808,
              16.439218
            ],
            [
              80.581767,
              16.439335
            ],
            [
              80.581511,
              16.437711
            ]
          ]
        ]
      }
    },
    {
      "type": "Feature",
      "id": "PARCEL_322",
      "properties": {
        "parcel_id": "AP-GNT-0322",
        "survey_no": "164/2",
        "khata_no": "KH-3254",
        "pattadar_name": "Narayana Sharma",
        "district": "Guntur",
        "mandal": "Mangalagiri",
        "village": "Kuragallu",
        "doc_area_acres": 3.99,
        "gis_area_acres": 3.99,
        "area_delta_acres": 0,
        "status": "Synchronized",
        "classification": "Agricultural (Wet / Jirayati)",
        "is_demo_data": true,
        "discrepancy_note": null
      },
      "geometry": {
        "type": "Polygon",
        "coordinates": [
          [
            [
              80.583781,
              16.437531
            ],
            [
              80.585878,
              16.43756
            ],
            [
              80.5858,
              16.439208
            ],
            [
              80.583801,
              16.439163
            ],
            [
              80.583781,
              16.437531
            ]
          ]
        ]
      }
    },
    {
      "type": "Feature",
      "id": "PARCEL_323",
      "properties": {
        "parcel_id": "AP-GNT-0323",
        "survey_no": "164/3",
        "khata_no": "KH-3261",
        "pattadar_name": "Koteswara Varma",
        "district": "Guntur",
        "mandal": "Mangalagiri",
        "village": "Yerrabalem",
        "doc_area_acres": 4.36,
        "gis_area_acres": 4.36,
        "area_delta_acres": 0,
        "status": "Review Required",
        "classification": "Agricultural (Wet / Jirayati)",
        "is_demo_data": true,
        "discrepancy_note": null
      },
      "geometry": {
        "type": "Polygon",
        "coordinates": [
          [
            [
              80.586146,
              16.437615
            ],
            [
              80.588277,
              16.437418
            ],
            [
              80.588205,
              16.439412
            ],
            [
              80.585927,
              16.43918
            ],
            [
              80.586146,
              16.437615
            ]
          ]
        ]
      }
    },
    {
      "type": "Feature",
      "id": "PARCEL_324",
      "properties": {
        "parcel_id": "AP-GNT-0324",
        "survey_no": "164/4",
        "khata_no": "KH-3268",
        "pattadar_name": "Radha Kumar",
        "district": "Guntur",
        "mandal": "Mangalagiri",
        "village": "Mangalagiri",
        "doc_area_acres": 4.73,
        "gis_area_acres": 4.73,
        "area_delta_acres": 0,
        "status": "Synchronized",
        "classification": "Agricultural (Dry)",
        "is_demo_data": true,
        "discrepancy_note": null
      },
      "geometry": {
        "type": "Polygon",
        "coordinates": [
          [
            [
              80.588135,
              16.437728
            ],
            [
              80.590335,
              16.437459
            ],
            [
              80.590361,
              16.439179
            ],
            [
              80.588355,
              16.439353
            ],
            [
              80.588135,
              16.437728
            ]
          ]
        ]
      }
    },
    {
      "type": "Feature",
      "id": "PARCEL_325",
      "properties": {
        "parcel_id": "AP-GNT-0325",
        "survey_no": "164/5",
        "khata_no": "KH-3275",
        "pattadar_name": "Sujatha Devi",
        "district": "Guntur",
        "mandal": "Mangalagiri",
        "village": "Atchampet",
        "doc_area_acres": 1.1,
        "gis_area_acres": 1.1,
        "area_delta_acres": 0,
        "status": "Synchronized",
        "classification": "Agricultural (Wet / Jirayati)",
        "is_demo_data": true,
        "discrepancy_note": null
      },
      "geometry": {
        "type": "Polygon",
        "coordinates": [
          [
            [
              80.590598,
              16.43772
            ],
            [
              80.592425,
              16.43765
            ],
            [
              80.592686,
              16.439396
            ],
            [
              80.590327,
              16.439166
            ],
            [
              80.590598,
              16.43772
            ]
          ]
        ]
      }
    },
    {
      "type": "Feature",
      "id": "PARCEL_326",
      "properties": {
        "parcel_id": "AP-GNT-0326",
        "survey_no": "165/1",
        "khata_no": "KH-3282",
        "pattadar_name": "Ramana Sharma",
        "district": "Guntur",
        "mandal": "Mangalagiri",
        "village": "Navuluru",
        "doc_area_acres": 1.47,
        "gis_area_acres": 1.47,
        "area_delta_acres": 0,
        "status": "Synchronized",
        "classification": "Agricultural (Wet / Jirayati)",
        "is_demo_data": true,
        "discrepancy_note": null
      },
      "geometry": {
        "type": "Polygon",
        "coordinates": [
          [
            [
              80.537704,
              16.439405
            ],
            [
              80.539782,
              16.439234
            ],
            [
              80.53987,
              16.441057
            ],
            [
              80.537564,
              16.4412
            ],
            [
              80.537704,
              16.439405
            ]
          ]
        ]
      }
    },
    {
      "type": "Feature",
      "id": "PARCEL_327",
      "properties": {
        "parcel_id": "AP-GNT-0327",
        "survey_no": "165/2",
        "khata_no": "KH-3289",
        "pattadar_name": "Govind Varma",
        "district": "Guntur",
        "mandal": "Mangalagiri",
        "village": "Nidamarru",
        "doc_area_acres": 1.84,
        "gis_area_acres": 1.84,
        "area_delta_acres": 0,
        "status": "Synchronized",
        "classification": "Agricultural (Wet / Jirayati)",
        "is_demo_data": true,
        "discrepancy_note": null
      },
      "geometry": {
        "type": "Polygon",
        "coordinates": [
          [
            [
              80.539951,
              16.439294
            ],
            [
              80.541872,
              16.439468
            ],
            [
              80.542068,
              16.441248
            ],
            [
              80.539949,
              16.441166
            ],
            [
              80.539951,
              16.439294
            ]
          ]
        ]
      }
    },
    {
      "type": "Feature",
      "id": "PARCEL_328",
      "properties": {
        "parcel_id": "AP-GNT-0328",
        "survey_no": "165/3",
        "khata_no": "KH-3296",
        "pattadar_name": "Krishna Kumar",
        "district": "Guntur",
        "mandal": "Mangalagiri",
        "village": "Kuragallu",
        "doc_area_acres": 2.21,
        "gis_area_acres": 2.21,
        "area_delta_acres": 0,
        "status": "Synchronized",
        "classification": "Agricultural (Dry)",
        "is_demo_data": true,
        "discrepancy_note": null
      },
      "geometry": {
        "type": "Polygon",
        "coordinates": [
          [
            [
              80.54214,
              16.439384
            ],
            [
              80.544335,
              16.43925
            ],
            [
              80.544,
              16.440945
            ],
            [
              80.542124,
              16.441184
            ],
            [
              80.54214,
              16.439384
            ]
          ]
        ]
      }
    },
    {
      "type": "Feature",
      "id": "PARCEL_329",
      "properties": {
        "parcel_id": "AP-GNT-0329",
        "survey_no": "165/4",
        "khata_no": "KH-3303",
        "pattadar_name": "Mohan Devi",
        "district": "Guntur",
        "mandal": "Mangalagiri",
        "village": "Yerrabalem",
        "doc_area_acres": 2.58,
        "gis_area_acres": 2.58,
        "area_delta_acres": 0,
        "status": "Synchronized",
        "classification": "Agricultural (Wet / Jirayati)",
        "is_demo_data": true,
        "discrepancy_note": null
      },
      "geometry": {
        "type": "Polygon",
        "coordinates": [
          [
            [
              80.544316,
              16.439243
            ],
            [
              80.546267,
              16.439448
            ],
            [
              80.546202,
              16.441033
            ],
            [
              80.544336,
              16.441199
            ],
            [
              80.544316,
              16.439243
            ]
          ]
        ]
      }
    },
    {
      "type": "Feature",
      "id": "PARCEL_330",
      "properties": {
        "parcel_id": "AP-GNT-0330",
        "survey_no": "165/5",
        "khata_no": "KH-3310",
        "pattadar_name": "Ravi Sharma",
        "district": "Guntur",
        "mandal": "Mangalagiri",
        "village": "Mangalagiri",
        "doc_area_acres": 2.95,
        "gis_area_acres": 2.95,
        "area_delta_acres": 0,
        "status": "Synchronized",
        "classification": "Agricultural (Wet / Jirayati)",
        "is_demo_data": true,
        "discrepancy_note": null
      },
      "geometry": {
        "type": "Polygon",
        "coordinates": [
          [
            [
              80.546416,
              16.439442
            ],
            [
              80.548588,
              16.439542
            ],
            [
              80.548479,
              16.441038
            ],
            [
              80.546338,
              16.441085
            ],
            [
              80.546416,
              16.439442
            ]
          ]
        ]
      }
    },
    {
      "type": "Feature",
      "id": "PARCEL_331",
      "properties": {
        "parcel_id": "AP-GNT-0331",
        "survey_no": "166/1",
        "khata_no": "KH-3317",
        "pattadar_name": "Venkatesh Varma",
        "district": "Guntur",
        "mandal": "Mangalagiri",
        "village": "Atchampet",
        "doc_area_acres": 3.32,
        "gis_area_acres": 3.32,
        "area_delta_acres": 0,
        "status": "Synchronized",
        "classification": "Agricultural (Wet / Jirayati)",
        "is_demo_data": true,
        "discrepancy_note": null
      },
      "geometry": {
        "type": "Polygon",
        "coordinates": [
          [
            [
              80.548627,
              16.439516
            ],
            [
              80.550719,
              16.439449
            ],
            [
              80.550626,
              16.441041
            ],
            [
              80.548795,
              16.440942
            ],
            [
              80.548627,
              16.439516
            ]
          ]
        ]
      }
    },
    {
      "type": "Feature",
      "id": "PARCEL_332",
      "properties": {
        "parcel_id": "AP-GNT-0332",
        "survey_no": "166/2",
        "khata_no": "KH-3324",
        "pattadar_name": "Srinivasa Kumar",
        "district": "Guntur",
        "mandal": "Mangalagiri",
        "village": "Navuluru",
        "doc_area_acres": 3.69,
        "gis_area_acres": 3.69,
        "area_delta_acres": 0,
        "status": "Synchronized",
        "classification": "Agricultural (Dry)",
        "is_demo_data": true,
        "discrepancy_note": null
      },
      "geometry": {
        "type": "Polygon",
        "coordinates": [
          [
            [
              80.55069,
              16.439523
            ],
            [
              80.55299,
              16.439493
            ],
            [
              80.552817,
              16.441025
            ],
            [
              80.550697,
              16.440937
            ],
            [
              80.55069,
              16.439523
            ]
          ]
        ]
      }
    },
    {
      "type": "Feature",
      "id": "PARCEL_333",
      "properties": {
        "parcel_id": "AP-GNT-0333",
        "survey_no": "166/3",
        "khata_no": "KH-3331",
        "pattadar_name": "Lakshmi Devi",
        "district": "Guntur",
        "mandal": "Mangalagiri",
        "village": "Nidamarru",
        "doc_area_acres": 4.06,
        "gis_area_acres": 4.06,
        "area_delta_acres": 0,
        "status": "Synchronized",
        "classification": "Agricultural (Wet / Jirayati)",
        "is_demo_data": true,
        "discrepancy_note": null
      },
      "geometry": {
        "type": "Polygon",
        "coordinates": [
          [
            [
              80.553164,
              16.43921
            ],
            [
              80.555062,
              16.439359
            ],
            [
              80.555108,
              16.441132
            ],
            [
              80.553121,
              16.441207
            ],
            [
              80.553164,
              16.43921
            ]
          ]
        ]
      }
    },
    {
      "type": "Feature",
      "id": "PARCEL_334",
      "properties": {
        "parcel_id": "AP-GNT-0334",
        "survey_no": "166/4",
        "khata_no": "KH-3338",
        "pattadar_name": "Satyanarayana Sharma",
        "district": "Guntur",
        "mandal": "Mangalagiri",
        "village": "Kuragallu",
        "doc_area_acres": 4.43,
        "gis_area_acres": 4.43,
        "area_delta_acres": 0,
        "status": "Synchronized",
        "classification": "Agricultural (Wet / Jirayati)",
        "is_demo_data": true,
        "discrepancy_note": null
      },
      "geometry": {
        "type": "Polygon",
        "coordinates": [
          [
            [
              80.55515,
              16.439366
            ],
            [
              80.557229,
              16.439478
            ],
            [
              80.557222,
              16.441118
            ],
            [
              80.55508,
              16.441016
            ],
            [
              80.55515,
              16.439366
            ]
          ]
        ]
      }
    },
    {
      "type": "Feature",
      "id": "PARCEL_335",
      "properties": {
        "parcel_id": "AP-GNT-0335",
        "survey_no": "166/5",
        "khata_no": "KH-3345",
        "pattadar_name": "Subba Varma",
        "district": "Guntur",
        "mandal": "Mangalagiri",
        "village": "Yerrabalem",
        "doc_area_acres": 4.8,
        "gis_area_acres": 4.8,
        "area_delta_acres": 0,
        "status": "Synchronized",
        "classification": "Agricultural (Wet / Jirayati)",
        "is_demo_data": true,
        "discrepancy_note": null
      },
      "geometry": {
        "type": "Polygon",
        "coordinates": [
          [
            [
              80.55748,
              16.439409
            ],
            [
              80.559708,
              16.43931
            ],
            [
              80.559542,
              16.441013
            ],
            [
              80.557394,
              16.441054
            ],
            [
              80.55748,
              16.439409
            ]
          ]
        ]
      }
    },
    {
      "type": "Feature",
      "id": "PARCEL_336",
      "properties": {
        "parcel_id": "AP-GNT-0336",
        "survey_no": "167/1",
        "khata_no": "KH-3352",
        "pattadar_name": "Appa Kumar",
        "district": "Guntur",
        "mandal": "Mangalagiri",
        "village": "Mangalagiri",
        "doc_area_acres": 1.17,
        "gis_area_acres": 1.17,
        "area_delta_acres": 0,
        "status": "Synchronized",
        "classification": "Agricultural (Dry)",
        "is_demo_data": true,
        "discrepancy_note": null
      },
      "geometry": {
        "type": "Polygon",
        "coordinates": [
          [
            [
              80.559485,
              16.439193
            ],
            [
              80.561914,
              16.439235
            ],
            [
              80.561816,
              16.441242
            ],
            [
              80.559812,
              16.441086
            ],
            [
              80.559485,
              16.439193
            ]
          ]
        ]
      }
    },
    {
      "type": "Feature",
      "id": "PARCEL_337",
      "properties": {
        "parcel_id": "AP-GNT-0337",
        "survey_no": "167/2",
        "khata_no": "KH-3359",
        "pattadar_name": "Narayana Devi",
        "district": "Guntur",
        "mandal": "Mangalagiri",
        "village": "Atchampet",
        "doc_area_acres": 1.54,
        "gis_area_acres": 1.54,
        "area_delta_acres": 0,
        "status": "Synchronized",
        "classification": "Agricultural (Wet / Jirayati)",
        "is_demo_data": true,
        "discrepancy_note": null
      },
      "geometry": {
        "type": "Polygon",
        "coordinates": [
          [
            [
              80.561945,
              16.43926
            ],
            [
              80.564014,
              16.439323
            ],
            [
              80.563878,
              16.441136
            ],
            [
              80.561894,
              16.440966
            ],
            [
              80.561945,
              16.43926
            ]
          ]
        ]
      }
    },
    {
      "type": "Feature",
      "id": "PARCEL_338",
      "properties": {
        "parcel_id": "AP-GNT-0338",
        "survey_no": "167/3",
        "khata_no": "KH-3366",
        "pattadar_name": "Koteswara Sharma",
        "district": "Guntur",
        "mandal": "Mangalagiri",
        "village": "Navuluru",
        "doc_area_acres": 1.91,
        "gis_area_acres": 1.91,
        "area_delta_acres": 0,
        "status": "Synchronized",
        "classification": "Agricultural (Wet / Jirayati)",
        "is_demo_data": true,
        "discrepancy_note": null
      },
      "geometry": {
        "type": "Polygon",
        "coordinates": [
          [
            [
              80.564181,
              16.439313
            ],
            [
              80.566113,
              16.439346
            ],
            [
              80.566144,
              16.441234
            ],
            [
              80.564014,
              16.440884
            ],
            [
              80.564181,
              16.439313
            ]
          ]
        ]
      }
    },
    {
      "type": "Feature",
      "id": "PARCEL_339",
      "properties": {
        "parcel_id": "AP-GNT-0339",
        "survey_no": "167/4",
        "khata_no": "KH-3373",
        "pattadar_name": "Radha Varma",
        "district": "Guntur",
        "mandal": "Mangalagiri",
        "village": "Nidamarru",
        "doc_area_acres": 2.28,
        "gis_area_acres": 2.28,
        "area_delta_acres": 0,
        "status": "Synchronized",
        "classification": "Agricultural (Wet / Jirayati)",
        "is_demo_data": true,
        "discrepancy_note": null
      },
      "geometry": {
        "type": "Polygon",
        "coordinates": [
          [
            [
              80.566328,
              16.439428
            ],
            [
              80.568335,
              16.439505
            ],
            [
              80.56846,
              16.441145
            ],
            [
              80.566404,
              16.44099
            ],
            [
              80.566328,
              16.439428
            ]
          ]
        ]
      }
    },
    {
      "type": "Feature",
      "id": "PARCEL_340",
      "properties": {
        "parcel_id": "AP-GNT-0340",
        "survey_no": "167/5",
        "khata_no": "KH-3380",
        "pattadar_name": "Sujatha Kumar",
        "district": "Guntur",
        "mandal": "Mangalagiri",
        "village": "Kuragallu",
        "doc_area_acres": 2.65,
        "gis_area_acres": 2.65,
        "area_delta_acres": 0,
        "status": "Review Required",
        "classification": "Agricultural (Dry)",
        "is_demo_data": true,
        "discrepancy_note": null
      },
      "geometry": {
        "type": "Polygon",
        "coordinates": [
          [
            [
              80.568311,
              16.439464
            ],
            [
              80.5706,
              16.43937
            ],
            [
              80.570454,
              16.440932
            ],
            [
              80.568424,
              16.44105
            ],
            [
              80.568311,
              16.439464
            ]
          ]
        ]
      }
    },
    {
      "type": "Feature",
      "id": "PARCEL_341",
      "properties": {
        "parcel_id": "AP-GNT-0341",
        "survey_no": "168/1",
        "khata_no": "KH-3387",
        "pattadar_name": "Ramana Devi",
        "district": "Guntur",
        "mandal": "Mangalagiri",
        "village": "Yerrabalem",
        "doc_area_acres": 3.02,
        "gis_area_acres": 3.02,
        "area_delta_acres": 0,
        "status": "Synchronized",
        "classification": "Agricultural (Wet / Jirayati)",
        "is_demo_data": true,
        "discrepancy_note": null
      },
      "geometry": {
        "type": "Polygon",
        "coordinates": [
          [
            [
              80.570608,
              16.439215
            ],
            [
              80.572689,
              16.439319
            ],
            [
              80.572636,
              16.441242
            ],
            [
              80.570655,
              16.441178
            ],
            [
              80.570608,
              16.439215
            ]
          ]
        ]
      }
    },
    {
      "type": "Feature",
      "id": "PARCEL_342",
      "properties": {
        "parcel_id": "AP-GNT-0342",
        "survey_no": "168/2",
        "khata_no": "KH-3394",
        "pattadar_name": "Govind Sharma",
        "district": "Guntur",
        "mandal": "Mangalagiri",
        "village": "Mangalagiri",
        "doc_area_acres": 3.39,
        "gis_area_acres": 3.39,
        "area_delta_acres": 0,
        "status": "Synchronized",
        "classification": "Agricultural (Wet / Jirayati)",
        "is_demo_data": true,
        "discrepancy_note": null
      },
      "geometry": {
        "type": "Polygon",
        "coordinates": [
          [
            [
              80.572785,
              16.439342
            ],
            [
              80.574793,
              16.43926
            ],
            [
              80.574764,
              16.441173
            ],
            [
              80.572866,
              16.441218
            ],
            [
              80.572785,
              16.439342
            ]
          ]
        ]
      }
    },
    {
      "type": "Feature",
      "id": "PARCEL_343",
      "properties": {
        "parcel_id": "AP-GNT-0343",
        "survey_no": "168/3",
        "khata_no": "KH-3401",
        "pattadar_name": "Krishna Varma",
        "district": "Guntur",
        "mandal": "Mangalagiri",
        "village": "Atchampet",
        "doc_area_acres": 3.76,
        "gis_area_acres": 3.76,
        "area_delta_acres": 0,
        "status": "Synchronized",
        "classification": "Agricultural (Wet / Jirayati)",
        "is_demo_data": true,
        "discrepancy_note": null
      },
      "geometry": {
        "type": "Polygon",
        "coordinates": [
          [
            [
              80.575051,
              16.439426
            ],
            [
              80.577018,
              16.439394
            ],
            [
              80.577011,
              16.441051
            ],
            [
              80.575135,
              16.440941
            ],
            [
              80.575051,
              16.439426
            ]
          ]
        ]
      }
    },
    {
      "type": "Feature",
      "id": "PARCEL_344",
      "properties": {
        "parcel_id": "AP-GNT-0344",
        "survey_no": "168/4",
        "khata_no": "KH-3408",
        "pattadar_name": "Mohan Kumar",
        "district": "Guntur",
        "mandal": "Mangalagiri",
        "village": "Navuluru",
        "doc_area_acres": 4.13,
        "gis_area_acres": 4.13,
        "area_delta_acres": 0,
        "status": "Synchronized",
        "classification": "Agricultural (Dry)",
        "is_demo_data": true,
        "discrepancy_note": null
      },
      "geometry": {
        "type": "Polygon",
        "coordinates": [
          [
            [
              80.577255,
              16.439443
            ],
            [
              80.579381,
              16.439441
            ],
            [
              80.579319,
              16.441084
            ],
            [
              80.57714,
              16.44102
            ],
            [
              80.577255,
              16.439443
            ]
          ]
        ]
      }
    },
    {
      "type": "Feature",
      "id": "PARCEL_345",
      "properties": {
        "parcel_id": "AP-GNT-0345",
        "survey_no": "168/5",
        "khata_no": "KH-3415",
        "pattadar_name": "Ravi Devi",
        "district": "Guntur",
        "mandal": "Mangalagiri",
        "village": "Nidamarru",
        "doc_area_acres": 4.5,
        "gis_area_acres": 4.5,
        "area_delta_acres": 0,
        "status": "Synchronized",
        "classification": "Agricultural (Wet / Jirayati)",
        "is_demo_data": true,
        "discrepancy_note": null
      },
      "geometry": {
        "type": "Polygon",
        "coordinates": [
          [
            [
              80.579396,
              16.439459
            ],
            [
              80.5814,
              16.439493
            ],
            [
              80.58138,
              16.441137
            ],
            [
              80.57938,
              16.441165
            ],
            [
              80.579396,
              16.439459
            ]
          ]
        ]
      }
    },
    {
      "type": "Feature",
      "id": "PARCEL_346",
      "properties": {
        "parcel_id": "AP-GNT-0346",
        "survey_no": "169/1",
        "khata_no": "KH-3422",
        "pattadar_name": "Venkatesh Sharma",
        "district": "Guntur",
        "mandal": "Mangalagiri",
        "village": "Kuragallu",
        "doc_area_acres": 0.87,
        "gis_area_acres": 0.87,
        "area_delta_acres": 0,
        "status": "Synchronized",
        "classification": "Agricultural (Wet / Jirayati)",
        "is_demo_data": true,
        "discrepancy_note": null
      },
      "geometry": {
        "type": "Polygon",
        "coordinates": [
          [
            [
              80.581653,
              16.439462
            ],
            [
              80.583604,
              16.439556
            ],
            [
              80.583629,
              16.440992
            ],
            [
              80.581599,
              16.441024
            ],
            [
              80.581653,
              16.439462
            ]
          ]
        ]
      }
    },
    {
      "type": "Feature",
      "id": "PARCEL_347",
      "properties": {
        "parcel_id": "AP-GNT-0347",
        "survey_no": "169/2",
        "khata_no": "KH-3429",
        "pattadar_name": "Srinivasa Varma",
        "district": "Guntur",
        "mandal": "Mangalagiri",
        "village": "Yerrabalem",
        "doc_area_acres": 1.24,
        "gis_area_acres": 1.24,
        "area_delta_acres": 0,
        "status": "Synchronized",
        "classification": "Agricultural (Wet / Jirayati)",
        "is_demo_data": true,
        "discrepancy_note": null
      },
      "geometry": {
        "type": "Polygon",
        "coordinates": [
          [
            [
              80.583802,
              16.43922
            ],
            [
              80.58583,
              16.439532
            ],
            [
              80.585913,
              16.441054
            ],
            [
              80.58379,
              16.44104
            ],
            [
              80.583802,
              16.43922
            ]
          ]
        ]
      }
    },
    {
      "type": "Feature",
      "id": "PARCEL_348",
      "properties": {
        "parcel_id": "AP-GNT-0348",
        "survey_no": "169/3",
        "khata_no": "KH-3436",
        "pattadar_name": "Lakshmi Kumar",
        "district": "Guntur",
        "mandal": "Mangalagiri",
        "village": "Mangalagiri",
        "doc_area_acres": 1.61,
        "gis_area_acres": 1.61,
        "area_delta_acres": 0,
        "status": "Synchronized",
        "classification": "Agricultural (Dry)",
        "is_demo_data": true,
        "discrepancy_note": null
      },
      "geometry": {
        "type": "Polygon",
        "coordinates": [
          [
            [
              80.586077,
              16.439339
            ],
            [
              80.588106,
              16.439526
            ],
            [
              80.588043,
              16.441042
            ],
            [
              80.586228,
              16.441122
            ],
            [
              80.586077,
              16.439339
            ]
          ]
        ]
      }
    },
    {
      "type": "Feature",
      "id": "PARCEL_349",
      "properties": {
        "parcel_id": "AP-GNT-0349",
        "survey_no": "169/4",
        "khata_no": "KH-3443",
        "pattadar_name": "Satyanarayana Devi",
        "district": "Guntur",
        "mandal": "Mangalagiri",
        "village": "Atchampet",
        "doc_area_acres": 1.98,
        "gis_area_acres": 1.98,
        "area_delta_acres": 0,
        "status": "Synchronized",
        "classification": "Agricultural (Wet / Jirayati)",
        "is_demo_data": true,
        "discrepancy_note": null
      },
      "geometry": {
        "type": "Polygon",
        "coordinates": [
          [
            [
              80.588112,
              16.439294
            ],
            [
              80.590498,
              16.439257
            ],
            [
              80.590428,
              16.441059
            ],
            [
              80.588254,
              16.441115
            ],
            [
              80.588112,
              16.439294
            ]
          ]
        ]
      }
    },
    {
      "type": "Feature",
      "id": "PARCEL_350",
      "properties": {
        "parcel_id": "AP-GNT-0350",
        "survey_no": "169/5",
        "khata_no": "KH-3450",
        "pattadar_name": "Subba Sharma",
        "district": "Guntur",
        "mandal": "Mangalagiri",
        "village": "Navuluru",
        "doc_area_acres": 2.35,
        "gis_area_acres": 2.35,
        "area_delta_acres": 0,
        "status": "Synchronized",
        "classification": "Agricultural (Wet / Jirayati)",
        "is_demo_data": true,
        "discrepancy_note": null
      },
      "geometry": {
        "type": "Polygon",
        "coordinates": [
          [
            [
              80.590619,
              16.439243
            ],
            [
              80.592712,
              16.439467
            ],
            [
              80.59238,
              16.440922
            ],
            [
              80.590378,
              16.441066
            ],
            [
              80.590619,
              16.439243
            ]
          ]
        ]
      }
    },
    {
      "type": "Feature",
      "id": "PARCEL_351",
      "properties": {
        "parcel_id": "AP-GNT-0351",
        "survey_no": "170/1",
        "khata_no": "KH-3457",
        "pattadar_name": "Appa Varma",
        "district": "Guntur",
        "mandal": "Mangalagiri",
        "village": "Nidamarru",
        "doc_area_acres": 2.72,
        "gis_area_acres": 2.72,
        "area_delta_acres": 0,
        "status": "Synchronized",
        "classification": "Agricultural (Wet / Jirayati)",
        "is_demo_data": true,
        "discrepancy_note": null
      },
      "geometry": {
        "type": "Polygon",
        "coordinates": [
          [
            [
              80.537592,
              16.441048
            ],
            [
              80.539689,
              16.441261
            ],
            [
              80.539791,
              16.442902
            ],
            [
              80.537509,
              16.442919
            ],
            [
              80.537592,
              16.441048
            ]
          ]
        ]
      }
    },
    {
      "type": "Feature",
      "id": "PARCEL_352",
      "properties": {
        "parcel_id": "AP-GNT-0352",
        "survey_no": "170/2",
        "khata_no": "KH-3464",
        "pattadar_name": "Narayana Kumar",
        "district": "Guntur",
        "mandal": "Mangalagiri",
        "village": "Kuragallu",
        "doc_area_acres": 3.09,
        "gis_area_acres": 3.09,
        "area_delta_acres": 0,
        "status": "Synchronized",
        "classification": "Agricultural (Dry)",
        "is_demo_data": true,
        "discrepancy_note": null
      },
      "geometry": {
        "type": "Polygon",
        "coordinates": [
          [
            [
              80.53988,
              16.441287
            ],
            [
              80.542045,
              16.441073
            ],
            [
              80.542096,
              16.442822
            ],
            [
              80.539971,
              16.442824
            ],
            [
              80.53988,
              16.441287
            ]
          ]
        ]
      }
    },
    {
      "type": "Feature",
      "id": "PARCEL_353",
      "properties": {
        "parcel_id": "AP-GNT-0353",
        "survey_no": "170/3",
        "khata_no": "KH-3471",
        "pattadar_name": "Koteswara Devi",
        "district": "Guntur",
        "mandal": "Mangalagiri",
        "village": "Yerrabalem",
        "doc_area_acres": 3.46,
        "gis_area_acres": 3.46,
        "area_delta_acres": 0,
        "status": "Synchronized",
        "classification": "Agricultural (Wet / Jirayati)",
        "is_demo_data": true,
        "discrepancy_note": null
      },
      "geometry": {
        "type": "Polygon",
        "coordinates": [
          [
            [
              80.54208,
              16.441263
            ],
            [
              80.544157,
              16.441365
            ],
            [
              80.544179,
              16.442764
            ],
            [
              80.542037,
              16.442679
            ],
            [
              80.54208,
              16.441263
            ]
          ]
        ]
      }
    },
    {
      "type": "Feature",
      "id": "PARCEL_354",
      "properties": {
        "parcel_id": "AP-GNT-0354",
        "survey_no": "170/4",
        "khata_no": "KH-3478",
        "pattadar_name": "Radha Sharma",
        "district": "Guntur",
        "mandal": "Mangalagiri",
        "village": "Mangalagiri",
        "doc_area_acres": 3.83,
        "gis_area_acres": 3.83,
        "area_delta_acres": 0,
        "status": "Synchronized",
        "classification": "Agricultural (Wet / Jirayati)",
        "is_demo_data": true,
        "discrepancy_note": null
      },
      "geometry": {
        "type": "Polygon",
        "coordinates": [
          [
            [
              80.544263,
              16.441322
            ],
            [
              80.5463,
              16.441285
            ],
            [
              80.546186,
              16.442931
            ],
            [
              80.544172,
              16.442785
            ],
            [
              80.544263,
              16.441322
            ]
          ]
        ]
      }
    },
    {
      "type": "Feature",
      "id": "PARCEL_355",
      "properties": {
        "parcel_id": "AP-GNT-0355",
        "survey_no": "170/5",
        "khata_no": "KH-3485",
        "pattadar_name": "Sujatha Varma",
        "district": "Guntur",
        "mandal": "Mangalagiri",
        "village": "Atchampet",
        "doc_area_acres": 4.2,
        "gis_area_acres": 4.2,
        "area_delta_acres": 0,
        "status": "Synchronized",
        "classification": "Agricultural (Wet / Jirayati)",
        "is_demo_data": true,
        "discrepancy_note": null
      },
      "geometry": {
        "type": "Polygon",
        "coordinates": [
          [
            [
              80.546345,
              16.441103
            ],
            [
              80.548505,
              16.441306
            ],
            [
              80.548624,
              16.442734
            ],
            [
              80.546359,
              16.442722
            ],
            [
              80.546345,
              16.441103
            ]
          ]
        ]
      }
    },
    {
      "type": "Feature",
      "id": "PARCEL_356",
      "properties": {
        "parcel_id": "AP-GNT-0356",
        "survey_no": "171/1",
        "khata_no": "KH-3492",
        "pattadar_name": "Ramana Kumar",
        "district": "Guntur",
        "mandal": "Mangalagiri",
        "village": "Navuluru",
        "doc_area_acres": 4.57,
        "gis_area_acres": 4.57,
        "area_delta_acres": 0,
        "status": "Synchronized",
        "classification": "Agricultural (Dry)",
        "is_demo_data": true,
        "discrepancy_note": null
      },
      "geometry": {
        "type": "Polygon",
        "coordinates": [
          [
            [
              80.548784,
              16.441103
            ],
            [
              80.550897,
              16.441222
            ],
            [
              80.550828,
              16.442792
            ],
            [
              80.548697,
              16.442917
            ],
            [
              80.548784,
              16.441103
            ]
          ]
        ]
      }
    },
    {
      "type": "Feature",
      "id": "PARCEL_357",
      "properties": {
        "parcel_id": "AP-GNT-0357",
        "survey_no": "171/2",
        "khata_no": "KH-3499",
        "pattadar_name": "Govind Devi",
        "district": "Guntur",
        "mandal": "Mangalagiri",
        "village": "Nidamarru",
        "doc_area_acres": 0.94,
        "gis_area_acres": 0.94,
        "area_delta_acres": 0,
        "status": "Review Required",
        "classification": "Agricultural (Wet / Jirayati)",
        "is_demo_data": true,
        "discrepancy_note": null
      },
      "geometry": {
        "type": "Polygon",
        "coordinates": [
          [
            [
              80.550761,
              16.441228
            ],
            [
              80.553097,
              16.441094
            ],
            [
              80.552821,
              16.44278
            ],
            [
              80.550881,
              16.442735
            ],
            [
              80.550761,
              16.441228
            ]
          ]
        ]
      }
    },
    {
      "type": "Feature",
      "id": "PARCEL_358",
      "properties": {
        "parcel_id": "AP-GNT-0358",
        "survey_no": "171/3",
        "khata_no": "KH-3506",
        "pattadar_name": "Krishna Sharma",
        "district": "Guntur",
        "mandal": "Mangalagiri",
        "village": "Kuragallu",
        "doc_area_acres": 1.31,
        "gis_area_acres": 1.31,
        "area_delta_acres": 0,
        "status": "Synchronized",
        "classification": "Agricultural (Wet / Jirayati)",
        "is_demo_data": true,
        "discrepancy_note": null
      },
      "geometry": {
        "type": "Polygon",
        "coordinates": [
          [
            [
              80.553108,
              16.441273
            ],
            [
              80.555032,
              16.441255
            ],
            [
              80.555174,
              16.442965
            ],
            [
              80.553133,
              16.442717
            ],
            [
              80.553108,
              16.441273
            ]
          ]
        ]
      }
    },
    {
      "type": "Feature",
      "id": "PARCEL_359",
      "properties": {
        "parcel_id": "AP-GNT-0359",
        "survey_no": "171/4",
        "khata_no": "KH-3513",
        "pattadar_name": "Mohan Varma",
        "district": "Guntur",
        "mandal": "Mangalagiri",
        "village": "Yerrabalem",
        "doc_area_acres": 1.68,
        "gis_area_acres": 1.68,
        "area_delta_acres": 0,
        "status": "Synchronized",
        "classification": "Agricultural (Wet / Jirayati)",
        "is_demo_data": true,
        "discrepancy_note": null
      },
      "geometry": {
        "type": "Polygon",
        "coordinates": [
          [
            [
              80.555086,
              16.441217
            ],
            [
              80.557455,
              16.441038
            ],
            [
              80.557339,
              16.442983
            ],
            [
              80.555402,
              16.442813
            ],
            [
              80.555086,
              16.441217
            ]
          ]
        ]
      }
    },
    {
      "type": "Feature",
      "id": "PARCEL_360",
      "properties": {
        "parcel_id": "AP-GNT-0360",
        "survey_no": "171/5",
        "khata_no": "KH-3520",
        "pattadar_name": "Ravi Kumar",
        "district": "Guntur",
        "mandal": "Mangalagiri",
        "village": "Mangalagiri",
        "doc_area_acres": 2.05,
        "gis_area_acres": 2.05,
        "area_delta_acres": 0,
        "status": "Synchronized",
        "classification": "Agricultural (Dry)",
        "is_demo_data": true,
        "discrepancy_note": null
      },
      "geometry": {
        "type": "Polygon",
        "coordinates": [
          [
            [
              80.557488,
              16.441141
            ],
            [
              80.559524,
              16.44129
            ],
            [
              80.559521,
              16.442927
            ],
            [
              80.557287,
              16.442954
            ],
            [
              80.557488,
              16.441141
            ]
          ]
        ]
      }
    },
    {
      "type": "Feature",
      "id": "PARCEL_361",
      "properties": {
        "parcel_id": "AP-GNT-0361",
        "survey_no": "172/1",
        "khata_no": "KH-3527",
        "pattadar_name": "Venkatesh Devi",
        "district": "Guntur",
        "mandal": "Mangalagiri",
        "village": "Atchampet",
        "doc_area_acres": 2.42,
        "gis_area_acres": 2.42,
        "area_delta_acres": 0,
        "status": "Synchronized",
        "classification": "Agricultural (Wet / Jirayati)",
        "is_demo_data": true,
        "discrepancy_note": null
      },
      "geometry": {
        "type": "Polygon",
        "coordinates": [
          [
            [
              80.559583,
              16.441003
            ],
            [
              80.561761,
              16.441021
            ],
            [
              80.56182,
              16.442908
            ],
            [
              80.559641,
              16.442948
            ],
            [
              80.559583,
              16.441003
            ]
          ]
        ]
      }
    },
    {
      "type": "Feature",
      "id": "PARCEL_362",
      "properties": {
        "parcel_id": "AP-GNT-0362",
        "survey_no": "172/2",
        "khata_no": "KH-3534",
        "pattadar_name": "Srinivasa Sharma",
        "district": "Guntur",
        "mandal": "Mangalagiri",
        "village": "Navuluru",
        "doc_area_acres": 2.79,
        "gis_area_acres": 2.79,
        "area_delta_acres": 0,
        "status": "Synchronized",
        "classification": "Agricultural (Wet / Jirayati)",
        "is_demo_data": true,
        "discrepancy_note": null
      },
      "geometry": {
        "type": "Polygon",
        "coordinates": [
          [
            [
              80.561822,
              16.441286
            ],
            [
              80.563927,
              16.441347
            ],
            [
              80.563981,
              16.443031
            ],
            [
              80.561809,
              16.442916
            ],
            [
              80.561822,
              16.441286
            ]
          ]
        ]
      }
    },
    {
      "type": "Feature",
      "id": "PARCEL_363",
      "properties": {
        "parcel_id": "AP-GNT-0363",
        "survey_no": "172/3",
        "khata_no": "KH-3541",
        "pattadar_name": "Lakshmi Varma",
        "district": "Guntur",
        "mandal": "Mangalagiri",
        "village": "Nidamarru",
        "doc_area_acres": 3.16,
        "gis_area_acres": 3.16,
        "area_delta_acres": 0,
        "status": "Synchronized",
        "classification": "Agricultural (Wet / Jirayati)",
        "is_demo_data": true,
        "discrepancy_note": null
      },
      "geometry": {
        "type": "Polygon",
        "coordinates": [
          [
            [
              80.563957,
              16.44108
            ],
            [
              80.566071,
              16.441086
            ],
            [
              80.566134,
              16.442939
            ],
            [
              80.564064,
              16.442972
            ],
            [
              80.563957,
              16.44108
            ]
          ]
        ]
      }
    },
    {
      "type": "Feature",
      "id": "PARCEL_364",
      "properties": {
        "parcel_id": "AP-GNT-0364",
        "survey_no": "172/4",
        "khata_no": "KH-3548",
        "pattadar_name": "Satyanarayana Kumar",
        "district": "Guntur",
        "mandal": "Mangalagiri",
        "village": "Kuragallu",
        "doc_area_acres": 3.53,
        "gis_area_acres": 3.53,
        "area_delta_acres": 0,
        "status": "Synchronized",
        "classification": "Agricultural (Dry)",
        "is_demo_data": true,
        "discrepancy_note": null
      },
      "geometry": {
        "type": "Polygon",
        "coordinates": [
          [
            [
              80.566146,
              16.441232
            ],
            [
              80.568399,
              16.441144
            ],
            [
              80.568239,
              16.442762
            ],
            [
              80.566234,
              16.442841
            ],
            [
              80.566146,
              16.441232
            ]
          ]
        ]
      }
    },
    {
      "type": "Feature",
      "id": "PARCEL_365",
      "properties": {
        "parcel_id": "AP-GNT-0365",
        "survey_no": "172/5",
        "khata_no": "KH-3555",
        "pattadar_name": "Subba Devi",
        "district": "Guntur",
        "mandal": "Mangalagiri",
        "village": "Yerrabalem",
        "doc_area_acres": 3.9,
        "gis_area_acres": 3.9,
        "area_delta_acres": 0,
        "status": "Synchronized",
        "classification": "Agricultural (Wet / Jirayati)",
        "is_demo_data": true,
        "discrepancy_note": null
      },
      "geometry": {
        "type": "Polygon",
        "coordinates": [
          [
            [
              80.568513,
              16.441148
            ],
            [
              80.570597,
              16.441203
            ],
            [
              80.57042,
              16.442773
            ],
            [
              80.568475,
              16.442937
            ],
            [
              80.568513,
              16.441148
            ]
          ]
        ]
      }
    },
    {
      "type": "Feature",
      "id": "PARCEL_366",
      "properties": {
        "parcel_id": "AP-GNT-0366",
        "survey_no": "173/1",
        "khata_no": "KH-3562",
        "pattadar_name": "Appa Sharma",
        "district": "Guntur",
        "mandal": "Mangalagiri",
        "village": "Mangalagiri",
        "doc_area_acres": 4.27,
        "gis_area_acres": 4.27,
        "area_delta_acres": 0,
        "status": "Synchronized",
        "classification": "Agricultural (Wet / Jirayati)",
        "is_demo_data": true,
        "discrepancy_note": null
      },
      "geometry": {
        "type": "Polygon",
        "coordinates": [
          [
            [
              80.570533,
              16.441031
            ],
            [
              80.572904,
              16.441288
            ],
            [
              80.572836,
              16.442998
            ],
            [
              80.570672,
              16.442763
            ],
            [
              80.570533,
              16.441031
            ]
          ]
        ]
      }
    },
    {
      "type": "Feature",
      "id": "PARCEL_367",
      "properties": {
        "parcel_id": "AP-GNT-0367",
        "survey_no": "173/2",
        "khata_no": "KH-3569",
        "pattadar_name": "Narayana Varma",
        "district": "Guntur",
        "mandal": "Mangalagiri",
        "village": "Atchampet",
        "doc_area_acres": 4.64,
        "gis_area_acres": 4.64,
        "area_delta_acres": 0,
        "status": "Synchronized",
        "classification": "Agricultural (Wet / Jirayati)",
        "is_demo_data": true,
        "discrepancy_note": null
      },
      "geometry": {
        "type": "Polygon",
        "coordinates": [
          [
            [
              80.572985,
              16.441262
            ],
            [
              80.575101,
              16.441169
            ],
            [
              80.574913,
              16.442746
            ],
            [
              80.572769,
              16.442684
            ],
            [
              80.572985,
              16.441262
            ]
          ]
        ]
      }
    },
    {
      "type": "Feature",
      "id": "PARCEL_368",
      "properties": {
        "parcel_id": "AP-GNT-0368",
        "survey_no": "173/3",
        "khata_no": "KH-3576",
        "pattadar_name": "Koteswara Kumar",
        "district": "Guntur",
        "mandal": "Mangalagiri",
        "village": "Navuluru",
        "doc_area_acres": 1.01,
        "gis_area_acres": 1.01,
        "area_delta_acres": 0,
        "status": "Synchronized",
        "classification": "Agricultural (Dry)",
        "is_demo_data": true,
        "discrepancy_note": null
      },
      "geometry": {
        "type": "Polygon",
        "coordinates": [
          [
            [
              80.575112,
              16.441063
            ],
            [
              80.57734,
              16.441046
            ],
            [
              80.57695,
              16.443051
            ],
            [
              80.57514,
              16.442752
            ],
            [
              80.575112,
              16.441063
            ]
          ]
        ]
      }
    },
    {
      "type": "Feature",
      "id": "PARCEL_369",
      "properties": {
        "parcel_id": "AP-GNT-0369",
        "survey_no": "173/4",
        "khata_no": "KH-3583",
        "pattadar_name": "Radha Devi",
        "district": "Guntur",
        "mandal": "Mangalagiri",
        "village": "Nidamarru",
        "doc_area_acres": 1.38,
        "gis_area_acres": 1.38,
        "area_delta_acres": 0,
        "status": "Synchronized",
        "classification": "Agricultural (Wet / Jirayati)",
        "is_demo_data": true,
        "discrepancy_note": null
      },
      "geometry": {
        "type": "Polygon",
        "coordinates": [
          [
            [
              80.577139,
              16.441047
            ],
            [
              80.579384,
              16.44125
            ],
            [
              80.579457,
              16.442951
            ],
            [
              80.577096,
              16.442876
            ],
            [
              80.577139,
              16.441047
            ]
          ]
        ]
      }
    },
    {
      "type": "Feature",
      "id": "PARCEL_370",
      "properties": {
        "parcel_id": "AP-GNT-0370",
        "survey_no": "173/5",
        "khata_no": "KH-3590",
        "pattadar_name": "Sujatha Sharma",
        "district": "Guntur",
        "mandal": "Mangalagiri",
        "village": "Kuragallu",
        "doc_area_acres": 1.75,
        "gis_area_acres": 1.75,
        "area_delta_acres": 0,
        "status": "Synchronized",
        "classification": "Agricultural (Wet / Jirayati)",
        "is_demo_data": true,
        "discrepancy_note": null
      },
      "geometry": {
        "type": "Polygon",
        "coordinates": [
          [
            [
              80.579309,
              16.441209
            ],
            [
              80.581444,
              16.441346
            ],
            [
              80.581369,
              16.442905
            ],
            [
              80.579335,
              16.442814
            ],
            [
              80.579309,
              16.441209
            ]
          ]
        ]
      }
    },
    {
      "type": "Feature",
      "id": "PARCEL_371",
      "properties": {
        "parcel_id": "AP-GNT-0371",
        "survey_no": "174/1",
        "khata_no": "KH-3597",
        "pattadar_name": "Ramana Varma",
        "district": "Guntur",
        "mandal": "Mangalagiri",
        "village": "Yerrabalem",
        "doc_area_acres": 2.12,
        "gis_area_acres": 2.12,
        "area_delta_acres": 0,
        "status": "Synchronized",
        "classification": "Agricultural (Wet / Jirayati)",
        "is_demo_data": true,
        "discrepancy_note": null
      },
      "geometry": {
        "type": "Polygon",
        "coordinates": [
          [
            [
              80.581756,
              16.441235
            ],
            [
              80.583715,
              16.441095
            ],
            [
              80.583641,
              16.442726
            ],
            [
              80.581778,
              16.442679
            ],
            [
              80.581756,
              16.441235
            ]
          ]
        ]
      }
    },
    {
      "type": "Feature",
      "id": "PARCEL_372",
      "properties": {
        "parcel_id": "AP-GNT-0372",
        "survey_no": "174/2",
        "khata_no": "KH-3604",
        "pattadar_name": "Govind Kumar",
        "district": "Guntur",
        "mandal": "Mangalagiri",
        "village": "Mangalagiri",
        "doc_area_acres": 2.49,
        "gis_area_acres": 2.49,
        "area_delta_acres": 0,
        "status": "Synchronized",
        "classification": "Agricultural (Dry)",
        "is_demo_data": true,
        "discrepancy_note": null
      },
      "geometry": {
        "type": "Polygon",
        "coordinates": [
          [
            [
              80.583722,
              16.441039
            ],
            [
              80.585942,
              16.441312
            ],
            [
              80.586024,
              16.442889
            ],
            [
              80.583751,
              16.442783
            ],
            [
              80.583722,
              16.441039
            ]
          ]
        ]
      }
    },
    {
      "type": "Feature",
      "id": "PARCEL_373",
      "properties": {
        "parcel_id": "AP-GNT-0373",
        "survey_no": "174/3",
        "khata_no": "KH-3611",
        "pattadar_name": "Krishna Devi",
        "district": "Guntur",
        "mandal": "Mangalagiri",
        "village": "Atchampet",
        "doc_area_acres": 2.86,
        "gis_area_acres": 2.86,
        "area_delta_acres": 0,
        "status": "Synchronized",
        "classification": "Agricultural (Wet / Jirayati)",
        "is_demo_data": true,
        "discrepancy_note": null
      },
      "geometry": {
        "type": "Polygon",
        "coordinates": [
          [
            [
              80.586146,
              16.44112
            ],
            [
              80.587995,
              16.441364
            ],
            [
              80.588087,
              16.442763
            ],
            [
              80.586215,
              16.442948
            ],
            [
              80.586146,
              16.44112
            ]
          ]
        ]
      }
    },
    {
      "type": "Feature",
      "id": "PARCEL_374",
      "properties": {
        "parcel_id": "AP-GNT-0374",
        "survey_no": "174/4",
        "khata_no": "KH-3618",
        "pattadar_name": "Mohan Sharma",
        "district": "Guntur",
        "mandal": "Mangalagiri",
        "village": "Navuluru",
        "doc_area_acres": 3.23,
        "gis_area_acres": 3.23,
        "area_delta_acres": 0,
        "status": "Review Required",
        "classification": "Agricultural (Wet / Jirayati)",
        "is_demo_data": true,
        "discrepancy_note": null
      },
      "geometry": {
        "type": "Polygon",
        "coordinates": [
          [
            [
              80.58816,
              16.441268
            ],
            [
              80.590238,
              16.441311
            ],
            [
              80.590246,
              16.442755
            ],
            [
              80.58839,
              16.442748
            ],
            [
              80.58816,
              16.441268
            ]
          ]
        ]
      }
    },
    {
      "type": "Feature",
      "id": "PARCEL_375",
      "properties": {
        "parcel_id": "AP-GNT-0375",
        "survey_no": "174/5",
        "khata_no": "KH-3625",
        "pattadar_name": "Ravi Varma",
        "district": "Guntur",
        "mandal": "Mangalagiri",
        "village": "Nidamarru",
        "doc_area_acres": 3.6,
        "gis_area_acres": 3.6,
        "area_delta_acres": 0,
        "status": "Synchronized",
        "classification": "Agricultural (Wet / Jirayati)",
        "is_demo_data": true,
        "discrepancy_note": null
      },
      "geometry": {
        "type": "Polygon",
        "coordinates": [
          [
            [
              80.590566,
              16.440994
            ],
            [
              80.592456,
              16.441177
            ],
            [
              80.592348,
              16.442838
            ],
            [
              80.590398,
              16.442832
            ],
            [
              80.590566,
              16.440994
            ]
          ]
        ]
      }
    },
    {
      "type": "Feature",
      "id": "PARCEL_376",
      "properties": {
        "parcel_id": "AP-GNT-0376",
        "survey_no": "175/1",
        "khata_no": "KH-3632",
        "pattadar_name": "Venkatesh Kumar",
        "district": "Guntur",
        "mandal": "Mangalagiri",
        "village": "Kuragallu",
        "doc_area_acres": 3.97,
        "gis_area_acres": 3.97,
        "area_delta_acres": 0,
        "status": "Synchronized",
        "classification": "Agricultural (Dry)",
        "is_demo_data": true,
        "discrepancy_note": null
      },
      "geometry": {
        "type": "Polygon",
        "coordinates": [
          [
            [
              80.537501,
              16.443059
            ],
            [
              80.539903,
              16.443014
            ],
            [
              80.539558,
              16.444656
            ],
            [
              80.537591,
              16.444546
            ],
            [
              80.537501,
              16.443059
            ]
          ]
        ]
      }
    },
    {
      "type": "Feature",
      "id": "PARCEL_377",
      "properties": {
        "parcel_id": "AP-GNT-0377",
        "survey_no": "175/2",
        "khata_no": "KH-3639",
        "pattadar_name": "Srinivasa Devi",
        "district": "Guntur",
        "mandal": "Mangalagiri",
        "village": "Yerrabalem",
        "doc_area_acres": 4.34,
        "gis_area_acres": 4.34,
        "area_delta_acres": 0,
        "status": "Synchronized",
        "classification": "Agricultural (Wet / Jirayati)",
        "is_demo_data": true,
        "discrepancy_note": null
      },
      "geometry": {
        "type": "Polygon",
        "coordinates": [
          [
            [
              80.539955,
              16.442892
            ],
            [
              80.54211,
              16.442998
            ],
            [
              80.541864,
              16.444793
            ],
            [
              80.539825,
              16.44471
            ],
            [
              80.539955,
              16.442892
            ]
          ]
        ]
      }
    },
    {
      "type": "Feature",
      "id": "PARCEL_378",
      "properties": {
        "parcel_id": "AP-GNT-0378",
        "survey_no": "175/3",
        "khata_no": "KH-3646",
        "pattadar_name": "Lakshmi Sharma",
        "district": "Guntur",
        "mandal": "Mangalagiri",
        "village": "Mangalagiri",
        "doc_area_acres": 4.71,
        "gis_area_acres": 4.71,
        "area_delta_acres": 0,
        "status": "Synchronized",
        "classification": "Agricultural (Wet / Jirayati)",
        "is_demo_data": true,
        "discrepancy_note": null
      },
      "geometry": {
        "type": "Polygon",
        "coordinates": [
          [
            [
              80.542089,
              16.442904
            ],
            [
              80.544123,
              16.443042
            ],
            [
              80.544283,
              16.444653
            ],
            [
              80.542021,
              16.444533
            ],
            [
              80.542089,
              16.442904
            ]
          ]
        ]
      }
    },
    {
      "type": "Feature",
      "id": "PARCEL_379",
      "properties": {
        "parcel_id": "AP-GNT-0379",
        "survey_no": "175/4",
        "khata_no": "KH-3653",
        "pattadar_name": "Satyanarayana Varma",
        "district": "Guntur",
        "mandal": "Mangalagiri",
        "village": "Atchampet",
        "doc_area_acres": 1.08,
        "gis_area_acres": 1.08,
        "area_delta_acres": 0,
        "status": "Synchronized",
        "classification": "Agricultural (Wet / Jirayati)",
        "is_demo_data": true,
        "discrepancy_note": null
      },
      "geometry": {
        "type": "Polygon",
        "coordinates": [
          [
            [
              80.544187,
              16.442925
            ],
            [
              80.546467,
              16.443022
            ],
            [
              80.546218,
              16.444723
            ],
            [
              80.544319,
              16.44479
            ],
            [
              80.544187,
              16.442925
            ]
          ]
        ]
      }
    },
    {
      "type": "Feature",
      "id": "PARCEL_380",
      "properties": {
        "parcel_id": "AP-GNT-0380",
        "survey_no": "175/5",
        "khata_no": "KH-3660",
        "pattadar_name": "Subba Kumar",
        "district": "Guntur",
        "mandal": "Mangalagiri",
        "village": "Navuluru",
        "doc_area_acres": 1.45,
        "gis_area_acres": 1.45,
        "area_delta_acres": 0,
        "status": "Synchronized",
        "classification": "Agricultural (Dry)",
        "is_demo_data": true,
        "discrepancy_note": null
      },
      "geometry": {
        "type": "Polygon",
        "coordinates": [
          [
            [
              80.546605,
              16.443116
            ],
            [
              80.54859,
              16.442944
            ],
            [
              80.548532,
              16.444794
            ],
            [
              80.546576,
              16.444697
            ],
            [
              80.546605,
              16.443116
            ]
          ]
        ]
      }
    },
    {
      "type": "Feature",
      "id": "PARCEL_381",
      "properties": {
        "parcel_id": "AP-GNT-0381",
        "survey_no": "176/1",
        "khata_no": "KH-3667",
        "pattadar_name": "Appa Devi",
        "district": "Guntur",
        "mandal": "Mangalagiri",
        "village": "Nidamarru",
        "doc_area_acres": 1.82,
        "gis_area_acres": 1.82,
        "area_delta_acres": 0,
        "status": "Synchronized",
        "classification": "Agricultural (Wet / Jirayati)",
        "is_demo_data": true,
        "discrepancy_note": null
      },
      "geometry": {
        "type": "Polygon",
        "coordinates": [
          [
            [
              80.54871,
              16.442846
            ],
            [
              80.550654,
              16.443117
            ],
            [
              80.550556,
              16.444727
            ],
            [
              80.54878,
              16.444632
            ],
            [
              80.54871,
              16.442846
            ]
          ]
        ]
      }
    },
    {
      "type": "Feature",
      "id": "PARCEL_382",
      "properties": {
        "parcel_id": "AP-GNT-0382",
        "survey_no": "176/2",
        "khata_no": "KH-3674",
        "pattadar_name": "Narayana Sharma",
        "district": "Guntur",
        "mandal": "Mangalagiri",
        "village": "Kuragallu",
        "doc_area_acres": 2.19,
        "gis_area_acres": 2.19,
        "area_delta_acres": 0,
        "status": "Synchronized",
        "classification": "Agricultural (Wet / Jirayati)",
        "is_demo_data": true,
        "discrepancy_note": null
      },
      "geometry": {
        "type": "Polygon",
        "coordinates": [
          [
            [
              80.550937,
              16.442843
            ],
            [
              80.552794,
              16.443047
            ],
            [
              80.552903,
              16.444682
            ],
            [
              80.550784,
              16.444575
            ],
            [
              80.550937,
              16.442843
            ]
          ]
        ]
      }
    },
    {
      "type": "Feature",
      "id": "PARCEL_383",
      "properties": {
        "parcel_id": "AP-GNT-0383",
        "survey_no": "176/3",
        "khata_no": "KH-3681",
        "pattadar_name": "Koteswara Varma",
        "district": "Guntur",
        "mandal": "Mangalagiri",
        "village": "Yerrabalem",
        "doc_area_acres": 2.56,
        "gis_area_acres": 2.56,
        "area_delta_acres": 0,
        "status": "Synchronized",
        "classification": "Agricultural (Wet / Jirayati)",
        "is_demo_data": true,
        "discrepancy_note": null
      },
      "geometry": {
        "type": "Polygon",
        "coordinates": [
          [
            [
              80.552955,
              16.443127
            ],
            [
              80.555088,
              16.443109
            ],
            [
              80.554947,
              16.444754
            ],
            [
              80.553105,
              16.444747
            ],
            [
              80.552955,
              16.443127
            ]
          ]
        ]
      }
    },
    {
      "type": "Feature",
      "id": "PARCEL_384",
      "properties": {
        "parcel_id": "AP-GNT-0384",
        "survey_no": "176/4",
        "khata_no": "KH-3688",
        "pattadar_name": "Radha Kumar",
        "district": "Guntur",
        "mandal": "Mangalagiri",
        "village": "Mangalagiri",
        "doc_area_acres": 2.93,
        "gis_area_acres": 2.93,
        "area_delta_acres": 0,
        "status": "Synchronized",
        "classification": "Agricultural (Dry)",
        "is_demo_data": true,
        "discrepancy_note": null
      },
      "geometry": {
        "type": "Polygon",
        "coordinates": [
          [
            [
              80.555409,
              16.4431
            ],
            [
              80.557282,
              16.442982
            ],
            [
              80.557453,
              16.444695
            ],
            [
              80.555183,
              16.444547
            ],
            [
              80.555409,
              16.4431
            ]
          ]
        ]
      }
    },
    {
      "type": "Feature",
      "id": "PARCEL_385",
      "properties": {
        "parcel_id": "AP-GNT-0385",
        "survey_no": "176/5",
        "khata_no": "KH-3695",
        "pattadar_name": "Sujatha Devi",
        "district": "Guntur",
        "mandal": "Mangalagiri",
        "village": "Atchampet",
        "doc_area_acres": 3.3,
        "gis_area_acres": 3.3,
        "area_delta_acres": 0,
        "status": "Synchronized",
        "classification": "Agricultural (Wet / Jirayati)",
        "is_demo_data": true,
        "discrepancy_note": null
      },
      "geometry": {
        "type": "Polygon",
        "coordinates": [
          [
            [
              80.557285,
              16.44296
            ],
            [
              80.559506,
              16.442944
            ],
            [
              80.559361,
              16.444638
            ],
            [
              80.557489,
              16.444631
            ],
            [
              80.557285,
              16.44296
            ]
          ]
        ]
      }
    },
    {
      "type": "Feature",
      "id": "PARCEL_386",
      "properties": {
        "parcel_id": "AP-GNT-0386",
        "survey_no": "177/1",
        "khata_no": "KH-3702",
        "pattadar_name": "Ramana Sharma",
        "district": "Guntur",
        "mandal": "Mangalagiri",
        "village": "Navuluru",
        "doc_area_acres": 3.67,
        "gis_area_acres": 3.67,
        "area_delta_acres": 0,
        "status": "Synchronized",
        "classification": "Agricultural (Wet / Jirayati)",
        "is_demo_data": true,
        "discrepancy_note": null
      },
      "geometry": {
        "type": "Polygon",
        "coordinates": [
          [
            [
              80.559511,
              16.442836
            ],
            [
              80.561799,
              16.442993
            ],
            [
              80.561826,
              16.444621
            ],
            [
              80.559552,
              16.444699
            ],
            [
              80.559511,
              16.442836
            ]
          ]
        ]
      }
    },
    {
      "type": "Feature",
      "id": "PARCEL_387",
      "properties": {
        "parcel_id": "AP-GNT-0387",
        "survey_no": "177/2",
        "khata_no": "KH-3709",
        "pattadar_name": "Govind Varma",
        "district": "Guntur",
        "mandal": "Mangalagiri",
        "village": "Nidamarru",
        "doc_area_acres": 4.04,
        "gis_area_acres": 4.04,
        "area_delta_acres": 0,
        "status": "Synchronized",
        "classification": "Agricultural (Wet / Jirayati)",
        "is_demo_data": true,
        "discrepancy_note": null
      },
      "geometry": {
        "type": "Polygon",
        "coordinates": [
          [
            [
              80.56185,
              16.442931
            ],
            [
              80.563867,
              16.443087
            ],
            [
              80.563922,
              16.444595
            ],
            [
              80.561909,
              16.444711
            ],
            [
              80.56185,
              16.442931
            ]
          ]
        ]
      }
    },
    {
      "type": "Feature",
      "id": "PARCEL_388",
      "properties": {
        "parcel_id": "AP-GNT-0388",
        "survey_no": "177/3",
        "khata_no": "KH-3716",
        "pattadar_name": "Krishna Kumar",
        "district": "Guntur",
        "mandal": "Mangalagiri",
        "village": "Kuragallu",
        "doc_area_acres": 4.41,
        "gis_area_acres": 4.41,
        "area_delta_acres": 0,
        "status": "Synchronized",
        "classification": "Agricultural (Dry)",
        "is_demo_data": true,
        "discrepancy_note": null
      },
      "geometry": {
        "type": "Polygon",
        "coordinates": [
          [
            [
              80.564071,
              16.443073
            ],
            [
              80.566265,
              16.443159
            ],
            [
              80.565986,
              16.444759
            ],
            [
              80.564044,
              16.444688
            ],
            [
              80.564071,
              16.443073
            ]
          ]
        ]
      }
    },
    {
      "type": "Feature",
      "id": "PARCEL_389",
      "properties": {
        "parcel_id": "AP-GNT-0389",
        "survey_no": "177/4",
        "khata_no": "KH-3723",
        "pattadar_name": "Mohan Devi",
        "district": "Guntur",
        "mandal": "Mangalagiri",
        "village": "Yerrabalem",
        "doc_area_acres": 4.78,
        "gis_area_acres": 4.78,
        "area_delta_acres": 0,
        "status": "Synchronized",
        "classification": "Agricultural (Wet / Jirayati)",
        "is_demo_data": true,
        "discrepancy_note": null
      },
      "geometry": {
        "type": "Polygon",
        "coordinates": [
          [
            [
              80.566079,
              16.442854
            ],
            [
              80.568316,
              16.442861
            ],
            [
              80.568426,
              16.444693
            ],
            [
              80.566298,
              16.444476
            ],
            [
              80.566079,
              16.442854
            ]
          ]
        ]
      }
    },
    {
      "type": "Feature",
      "id": "PARCEL_390",
      "properties": {
        "parcel_id": "AP-GNT-0390",
        "survey_no": "177/5",
        "khata_no": "KH-3730",
        "pattadar_name": "Ravi Sharma",
        "district": "Guntur",
        "mandal": "Mangalagiri",
        "village": "Mangalagiri",
        "doc_area_acres": 1.15,
        "gis_area_acres": 1.15,
        "area_delta_acres": 0,
        "status": "Synchronized",
        "classification": "Agricultural (Wet / Jirayati)",
        "is_demo_data": true,
        "discrepancy_note": null
      },
      "geometry": {
        "type": "Polygon",
        "coordinates": [
          [
            [
              80.568368,
              16.443031
            ],
            [
              80.570584,
              16.442834
            ],
            [
              80.570572,
              16.444777
            ],
            [
              80.568464,
              16.444657
            ],
            [
              80.568368,
              16.443031
            ]
          ]
        ]
      }
    },
    {
      "type": "Feature",
      "id": "PARCEL_391",
      "properties": {
        "parcel_id": "AP-GNT-0391",
        "survey_no": "178/1",
        "khata_no": "KH-3737",
        "pattadar_name": "Venkatesh Varma",
        "district": "Guntur",
        "mandal": "Mangalagiri",
        "village": "Atchampet",
        "doc_area_acres": 1.52,
        "gis_area_acres": 1.52,
        "area_delta_acres": 0,
        "status": "Review Required",
        "classification": "Agricultural (Wet / Jirayati)",
        "is_demo_data": true,
        "discrepancy_note": null
      },
      "geometry": {
        "type": "Polygon",
        "coordinates": [
          [
            [
              80.570485,
              16.442984
            ],
            [
              80.572911,
              16.443008
            ],
            [
              80.57287,
              16.444764
            ],
            [
              80.570602,
              16.444799
            ],
            [
              80.570485,
              16.442984
            ]
          ]
        ]
      }
    },
    {
      "type": "Feature",
      "id": "PARCEL_392",
      "properties": {
        "parcel_id": "AP-GNT-0392",
        "survey_no": "178/2",
        "khata_no": "KH-3744",
        "pattadar_name": "Srinivasa Kumar",
        "district": "Guntur",
        "mandal": "Mangalagiri",
        "village": "Navuluru",
        "doc_area_acres": 1.89,
        "gis_area_acres": 1.89,
        "area_delta_acres": 0,
        "status": "Synchronized",
        "classification": "Agricultural (Dry)",
        "is_demo_data": true,
        "discrepancy_note": null
      },
      "geometry": {
        "type": "Polygon",
        "coordinates": [
          [
            [
              80.572878,
              16.443013
            ],
            [
              80.574902,
              16.443119
            ],
            [
              80.575002,
              16.44472
            ],
            [
              80.573018,
              16.444563
            ],
            [
              80.572878,
              16.443013
            ]
          ]
        ]
      }
    },
    {
      "type": "Feature",
      "id": "PARCEL_393",
      "properties": {
        "parcel_id": "AP-GNT-0393",
        "survey_no": "178/3",
        "khata_no": "KH-3751",
        "pattadar_name": "Lakshmi Devi",
        "district": "Guntur",
        "mandal": "Mangalagiri",
        "village": "Nidamarru",
        "doc_area_acres": 2.26,
        "gis_area_acres": 2.26,
        "area_delta_acres": 0,
        "status": "Synchronized",
        "classification": "Agricultural (Wet / Jirayati)",
        "is_demo_data": true,
        "discrepancy_note": null
      },
      "geometry": {
        "type": "Polygon",
        "coordinates": [
          [
            [
              80.575023,
              16.443064
            ],
            [
              80.577043,
              16.443091
            ],
            [
              80.576963,
              16.444814
            ],
            [
              80.575041,
              16.444818
            ],
            [
              80.575023,
              16.443064
            ]
          ]
        ]
      }
    },
    {
      "type": "Feature",
      "id": "PARCEL_394",
      "properties": {
        "parcel_id": "AP-GNT-0394",
        "survey_no": "178/4",
        "khata_no": "KH-3758",
        "pattadar_name": "Satyanarayana Sharma",
        "district": "Guntur",
        "mandal": "Mangalagiri",
        "village": "Kuragallu",
        "doc_area_acres": 2.63,
        "gis_area_acres": 2.63,
        "area_delta_acres": 0,
        "status": "Synchronized",
        "classification": "Agricultural (Wet / Jirayati)",
        "is_demo_data": true,
        "discrepancy_note": null
      },
      "geometry": {
        "type": "Polygon",
        "coordinates": [
          [
            [
              80.577265,
              16.443087
            ],
            [
              80.579228,
              16.443008
            ],
            [
              80.579272,
              16.444735
            ],
            [
              80.57718,
              16.444494
            ],
            [
              80.577265,
              16.443087
            ]
          ]
        ]
      }
    },
    {
      "type": "Feature",
      "id": "PARCEL_395",
      "properties": {
        "parcel_id": "AP-GNT-0395",
        "survey_no": "178/5",
        "khata_no": "KH-3765",
        "pattadar_name": "Subba Varma",
        "district": "Guntur",
        "mandal": "Mangalagiri",
        "village": "Yerrabalem",
        "doc_area_acres": 3,
        "gis_area_acres": 3,
        "area_delta_acres": 0,
        "status": "Synchronized",
        "classification": "Agricultural (Wet / Jirayati)",
        "is_demo_data": true,
        "discrepancy_note": null
      },
      "geometry": {
        "type": "Polygon",
        "coordinates": [
          [
            [
              80.579325,
              16.442835
            ],
            [
              80.581445,
              16.44315
            ],
            [
              80.581455,
              16.444626
            ],
            [
              80.579319,
              16.444719
            ],
            [
              80.579325,
              16.442835
            ]
          ]
        ]
      }
    },
    {
      "type": "Feature",
      "id": "PARCEL_396",
      "properties": {
        "parcel_id": "AP-GNT-0396",
        "survey_no": "179/1",
        "khata_no": "KH-3772",
        "pattadar_name": "Appa Kumar",
        "district": "Guntur",
        "mandal": "Mangalagiri",
        "village": "Mangalagiri",
        "doc_area_acres": 3.37,
        "gis_area_acres": 3.37,
        "area_delta_acres": 0,
        "status": "Synchronized",
        "classification": "Agricultural (Dry)",
        "is_demo_data": true,
        "discrepancy_note": null
      },
      "geometry": {
        "type": "Polygon",
        "coordinates": [
          [
            [
              80.58151,
              16.442834
            ],
            [
              80.583887,
              16.443073
            ],
            [
              80.583733,
              16.444547
            ],
            [
              80.581809,
              16.444804
            ],
            [
              80.58151,
              16.442834
            ]
          ]
        ]
      }
    },
    {
      "type": "Feature",
      "id": "PARCEL_397",
      "properties": {
        "parcel_id": "AP-GNT-0397",
        "survey_no": "179/2",
        "khata_no": "KH-3779",
        "pattadar_name": "Narayana Devi",
        "district": "Guntur",
        "mandal": "Mangalagiri",
        "village": "Atchampet",
        "doc_area_acres": 3.74,
        "gis_area_acres": 3.74,
        "area_delta_acres": 0,
        "status": "Synchronized",
        "classification": "Agricultural (Wet / Jirayati)",
        "is_demo_data": true,
        "discrepancy_note": null
      },
      "geometry": {
        "type": "Polygon",
        "coordinates": [
          [
            [
              80.583943,
              16.442962
            ],
            [
              80.585839,
              16.442882
            ],
            [
              80.586053,
              16.444765
            ],
            [
              80.584008,
              16.444811
            ],
            [
              80.583943,
              16.442962
            ]
          ]
        ]
      }
    },
    {
      "type": "Feature",
      "id": "PARCEL_398",
      "properties": {
        "parcel_id": "AP-GNT-0398",
        "survey_no": "179/3",
        "khata_no": "KH-3786",
        "pattadar_name": "Koteswara Sharma",
        "district": "Guntur",
        "mandal": "Mangalagiri",
        "village": "Navuluru",
        "doc_area_acres": 4.11,
        "gis_area_acres": 4.11,
        "area_delta_acres": 0,
        "status": "Synchronized",
        "classification": "Agricultural (Wet / Jirayati)",
        "is_demo_data": true,
        "discrepancy_note": null
      },
      "geometry": {
        "type": "Polygon",
        "coordinates": [
          [
            [
              80.586015,
              16.44287
            ],
            [
              80.588135,
              16.443022
            ],
            [
              80.588244,
              16.444587
            ],
            [
              80.585956,
              16.444703
            ],
            [
              80.586015,
              16.44287
            ]
          ]
        ]
      }
    },
    {
      "type": "Feature",
      "id": "PARCEL_399",
      "properties": {
        "parcel_id": "AP-GNT-0399",
        "survey_no": "179/4",
        "khata_no": "KH-3793",
        "pattadar_name": "Radha Varma",
        "district": "Guntur",
        "mandal": "Mangalagiri",
        "village": "Nidamarru",
        "doc_area_acres": 4.48,
        "gis_area_acres": 4.48,
        "area_delta_acres": 0,
        "status": "Synchronized",
        "classification": "Agricultural (Wet / Jirayati)",
        "is_demo_data": true,
        "discrepancy_note": null
      },
      "geometry": {
        "type": "Polygon",
        "coordinates": [
          [
            [
              80.588313,
              16.442923
            ],
            [
              80.590408,
              16.442936
            ],
            [
              80.590281,
              16.444671
            ],
            [
              80.588249,
              16.44468
            ],
            [
              80.588313,
              16.442923
            ]
          ]
        ]
      }
    },
    {
      "type": "Feature",
      "id": "PARCEL_400",
      "properties": {
        "parcel_id": "AP-GNT-0400",
        "survey_no": "179/5",
        "khata_no": "KH-3800",
        "pattadar_name": "Sujatha Kumar",
        "district": "Guntur",
        "mandal": "Mangalagiri",
        "village": "Kuragallu",
        "doc_area_acres": 0.85,
        "gis_area_acres": 0.85,
        "area_delta_acres": 0,
        "status": "Synchronized",
        "classification": "Agricultural (Dry)",
        "is_demo_data": true,
        "discrepancy_note": null
      },
      "geometry": {
        "type": "Polygon",
        "coordinates": [
          [
            [
              80.590445,
              16.442955
            ],
            [
              80.592652,
              16.443054
            ],
            [
              80.592601,
              16.444855
            ],
            [
              80.590481,
              16.444727
            ],
            [
              80.590445,
              16.442955
            ]
          ]
        ]
      }
    },
    {
      "type": "Feature",
      "id": "PARCEL_401",
      "properties": {
        "parcel_id": "AP-GNT-0401",
        "survey_no": "180/1",
        "khata_no": "KH-3807",
        "pattadar_name": "Ramana Devi",
        "district": "Guntur",
        "mandal": "Mangalagiri",
        "village": "Yerrabalem",
        "doc_area_acres": 1.22,
        "gis_area_acres": 1.22,
        "area_delta_acres": 0,
        "status": "Synchronized",
        "classification": "Agricultural (Wet / Jirayati)",
        "is_demo_data": true,
        "discrepancy_note": null
      },
      "geometry": {
        "type": "Polygon",
        "coordinates": [
          [
            [
              80.537685,
              16.444596
            ],
            [
              80.539623,
              16.444737
            ],
            [
              80.539552,
              16.44641
            ],
            [
              80.537632,
              16.446471
            ],
            [
              80.537685,
              16.444596
            ]
          ]
        ]
      }
    },
    {
      "type": "Feature",
      "id": "PARCEL_402",
      "properties": {
        "parcel_id": "AP-GNT-0402",
        "survey_no": "180/2",
        "khata_no": "KH-3814",
        "pattadar_name": "Govind Sharma",
        "district": "Guntur",
        "mandal": "Mangalagiri",
        "village": "Mangalagiri",
        "doc_area_acres": 1.59,
        "gis_area_acres": 1.59,
        "area_delta_acres": 0,
        "status": "Synchronized",
        "classification": "Agricultural (Wet / Jirayati)",
        "is_demo_data": true,
        "discrepancy_note": null
      },
      "geometry": {
        "type": "Polygon",
        "coordinates": [
          [
            [
              80.539712,
              16.444661
            ],
            [
              80.541973,
              16.44484
            ],
            [
              80.541812,
              16.446329
            ],
            [
              80.539933,
              16.446351
            ],
            [
              80.539712,
              16.444661
            ]
          ]
        ]
      }
    },
    {
      "type": "Feature",
      "id": "PARCEL_403",
      "properties": {
        "parcel_id": "AP-GNT-0403",
        "survey_no": "180/3",
        "khata_no": "KH-3821",
        "pattadar_name": "Krishna Varma",
        "district": "Guntur",
        "mandal": "Mangalagiri",
        "village": "Atchampet",
        "doc_area_acres": 1.96,
        "gis_area_acres": 1.96,
        "area_delta_acres": 0,
        "status": "Synchronized",
        "classification": "Agricultural (Wet / Jirayati)",
        "is_demo_data": true,
        "discrepancy_note": null
      },
      "geometry": {
        "type": "Polygon",
        "coordinates": [
          [
            [
              80.542125,
              16.444735
            ],
            [
              80.544144,
              16.444762
            ],
            [
              80.544257,
              16.446518
            ],
            [
              80.542017,
              16.44653
            ],
            [
              80.542125,
              16.444735
            ]
          ]
        ]
      }
    },
    {
      "type": "Feature",
      "id": "PARCEL_404",
      "properties": {
        "parcel_id": "AP-GNT-0404",
        "survey_no": "180/4",
        "khata_no": "KH-3828",
        "pattadar_name": "Mohan Kumar",
        "district": "Guntur",
        "mandal": "Mangalagiri",
        "village": "Navuluru",
        "doc_area_acres": 2.33,
        "gis_area_acres": 2.33,
        "area_delta_acres": 0,
        "status": "Synchronized",
        "classification": "Agricultural (Dry)",
        "is_demo_data": true,
        "discrepancy_note": null
      },
      "geometry": {
        "type": "Polygon",
        "coordinates": [
          [
            [
              80.544381,
              16.44469
            ],
            [
              80.546212,
              16.444823
            ],
            [
              80.546479,
              16.446489
            ],
            [
              80.544374,
              16.446281
            ],
            [
              80.544381,
              16.44469
            ]
          ]
        ]
      }
    },
    {
      "type": "Feature",
      "id": "PARCEL_405",
      "properties": {
        "parcel_id": "AP-GNT-0405",
        "survey_no": "180/5",
        "khata_no": "KH-3835",
        "pattadar_name": "Ravi Devi",
        "district": "Guntur",
        "mandal": "Mangalagiri",
        "village": "Nidamarru",
        "doc_area_acres": 2.7,
        "gis_area_acres": 2.7,
        "area_delta_acres": 0,
        "status": "Synchronized",
        "classification": "Agricultural (Wet / Jirayati)",
        "is_demo_data": true,
        "discrepancy_note": null
      },
      "geometry": {
        "type": "Polygon",
        "coordinates": [
          [
            [
              80.546598,
              16.444862
            ],
            [
              80.548638,
              16.444689
            ],
            [
              80.548433,
              16.446369
            ],
            [
              80.546569,
              16.44647
            ],
            [
              80.546598,
              16.444862
            ]
          ]
        ]
      }
    },
    {
      "type": "Feature",
      "id": "PARCEL_406",
      "properties": {
        "parcel_id": "AP-GNT-0406",
        "survey_no": "181/1",
        "khata_no": "KH-3842",
        "pattadar_name": "Venkatesh Sharma",
        "district": "Guntur",
        "mandal": "Mangalagiri",
        "village": "Kuragallu",
        "doc_area_acres": 3.07,
        "gis_area_acres": 3.07,
        "area_delta_acres": 0,
        "status": "Synchronized",
        "classification": "Agricultural (Wet / Jirayati)",
        "is_demo_data": true,
        "discrepancy_note": null
      },
      "geometry": {
        "type": "Polygon",
        "coordinates": [
          [
            [
              80.548807,
              16.444927
            ],
            [
              80.550783,
              16.444803
            ],
            [
              80.550679,
              16.446337
            ],
            [
              80.548651,
              16.446274
            ],
            [
              80.548807,
              16.444927
            ]
          ]
        ]
      }
    },
    {
      "type": "Feature",
      "id": "PARCEL_407",
      "properties": {
        "parcel_id": "AP-GNT-0407",
        "survey_no": "181/2",
        "khata_no": "KH-3849",
        "pattadar_name": "Srinivasa Varma",
        "district": "Guntur",
        "mandal": "Mangalagiri",
        "village": "Yerrabalem",
        "doc_area_acres": 3.44,
        "gis_area_acres": 3.44,
        "area_delta_acres": 0,
        "status": "Synchronized",
        "classification": "Agricultural (Wet / Jirayati)",
        "is_demo_data": true,
        "discrepancy_note": null
      },
      "geometry": {
        "type": "Polygon",
        "coordinates": [
          [
            [
              80.550766,
              16.444742
            ],
            [
              80.553064,
              16.444908
            ],
            [
              80.552962,
              16.446312
            ],
            [
              80.550732,
              16.446388
            ],
            [
              80.550766,
              16.444742
            ]
          ]
        ]
      }
    },
    {
      "type": "Feature",
      "id": "PARCEL_408",
      "properties": {
        "parcel_id": "AP-GNT-0408",
        "survey_no": "181/3",
        "khata_no": "KH-3856",
        "pattadar_name": "Lakshmi Kumar",
        "district": "Guntur",
        "mandal": "Mangalagiri",
        "village": "Mangalagiri",
        "doc_area_acres": 3.81,
        "gis_area_acres": 3.81,
        "area_delta_acres": 0,
        "status": "Review Required",
        "classification": "Agricultural (Dry)",
        "is_demo_data": true,
        "discrepancy_note": null
      },
      "geometry": {
        "type": "Polygon",
        "coordinates": [
          [
            [
              80.552891,
              16.444754
            ],
            [
              80.555077,
              16.444846
            ],
            [
              80.555286,
              16.446382
            ],
            [
              80.552922,
              16.446499
            ],
            [
              80.552891,
              16.444754
            ]
          ]
        ]
      }
    },
    {
      "type": "Feature",
      "id": "PARCEL_409",
      "properties": {
        "parcel_id": "AP-GNT-0409",
        "survey_no": "181/4",
        "khata_no": "KH-3863",
        "pattadar_name": "Satyanarayana Devi",
        "district": "Guntur",
        "mandal": "Mangalagiri",
        "village": "Atchampet",
        "doc_area_acres": 4.18,
        "gis_area_acres": 4.18,
        "area_delta_acres": 0,
        "status": "Synchronized",
        "classification": "Agricultural (Wet / Jirayati)",
        "is_demo_data": true,
        "discrepancy_note": null
      },
      "geometry": {
        "type": "Polygon",
        "coordinates": [
          [
            [
              80.555118,
              16.444719
            ],
            [
              80.557435,
              16.444706
            ],
            [
              80.557174,
              16.44635
            ],
            [
              80.55514,
              16.446322
            ],
            [
              80.555118,
              16.444719
            ]
          ]
        ]
      }
    },
    {
      "type": "Feature",
      "id": "PARCEL_410",
      "properties": {
        "parcel_id": "AP-GNT-0410",
        "survey_no": "181/5",
        "khata_no": "KH-3870",
        "pattadar_name": "Subba Sharma",
        "district": "Guntur",
        "mandal": "Mangalagiri",
        "village": "Navuluru",
        "doc_area_acres": 4.55,
        "gis_area_acres": 4.55,
        "area_delta_acres": 0,
        "status": "Synchronized",
        "classification": "Agricultural (Wet / Jirayati)",
        "is_demo_data": true,
        "discrepancy_note": null
      },
      "geometry": {
        "type": "Polygon",
        "coordinates": [
          [
            [
              80.557397,
              16.444606
            ],
            [
              80.559535,
              16.444763
            ],
            [
              80.559647,
              16.446452
            ],
            [
              80.557324,
              16.446281
            ],
            [
              80.557397,
              16.444606
            ]
          ]
        ]
      }
    },
    {
      "type": "Feature",
      "id": "PARCEL_411",
      "properties": {
        "parcel_id": "AP-GNT-0411",
        "survey_no": "182/1",
        "khata_no": "KH-3877",
        "pattadar_name": "Appa Varma",
        "district": "Guntur",
        "mandal": "Mangalagiri",
        "village": "Nidamarru",
        "doc_area_acres": 0.92,
        "gis_area_acres": 0.92,
        "area_delta_acres": 0,
        "status": "Synchronized",
        "classification": "Agricultural (Wet / Jirayati)",
        "is_demo_data": true,
        "discrepancy_note": null
      },
      "geometry": {
        "type": "Polygon",
        "coordinates": [
          [
            [
              80.559699,
              16.444848
            ],
            [
              80.561755,
              16.444913
            ],
            [
              80.561801,
              16.446317
            ],
            [
              80.559562,
              16.446356
            ],
            [
              80.559699,
              16.444848
            ]
          ]
        ]
      }
    },
    {
      "type": "Feature",
      "id": "PARCEL_412",
      "properties": {
        "parcel_id": "AP-GNT-0412",
        "survey_no": "182/2",
        "khata_no": "KH-3884",
        "pattadar_name": "Narayana Kumar",
        "district": "Guntur",
        "mandal": "Mangalagiri",
        "village": "Kuragallu",
        "doc_area_acres": 1.29,
        "gis_area_acres": 1.29,
        "area_delta_acres": 0,
        "status": "Synchronized",
        "classification": "Agricultural (Dry)",
        "is_demo_data": true,
        "discrepancy_note": null
      },
      "geometry": {
        "type": "Polygon",
        "coordinates": [
          [
            [
              80.561897,
              16.444902
            ],
            [
              80.56402,
              16.44492
            ],
            [
              80.563889,
              16.446323
            ],
            [
              80.561792,
              16.446452
            ],
            [
              80.561897,
              16.444902
            ]
          ]
        ]
      }
    },
    {
      "type": "Feature",
      "id": "PARCEL_413",
      "properties": {
        "parcel_id": "AP-GNT-0413",
        "survey_no": "182/3",
        "khata_no": "KH-3891",
        "pattadar_name": "Koteswara Devi",
        "district": "Guntur",
        "mandal": "Mangalagiri",
        "village": "Yerrabalem",
        "doc_area_acres": 1.66,
        "gis_area_acres": 1.66,
        "area_delta_acres": 0,
        "status": "Synchronized",
        "classification": "Agricultural (Wet / Jirayati)",
        "is_demo_data": true,
        "discrepancy_note": null
      },
      "geometry": {
        "type": "Polygon",
        "coordinates": [
          [
            [
              80.564222,
              16.444616
            ],
            [
              80.566264,
              16.444877
            ],
            [
              80.566133,
              16.446358
            ],
            [
              80.563928,
              16.446519
            ],
            [
              80.564222,
              16.444616
            ]
          ]
        ]
      }
    },
    {
      "type": "Feature",
      "id": "PARCEL_414",
      "properties": {
        "parcel_id": "AP-GNT-0414",
        "survey_no": "182/4",
        "khata_no": "KH-3898",
        "pattadar_name": "Radha Sharma",
        "district": "Guntur",
        "mandal": "Mangalagiri",
        "village": "Mangalagiri",
        "doc_area_acres": 2.03,
        "gis_area_acres": 2.03,
        "area_delta_acres": 0,
        "status": "Synchronized",
        "classification": "Agricultural (Wet / Jirayati)",
        "is_demo_data": true,
        "discrepancy_note": null
      },
      "geometry": {
        "type": "Polygon",
        "coordinates": [
          [
            [
              80.56629,
              16.4448
            ],
            [
              80.568258,
              16.444692
            ],
            [
              80.568195,
              16.446519
            ],
            [
              80.566289,
              16.446537
            ],
            [
              80.56629,
              16.4448
            ]
          ]
        ]
      }
    },
    {
      "type": "Feature",
      "id": "PARCEL_415",
      "properties": {
        "parcel_id": "AP-GNT-0415",
        "survey_no": "182/5",
        "khata_no": "KH-3905",
        "pattadar_name": "Sujatha Varma",
        "district": "Guntur",
        "mandal": "Mangalagiri",
        "village": "Atchampet",
        "doc_area_acres": 2.4,
        "gis_area_acres": 2.4,
        "area_delta_acres": 0,
        "status": "Synchronized",
        "classification": "Agricultural (Wet / Jirayati)",
        "is_demo_data": true,
        "discrepancy_note": null
      },
      "geometry": {
        "type": "Polygon",
        "coordinates": [
          [
            [
              80.568432,
              16.444667
            ],
            [
              80.570652,
              16.444916
            ],
            [
              80.570507,
              16.446467
            ],
            [
              80.568526,
              16.446358
            ],
            [
              80.568432,
              16.444667
            ]
          ]
        ]
      }
    },
    {
      "type": "Feature",
      "id": "PARCEL_416",
      "properties": {
        "parcel_id": "AP-GNT-0416",
        "survey_no": "183/1",
        "khata_no": "KH-3912",
        "pattadar_name": "Ramana Kumar",
        "district": "Guntur",
        "mandal": "Mangalagiri",
        "village": "Navuluru",
        "doc_area_acres": 2.77,
        "gis_area_acres": 2.77,
        "area_delta_acres": 0,
        "status": "Synchronized",
        "classification": "Agricultural (Dry)",
        "is_demo_data": true,
        "discrepancy_note": null
      },
      "geometry": {
        "type": "Polygon",
        "coordinates": [
          [
            [
              80.570749,
              16.44459
            ],
            [
              80.5727,
              16.444869
            ],
            [
              80.572715,
              16.446391
            ],
            [
              80.570643,
              16.446406
            ],
            [
              80.570749,
              16.44459
            ]
          ]
        ]
      }
    },
    {
      "type": "Feature",
      "id": "PARCEL_417",
      "properties": {
        "parcel_id": "AP-GNT-0417",
        "survey_no": "183/2",
        "khata_no": "KH-3919",
        "pattadar_name": "Govind Devi",
        "district": "Guntur",
        "mandal": "Mangalagiri",
        "village": "Nidamarru",
        "doc_area_acres": 3.14,
        "gis_area_acres": 3.14,
        "area_delta_acres": 0,
        "status": "Synchronized",
        "classification": "Agricultural (Wet / Jirayati)",
        "is_demo_data": true,
        "discrepancy_note": null
      },
      "geometry": {
        "type": "Polygon",
        "coordinates": [
          [
            [
              80.572956,
              16.444888
            ],
            [
              80.574926,
              16.444656
            ],
            [
              80.574935,
              16.446502
            ],
            [
              80.572899,
              16.446611
            ],
            [
              80.572956,
              16.444888
            ]
          ]
        ]
      }
    },
    {
      "type": "Feature",
      "id": "PARCEL_418",
      "properties": {
        "parcel_id": "AP-GNT-0418",
        "survey_no": "183/3",
        "khata_no": "KH-3926",
        "pattadar_name": "Krishna Sharma",
        "district": "Guntur",
        "mandal": "Mangalagiri",
        "village": "Kuragallu",
        "doc_area_acres": 3.51,
        "gis_area_acres": 3.51,
        "area_delta_acres": 0,
        "status": "Synchronized",
        "classification": "Agricultural (Wet / Jirayati)",
        "is_demo_data": true,
        "discrepancy_note": null
      },
      "geometry": {
        "type": "Polygon",
        "coordinates": [
          [
            [
              80.574982,
              16.444915
            ],
            [
              80.577054,
              16.444623
            ],
            [
              80.577094,
              16.446333
            ],
            [
              80.575027,
              16.446615
            ],
            [
              80.574982,
              16.444915
            ]
          ]
        ]
      }
    },
    {
      "type": "Feature",
      "id": "PARCEL_419",
      "properties": {
        "parcel_id": "AP-GNT-0419",
        "survey_no": "183/4",
        "khata_no": "KH-3933",
        "pattadar_name": "Mohan Varma",
        "district": "Guntur",
        "mandal": "Mangalagiri",
        "village": "Yerrabalem",
        "doc_area_acres": 3.88,
        "gis_area_acres": 3.88,
        "area_delta_acres": 0,
        "status": "Synchronized",
        "classification": "Agricultural (Wet / Jirayati)",
        "is_demo_data": true,
        "discrepancy_note": null
      },
      "geometry": {
        "type": "Polygon",
        "coordinates": [
          [
            [
              80.577249,
              16.444601
            ],
            [
              80.579198,
              16.444797
            ],
            [
              80.579194,
              16.446326
            ],
            [
              80.577401,
              16.446528
            ],
            [
              80.577249,
              16.444601
            ]
          ]
        ]
      }
    },
    {
      "type": "Feature",
      "id": "PARCEL_420",
      "properties": {
        "parcel_id": "AP-GNT-0420",
        "survey_no": "183/5",
        "khata_no": "KH-3940",
        "pattadar_name": "Ravi Kumar",
        "district": "Guntur",
        "mandal": "Mangalagiri",
        "village": "Mangalagiri",
        "doc_area_acres": 4.25,
        "gis_area_acres": 4.25,
        "area_delta_acres": 0,
        "status": "Synchronized",
        "classification": "Agricultural (Dry)",
        "is_demo_data": true,
        "discrepancy_note": null
      },
      "geometry": {
        "type": "Polygon",
        "coordinates": [
          [
            [
              80.579609,
              16.444744
            ],
            [
              80.581703,
              16.444634
            ],
            [
              80.581538,
              16.446335
            ],
            [
              80.579363,
              16.446513
            ],
            [
              80.579609,
              16.444744
            ]
          ]
        ]
      }
    },
    {
      "type": "Feature",
      "id": "PARCEL_421",
      "properties": {
        "parcel_id": "AP-GNT-0421",
        "survey_no": "184/1",
        "khata_no": "KH-3947",
        "pattadar_name": "Venkatesh Devi",
        "district": "Guntur",
        "mandal": "Mangalagiri",
        "village": "Atchampet",
        "doc_area_acres": 4.62,
        "gis_area_acres": 4.62,
        "area_delta_acres": 0,
        "status": "Synchronized",
        "classification": "Agricultural (Wet / Jirayati)",
        "is_demo_data": true,
        "discrepancy_note": null
      },
      "geometry": {
        "type": "Polygon",
        "coordinates": [
          [
            [
              80.581719,
              16.44468
            ],
            [
              80.583777,
              16.444754
            ],
            [
              80.583665,
              16.446581
            ],
            [
              80.581615,
              16.446472
            ],
            [
              80.581719,
              16.44468
            ]
          ]
        ]
      }
    },
    {
      "type": "Feature",
      "id": "PARCEL_422",
      "properties": {
        "parcel_id": "AP-GNT-0422",
        "survey_no": "184/2",
        "khata_no": "KH-3954",
        "pattadar_name": "Srinivasa Sharma",
        "district": "Guntur",
        "mandal": "Mangalagiri",
        "village": "Navuluru",
        "doc_area_acres": 0.99,
        "gis_area_acres": 0.99,
        "area_delta_acres": 0,
        "status": "Synchronized",
        "classification": "Agricultural (Wet / Jirayati)",
        "is_demo_data": true,
        "discrepancy_note": null
      },
      "geometry": {
        "type": "Polygon",
        "coordinates": [
          [
            [
              80.583939,
              16.444892
            ],
            [
              80.585991,
              16.444918
            ],
            [
              80.585963,
              16.446523
            ],
            [
              80.583702,
              16.446325
            ],
            [
              80.583939,
              16.444892
            ]
          ]
        ]
      }
    },
    {
      "type": "Feature",
      "id": "PARCEL_423",
      "properties": {
        "parcel_id": "AP-GNT-0423",
        "survey_no": "184/3",
        "khata_no": "KH-3961",
        "pattadar_name": "Lakshmi Varma",
        "district": "Guntur",
        "mandal": "Mangalagiri",
        "village": "Nidamarru",
        "doc_area_acres": 1.36,
        "gis_area_acres": 1.36,
        "area_delta_acres": 0,
        "status": "Synchronized",
        "classification": "Agricultural (Wet / Jirayati)",
        "is_demo_data": true,
        "discrepancy_note": null
      },
      "geometry": {
        "type": "Polygon",
        "coordinates": [
          [
            [
              80.586027,
              16.444792
            ],
            [
              80.588086,
              16.44467
            ],
            [
              80.58797,
              16.446374
            ],
            [
              80.585897,
              16.446427
            ],
            [
              80.586027,
              16.444792
            ]
          ]
        ]
      }
    },
    {
      "type": "Feature",
      "id": "PARCEL_424",
      "properties": {
        "parcel_id": "AP-GNT-0424",
        "survey_no": "184/4",
        "khata_no": "KH-3968",
        "pattadar_name": "Satyanarayana Kumar",
        "district": "Guntur",
        "mandal": "Mangalagiri",
        "village": "Kuragallu",
        "doc_area_acres": 1.73,
        "gis_area_acres": 1.73,
        "area_delta_acres": 0,
        "status": "Synchronized",
        "classification": "Agricultural (Dry)",
        "is_demo_data": true,
        "discrepancy_note": null
      },
      "geometry": {
        "type": "Polygon",
        "coordinates": [
          [
            [
              80.588108,
              16.44485
            ],
            [
              80.590244,
              16.444631
            ],
            [
              80.590231,
              16.446312
            ],
            [
              80.588379,
              16.446525
            ],
            [
              80.588108,
              16.44485
            ]
          ]
        ]
      }
    },
    {
      "type": "Feature",
      "id": "PARCEL_425",
      "properties": {
        "parcel_id": "AP-GNT-0425",
        "survey_no": "184/5",
        "khata_no": "KH-3975",
        "pattadar_name": "Subba Devi",
        "district": "Guntur",
        "mandal": "Mangalagiri",
        "village": "Yerrabalem",
        "doc_area_acres": 2.1,
        "gis_area_acres": 2.1,
        "area_delta_acres": 0,
        "status": "Review Required",
        "classification": "Agricultural (Wet / Jirayati)",
        "is_demo_data": true,
        "discrepancy_note": null
      },
      "geometry": {
        "type": "Polygon",
        "coordinates": [
          [
            [
              80.590298,
              16.444766
            ],
            [
              80.592681,
              16.444898
            ],
            [
              80.592392,
              16.446339
            ],
            [
              80.590559,
              16.446566
            ],
            [
              80.590298,
              16.444766
            ]
          ]
        ]
      }
    },
    {
      "type": "Feature",
      "id": "PARCEL_426",
      "properties": {
        "parcel_id": "AP-GNT-0426",
        "survey_no": "185/1",
        "khata_no": "KH-3982",
        "pattadar_name": "Appa Sharma",
        "district": "Guntur",
        "mandal": "Mangalagiri",
        "village": "Mangalagiri",
        "doc_area_acres": 2.47,
        "gis_area_acres": 2.47,
        "area_delta_acres": 0,
        "status": "Synchronized",
        "classification": "Agricultural (Wet / Jirayati)",
        "is_demo_data": true,
        "discrepancy_note": null
      },
      "geometry": {
        "type": "Polygon",
        "coordinates": [
          [
            [
              80.537635,
              16.446419
            ],
            [
              80.539797,
              16.446436
            ],
            [
              80.539817,
              16.448196
            ],
            [
              80.537794,
              16.448192
            ],
            [
              80.537635,
              16.446419
            ]
          ]
        ]
      }
    },
    {
      "type": "Feature",
      "id": "PARCEL_427",
      "properties": {
        "parcel_id": "AP-GNT-0427",
        "survey_no": "185/2",
        "khata_no": "KH-3989",
        "pattadar_name": "Narayana Varma",
        "district": "Guntur",
        "mandal": "Mangalagiri",
        "village": "Atchampet",
        "doc_area_acres": 2.84,
        "gis_area_acres": 2.84,
        "area_delta_acres": 0,
        "status": "Synchronized",
        "classification": "Agricultural (Wet / Jirayati)",
        "is_demo_data": true,
        "discrepancy_note": null
      },
      "geometry": {
        "type": "Polygon",
        "coordinates": [
          [
            [
              80.539757,
              16.446598
            ],
            [
              80.541908,
              16.44653
            ],
            [
              80.541928,
              16.448325
            ],
            [
              80.539681,
              16.44809
            ],
            [
              80.539757,
              16.446598
            ]
          ]
        ]
      }
    },
    {
      "type": "Feature",
      "id": "PARCEL_428",
      "properties": {
        "parcel_id": "AP-GNT-0428",
        "survey_no": "185/3",
        "khata_no": "KH-3996",
        "pattadar_name": "Koteswara Kumar",
        "district": "Guntur",
        "mandal": "Mangalagiri",
        "village": "Navuluru",
        "doc_area_acres": 3.21,
        "gis_area_acres": 3.21,
        "area_delta_acres": 0,
        "status": "Synchronized",
        "classification": "Agricultural (Dry)",
        "is_demo_data": true,
        "discrepancy_note": null
      },
      "geometry": {
        "type": "Polygon",
        "coordinates": [
          [
            [
              80.542096,
              16.446703
            ],
            [
              80.544137,
              16.44669
            ],
            [
              80.544167,
              16.448388
            ],
            [
              80.54207,
              16.448344
            ],
            [
              80.542096,
              16.446703
            ]
          ]
        ]
      }
    },
    {
      "type": "Feature",
      "id": "PARCEL_429",
      "properties": {
        "parcel_id": "AP-GNT-0429",
        "survey_no": "185/4",
        "khata_no": "KH-4003",
        "pattadar_name": "Radha Devi",
        "district": "Guntur",
        "mandal": "Mangalagiri",
        "village": "Nidamarru",
        "doc_area_acres": 3.58,
        "gis_area_acres": 3.58,
        "area_delta_acres": 0,
        "status": "Synchronized",
        "classification": "Agricultural (Wet / Jirayati)",
        "is_demo_data": true,
        "discrepancy_note": null
      },
      "geometry": {
        "type": "Polygon",
        "coordinates": [
          [
            [
              80.544289,
              16.446426
            ],
            [
              80.546507,
              16.446638
            ],
            [
              80.546464,
              16.448119
            ],
            [
              80.544228,
              16.44819
            ],
            [
              80.544289,
              16.446426
            ]
          ]
        ]
      }
    },
    {
      "type": "Feature",
      "id": "PARCEL_430",
      "properties": {
        "parcel_id": "AP-GNT-0430",
        "survey_no": "185/5",
        "khata_no": "KH-4010",
        "pattadar_name": "Sujatha Sharma",
        "district": "Guntur",
        "mandal": "Mangalagiri",
        "village": "Kuragallu",
        "doc_area_acres": 3.95,
        "gis_area_acres": 3.95,
        "area_delta_acres": 0,
        "status": "Synchronized",
        "classification": "Agricultural (Wet / Jirayati)",
        "is_demo_data": true,
        "discrepancy_note": null
      },
      "geometry": {
        "type": "Polygon",
        "coordinates": [
          [
            [
              80.546486,
              16.446587
            ],
            [
              80.548515,
              16.446463
            ],
            [
              80.548599,
              16.448128
            ],
            [
              80.546391,
              16.448146
            ],
            [
              80.546486,
              16.446587
            ]
          ]
        ]
      }
    },
    {
      "type": "Feature",
      "id": "PARCEL_431",
      "properties": {
        "parcel_id": "AP-GNT-0431",
        "survey_no": "186/1",
        "khata_no": "KH-4017",
        "pattadar_name": "Ramana Varma",
        "district": "Guntur",
        "mandal": "Mangalagiri",
        "village": "Yerrabalem",
        "doc_area_acres": 4.32,
        "gis_area_acres": 4.32,
        "area_delta_acres": 0,
        "status": "Synchronized",
        "classification": "Agricultural (Wet / Jirayati)",
        "is_demo_data": true,
        "discrepancy_note": null
      },
      "geometry": {
        "type": "Polygon",
        "coordinates": [
          [
            [
              80.548658,
              16.44649
            ],
            [
              80.550825,
              16.446759
            ],
            [
              80.550563,
              16.448426
            ],
            [
              80.548799,
              16.448344
            ],
            [
              80.548658,
              16.44649
            ]
          ]
        ]
      }
    },
    {
      "type": "Feature",
      "id": "PARCEL_432",
      "properties": {
        "parcel_id": "AP-GNT-0432",
        "survey_no": "186/2",
        "khata_no": "KH-4024",
        "pattadar_name": "Govind Kumar",
        "district": "Guntur",
        "mandal": "Mangalagiri",
        "village": "Mangalagiri",
        "doc_area_acres": 4.69,
        "gis_area_acres": 4.69,
        "area_delta_acres": 0,
        "status": "Synchronized",
        "classification": "Agricultural (Dry)",
        "is_demo_data": true,
        "discrepancy_note": null
      },
      "geometry": {
        "type": "Polygon",
        "coordinates": [
          [
            [
              80.55076,
              16.446511
            ],
            [
              80.553049,
              16.446571
            ],
            [
              80.553085,
              16.448249
            ],
            [
              80.550877,
              16.44832
            ],
            [
              80.55076,
              16.446511
            ]
          ]
        ]
      }
    },
    {
      "type": "Feature",
      "id": "PARCEL_433",
      "properties": {
        "parcel_id": "AP-GNT-0433",
        "survey_no": "186/3",
        "khata_no": "KH-4031",
        "pattadar_name": "Krishna Devi",
        "district": "Guntur",
        "mandal": "Mangalagiri",
        "village": "Atchampet",
        "doc_area_acres": 1.06,
        "gis_area_acres": 1.06,
        "area_delta_acres": 0,
        "status": "Synchronized",
        "classification": "Agricultural (Wet / Jirayati)",
        "is_demo_data": true,
        "discrepancy_note": null
      },
      "geometry": {
        "type": "Polygon",
        "coordinates": [
          [
            [
              80.55305,
              16.446649
            ],
            [
              80.555275,
              16.446659
            ],
            [
              80.554978,
              16.448244
            ],
            [
              80.552908,
              16.448218
            ],
            [
              80.55305,
              16.446649
            ]
          ]
        ]
      }
    },
    {
      "type": "Feature",
      "id": "PARCEL_434",
      "properties": {
        "parcel_id": "AP-GNT-0434",
        "survey_no": "186/4",
        "khata_no": "KH-4038",
        "pattadar_name": "Mohan Sharma",
        "district": "Guntur",
        "mandal": "Mangalagiri",
        "village": "Navuluru",
        "doc_area_acres": 1.43,
        "gis_area_acres": 1.43,
        "area_delta_acres": 0,
        "status": "Synchronized",
        "classification": "Agricultural (Wet / Jirayati)",
        "is_demo_data": true,
        "discrepancy_note": null
      },
      "geometry": {
        "type": "Polygon",
        "coordinates": [
          [
            [
              80.555288,
              16.446524
            ],
            [
              80.557468,
              16.446664
            ],
            [
              80.557276,
              16.448349
            ],
            [
              80.555123,
              16.448226
            ],
            [
              80.555288,
              16.446524
            ]
          ]
        ]
      }
    },
    {
      "type": "Feature",
      "id": "PARCEL_435",
      "properties": {
        "parcel_id": "AP-GNT-0435",
        "survey_no": "186/5",
        "khata_no": "KH-4045",
        "pattadar_name": "Ravi Varma",
        "district": "Guntur",
        "mandal": "Mangalagiri",
        "village": "Nidamarru",
        "doc_area_acres": 1.8,
        "gis_area_acres": 1.8,
        "area_delta_acres": 0,
        "status": "Synchronized",
        "classification": "Agricultural (Wet / Jirayati)",
        "is_demo_data": true,
        "discrepancy_note": null
      },
      "geometry": {
        "type": "Polygon",
        "coordinates": [
          [
            [
              80.557613,
              16.446731
            ],
            [
              80.559396,
              16.446599
            ],
            [
              80.559427,
              16.448441
            ],
            [
              80.557479,
              16.448139
            ],
            [
              80.557613,
              16.446731
            ]
          ]
        ]
      }
    },
    {
      "type": "Feature",
      "id": "PARCEL_436",
      "properties": {
        "parcel_id": "AP-GNT-0436",
        "survey_no": "187/1",
        "khata_no": "KH-4052",
        "pattadar_name": "Venkatesh Kumar",
        "district": "Guntur",
        "mandal": "Mangalagiri",
        "village": "Kuragallu",
        "doc_area_acres": 2.17,
        "gis_area_acres": 2.17,
        "area_delta_acres": 0,
        "status": "Synchronized",
        "classification": "Agricultural (Dry)",
        "is_demo_data": true,
        "discrepancy_note": null
      },
      "geometry": {
        "type": "Polygon",
        "coordinates": [
          [
            [
              80.55967,
              16.44653
            ],
            [
              80.561602,
              16.446687
            ],
            [
              80.561704,
              16.448218
            ],
            [
              80.559771,
              16.448314
            ],
            [
              80.55967,
              16.44653
            ]
          ]
        ]
      }
    },
    {
      "type": "Feature",
      "id": "PARCEL_437",
      "properties": {
        "parcel_id": "AP-GNT-0437",
        "survey_no": "187/2",
        "khata_no": "KH-4059",
        "pattadar_name": "Srinivasa Devi",
        "district": "Guntur",
        "mandal": "Mangalagiri",
        "village": "Yerrabalem",
        "doc_area_acres": 2.54,
        "gis_area_acres": 2.54,
        "area_delta_acres": 0,
        "status": "Synchronized",
        "classification": "Agricultural (Wet / Jirayati)",
        "is_demo_data": true,
        "discrepancy_note": null
      },
      "geometry": {
        "type": "Polygon",
        "coordinates": [
          [
            [
              80.561781,
              16.446591
            ],
            [
              80.563955,
              16.446662
            ],
            [
              80.56396,
              16.448169
            ],
            [
              80.561777,
              16.448114
            ],
            [
              80.561781,
              16.446591
            ]
          ]
        ]
      }
    },
    {
      "type": "Feature",
      "id": "PARCEL_438",
      "properties": {
        "parcel_id": "AP-GNT-0438",
        "survey_no": "187/3",
        "khata_no": "KH-4066",
        "pattadar_name": "Lakshmi Sharma",
        "district": "Guntur",
        "mandal": "Mangalagiri",
        "village": "Mangalagiri",
        "doc_area_acres": 2.91,
        "gis_area_acres": 2.91,
        "area_delta_acres": 0,
        "status": "Synchronized",
        "classification": "Agricultural (Wet / Jirayati)",
        "is_demo_data": true,
        "discrepancy_note": null
      },
      "geometry": {
        "type": "Polygon",
        "coordinates": [
          [
            [
              80.564114,
              16.446706
            ],
            [
              80.566093,
              16.446499
            ],
            [
              80.5662,
              16.448268
            ],
            [
              80.564026,
              16.448107
            ],
            [
              80.564114,
              16.446706
            ]
          ]
        ]
      }
    },
    {
      "type": "Feature",
      "id": "PARCEL_439",
      "properties": {
        "parcel_id": "AP-GNT-0439",
        "survey_no": "187/4",
        "khata_no": "KH-4073",
        "pattadar_name": "Satyanarayana Varma",
        "district": "Guntur",
        "mandal": "Mangalagiri",
        "village": "Atchampet",
        "doc_area_acres": 3.28,
        "gis_area_acres": 3.28,
        "area_delta_acres": 0,
        "status": "Synchronized",
        "classification": "Agricultural (Wet / Jirayati)",
        "is_demo_data": true,
        "discrepancy_note": null
      },
      "geometry": {
        "type": "Polygon",
        "coordinates": [
          [
            [
              80.56614,
              16.446693
            ],
            [
              80.56844,
              16.446615
            ],
            [
              80.568332,
              16.448425
            ],
            [
              80.566395,
              16.448134
            ],
            [
              80.56614,
              16.446693
            ]
          ]
        ]
      }
    },
    {
      "type": "Feature",
      "id": "PARCEL_440",
      "properties": {
        "parcel_id": "AP-GNT-0440",
        "survey_no": "187/5",
        "khata_no": "KH-4080",
        "pattadar_name": "Subba Kumar",
        "district": "Guntur",
        "mandal": "Mangalagiri",
        "village": "Navuluru",
        "doc_area_acres": 3.65,
        "gis_area_acres": 3.65,
        "area_delta_acres": 0,
        "status": "Synchronized",
        "classification": "Agricultural (Dry)",
        "is_demo_data": true,
        "discrepancy_note": null
      },
      "geometry": {
        "type": "Polygon",
        "coordinates": [
          [
            [
              80.568302,
              16.446499
            ],
            [
              80.570488,
              16.446552
            ],
            [
              80.570594,
              16.448318
            ],
            [
              80.568393,
              16.448422
            ],
            [
              80.568302,
              16.446499
            ]
          ]
        ]
      }
    },
    {
      "type": "Feature",
      "id": "PARCEL_441",
      "properties": {
        "parcel_id": "AP-GNT-0441",
        "survey_no": "188/1",
        "khata_no": "KH-4087",
        "pattadar_name": "Appa Devi",
        "district": "Guntur",
        "mandal": "Mangalagiri",
        "village": "Nidamarru",
        "doc_area_acres": 4.02,
        "gis_area_acres": 4.02,
        "area_delta_acres": 0,
        "status": "Synchronized",
        "classification": "Agricultural (Wet / Jirayati)",
        "is_demo_data": true,
        "discrepancy_note": null
      },
      "geometry": {
        "type": "Polygon",
        "coordinates": [
          [
            [
              80.570608,
              16.446528
            ],
            [
              80.572691,
              16.446704
            ],
            [
              80.572757,
              16.448132
            ],
            [
              80.570765,
              16.448117
            ],
            [
              80.570608,
              16.446528
            ]
          ]
        ]
      }
    },
    {
      "type": "Feature",
      "id": "PARCEL_442",
      "properties": {
        "parcel_id": "AP-GNT-0442",
        "survey_no": "188/2",
        "khata_no": "KH-4094",
        "pattadar_name": "Narayana Sharma",
        "district": "Guntur",
        "mandal": "Mangalagiri",
        "village": "Kuragallu",
        "doc_area_acres": 4.39,
        "gis_area_acres": 4.39,
        "area_delta_acres": 0,
        "status": "Review Required",
        "classification": "Agricultural (Wet / Jirayati)",
        "is_demo_data": true,
        "discrepancy_note": null
      },
      "geometry": {
        "type": "Polygon",
        "coordinates": [
          [
            [
              80.572928,
              16.446481
            ],
            [
              80.575124,
              16.446664
            ],
            [
              80.574915,
              16.448356
            ],
            [
              80.572797,
              16.448096
            ],
            [
              80.572928,
              16.446481
            ]
          ]
        ]
      }
    },
    {
      "type": "Feature",
      "id": "PARCEL_443",
      "properties": {
        "parcel_id": "AP-GNT-0443",
        "survey_no": "188/3",
        "khata_no": "KH-4101",
        "pattadar_name": "Koteswara Varma",
        "district": "Guntur",
        "mandal": "Mangalagiri",
        "village": "Yerrabalem",
        "doc_area_acres": 4.76,
        "gis_area_acres": 4.76,
        "area_delta_acres": 0,
        "status": "Synchronized",
        "classification": "Agricultural (Wet / Jirayati)",
        "is_demo_data": true,
        "discrepancy_note": null
      },
      "geometry": {
        "type": "Polygon",
        "coordinates": [
          [
            [
              80.575052,
              16.446604
            ],
            [
              80.577243,
              16.446766
            ],
            [
              80.577142,
              16.448424
            ],
            [
              80.575016,
              16.448346
            ],
            [
              80.575052,
              16.446604
            ]
          ]
        ]
      }
    },
    {
      "type": "Feature",
      "id": "PARCEL_444",
      "properties": {
        "parcel_id": "AP-GNT-0444",
        "survey_no": "188/4",
        "khata_no": "KH-4108",
        "pattadar_name": "Radha Kumar",
        "district": "Guntur",
        "mandal": "Mangalagiri",
        "village": "Mangalagiri",
        "doc_area_acres": 1.13,
        "gis_area_acres": 1.13,
        "area_delta_acres": 0,
        "status": "Synchronized",
        "classification": "Agricultural (Dry)",
        "is_demo_data": true,
        "discrepancy_note": null
      },
      "geometry": {
        "type": "Polygon",
        "coordinates": [
          [
            [
              80.577085,
              16.446464
            ],
            [
              80.579423,
              16.446538
            ],
            [
              80.579191,
              16.448121
            ],
            [
              80.577208,
              16.448236
            ],
            [
              80.577085,
              16.446464
            ]
          ]
        ]
      }
    },
    {
      "type": "Feature",
      "id": "PARCEL_445",
      "properties": {
        "parcel_id": "AP-GNT-0445",
        "survey_no": "188/5",
        "khata_no": "KH-4115",
        "pattadar_name": "Sujatha Devi",
        "district": "Guntur",
        "mandal": "Mangalagiri",
        "village": "Atchampet",
        "doc_area_acres": 1.5,
        "gis_area_acres": 1.5,
        "area_delta_acres": 0,
        "status": "Synchronized",
        "classification": "Agricultural (Wet / Jirayati)",
        "is_demo_data": true,
        "discrepancy_note": null
      },
      "geometry": {
        "type": "Polygon",
        "coordinates": [
          [
            [
              80.579462,
              16.446515
            ],
            [
              80.581562,
              16.446625
            ],
            [
              80.581355,
              16.448208
            ],
            [
              80.579352,
              16.448316
            ],
            [
              80.579462,
              16.446515
            ]
          ]
        ]
      }
    },
    {
      "type": "Feature",
      "id": "PARCEL_446",
      "properties": {
        "parcel_id": "AP-GNT-0446",
        "survey_no": "189/1",
        "khata_no": "KH-4122",
        "pattadar_name": "Ramana Sharma",
        "district": "Guntur",
        "mandal": "Mangalagiri",
        "village": "Navuluru",
        "doc_area_acres": 1.87,
        "gis_area_acres": 1.87,
        "area_delta_acres": 0,
        "status": "Synchronized",
        "classification": "Agricultural (Wet / Jirayati)",
        "is_demo_data": true,
        "discrepancy_note": null
      },
      "geometry": {
        "type": "Polygon",
        "coordinates": [
          [
            [
              80.581811,
              16.446483
            ],
            [
              80.583663,
              16.446735
            ],
            [
              80.5838,
              16.448418
            ],
            [
              80.581601,
              16.448281
            ],
            [
              80.581811,
              16.446483
            ]
          ]
        ]
      }
    },
    {
      "type": "Feature",
      "id": "PARCEL_447",
      "properties": {
        "parcel_id": "AP-GNT-0447",
        "survey_no": "189/2",
        "khata_no": "KH-4129",
        "pattadar_name": "Govind Varma",
        "district": "Guntur",
        "mandal": "Mangalagiri",
        "village": "Nidamarru",
        "doc_area_acres": 2.24,
        "gis_area_acres": 2.24,
        "area_delta_acres": 0,
        "status": "Synchronized",
        "classification": "Agricultural (Wet / Jirayati)",
        "is_demo_data": true,
        "discrepancy_note": null
      },
      "geometry": {
        "type": "Polygon",
        "coordinates": [
          [
            [
              80.583736,
              16.446604
            ],
            [
              80.586137,
              16.44647
            ],
            [
              80.585808,
              16.448133
            ],
            [
              80.583756,
              16.448141
            ],
            [
              80.583736,
              16.446604
            ]
          ]
        ]
      }
    },
    {
      "type": "Feature",
      "id": "PARCEL_448",
      "properties": {
        "parcel_id": "AP-GNT-0448",
        "survey_no": "189/3",
        "khata_no": "KH-4136",
        "pattadar_name": "Krishna Kumar",
        "district": "Guntur",
        "mandal": "Mangalagiri",
        "village": "Kuragallu",
        "doc_area_acres": 2.61,
        "gis_area_acres": 2.61,
        "area_delta_acres": 0,
        "status": "Synchronized",
        "classification": "Agricultural (Dry)",
        "is_demo_data": true,
        "discrepancy_note": null
      },
      "geometry": {
        "type": "Polygon",
        "coordinates": [
          [
            [
              80.586145,
              16.446427
            ],
            [
              80.588042,
              16.446683
            ],
            [
              80.587954,
              16.448142
            ],
            [
              80.586184,
              16.448111
            ],
            [
              80.586145,
              16.446427
            ]
          ]
        ]
      }
    },
    {
      "type": "Feature",
      "id": "PARCEL_449",
      "properties": {
        "parcel_id": "AP-GNT-0449",
        "survey_no": "189/4",
        "khata_no": "KH-4143",
        "pattadar_name": "Mohan Devi",
        "district": "Guntur",
        "mandal": "Mangalagiri",
        "village": "Yerrabalem",
        "doc_area_acres": 2.98,
        "gis_area_acres": 2.98,
        "area_delta_acres": 0,
        "status": "Synchronized",
        "classification": "Agricultural (Wet / Jirayati)",
        "is_demo_data": true,
        "discrepancy_note": null
      },
      "geometry": {
        "type": "Polygon",
        "coordinates": [
          [
            [
              80.588303,
              16.446631
            ],
            [
              80.590195,
              16.446487
            ],
            [
              80.590473,
              16.448223
            ],
            [
              80.588352,
              16.44816
            ],
            [
              80.588303,
              16.446631
            ]
          ]
        ]
      }
    },
    {
      "type": "Feature",
      "id": "PARCEL_450",
      "properties": {
        "parcel_id": "AP-GNT-0450",
        "survey_no": "189/5",
        "khata_no": "KH-4150",
        "pattadar_name": "Ravi Sharma",
        "district": "Guntur",
        "mandal": "Mangalagiri",
        "village": "Mangalagiri",
        "doc_area_acres": 3.35,
        "gis_area_acres": 3.35,
        "area_delta_acres": 0,
        "status": "Synchronized",
        "classification": "Agricultural (Wet / Jirayati)",
        "is_demo_data": true,
        "discrepancy_note": null
      },
      "geometry": {
        "type": "Polygon",
        "coordinates": [
          [
            [
              80.590417,
              16.446477
            ],
            [
              80.592473,
              16.446464
            ],
            [
              80.59268,
              16.448358
            ],
            [
              80.590391,
              16.448113
            ],
            [
              80.590417,
              16.446477
            ]
          ]
        ]
      }
    },
    {
      "type": "Feature",
      "id": "PARCEL_451",
      "properties": {
        "parcel_id": "AP-GNT-0451",
        "survey_no": "190/1",
        "khata_no": "KH-4157",
        "pattadar_name": "Venkatesh Varma",
        "district": "Guntur",
        "mandal": "Mangalagiri",
        "village": "Atchampet",
        "doc_area_acres": 3.72,
        "gis_area_acres": 3.72,
        "area_delta_acres": 0,
        "status": "Synchronized",
        "classification": "Agricultural (Wet / Jirayati)",
        "is_demo_data": true,
        "discrepancy_note": null
      },
      "geometry": {
        "type": "Polygon",
        "coordinates": [
          [
            [
              80.53771,
              16.448324
            ],
            [
              80.539822,
              16.448364
            ],
            [
              80.539676,
              16.450247
            ],
            [
              80.53765,
              16.450028
            ],
            [
              80.53771,
              16.448324
            ]
          ]
        ]
      }
    },
    {
      "type": "Feature",
      "id": "PARCEL_452",
      "properties": {
        "parcel_id": "AP-GNT-0452",
        "survey_no": "190/2",
        "khata_no": "KH-4164",
        "pattadar_name": "Srinivasa Kumar",
        "district": "Guntur",
        "mandal": "Mangalagiri",
        "village": "Navuluru",
        "doc_area_acres": 4.09,
        "gis_area_acres": 4.09,
        "area_delta_acres": 0,
        "status": "Synchronized",
        "classification": "Agricultural (Dry)",
        "is_demo_data": true,
        "discrepancy_note": null
      },
      "geometry": {
        "type": "Polygon",
        "coordinates": [
          [
            [
              80.53984,
              16.448458
            ],
            [
              80.542074,
              16.448501
            ],
            [
              80.54189,
              16.449986
            ],
            [
              80.539763,
              16.450057
            ],
            [
              80.53984,
              16.448458
            ]
          ]
        ]
      }
    },
    {
      "type": "Feature",
      "id": "PARCEL_453",
      "properties": {
        "parcel_id": "AP-GNT-0453",
        "survey_no": "190/3",
        "khata_no": "KH-4171",
        "pattadar_name": "Lakshmi Devi",
        "district": "Guntur",
        "mandal": "Mangalagiri",
        "village": "Nidamarru",
        "doc_area_acres": 4.46,
        "gis_area_acres": 4.46,
        "area_delta_acres": 0,
        "status": "Synchronized",
        "classification": "Agricultural (Wet / Jirayati)",
        "is_demo_data": true,
        "discrepancy_note": null
      },
      "geometry": {
        "type": "Polygon",
        "coordinates": [
          [
            [
              80.54199,
              16.448529
            ],
            [
              80.544094,
              16.448357
            ],
            [
              80.544198,
              16.450185
            ],
            [
              80.542171,
              16.450058
            ],
            [
              80.54199,
              16.448529
            ]
          ]
        ]
      }
    },
    {
      "type": "Feature",
      "id": "PARCEL_454",
      "properties": {
        "parcel_id": "AP-GNT-0454",
        "survey_no": "190/4",
        "khata_no": "KH-4178",
        "pattadar_name": "Satyanarayana Sharma",
        "district": "Guntur",
        "mandal": "Mangalagiri",
        "village": "Kuragallu",
        "doc_area_acres": 4.83,
        "gis_area_acres": 4.83,
        "area_delta_acres": 0,
        "status": "Synchronized",
        "classification": "Agricultural (Wet / Jirayati)",
        "is_demo_data": true,
        "discrepancy_note": null
      },
      "geometry": {
        "type": "Polygon",
        "coordinates": [
          [
            [
              80.544422,
              16.448244
            ],
            [
              80.546361,
              16.448481
            ],
            [
              80.546195,
              16.450253
            ],
            [
              80.544267,
              16.450052
            ],
            [
              80.544422,
              16.448244
            ]
          ]
        ]
      }
    },
    {
      "type": "Feature",
      "id": "PARCEL_455",
      "properties": {
        "parcel_id": "AP-GNT-0455",
        "survey_no": "190/5",
        "khata_no": "KH-4185",
        "pattadar_name": "Subba Varma",
        "district": "Guntur",
        "mandal": "Mangalagiri",
        "village": "Yerrabalem",
        "doc_area_acres": 1.2,
        "gis_area_acres": 1.2,
        "area_delta_acres": 0,
        "status": "Synchronized",
        "classification": "Agricultural (Wet / Jirayati)",
        "is_demo_data": true,
        "discrepancy_note": null
      },
      "geometry": {
        "type": "Polygon",
        "coordinates": [
          [
            [
              80.546292,
              16.448223
            ],
            [
              80.548453,
              16.448558
            ],
            [
              80.548398,
              16.449978
            ],
            [
              80.546484,
              16.450121
            ],
            [
              80.546292,
              16.448223
            ]
          ]
        ]
      }
    },
    {
      "type": "Feature",
      "id": "PARCEL_456",
      "properties": {
        "parcel_id": "AP-GNT-0456",
        "survey_no": "191/1",
        "khata_no": "KH-4192",
        "pattadar_name": "Appa Kumar",
        "district": "Guntur",
        "mandal": "Mangalagiri",
        "village": "Mangalagiri",
        "doc_area_acres": 1.57,
        "gis_area_acres": 1.57,
        "area_delta_acres": 0,
        "status": "Synchronized",
        "classification": "Agricultural (Dry)",
        "is_demo_data": true,
        "discrepancy_note": null
      },
      "geometry": {
        "type": "Polygon",
        "coordinates": [
          [
            [
              80.548492,
              16.448367
            ],
            [
              80.550797,
              16.448324
            ],
            [
              80.550866,
              16.45009
            ],
            [
              80.548766,
              16.450022
            ],
            [
              80.548492,
              16.448367
            ]
          ]
        ]
      }
    },
    {
      "type": "Feature",
      "id": "PARCEL_457",
      "properties": {
        "parcel_id": "AP-GNT-0457",
        "survey_no": "191/2",
        "khata_no": "KH-4199",
        "pattadar_name": "Narayana Devi",
        "district": "Guntur",
        "mandal": "Mangalagiri",
        "village": "Atchampet",
        "doc_area_acres": 1.94,
        "gis_area_acres": 1.94,
        "area_delta_acres": 0,
        "status": "Synchronized",
        "classification": "Agricultural (Wet / Jirayati)",
        "is_demo_data": true,
        "discrepancy_note": null
      },
      "geometry": {
        "type": "Polygon",
        "coordinates": [
          [
            [
              80.550732,
              16.448203
            ],
            [
              80.552892,
              16.448311
            ],
            [
              80.553011,
              16.450196
            ],
            [
              80.550689,
              16.450032
            ],
            [
              80.550732,
              16.448203
            ]
          ]
        ]
      }
    },
    {
      "type": "Feature",
      "id": "PARCEL_458",
      "properties": {
        "parcel_id": "AP-GNT-0458",
        "survey_no": "191/3",
        "khata_no": "KH-4206",
        "pattadar_name": "Koteswara Sharma",
        "district": "Guntur",
        "mandal": "Mangalagiri",
        "village": "Navuluru",
        "doc_area_acres": 2.31,
        "gis_area_acres": 2.31,
        "area_delta_acres": 0,
        "status": "Synchronized",
        "classification": "Agricultural (Wet / Jirayati)",
        "is_demo_data": true,
        "discrepancy_note": null
      },
      "geometry": {
        "type": "Polygon",
        "coordinates": [
          [
            [
              80.55288,
              16.448485
            ],
            [
              80.55509,
              16.448366
            ],
            [
              80.555201,
              16.44999
            ],
            [
              80.552956,
              16.449995
            ],
            [
              80.55288,
              16.448485
            ]
          ]
        ]
      }
    },
    {
      "type": "Feature",
      "id": "PARCEL_459",
      "properties": {
        "parcel_id": "AP-GNT-0459",
        "survey_no": "191/4",
        "khata_no": "KH-4213",
        "pattadar_name": "Radha Varma",
        "district": "Guntur",
        "mandal": "Mangalagiri",
        "village": "Nidamarru",
        "doc_area_acres": 2.68,
        "gis_area_acres": 2.68,
        "area_delta_acres": 0,
        "status": "Review Required",
        "classification": "Agricultural (Wet / Jirayati)",
        "is_demo_data": true,
        "discrepancy_note": null
      },
      "geometry": {
        "type": "Polygon",
        "coordinates": [
          [
            [
              80.555369,
              16.448267
            ],
            [
              80.557214,
              16.448229
            ],
            [
              80.557439,
              16.450129
            ],
            [
              80.555093,
              16.449978
            ],
            [
              80.555369,
              16.448267
            ]
          ]
        ]
      }
    },
    {
      "type": "Feature",
      "id": "PARCEL_460",
      "properties": {
        "parcel_id": "AP-GNT-0460",
        "survey_no": "191/5",
        "khata_no": "KH-4220",
        "pattadar_name": "Sujatha Kumar",
        "district": "Guntur",
        "mandal": "Mangalagiri",
        "village": "Kuragallu",
        "doc_area_acres": 3.05,
        "gis_area_acres": 3.05,
        "area_delta_acres": 0,
        "status": "Synchronized",
        "classification": "Agricultural (Dry)",
        "is_demo_data": true,
        "discrepancy_note": null
      },
      "geometry": {
        "type": "Polygon",
        "coordinates": [
          [
            [
              80.557465,
              16.448468
            ],
            [
              80.559683,
              16.448318
            ],
            [
              80.559558,
              16.450051
            ],
            [
              80.557323,
              16.450027
            ],
            [
              80.557465,
              16.448468
            ]
          ]
        ]
      }
    },
    {
      "type": "Feature",
      "id": "PARCEL_461",
      "properties": {
        "parcel_id": "AP-GNT-0461",
        "survey_no": "192/1",
        "khata_no": "KH-4227",
        "pattadar_name": "Ramana Devi",
        "district": "Guntur",
        "mandal": "Mangalagiri",
        "village": "Yerrabalem",
        "doc_area_acres": 3.42,
        "gis_area_acres": 3.42,
        "area_delta_acres": 0,
        "status": "Synchronized",
        "classification": "Agricultural (Wet / Jirayati)",
        "is_demo_data": true,
        "discrepancy_note": null
      },
      "geometry": {
        "type": "Polygon",
        "coordinates": [
          [
            [
              80.559568,
              16.448335
            ],
            [
              80.561692,
              16.448452
            ],
            [
              80.561676,
              16.449986
            ],
            [
              80.559641,
              16.45022
            ],
            [
              80.559568,
              16.448335
            ]
          ]
        ]
      }
    },
    {
      "type": "Feature",
      "id": "PARCEL_462",
      "properties": {
        "parcel_id": "AP-GNT-0462",
        "survey_no": "192/2",
        "khata_no": "KH-4234",
        "pattadar_name": "Govind Sharma",
        "district": "Guntur",
        "mandal": "Mangalagiri",
        "village": "Mangalagiri",
        "doc_area_acres": 3.79,
        "gis_area_acres": 3.79,
        "area_delta_acres": 0,
        "status": "Synchronized",
        "classification": "Agricultural (Wet / Jirayati)",
        "is_demo_data": true,
        "discrepancy_note": null
      },
      "geometry": {
        "type": "Polygon",
        "coordinates": [
          [
            [
              80.561876,
              16.448187
            ],
            [
              80.564122,
              16.448507
            ],
            [
              80.563859,
              16.450039
            ],
            [
              80.561874,
              16.450137
            ],
            [
              80.561876,
              16.448187
            ]
          ]
        ]
      }
    },
    {
      "type": "Feature",
      "id": "PARCEL_463",
      "properties": {
        "parcel_id": "AP-GNT-0463",
        "survey_no": "192/3",
        "khata_no": "KH-4241",
        "pattadar_name": "Krishna Varma",
        "district": "Guntur",
        "mandal": "Mangalagiri",
        "village": "Atchampet",
        "doc_area_acres": 4.16,
        "gis_area_acres": 4.16,
        "area_delta_acres": 0,
        "status": "Synchronized",
        "classification": "Agricultural (Wet / Jirayati)",
        "is_demo_data": true,
        "discrepancy_note": null
      },
      "geometry": {
        "type": "Polygon",
        "coordinates": [
          [
            [
              80.563917,
              16.44841
            ],
            [
              80.565993,
              16.448486
            ],
            [
              80.566032,
              16.450258
            ],
            [
              80.563985,
              16.450088
            ],
            [
              80.563917,
              16.44841
            ]
          ]
        ]
      }
    },
    {
      "type": "Feature",
      "id": "PARCEL_464",
      "properties": {
        "parcel_id": "AP-GNT-0464",
        "survey_no": "192/4",
        "khata_no": "KH-4248",
        "pattadar_name": "Mohan Kumar",
        "district": "Guntur",
        "mandal": "Mangalagiri",
        "village": "Navuluru",
        "doc_area_acres": 4.53,
        "gis_area_acres": 4.53,
        "area_delta_acres": 0,
        "status": "Synchronized",
        "classification": "Agricultural (Dry)",
        "is_demo_data": true,
        "discrepancy_note": null
      },
      "geometry": {
        "type": "Polygon",
        "coordinates": [
          [
            [
              80.566242,
              16.448253
            ],
            [
              80.568331,
              16.448395
            ],
            [
              80.568402,
              16.450137
            ],
            [
              80.566271,
              16.449901
            ],
            [
              80.566242,
              16.448253
            ]
          ]
        ]
      }
    },
    {
      "type": "Feature",
      "id": "PARCEL_465",
      "properties": {
        "parcel_id": "AP-GNT-0465",
        "survey_no": "192/5",
        "khata_no": "KH-4255",
        "pattadar_name": "Ravi Devi",
        "district": "Guntur",
        "mandal": "Mangalagiri",
        "village": "Nidamarru",
        "doc_area_acres": 0.9,
        "gis_area_acres": 0.9,
        "area_delta_acres": 0,
        "status": "Synchronized",
        "classification": "Agricultural (Wet / Jirayati)",
        "is_demo_data": true,
        "discrepancy_note": null
      },
      "geometry": {
        "type": "Polygon",
        "coordinates": [
          [
            [
              80.568548,
              16.448361
            ],
            [
              80.570536,
              16.448243
            ],
            [
              80.570638,
              16.450244
            ],
            [
              80.56834,
              16.450055
            ],
            [
              80.568548,
              16.448361
            ]
          ]
        ]
      }
    },
    {
      "type": "Feature",
      "id": "PARCEL_466",
      "properties": {
        "parcel_id": "AP-GNT-0466",
        "survey_no": "193/1",
        "khata_no": "KH-4262",
        "pattadar_name": "Venkatesh Sharma",
        "district": "Guntur",
        "mandal": "Mangalagiri",
        "village": "Kuragallu",
        "doc_area_acres": 1.27,
        "gis_area_acres": 1.27,
        "area_delta_acres": 0,
        "status": "Synchronized",
        "classification": "Agricultural (Wet / Jirayati)",
        "is_demo_data": true,
        "discrepancy_note": null
      },
      "geometry": {
        "type": "Polygon",
        "coordinates": [
          [
            [
              80.570608,
              16.448376
            ],
            [
              80.572751,
              16.448292
            ],
            [
              80.572624,
              16.44995
            ],
            [
              80.570779,
              16.450144
            ],
            [
              80.570608,
              16.448376
            ]
          ]
        ]
      }
    },
    {
      "type": "Feature",
      "id": "PARCEL_467",
      "properties": {
        "parcel_id": "AP-GNT-0467",
        "survey_no": "193/2",
        "khata_no": "KH-4269",
        "pattadar_name": "Srinivasa Varma",
        "district": "Guntur",
        "mandal": "Mangalagiri",
        "village": "Yerrabalem",
        "doc_area_acres": 1.64,
        "gis_area_acres": 1.64,
        "area_delta_acres": 0,
        "status": "Synchronized",
        "classification": "Agricultural (Wet / Jirayati)",
        "is_demo_data": true,
        "discrepancy_note": null
      },
      "geometry": {
        "type": "Polygon",
        "coordinates": [
          [
            [
              80.572775,
              16.448253
            ],
            [
              80.575009,
              16.448346
            ],
            [
              80.574792,
              16.450044
            ],
            [
              80.572685,
              16.449947
            ],
            [
              80.572775,
              16.448253
            ]
          ]
        ]
      }
    },
    {
      "type": "Feature",
      "id": "PARCEL_468",
      "properties": {
        "parcel_id": "AP-GNT-0468",
        "survey_no": "193/3",
        "khata_no": "KH-4276",
        "pattadar_name": "Lakshmi Kumar",
        "district": "Guntur",
        "mandal": "Mangalagiri",
        "village": "Mangalagiri",
        "doc_area_acres": 2.01,
        "gis_area_acres": 2.01,
        "area_delta_acres": 0,
        "status": "Synchronized",
        "classification": "Agricultural (Dry)",
        "is_demo_data": true,
        "discrepancy_note": null
      },
      "geometry": {
        "type": "Polygon",
        "coordinates": [
          [
            [
              80.575127,
              16.448243
            ],
            [
              80.577037,
              16.448259
            ],
            [
              80.577052,
              16.450208
            ],
            [
              80.575012,
              16.450208
            ],
            [
              80.575127,
              16.448243
            ]
          ]
        ]
      }
    },
    {
      "type": "Feature",
      "id": "PARCEL_469",
      "properties": {
        "parcel_id": "AP-GNT-0469",
        "survey_no": "193/4",
        "khata_no": "KH-4283",
        "pattadar_name": "Satyanarayana Devi",
        "district": "Guntur",
        "mandal": "Mangalagiri",
        "village": "Atchampet",
        "doc_area_acres": 2.38,
        "gis_area_acres": 2.38,
        "area_delta_acres": 0,
        "status": "Synchronized",
        "classification": "Agricultural (Wet / Jirayati)",
        "is_demo_data": true,
        "discrepancy_note": null
      },
      "geometry": {
        "type": "Polygon",
        "coordinates": [
          [
            [
              80.577234,
              16.448459
            ],
            [
              80.579497,
              16.448238
            ],
            [
              80.579291,
              16.449964
            ],
            [
              80.577363,
              16.449979
            ],
            [
              80.577234,
              16.448459
            ]
          ]
        ]
      }
    },
    {
      "type": "Feature",
      "id": "PARCEL_470",
      "properties": {
        "parcel_id": "AP-GNT-0470",
        "survey_no": "193/5",
        "khata_no": "KH-4290",
        "pattadar_name": "Subba Sharma",
        "district": "Guntur",
        "mandal": "Mangalagiri",
        "village": "Navuluru",
        "doc_area_acres": 2.75,
        "gis_area_acres": 2.75,
        "area_delta_acres": 0,
        "status": "Synchronized",
        "classification": "Agricultural (Wet / Jirayati)",
        "is_demo_data": true,
        "discrepancy_note": null
      },
      "geometry": {
        "type": "Polygon",
        "coordinates": [
          [
            [
              80.57947,
              16.448427
            ],
            [
              80.581721,
              16.448457
            ],
            [
              80.581665,
              16.450122
            ],
            [
              80.579464,
              16.450051
            ],
            [
              80.57947,
              16.448427
            ]
          ]
        ]
      }
    },
    {
      "type": "Feature",
      "id": "PARCEL_471",
      "properties": {
        "parcel_id": "AP-GNT-0471",
        "survey_no": "194/1",
        "khata_no": "KH-4297",
        "pattadar_name": "Appa Varma",
        "district": "Guntur",
        "mandal": "Mangalagiri",
        "village": "Nidamarru",
        "doc_area_acres": 3.12,
        "gis_area_acres": 3.12,
        "area_delta_acres": 0,
        "status": "Synchronized",
        "classification": "Agricultural (Wet / Jirayati)",
        "is_demo_data": true,
        "discrepancy_note": null
      },
      "geometry": {
        "type": "Polygon",
        "coordinates": [
          [
            [
              80.581491,
              16.448324
            ],
            [
              80.583837,
              16.448433
            ],
            [
              80.583694,
              16.450079
            ],
            [
              80.581539,
              16.449988
            ],
            [
              80.581491,
              16.448324
            ]
          ]
        ]
      }
    },
    {
      "type": "Feature",
      "id": "PARCEL_472",
      "properties": {
        "parcel_id": "AP-GNT-0472",
        "survey_no": "194/2",
        "khata_no": "KH-4304",
        "pattadar_name": "Narayana Kumar",
        "district": "Guntur",
        "mandal": "Mangalagiri",
        "village": "Kuragallu",
        "doc_area_acres": 3.49,
        "gis_area_acres": 3.49,
        "area_delta_acres": 0,
        "status": "Synchronized",
        "classification": "Agricultural (Dry)",
        "is_demo_data": true,
        "discrepancy_note": null
      },
      "geometry": {
        "type": "Polygon",
        "coordinates": [
          [
            [
              80.583858,
              16.448437
            ],
            [
              80.585874,
              16.448314
            ],
            [
              80.585753,
              16.450076
            ],
            [
              80.583969,
              16.450013
            ],
            [
              80.583858,
              16.448437
            ]
          ]
        ]
      }
    },
    {
      "type": "Feature",
      "id": "PARCEL_473",
      "properties": {
        "parcel_id": "AP-GNT-0473",
        "survey_no": "194/3",
        "khata_no": "KH-4311",
        "pattadar_name": "Koteswara Devi",
        "district": "Guntur",
        "mandal": "Mangalagiri",
        "village": "Yerrabalem",
        "doc_area_acres": 3.86,
        "gis_area_acres": 3.86,
        "area_delta_acres": 0,
        "status": "Synchronized",
        "classification": "Agricultural (Wet / Jirayati)",
        "is_demo_data": true,
        "discrepancy_note": null
      },
      "geometry": {
        "type": "Polygon",
        "coordinates": [
          [
            [
              80.586031,
              16.448358
            ],
            [
              80.588186,
              16.448425
            ],
            [
              80.588073,
              16.450244
            ],
            [
              80.586049,
              16.449887
            ],
            [
              80.586031,
              16.448358
            ]
          ]
        ]
      }
    },
    {
      "type": "Feature",
      "id": "PARCEL_474",
      "properties": {
        "parcel_id": "AP-GNT-0474",
        "survey_no": "194/4",
        "khata_no": "KH-4318",
        "pattadar_name": "Radha Sharma",
        "district": "Guntur",
        "mandal": "Mangalagiri",
        "village": "Mangalagiri",
        "doc_area_acres": 4.23,
        "gis_area_acres": 4.23,
        "area_delta_acres": 0,
        "status": "Synchronized",
        "classification": "Agricultural (Wet / Jirayati)",
        "is_demo_data": true,
        "discrepancy_note": null
      },
      "geometry": {
        "type": "Polygon",
        "coordinates": [
          [
            [
              80.588198,
              16.448363
            ],
            [
              80.590429,
              16.448259
            ],
            [
              80.590314,
              16.450182
            ],
            [
              80.588088,
              16.450045
            ],
            [
              80.588198,
              16.448363
            ]
          ]
        ]
      }
    },
    {
      "type": "Feature",
      "id": "PARCEL_475",
      "properties": {
        "parcel_id": "AP-GNT-0475",
        "survey_no": "194/5",
        "khata_no": "KH-4325",
        "pattadar_name": "Sujatha Varma",
        "district": "Guntur",
        "mandal": "Mangalagiri",
        "village": "Atchampet",
        "doc_area_acres": 4.6,
        "gis_area_acres": 4.6,
        "area_delta_acres": 0,
        "status": "Synchronized",
        "classification": "Agricultural (Wet / Jirayati)",
        "is_demo_data": true,
        "discrepancy_note": null
      },
      "geometry": {
        "type": "Polygon",
        "coordinates": [
          [
            [
              80.590608,
              16.448297
            ],
            [
              80.592693,
              16.448319
            ],
            [
              80.592652,
              16.450125
            ],
            [
              80.590435,
              16.450146
            ],
            [
              80.590608,
              16.448297
            ]
          ]
        ]
      }
    },
    {
      "type": "Feature",
      "id": "PARCEL_476",
      "properties": {
        "parcel_id": "AP-GNT-0476",
        "survey_no": "195/1",
        "khata_no": "KH-4332",
        "pattadar_name": "Ramana Kumar",
        "district": "Guntur",
        "mandal": "Mangalagiri",
        "village": "Navuluru",
        "doc_area_acres": 0.97,
        "gis_area_acres": 0.97,
        "area_delta_acres": 0,
        "status": "Review Required",
        "classification": "Agricultural (Dry)",
        "is_demo_data": true,
        "discrepancy_note": null
      },
      "geometry": {
        "type": "Polygon",
        "coordinates": [
          [
            [
              80.537725,
              16.449992
            ],
            [
              80.53976,
              16.450164
            ],
            [
              80.539792,
              16.451821
            ],
            [
              80.537817,
              16.451945
            ],
            [
              80.537725,
              16.449992
            ]
          ]
        ]
      }
    },
    {
      "type": "Feature",
      "id": "PARCEL_477",
      "properties": {
        "parcel_id": "AP-GNT-0477",
        "survey_no": "195/2",
        "khata_no": "KH-4339",
        "pattadar_name": "Govind Devi",
        "district": "Guntur",
        "mandal": "Mangalagiri",
        "village": "Nidamarru",
        "doc_area_acres": 1.34,
        "gis_area_acres": 1.34,
        "area_delta_acres": 0,
        "status": "Synchronized",
        "classification": "Agricultural (Wet / Jirayati)",
        "is_demo_data": true,
        "discrepancy_note": null
      },
      "geometry": {
        "type": "Polygon",
        "coordinates": [
          [
            [
              80.539713,
              16.450223
            ],
            [
              80.542122,
              16.450228
            ],
            [
              80.542028,
              16.452055
            ],
            [
              80.540002,
              16.45196
            ],
            [
              80.539713,
              16.450223
            ]
          ]
        ]
      }
    },
    {
      "type": "Feature",
      "id": "PARCEL_478",
      "properties": {
        "parcel_id": "AP-GNT-0478",
        "survey_no": "195/3",
        "khata_no": "KH-4346",
        "pattadar_name": "Krishna Sharma",
        "district": "Guntur",
        "mandal": "Mangalagiri",
        "village": "Kuragallu",
        "doc_area_acres": 1.71,
        "gis_area_acres": 1.71,
        "area_delta_acres": 0,
        "status": "Synchronized",
        "classification": "Agricultural (Wet / Jirayati)",
        "is_demo_data": true,
        "discrepancy_note": null
      },
      "geometry": {
        "type": "Polygon",
        "coordinates": [
          [
            [
              80.542213,
              16.450145
            ],
            [
              80.544324,
              16.450281
            ],
            [
              80.544122,
              16.451887
            ],
            [
              80.541912,
              16.451737
            ],
            [
              80.542213,
              16.450145
            ]
          ]
        ]
      }
    },
    {
      "type": "Feature",
      "id": "PARCEL_479",
      "properties": {
        "parcel_id": "AP-GNT-0479",
        "survey_no": "195/4",
        "khata_no": "KH-4353",
        "pattadar_name": "Mohan Varma",
        "district": "Guntur",
        "mandal": "Mangalagiri",
        "village": "Yerrabalem",
        "doc_area_acres": 2.08,
        "gis_area_acres": 2.08,
        "area_delta_acres": 0,
        "status": "Synchronized",
        "classification": "Agricultural (Wet / Jirayati)",
        "is_demo_data": true,
        "discrepancy_note": null
      },
      "geometry": {
        "type": "Polygon",
        "coordinates": [
          [
            [
              80.544145,
              16.450157
            ],
            [
              80.546348,
              16.450338
            ],
            [
              80.546283,
              16.451867
            ],
            [
              80.544348,
              16.451882
            ],
            [
              80.544145,
              16.450157
            ]
          ]
        ]
      }
    },
    {
      "type": "Feature",
      "id": "PARCEL_480",
      "properties": {
        "parcel_id": "AP-GNT-0480",
        "survey_no": "195/5",
        "khata_no": "KH-4360",
        "pattadar_name": "Ravi Kumar",
        "district": "Guntur",
        "mandal": "Mangalagiri",
        "village": "Mangalagiri",
        "doc_area_acres": 2.45,
        "gis_area_acres": 2.45,
        "area_delta_acres": 0,
        "status": "Synchronized",
        "classification": "Agricultural (Dry)",
        "is_demo_data": true,
        "discrepancy_note": null
      },
      "geometry": {
        "type": "Polygon",
        "coordinates": [
          [
            [
              80.546441,
              16.450309
            ],
            [
              80.548566,
              16.450094
            ],
            [
              80.54863,
              16.451911
            ],
            [
              80.546411,
              16.451797
            ],
            [
              80.546441,
              16.450309
            ]
          ]
        ]
      }
    },
    {
      "type": "Feature",
      "id": "PARCEL_481",
      "properties": {
        "parcel_id": "AP-GNT-0481",
        "survey_no": "196/1",
        "khata_no": "KH-4367",
        "pattadar_name": "Venkatesh Devi",
        "district": "Guntur",
        "mandal": "Mangalagiri",
        "village": "Atchampet",
        "doc_area_acres": 2.82,
        "gis_area_acres": 2.82,
        "area_delta_acres": 0,
        "status": "Synchronized",
        "classification": "Agricultural (Wet / Jirayati)",
        "is_demo_data": true,
        "discrepancy_note": null
      },
      "geometry": {
        "type": "Polygon",
        "coordinates": [
          [
            [
              80.548679,
              16.450306
            ],
            [
              80.550759,
              16.450139
            ],
            [
              80.550806,
              16.451993
            ],
            [
              80.548488,
              16.452019
            ],
            [
              80.548679,
              16.450306
            ]
          ]
        ]
      }
    },
    {
      "type": "Feature",
      "id": "PARCEL_482",
      "properties": {
        "parcel_id": "AP-GNT-0482",
        "survey_no": "196/2",
        "khata_no": "KH-4374",
        "pattadar_name": "Srinivasa Sharma",
        "district": "Guntur",
        "mandal": "Mangalagiri",
        "village": "Navuluru",
        "doc_area_acres": 3.19,
        "gis_area_acres": 3.19,
        "area_delta_acres": 0,
        "status": "Synchronized",
        "classification": "Agricultural (Wet / Jirayati)",
        "is_demo_data": true,
        "discrepancy_note": null
      },
      "geometry": {
        "type": "Polygon",
        "coordinates": [
          [
            [
              80.550919,
              16.450307
            ],
            [
              80.552964,
              16.450254
            ],
            [
              80.552834,
              16.452003
            ],
            [
              80.550746,
              16.451766
            ],
            [
              80.550919,
              16.450307
            ]
          ]
        ]
      }
    },
    {
      "type": "Feature",
      "id": "PARCEL_483",
      "properties": {
        "parcel_id": "AP-GNT-0483",
        "survey_no": "196/3",
        "khata_no": "KH-4381",
        "pattadar_name": "Lakshmi Varma",
        "district": "Guntur",
        "mandal": "Mangalagiri",
        "village": "Nidamarru",
        "doc_area_acres": 3.56,
        "gis_area_acres": 3.56,
        "area_delta_acres": 0,
        "status": "Synchronized",
        "classification": "Agricultural (Wet / Jirayati)",
        "is_demo_data": true,
        "discrepancy_note": null
      },
      "geometry": {
        "type": "Polygon",
        "coordinates": [
          [
            [
              80.553061,
              16.450288
            ],
            [
              80.55502,
              16.450213
            ],
            [
              80.555197,
              16.451853
            ],
            [
              80.553021,
              16.451817
            ],
            [
              80.553061,
              16.450288
            ]
          ]
        ]
      }
    },
    {
      "type": "Feature",
      "id": "PARCEL_484",
      "properties": {
        "parcel_id": "AP-GNT-0484",
        "survey_no": "196/4",
        "khata_no": "KH-4388",
        "pattadar_name": "Satyanarayana Kumar",
        "district": "Guntur",
        "mandal": "Mangalagiri",
        "village": "Kuragallu",
        "doc_area_acres": 3.93,
        "gis_area_acres": 3.93,
        "area_delta_acres": 0,
        "status": "Synchronized",
        "classification": "Agricultural (Dry)",
        "is_demo_data": true,
        "discrepancy_note": null
      },
      "geometry": {
        "type": "Polygon",
        "coordinates": [
          [
            [
              80.555245,
              16.450204
            ],
            [
              80.557442,
              16.45016
            ],
            [
              80.557377,
              16.451925
            ],
            [
              80.555248,
              16.451743
            ],
            [
              80.555245,
              16.450204
            ]
          ]
        ]
      }
    },
    {
      "type": "Feature",
      "id": "PARCEL_485",
      "properties": {
        "parcel_id": "AP-GNT-0485",
        "survey_no": "196/5",
        "khata_no": "KH-4395",
        "pattadar_name": "Subba Devi",
        "district": "Guntur",
        "mandal": "Mangalagiri",
        "village": "Yerrabalem",
        "doc_area_acres": 4.3,
        "gis_area_acres": 4.3,
        "area_delta_acres": 0,
        "status": "Synchronized",
        "classification": "Agricultural (Wet / Jirayati)",
        "is_demo_data": true,
        "discrepancy_note": null
      },
      "geometry": {
        "type": "Polygon",
        "coordinates": [
          [
            [
              80.557585,
              16.45013
            ],
            [
              80.559472,
              16.450122
            ],
            [
              80.559656,
              16.451949
            ],
            [
              80.557455,
              16.451848
            ],
            [
              80.557585,
              16.45013
            ]
          ]
        ]
      }
    },
    {
      "type": "Feature",
      "id": "PARCEL_486",
      "properties": {
        "parcel_id": "AP-GNT-0486",
        "survey_no": "197/1",
        "khata_no": "KH-4402",
        "pattadar_name": "Appa Sharma",
        "district": "Guntur",
        "mandal": "Mangalagiri",
        "village": "Mangalagiri",
        "doc_area_acres": 4.67,
        "gis_area_acres": 4.67,
        "area_delta_acres": 0,
        "status": "Synchronized",
        "classification": "Agricultural (Wet / Jirayati)",
        "is_demo_data": true,
        "discrepancy_note": null
      },
      "geometry": {
        "type": "Polygon",
        "coordinates": [
          [
            [
              80.559749,
              16.450315
            ],
            [
              80.561793,
              16.450211
            ],
            [
              80.561884,
              16.451856
            ],
            [
              80.55982,
              16.451983
            ],
            [
              80.559749,
              16.450315
            ]
          ]
        ]
      }
    },
    {
      "type": "Feature",
      "id": "PARCEL_487",
      "properties": {
        "parcel_id": "AP-GNT-0487",
        "survey_no": "197/2",
        "khata_no": "KH-4409",
        "pattadar_name": "Narayana Varma",
        "district": "Guntur",
        "mandal": "Mangalagiri",
        "village": "Atchampet",
        "doc_area_acres": 1.04,
        "gis_area_acres": 1.04,
        "area_delta_acres": 0,
        "status": "Synchronized",
        "classification": "Agricultural (Wet / Jirayati)",
        "is_demo_data": true,
        "discrepancy_note": null
      },
      "geometry": {
        "type": "Polygon",
        "coordinates": [
          [
            [
              80.562014,
              16.450099
            ],
            [
              80.563821,
              16.450199
            ],
            [
              80.563835,
              16.451769
            ],
            [
              80.561944,
              16.451682
            ],
            [
              80.562014,
              16.450099
            ]
          ]
        ]
      }
    },
    {
      "type": "Feature",
      "id": "PARCEL_488",
      "properties": {
        "parcel_id": "AP-GNT-0488",
        "survey_no": "197/3",
        "khata_no": "KH-4416",
        "pattadar_name": "Koteswara Kumar",
        "district": "Guntur",
        "mandal": "Mangalagiri",
        "village": "Navuluru",
        "doc_area_acres": 1.41,
        "gis_area_acres": 1.41,
        "area_delta_acres": 0,
        "status": "Synchronized",
        "classification": "Agricultural (Dry)",
        "is_demo_data": true,
        "discrepancy_note": null
      },
      "geometry": {
        "type": "Polygon",
        "coordinates": [
          [
            [
              80.564189,
              16.450165
            ],
            [
              80.566044,
              16.450208
            ],
            [
              80.566281,
              16.451951
            ],
            [
              80.564104,
              16.451901
            ],
            [
              80.564189,
              16.450165
            ]
          ]
        ]
      }
    },
    {
      "type": "Feature",
      "id": "PARCEL_489",
      "properties": {
        "parcel_id": "AP-GNT-0489",
        "survey_no": "197/4",
        "khata_no": "KH-4423",
        "pattadar_name": "Radha Devi",
        "district": "Guntur",
        "mandal": "Mangalagiri",
        "village": "Nidamarru",
        "doc_area_acres": 1.78,
        "gis_area_acres": 1.78,
        "area_delta_acres": 0,
        "status": "Synchronized",
        "classification": "Agricultural (Wet / Jirayati)",
        "is_demo_data": true,
        "discrepancy_note": null
      },
      "geometry": {
        "type": "Polygon",
        "coordinates": [
          [
            [
              80.566189,
              16.450004
            ],
            [
              80.568392,
              16.450244
            ],
            [
              80.568335,
              16.45201
            ],
            [
              80.566185,
              16.451867
            ],
            [
              80.566189,
              16.450004
            ]
          ]
        ]
      }
    },
    {
      "type": "Feature",
      "id": "PARCEL_490",
      "properties": {
        "parcel_id": "AP-GNT-0490",
        "survey_no": "197/5",
        "khata_no": "KH-4430",
        "pattadar_name": "Sujatha Sharma",
        "district": "Guntur",
        "mandal": "Mangalagiri",
        "village": "Kuragallu",
        "doc_area_acres": 2.15,
        "gis_area_acres": 2.15,
        "area_delta_acres": 0,
        "status": "Synchronized",
        "classification": "Agricultural (Wet / Jirayati)",
        "is_demo_data": true,
        "discrepancy_note": null
      },
      "geometry": {
        "type": "Polygon",
        "coordinates": [
          [
            [
              80.568618,
              16.450146
            ],
            [
              80.570537,
              16.450269
            ],
            [
              80.570695,
              16.451896
            ],
            [
              80.568285,
              16.451804
            ],
            [
              80.568618,
              16.450146
            ]
          ]
        ]
      }
    },
    {
      "type": "Feature",
      "id": "PARCEL_491",
      "properties": {
        "parcel_id": "AP-GNT-0491",
        "survey_no": "198/1",
        "khata_no": "KH-4437",
        "pattadar_name": "Ramana Varma",
        "district": "Guntur",
        "mandal": "Mangalagiri",
        "village": "Yerrabalem",
        "doc_area_acres": 2.52,
        "gis_area_acres": 2.52,
        "area_delta_acres": 0,
        "status": "Synchronized",
        "classification": "Agricultural (Wet / Jirayati)",
        "is_demo_data": true,
        "discrepancy_note": null
      },
      "geometry": {
        "type": "Polygon",
        "coordinates": [
          [
            [
              80.570503,
              16.450108
            ],
            [
              80.572618,
              16.450153
            ],
            [
              80.572833,
              16.451808
            ],
            [
              80.570704,
              16.451711
            ],
            [
              80.570503,
              16.450108
            ]
          ]
        ]
      }
    },
    {
      "type": "Feature",
      "id": "PARCEL_492",
      "properties": {
        "parcel_id": "AP-GNT-0492",
        "survey_no": "198/2",
        "khata_no": "KH-4444",
        "pattadar_name": "Govind Kumar",
        "district": "Guntur",
        "mandal": "Mangalagiri",
        "village": "Mangalagiri",
        "doc_area_acres": 2.89,
        "gis_area_acres": 2.89,
        "area_delta_acres": 0,
        "status": "Synchronized",
        "classification": "Agricultural (Dry)",
        "is_demo_data": true,
        "discrepancy_note": null
      },
      "geometry": {
        "type": "Polygon",
        "coordinates": [
          [
            [
              80.572755,
              16.450181
            ],
            [
              80.575026,
              16.450101
            ],
            [
              80.574955,
              16.451884
            ],
            [
              80.572916,
              16.45168
            ],
            [
              80.572755,
              16.450181
            ]
          ]
        ]
      }
    },
    {
      "type": "Feature",
      "id": "PARCEL_493",
      "properties": {
        "parcel_id": "AP-GNT-0493",
        "survey_no": "198/3",
        "khata_no": "KH-4451",
        "pattadar_name": "Krishna Devi",
        "district": "Guntur",
        "mandal": "Mangalagiri",
        "village": "Atchampet",
        "doc_area_acres": 3.26,
        "gis_area_acres": 3.26,
        "area_delta_acres": 0,
        "status": "Review Required",
        "classification": "Agricultural (Wet / Jirayati)",
        "is_demo_data": true,
        "discrepancy_note": null
      },
      "geometry": {
        "type": "Polygon",
        "coordinates": [
          [
            [
              80.574962,
              16.450019
            ],
            [
              80.577128,
              16.450067
            ],
            [
              80.577187,
              16.452051
            ],
            [
              80.575197,
              16.451746
            ],
            [
              80.574962,
              16.450019
            ]
          ]
        ]
      }
    },
    {
      "type": "Feature",
      "id": "PARCEL_494",
      "properties": {
        "parcel_id": "AP-GNT-0494",
        "survey_no": "198/4",
        "khata_no": "KH-4458",
        "pattadar_name": "Mohan Sharma",
        "district": "Guntur",
        "mandal": "Mangalagiri",
        "village": "Navuluru",
        "doc_area_acres": 3.63,
        "gis_area_acres": 3.63,
        "area_delta_acres": 0,
        "status": "Synchronized",
        "classification": "Agricultural (Wet / Jirayati)",
        "is_demo_data": true,
        "discrepancy_note": null
      },
      "geometry": {
        "type": "Polygon",
        "coordinates": [
          [
            [
              80.577093,
              16.45004
            ],
            [
              80.579214,
              16.450241
            ],
            [
              80.579236,
              16.45197
            ],
            [
              80.577122,
              16.452001
            ],
            [
              80.577093,
              16.45004
            ]
          ]
        ]
      }
    },
    {
      "type": "Feature",
      "id": "PARCEL_495",
      "properties": {
        "parcel_id": "AP-GNT-0495",
        "survey_no": "198/5",
        "khata_no": "KH-4465",
        "pattadar_name": "Ravi Varma",
        "district": "Guntur",
        "mandal": "Mangalagiri",
        "village": "Nidamarru",
        "doc_area_acres": 4,
        "gis_area_acres": 4,
        "area_delta_acres": 0,
        "status": "Synchronized",
        "classification": "Agricultural (Wet / Jirayati)",
        "is_demo_data": true,
        "discrepancy_note": null
      },
      "geometry": {
        "type": "Polygon",
        "coordinates": [
          [
            [
              80.579405,
              16.450173
            ],
            [
              80.58161,
              16.45024
            ],
            [
              80.581584,
              16.451802
            ],
            [
              80.579413,
              16.451796
            ],
            [
              80.579405,
              16.450173
            ]
          ]
        ]
      }
    },
    {
      "type": "Feature",
      "id": "PARCEL_496",
      "properties": {
        "parcel_id": "AP-GNT-0496",
        "survey_no": "199/1",
        "khata_no": "KH-4472",
        "pattadar_name": "Venkatesh Kumar",
        "district": "Guntur",
        "mandal": "Mangalagiri",
        "village": "Kuragallu",
        "doc_area_acres": 4.37,
        "gis_area_acres": 4.37,
        "area_delta_acres": 0,
        "status": "Synchronized",
        "classification": "Agricultural (Dry)",
        "is_demo_data": true,
        "discrepancy_note": null
      },
      "geometry": {
        "type": "Polygon",
        "coordinates": [
          [
            [
              80.581503,
              16.450042
            ],
            [
              80.583807,
              16.450241
            ],
            [
              80.583769,
              16.451855
            ],
            [
              80.581593,
              16.451824
            ],
            [
              80.581503,
              16.450042
            ]
          ]
        ]
      }
    },
    {
      "type": "Feature",
      "id": "PARCEL_497",
      "properties": {
        "parcel_id": "AP-GNT-0497",
        "survey_no": "199/2",
        "khata_no": "KH-4479",
        "pattadar_name": "Srinivasa Devi",
        "district": "Guntur",
        "mandal": "Mangalagiri",
        "village": "Yerrabalem",
        "doc_area_acres": 4.74,
        "gis_area_acres": 4.74,
        "area_delta_acres": 0,
        "status": "Synchronized",
        "classification": "Agricultural (Wet / Jirayati)",
        "is_demo_data": true,
        "discrepancy_note": null
      },
      "geometry": {
        "type": "Polygon",
        "coordinates": [
          [
            [
              80.583826,
              16.450036
            ],
            [
              80.585805,
              16.450082
            ],
            [
              80.585795,
              16.452021
            ],
            [
              80.583927,
              16.45172
            ],
            [
              80.583826,
              16.450036
            ]
          ]
        ]
      }
    },
    {
      "type": "Feature",
      "id": "PARCEL_498",
      "properties": {
        "parcel_id": "AP-GNT-0498",
        "survey_no": "199/3",
        "khata_no": "KH-4486",
        "pattadar_name": "Lakshmi Sharma",
        "district": "Guntur",
        "mandal": "Mangalagiri",
        "village": "Mangalagiri",
        "doc_area_acres": 1.11,
        "gis_area_acres": 1.11,
        "area_delta_acres": 0,
        "status": "Synchronized",
        "classification": "Agricultural (Wet / Jirayati)",
        "is_demo_data": true,
        "discrepancy_note": null
      },
      "geometry": {
        "type": "Polygon",
        "coordinates": [
          [
            [
              80.585915,
              16.450034
            ],
            [
              80.588181,
              16.450359
            ],
            [
              80.588153,
              16.451971
            ],
            [
              80.585908,
              16.45185
            ],
            [
              80.585915,
              16.450034
            ]
          ]
        ]
      }
    },
    {
      "type": "Feature",
      "id": "PARCEL_499",
      "properties": {
        "parcel_id": "AP-GNT-0499",
        "survey_no": "199/4",
        "khata_no": "KH-4493",
        "pattadar_name": "Satyanarayana Varma",
        "district": "Guntur",
        "mandal": "Mangalagiri",
        "village": "Atchampet",
        "doc_area_acres": 1.48,
        "gis_area_acres": 1.48,
        "area_delta_acres": 0,
        "status": "Synchronized",
        "classification": "Agricultural (Wet / Jirayati)",
        "is_demo_data": true,
        "discrepancy_note": null
      },
      "geometry": {
        "type": "Polygon",
        "coordinates": [
          [
            [
              80.588348,
              16.450129
            ],
            [
              80.59021,
              16.450212
            ],
            [
              80.59041,
              16.451941
            ],
            [
              80.588377,
              16.451784
            ],
            [
              80.588348,
              16.450129
            ]
          ]
        ]
      }
    },
    {
      "type": "Feature",
      "id": "PARCEL_500",
      "properties": {
        "parcel_id": "AP-GNT-0500",
        "survey_no": "199/5",
        "khata_no": "KH-4500",
        "pattadar_name": "Subba Kumar",
        "district": "Guntur",
        "mandal": "Mangalagiri",
        "village": "Navuluru",
        "doc_area_acres": 1.85,
        "gis_area_acres": 1.85,
        "area_delta_acres": 0,
        "status": "Synchronized",
        "classification": "Agricultural (Dry)",
        "is_demo_data": true,
        "discrepancy_note": null
      },
      "geometry": {
        "type": "Polygon",
        "coordinates": [
          [
            [
              80.590451,
              16.450158
            ],
            [
              80.592545,
              16.450189
            ],
            [
              80.592697,
              16.451972
            ],
            [
              80.59037,
              16.451697
            ],
            [
              80.590451,
              16.450158
            ]
          ]
        ]
      }
    }
  ]
}