{
  "type": "FeatureCollection",
  "name": "Burgul_Cadastral_Map_613",
  "crs": {
    "type": "name",
    "properties": {
      "name": "urn:ogc:def:crs:OGC:1.3:CRS84"
    }
  },
  "metadata": {
    "title": "TELANGANA LANDGRID - Village Cadastral Map",
    "district": "Rangareddy",
    "mandal": "Farooqnagar",
    "village": "Burgul",
    "total_surveys": 613,
    "center": [
      17.065,
      78.187
    ],
    "date": "07/12/26"
  },
  "features": [
    {
      "type": "Feature",
      "id": "TG-RR-FNR-BRG-0001",
      "properties": {
        "parcel_id": "TG-RR-FNR-BRG-0001",
        "survey_no": "1",
        "survey_display": "1",
        "document_id": "DOC-BRG-0001",
        "village": "Burgul",
        "mandal": "Farooqnagar",
        "district": "Rangareddy",
        "state": "Telangana",
        "owner_name": "G. Srinivas Reddy",
        "ocr_owner": "G. Srinivas Reddy",
        "area_acres": 9.41,
        "ocr_area_acres": 9.41,
        "area_sq_meters": 38081.0,
        "centroid_lat": 17.080886,
        "centroid_lon": 78.190929,
        "verification_status": "VERIFIED",
        "validation_issue": "",
        "confidence_score": 0.98,
        "mutation_status": "APPROVED",
        "khata_number": "KH-001",
        "ulpin": "TG17060001987X"
      },
      "geometry": {
        "type": "Polygon",
        "coordinates": [
          [
            [
              78.1924868241409,
              17.08084295716749
            ],
            [
              78.19210104550055,
              17.08011883720213
            ],
            [
              78.18951577930495,
              17.080581740391143
            ],
            [
              78.18909428891651,
              17.08136387777975
            ],
            [
              78.191,
              17.081500000000002
            ],
            [
              78.19256972272221,
              17.081163630845243
            ],
            [
              78.1924868241409,
              17.08084295716749
            ]
          ]
        ]
      }
    },
    {
      "type": "Feature",
      "id": "TG-RR-FNR-BRG-0002",
      "properties": {
        "parcel_id": "TG-RR-FNR-BRG-0002",
        "survey_no": "2",
        "survey_display": "2",
        "document_id": "DOC-BRG-0002",
        "village": "Burgul",
        "mandal": "Farooqnagar",
        "district": "Rangareddy",
        "state": "Telangana",
        "owner_name": "K. Venkateshwar Rao",
        "ocr_owner": "K. Venkateshwar Rao",
        "area_acres": 2.17,
        "ocr_area_acres": 2.17,
        "area_sq_meters": 8781.7,
        "centroid_lat": 17.080963,
        "centroid_lon": 78.187992,
        "verification_status": "VERIFIED",
        "validation_issue": "",
        "confidence_score": 0.92,
        "mutation_status": "APPROVED",
        "khata_number": "KH-002",
        "ulpin": "TG17060002987X"
      },
      "geometry": {
        "type": "Polygon",
        "coordinates": [
          [
            [
              78.18803149996114,
              17.08031991735041
            ],
            [
              78.18719680568296,
              17.081228343263067
            ],
            [
              78.18874012943654,
              17.08133858067404
            ],
            [
              78.18803149996114,
              17.08031991735041
            ]
          ]
        ]
      }
    },
    {
      "type": "Feature",
      "id": "TG-RR-FNR-BRG-0003",
      "properties": {
        "parcel_id": "TG-RR-FNR-BRG-0003",
        "survey_no": "3",
        "survey_display": "3",
        "document_id": "DOC-BRG-0003",
        "village": "Burgul",
        "mandal": "Farooqnagar",
        "district": "Rangareddy",
        "state": "Telangana",
        "owner_name": "M. Lakshmi Bai",
        "ocr_owner": "M. Lakshmi Bai",
        "area_acres": 2.93,
        "ocr_area_acres": 2.93,
        "area_sq_meters": 11857.3,
        "centroid_lat": 17.080321,
        "centroid_lon": 78.187545,
        "verification_status": "VERIFIED",
        "validation_issue": "",
        "confidence_score": 0.88,
        "mutation_status": "APPROVED",
        "khata_number": "KH-003",
        "ulpin": "TG17060003987X"
      },
      "geometry": {
        "type": "Polygon",
        "coordinates": [
          [
            [
              78.18801049635695,
              17.07963954377108
            ],
            [
              78.18787344578331,
              17.0795011279805
            ],
            [
              78.18751029043077,
              17.079527334833177
            ],
            [
              78.18691181982898,
              17.081207987130643
            ],
            [
              78.18719680568296,
              17.08122834326307
            ],
            [
              78.18803149996114,
              17.080319917350412
            ],
            [
              78.18801049635695,
              17.07963954377108
            ]
          ]
        ]
      }
    },
    {
      "type": "Feature",
      "id": "TG-RR-FNR-BRG-0004",
      "properties": {
        "parcel_id": "TG-RR-FNR-BRG-0004",
        "survey_no": "4",
        "survey_display": "4",
        "document_id": "DOC-BRG-0004",
        "village": "Burgul",
        "mandal": "Farooqnagar",
        "district": "Rangareddy",
        "state": "Telangana",
        "owner_name": "P. Anjaneyulu",
        "ocr_owner": "P. Anjaneyulu",
        "area_acres": 5.05,
        "ocr_area_acres": 5.05,
        "area_sq_meters": 20436.6,
        "centroid_lat": 17.080421,
        "centroid_lon": 78.18874,
        "verification_status": "VERIFIED",
        "validation_issue": "",
        "confidence_score": 0.97,
        "mutation_status": "APPROVED",
        "khata_number": "KH-004",
        "ulpin": "TG17060004987X"
      },
      "geometry": {
        "type": "Polygon",
        "coordinates": [
          [
            [
              78.18801049635695,
              17.07963954377108
            ],
            [
              78.18803149996114,
              17.080319917350398
            ],
            [
              78.18874012943654,
              17.08133858067404
            ],
            [
              78.18909428891651,
              17.08136387777975
            ],
            [
              78.18951577930495,
              17.080581740391132
            ],
            [
              78.18902311903558,
              17.079705061197338
            ],
            [
              78.18801049635695,
              17.07963954377108
            ]
          ]
        ]
      }
    },
    {
      "type": "Feature",
      "id": "TG-RR-FNR-BRG-0005",
      "properties": {
        "parcel_id": "TG-RR-FNR-BRG-0005",
        "survey_no": "5",
        "survey_display": "5",
        "document_id": "DOC-BRG-0005",
        "village": "Burgul",
        "mandal": "Farooqnagar",
        "district": "Rangareddy",
        "state": "Telangana",
        "owner_name": "B. Satyanarayana",
        "ocr_owner": "B. Satyanarayana",
        "area_acres": 3.46,
        "ocr_area_acres": 3.46,
        "area_sq_meters": 14002.1,
        "centroid_lat": 17.080266,
        "centroid_lon": 78.186883,
        "verification_status": "VERIFIED",
        "validation_issue": "",
        "confidence_score": 0.96,
        "mutation_status": "APPROVED",
        "khata_number": "KH-005",
        "ulpin": "TG17060005987X"
      },
      "geometry": {
        "type": "Polygon",
        "coordinates": [
          [
            [
              78.1866034375196,
              17.079487638029832
            ],
            [
              78.18642308448113,
              17.08117307746294
            ],
            [
              78.18691181982898,
              17.081207987130643
            ],
            [
              78.18751029043077,
              17.07952733483317
            ],
            [
              78.1866034375196,
              17.079487638029832
            ]
          ]
        ]
      }
    },
    {
      "type": "Feature",
      "id": "TG-RR-FNR-BRG-0006",
      "properties": {
        "parcel_id": "TG-RR-FNR-BRG-0006",
        "survey_no": "6",
        "survey_display": "6",
        "document_id": "DOC-BRG-0006",
        "village": "Burgul",
        "mandal": "Farooqnagar",
        "district": "Rangareddy",
        "state": "Telangana",
        "owner_name": "T. Ramaiah",
        "ocr_owner": "T. Ramaiah",
        "area_acres": 4.19,
        "ocr_area_acres": 4.19,
        "area_sq_meters": 16956.3,
        "centroid_lat": 17.080358,
        "centroid_lon": 78.186089,
        "verification_status": "VERIFIED",
        "validation_issue": "",
        "confidence_score": 0.96,
        "mutation_status": "APPROVED",
        "khata_number": "KH-006",
        "ulpin": "TG17060006987X"
      },
      "geometry": {
        "type": "Polygon",
        "coordinates": [
          [
            [
              78.1866034375196,
              17.079487638029843
            ],
            [
              78.18628274305935,
              17.079266580256558
            ],
            [
              78.185939396208,
              17.07965493949316
            ],
            [
              78.18534886637111,
              17.081096347597935
            ],
            [
              78.18642308448113,
              17.081173077462935
            ],
            [
              78.1866034375196,
              17.079487638029843
            ]
          ]
        ]
      }
    },
    {
      "type": "Feature",
      "id": "TG-RR-FNR-BRG-0007",
      "properties": {
        "parcel_id": "TG-RR-FNR-BRG-0007",
        "survey_no": "7",
        "survey_display": "7",
        "document_id": "DOC-BRG-0007",
        "village": "Burgul",
        "mandal": "Farooqnagar",
        "district": "Rangareddy",
        "state": "Telangana",
        "owner_name": "Ch. Madhava Reddy",
        "ocr_owner": "Ch. Madhava Reddy",
        "area_acres": 8.72,
        "ocr_area_acres": 8.72,
        "area_sq_meters": 35288.6,
        "centroid_lat": 17.079681,
        "centroid_lon": 78.18109,
        "verification_status": "VERIFIED",
        "validation_issue": "",
        "confidence_score": 0.93,
        "mutation_status": "APPROVED",
        "khata_number": "KH-007",
        "ulpin": "TG17060007987X"
      },
      "geometry": {
        "type": "Polygon",
        "coordinates": [
          [
            [
              78.18186461117394,
              17.07898397428664
            ],
            [
              78.1803376104413,
              17.078757289853105
            ],
            [
              78.17982711642725,
              17.080105810662985
            ],
            [
              78.18227862945757,
              17.080631134883767
            ],
            [
              78.18186461117394,
              17.07898397428664
            ]
          ]
        ]
      }
    },
    {
      "type": "Feature",
      "id": "TG-RR-FNR-BRG-0008",
      "properties": {
        "parcel_id": "TG-RR-FNR-BRG-0008",
        "survey_no": "8",
        "survey_display": "8",
        "document_id": "DOC-BRG-0008",
        "village": "Burgul",
        "mandal": "Farooqnagar",
        "district": "Rangareddy",
        "state": "Telangana",
        "owner_name": "V. Narsimha",
        "ocr_owner": "V. Narsimha",
        "area_acres": 3.21,
        "ocr_area_acres": 3.21,
        "area_sq_meters": 12990.4,
        "centroid_lat": 17.080478,
        "centroid_lon": 78.185156,
        "verification_status": "VERIFIED",
        "validation_issue": "",
        "confidence_score": 0.95,
        "mutation_status": "APPROVED",
        "khata_number": "KH-008",
        "ulpin": "TG17060008987X"
      },
      "geometry": {
        "type": "Polygon",
        "coordinates": [
          [
            [
              78.18593939620797,
              17.0796549394932
            ],
            [
              78.18466030115925,
              17.08025219351441
            ],
            [
              78.18455733194735,
              17.08038494448697
            ],
            [
              78.18452503522555,
              17.08103750251611
            ],
            [
              78.18534886637111,
              17.081096347597935
            ],
            [
              78.18593939620797,
              17.0796549394932
            ]
          ]
        ]
      }
    },
    {
      "type": "Feature",
      "id": "TG-RR-FNR-BRG-0009",
      "properties": {
        "parcel_id": "TG-RR-FNR-BRG-0009",
        "survey_no": "9",
        "survey_display": "9",
        "document_id": "DOC-BRG-0009",
        "village": "Burgul",
        "mandal": "Farooqnagar",
        "district": "Rangareddy",
        "state": "Telangana",
        "owner_name": "S. Kistamma",
        "ocr_owner": "S. Kistamma",
        "area_acres": 5.02,
        "ocr_area_acres": 5.02,
        "area_sq_meters": 20315.2,
        "centroid_lat": 17.080412,
        "centroid_lon": 78.183745,
        "verification_status": "VERIFIED",
        "validation_issue": "",
        "confidence_score": 0.92,
        "mutation_status": "APPROVED",
        "khata_number": "KH-009",
        "ulpin": "TG17060009987X"
      },
      "geometry": {
        "type": "Polygon",
        "coordinates": [
          [
            [
              78.18455733194735,
              17.080384944486998
            ],
            [
              78.18411083867133,
              17.079693084990648
            ],
            [
              78.18376660988704,
              17.079613563535748
            ],
            [
              78.18251099352412,
              17.080680927183742
            ],
            [
              78.184,
              17.081
            ],
            [
              78.18452503522555,
              17.08103750251611
            ],
            [
              78.18455733194735,
              17.080384944486998
            ]
          ]
        ]
      }
    },
    {
      "type": "Feature",
      "id": "TG-RR-FNR-BRG-0010",
      "properties": {
        "parcel_id": "TG-RR-FNR-BRG-0010",
        "survey_no": "10",
        "survey_display": "10",
        "document_id": "DOC-BRG-0010",
        "village": "Burgul",
        "mandal": "Farooqnagar",
        "district": "Rangareddy",
        "state": "Telangana",
        "owner_name": "A. Balraj",
        "ocr_owner": "A. Balraj",
        "area_acres": 9.29,
        "ocr_area_acres": 9.29,
        "area_sq_meters": 37595.3,
        "centroid_lat": 17.079781,
        "centroid_lon": 78.190503,
        "verification_status": "VERIFIED",
        "validation_issue": "",
        "confidence_score": 0.89,
        "mutation_status": "APPROVED",
        "khata_number": "KH-010",
        "ulpin": "TG17060010987X"
      },
      "geometry": {
        "type": "Polygon",
        "coordinates": [
          [
            [
              78.19206703806289,
              17.07996540792911
            ],
            [
              78.19158405305063,
              17.079303061960683
            ],
            [
              78.19074331028422,
              17.078924460997644
            ],
            [
              78.18931721300467,
              17.079433599783684
            ],
            [
              78.1890231190356,
              17.079705061197338
            ],
            [
              78.18951577930497,
              17.080581740391143
            ],
            [
              78.19210104550054,
              17.080118837202132
            ],
            [
              78.19206703806289,
              17.07996540792911
            ]
          ]
        ]
      }
    },
    {
      "type": "Feature",
      "id": "TG-RR-FNR-BRG-0011",
      "properties": {
        "parcel_id": "TG-RR-FNR-BRG-0011",
        "survey_no": "11",
        "survey_display": "11",
        "document_id": "DOC-BRG-0011",
        "village": "Burgul",
        "mandal": "Farooqnagar",
        "district": "Rangareddy",
        "state": "Telangana",
        "owner_name": "M. Mallesh Goud",
        "ocr_owner": "M. Mallesh Goud",
        "area_acres": 7.71,
        "ocr_area_acres": 7.71,
        "area_sq_meters": 31201.3,
        "centroid_lat": 17.080365,
        "centroid_lon": 78.194179,
        "verification_status": "VERIFIED",
        "validation_issue": "",
        "confidence_score": 0.94,
        "mutation_status": "APPROVED",
        "khata_number": "KH-011",
        "ulpin": "TG17060011987X"
      },
      "geometry": {
        "type": "Polygon",
        "coordinates": [
          [
            [
              78.19541185025479,
              17.07982876147577
            ],
            [
              78.19421294999756,
              17.079586023550384
            ],
            [
              78.1924868241409,
              17.080842957167498
            ],
            [
              78.19256972272221,
              17.08116363084524
            ],
            [
              78.19581309518517,
              17.08046862246032
            ],
            [
              78.19541185025479,
              17.07982876147577
            ]
          ]
        ]
      }
    },
    {
      "type": "Feature",
      "id": "TG-RR-FNR-BRG-0012",
      "properties": {
        "parcel_id": "TG-RR-FNR-BRG-0012",
        "survey_no": "12",
        "survey_display": "12",
        "document_id": "DOC-BRG-0012",
        "village": "Burgul",
        "mandal": "Farooqnagar",
        "district": "Rangareddy",
        "state": "Telangana",
        "owner_name": "K. Chandraiah",
        "ocr_owner": "K. Chandraiah",
        "area_acres": 3.99,
        "ocr_area_acres": 3.99,
        "area_sq_meters": 16147.0,
        "centroid_lat": 17.079308,
        "centroid_lon": 78.1855,
        "verification_status": "VERIFIED",
        "validation_issue": "",
        "confidence_score": 0.9,
        "mutation_status": "APPROVED",
        "khata_number": "KH-012",
        "ulpin": "TG17060012987X"
      },
      "geometry": {
        "type": "Polygon",
        "coordinates": [
          [
            [
              78.1860203277919,
              17.078836562989064
            ],
            [
              78.18545701878084,
              17.078321432364397
            ],
            [
              78.18466030115925,
              17.080252193514415
            ],
            [
              78.18593939620794,
              17.079654939493214
            ],
            [
              78.18628274305935,
              17.079266580256547
            ],
            [
              78.1860203277919,
              17.078836562989064
            ]
          ]
        ]
      }
    },
    {
      "type": "Feature",
      "id": "TG-RR-FNR-BRG-0013",
      "properties": {
        "parcel_id": "TG-RR-FNR-BRG-0013",
        "survey_no": "13",
        "survey_display": "13",
        "document_id": "DOC-BRG-0013",
        "village": "Burgul",
        "mandal": "Farooqnagar",
        "district": "Rangareddy",
        "state": "Telangana",
        "owner_name": "J. Ramachandra Reddy",
        "ocr_owner": "J. Ramachandra Reddy",
        "area_acres": 7.39,
        "ocr_area_acres": 7.39,
        "area_sq_meters": 29906.3,
        "centroid_lat": 17.079479,
        "centroid_lon": 78.182694,
        "verification_status": "VERIFIED",
        "validation_issue": "",
        "confidence_score": 0.93,
        "mutation_status": "APPROVED",
        "khata_number": "KH-013",
        "ulpin": "TG17060013987X"
      },
      "geometry": {
        "type": "Polygon",
        "coordinates": [
          [
            [
              78.18186461117394,
              17.07898397428664
            ],
            [
              78.18227862945757,
              17.080631134883767
            ],
            [
              78.18251099352412,
              17.080680927183742
            ],
            [
              78.18376660988704,
              17.079613563535744
            ],
            [
              78.18264110270412,
              17.07824055059511
            ],
            [
              78.18186461117394,
              17.07898397428664
            ]
          ]
        ]
      }
    },
    {
      "type": "Feature",
      "id": "TG-RR-FNR-BRG-0014",
      "properties": {
        "parcel_id": "TG-RR-FNR-BRG-0014",
        "survey_no": "14",
        "survey_display": "14",
        "document_id": "DOC-BRG-0014",
        "village": "Burgul",
        "mandal": "Farooqnagar",
        "district": "Rangareddy",
        "state": "Telangana",
        "owner_name": "D. Gopal Rao",
        "ocr_owner": "D. Gopal Rao",
        "area_acres": 1.79,
        "ocr_area_acres": 1.79,
        "area_sq_meters": 7243.9,
        "centroid_lat": 17.079408,
        "centroid_lon": 78.19487,
        "verification_status": "VERIFIED",
        "validation_issue": "",
        "confidence_score": 0.9,
        "mutation_status": "APPROVED",
        "khata_number": "KH-014",
        "ulpin": "TG17060014987X"
      },
      "geometry": {
        "type": "Polygon",
        "coordinates": [
          [
            [
              78.19471548481911,
              17.078931568299616
            ],
            [
              78.19421294999758,
              17.079586023550384
            ],
            [
              78.1954118502548,
              17.07982876147577
            ],
            [
              78.19522030979162,
              17.079117744746874
            ],
            [
              78.19471548481911,
              17.078931568299616
            ]
          ]
        ]
      }
    },
    {
      "type": "Feature",
      "id": "TG-RR-FNR-BRG-0015",
      "properties": {
        "parcel_id": "TG-RR-FNR-BRG-0015",
        "survey_no": "15",
        "survey_display": "15",
        "document_id": "DOC-BRG-0015",
        "village": "Burgul",
        "mandal": "Farooqnagar",
        "district": "Rangareddy",
        "state": "Telangana",
        "owner_name": "R. Prabhakar",
        "ocr_owner": "R. Prabhakar",
        "area_acres": 9.81,
        "ocr_area_acres": 9.81,
        "area_sq_meters": 39699.7,
        "centroid_lat": 17.078953,
        "centroid_lon": 78.17928,
        "verification_status": "REVIEW_REQUIRED",
        "validation_issue": "Low OCR confidence in handwritten Tippon annotation",
        "confidence_score": 0.62,
        "mutation_status": "APPROVED",
        "khata_number": "KH-015",
        "ulpin": "TG17060015987X"
      },
      "geometry": {
        "type": "Polygon",
        "coordinates": [
          [
            [
              78.1793254211691,
              17.077607467513168
            ],
            [
              78.17895184240503,
              17.077569595767844
            ],
            [
              78.17817414648431,
              17.07975160281807
            ],
            [
              78.17982711642725,
              17.080105810662985
            ],
            [
              78.1803376104413,
              17.07875728985311
            ],
            [
              78.1793254211691,
              17.077607467513168
            ]
          ]
        ]
      }
    },
    {
      "type": "Feature",
      "id": "TG-RR-FNR-BRG-0016",
      "properties": {
        "parcel_id": "TG-RR-FNR-BRG-0016",
        "survey_no": "16",
        "survey_display": "16",
        "document_id": "DOC-BRG-0016",
        "village": "Burgul",
        "mandal": "Farooqnagar",
        "district": "Rangareddy",
        "state": "Telangana",
        "owner_name": "E. Yadagiri",
        "ocr_owner": "E. Yadagiri",
        "area_acres": 5.19,
        "ocr_area_acres": 5.19,
        "area_sq_meters": 21003.2,
        "centroid_lat": 17.078965,
        "centroid_lon": 78.18476,
        "verification_status": "VERIFIED",
        "validation_issue": "",
        "confidence_score": 0.91,
        "mutation_status": "APPROVED",
        "khata_number": "KH-016",
        "ulpin": "TG17060016987X"
      },
      "geometry": {
        "type": "Polygon",
        "coordinates": [
          [
            [
              78.18513196585803,
              17.07780540523263
            ],
            [
              78.18472717710806,
              17.077778212977996
            ],
            [
              78.18411083867133,
              17.07969308499065
            ],
            [
              78.18455733194735,
              17.080384944486983
            ],
            [
              78.18466030115925,
              17.08025219351441
            ],
            [
              78.18545701878084,
              17.0783214323644
            ],
            [
              78.18513196585803,
              17.07780540523263
            ]
          ]
        ]
      }
    },
    {
      "type": "Feature",
      "id": "TG-RR-FNR-BRG-0017",
      "properties": {
        "parcel_id": "TG-RR-FNR-BRG-0017",
        "survey_no": "17",
        "survey_display": "17",
        "document_id": "DOC-BRG-0017",
        "village": "Burgul",
        "mandal": "Farooqnagar",
        "district": "Rangareddy",
        "state": "Telangana",
        "owner_name": "N. Shankaraiah",
        "ocr_owner": "N. Shankaraiah",
        "area_acres": 12.99,
        "ocr_area_acres": 12.99,
        "area_sq_meters": 52568.7,
        "centroid_lat": 17.079392,
        "centroid_lon": 78.196683,
        "verification_status": "VERIFIED",
        "validation_issue": "",
        "confidence_score": 0.97,
        "mutation_status": "APPROVED",
        "khata_number": "KH-017",
        "ulpin": "TG17060017987X"
      },
      "geometry": {
        "type": "Polygon",
        "coordinates": [
          [
            [
              78.19814554567635,
              17.079398354415325
            ],
            [
              78.19724183736461,
              17.078275458139117
            ],
            [
              78.19613390319822,
              17.07845407569095
            ],
            [
              78.19522030979162,
              17.079117744746874
            ],
            [
              78.1954118502548,
              17.079828761475802
            ],
            [
              78.19581309518517,
              17.08046862246032
            ],
            [
              78.198,
              17.080000000000002
            ],
            [
              78.19826082911392,
              17.07988144131185
            ],
            [
              78.19814554567635,
              17.079398354415325
            ]
          ]
        ]
      }
    },
    {
      "type": "Feature",
      "id": "TG-RR-FNR-BRG-0018",
      "properties": {
        "parcel_id": "TG-RR-FNR-BRG-0018",
        "survey_no": "18",
        "survey_display": "18",
        "document_id": "DOC-BRG-0018",
        "village": "Burgul",
        "mandal": "Farooqnagar",
        "district": "Rangareddy",
        "state": "Telangana",
        "owner_name": "P. Suseela",
        "ocr_owner": "P. Suseela",
        "area_acres": 8.31,
        "ocr_area_acres": 8.31,
        "area_sq_meters": 33629.4,
        "centroid_lat": 17.078387,
        "centroid_lon": 78.183723,
        "verification_status": "VERIFIED",
        "validation_issue": "",
        "confidence_score": 0.92,
        "mutation_status": "APPROVED",
        "khata_number": "KH-018",
        "ulpin": "TG17060018987X"
      },
      "geometry": {
        "type": "Polygon",
        "coordinates": [
          [
            [
              78.18325141047633,
              17.077325733359842
            ],
            [
              78.18264110270412,
              17.078240550595105
            ],
            [
              78.18376660988706,
              17.07961356353575
            ],
            [
              78.18411083867133,
              17.079693084990645
            ],
            [
              78.18472717710804,
              17.077778212977993
            ],
            [
              78.18325141047633,
              17.077325733359842
            ]
          ]
        ]
      }
    },
    {
      "type": "Feature",
      "id": "TG-RR-FNR-BRG-0019",
      "properties": {
        "parcel_id": "TG-RR-FNR-BRG-0019",
        "survey_no": "19",
        "survey_display": "19",
        "document_id": "DOC-BRG-0019",
        "village": "Burgul",
        "mandal": "Farooqnagar",
        "district": "Rangareddy",
        "state": "Telangana",
        "owner_name": "B. Vittal Reddy",
        "ocr_owner": "B. Vittal Reddy",
        "area_acres": 6.48,
        "ocr_area_acres": 6.48,
        "area_sq_meters": 26223.7,
        "centroid_lat": 17.078478,
        "centroid_lon": 78.178108,
        "verification_status": "VERIFIED",
        "validation_issue": "",
        "confidence_score": 0.94,
        "mutation_status": "APPROVED",
        "khata_number": "KH-019",
        "ulpin": "TG17060019987X"
      },
      "geometry": {
        "type": "Polygon",
        "coordinates": [
          [
            [
              78.17866129756312,
              17.07743230546179
            ],
            [
              78.17765137555418,
              17.077548948148607
            ],
            [
              78.1774890672619,
              17.079604800127555
            ],
            [
              78.17817414648431,
              17.07975160281807
            ],
            [
              78.17895184240504,
              17.077569595767848
            ],
            [
              78.17866129756312,
              17.07743230546179
            ]
          ]
        ]
      }
    },
    {
      "type": "Feature",
      "id": "TG-RR-FNR-BRG-0020",
      "properties": {
        "parcel_id": "TG-RR-FNR-BRG-0020",
        "survey_no": "20",
        "survey_display": "20",
        "document_id": "DOC-BRG-0020",
        "village": "Burgul",
        "mandal": "Farooqnagar",
        "district": "Rangareddy",
        "state": "Telangana",
        "owner_name": "K. Padma",
        "ocr_owner": "K. Padma",
        "area_acres": 7.67,
        "ocr_area_acres": 7.67,
        "area_sq_meters": 31039.4,
        "centroid_lat": 17.078492,
        "centroid_lon": 78.176889,
        "verification_status": "VERIFIED",
        "validation_issue": "",
        "confidence_score": 0.94,
        "mutation_status": "APPROVED",
        "khata_number": "KH-020",
        "ulpin": "TG17060020987X"
      },
      "geometry": {
        "type": "Polygon",
        "coordinates": [
          [
            [
              78.1765344852331,
              17.07754322162506
            ],
            [
              78.17630290129425,
              17.077738036520618
            ],
            [
              78.17592120658227,
              17.078960603291144
            ],
            [
              78.17699999999999,
              17.079500000000003
            ],
            [
              78.1774890672619,
              17.079604800127555
            ],
            [
              78.17765137555418,
              17.07754894814861
            ],
            [
              78.1765344852331,
              17.07754322162506
            ]
          ]
        ]
      }
    },
    {
      "type": "Feature",
      "id": "TG-RR-FNR-BRG-0021",
      "properties": {
        "parcel_id": "TG-RR-FNR-BRG-0021",
        "survey_no": "21",
        "survey_display": "21",
        "document_id": "DOC-BRG-0021",
        "village": "Burgul",
        "mandal": "Farooqnagar",
        "district": "Rangareddy",
        "state": "Telangana",
        "owner_name": "G. Lingaiah",
        "ocr_owner": "G. Lingaiah",
        "area_acres": 9.61,
        "ocr_area_acres": 9.61,
        "area_sq_meters": 38890.3,
        "centroid_lat": 17.079443,
        "centroid_lon": 78.193395,
        "verification_status": "VERIFIED",
        "validation_issue": "",
        "confidence_score": 0.93,
        "mutation_status": "APPROVED",
        "khata_number": "KH-021",
        "ulpin": "TG17060021987X"
      },
      "geometry": {
        "type": "Polygon",
        "coordinates": [
          [
            [
              78.19431220865818,
              17.078098943206214
            ],
            [
              78.19278964001023,
              17.079097353334397
            ],
            [
              78.19206703806289,
              17.07996540792913
            ],
            [
              78.19210104550051,
              17.08011883720206
            ],
            [
              78.19248682414091,
              17.080842957167494
            ],
            [
              78.19421294999759,
              17.079586023550366
            ],
            [
              78.19471548481911,
              17.078931568299623
            ],
            [
              78.19445440723757,
              17.078157649389883
            ],
            [
              78.19431220865818,
              17.078098943206214
            ]
          ]
        ]
      }
    },
    {
      "type": "Feature",
      "id": "TG-RR-FNR-BRG-0022",
      "properties": {
        "parcel_id": "TG-RR-FNR-BRG-0022",
        "survey_no": "22",
        "survey_display": "22",
        "document_id": "DOC-BRG-0022",
        "village": "Burgul",
        "mandal": "Farooqnagar",
        "district": "Rangareddy",
        "state": "Telangana",
        "owner_name": "M. Krishna Murthy",
        "ocr_owner": "M. Krishna Murthy",
        "area_acres": 5.71,
        "ocr_area_acres": 5.71,
        "area_sq_meters": 23107.6,
        "centroid_lat": 17.078851,
        "centroid_lon": 78.188576,
        "verification_status": "VERIFIED",
        "validation_issue": "",
        "confidence_score": 0.92,
        "mutation_status": "APPROVED",
        "khata_number": "KH-022",
        "ulpin": "TG17060022987X"
      },
      "geometry": {
        "type": "Polygon",
        "coordinates": [
          [
            [
              78.18812566557932,
              17.078189298249132
            ],
            [
              78.18787344578332,
              17.079501127980503
            ],
            [
              78.18801049635695,
              17.079639543771084
            ],
            [
              78.1890231190356,
              17.079705061197338
            ],
            [
              78.18931721300464,
              17.079433599783698
            ],
            [
              78.18874514782715,
              17.077538795489584
            ],
            [
              78.18812566557932,
              17.078189298249132
            ]
          ]
        ]
      }
    },
    {
      "type": "Feature",
      "id": "TG-RR-FNR-BRG-0023",
      "properties": {
        "parcel_id": "TG-RR-FNR-BRG-0023",
        "survey_no": "23",
        "survey_display": "23",
        "document_id": "DOC-BRG-0023",
        "village": "Burgul",
        "mandal": "Farooqnagar",
        "district": "Rangareddy",
        "state": "Telangana",
        "owner_name": "S. Venkat Reddy",
        "ocr_owner": "S. Venkat Reddy",
        "area_acres": 6.58,
        "ocr_area_acres": 6.58,
        "area_sq_meters": 26628.3,
        "centroid_lat": 17.078373,
        "centroid_lon": 78.18959,
        "verification_status": "VERIFIED",
        "validation_issue": "",
        "confidence_score": 0.96,
        "mutation_status": "APPROVED",
        "khata_number": "KH-023",
        "ulpin": "TG17060023987X"
      },
      "geometry": {
        "type": "Polygon",
        "coordinates": [
          [
            [
              78.18942340028336,
              17.07732968166288
            ],
            [
              78.18896177021058,
              17.077218621629537
            ],
            [
              78.18894978012821,
              17.077220828770614
            ],
            [
              78.18874514782716,
              17.077538795489588
            ],
            [
              78.18931721300464,
              17.079433599783687
            ],
            [
              78.19074331028422,
              17.07892446099764
            ],
            [
              78.18942340028336,
              17.07732968166288
            ]
          ]
        ]
      }
    },
    {
      "type": "Feature",
      "id": "TG-RR-FNR-BRG-0024",
      "properties": {
        "parcel_id": "TG-RR-FNR-BRG-0024",
        "survey_no": "24",
        "survey_display": "24",
        "document_id": "DOC-BRG-0024",
        "village": "Burgul",
        "mandal": "Farooqnagar",
        "district": "Rangareddy",
        "state": "Telangana",
        "owner_name": "A. Jagadeeshwar",
        "ocr_owner": "A. Jagadeeshwar",
        "area_acres": 6.18,
        "ocr_area_acres": 6.18,
        "area_sq_meters": 25009.6,
        "centroid_lat": 17.078857,
        "centroid_lon": 78.187199,
        "verification_status": "VERIFIED",
        "validation_issue": "",
        "confidence_score": 0.89,
        "mutation_status": "APPROVED",
        "khata_number": "KH-024",
        "ulpin": "TG17060024987X"
      },
      "geometry": {
        "type": "Polygon",
        "coordinates": [
          [
            [
              78.18628274305937,
              17.079266580256572
            ],
            [
              78.18660343751957,
              17.079487638029832
            ],
            [
              78.1875102904308,
              17.079527334833173
            ],
            [
              78.18787344578332,
              17.0795011279805
            ],
            [
              78.18812566557932,
              17.07818929824915
            ],
            [
              78.18743815375763,
              17.078059383256438
            ],
            [
              78.18602032779191,
              17.078836562989082
            ],
            [
              78.18628274305937,
              17.079266580256572
            ]
          ]
        ]
      }
    },
    {
      "type": "Feature",
      "id": "TG-RR-FNR-BRG-0025",
      "properties": {
        "parcel_id": "TG-RR-FNR-BRG-0025",
        "survey_no": "25",
        "survey_display": "25",
        "document_id": "DOC-BRG-0025",
        "village": "Burgul",
        "mandal": "Farooqnagar",
        "district": "Rangareddy",
        "state": "Telangana",
        "owner_name": "G. Srinivas Reddy",
        "ocr_owner": "G. Srinivas Reddy",
        "area_acres": 3.07,
        "ocr_area_acres": 3.07,
        "area_sq_meters": 12423.9,
        "centroid_lat": 17.078535,
        "centroid_lon": 78.195173,
        "verification_status": "VERIFIED",
        "validation_issue": "",
        "confidence_score": 0.89,
        "mutation_status": "APPROVED",
        "khata_number": "KH-025",
        "ulpin": "TG17060025987X"
      },
      "geometry": {
        "type": "Polygon",
        "coordinates": [
          [
            [
              78.19445440723757,
              17.07815764938987
            ],
            [
              78.19471548481911,
              17.078931568299616
            ],
            [
              78.19522030979162,
              17.079117744746874
            ],
            [
              78.19613390319822,
              17.07845407569095
            ],
            [
              78.19486954439307,
              17.07800332959674
            ],
            [
              78.19445440723757,
              17.07815764938987
            ]
          ]
        ]
      }
    },
    {
      "type": "Feature",
      "id": "TG-RR-FNR-BRG-0026",
      "properties": {
        "parcel_id": "TG-RR-FNR-BRG-0026",
        "survey_no": "26",
        "survey_display": "26",
        "document_id": "DOC-BRG-0026",
        "village": "Burgul",
        "mandal": "Farooqnagar",
        "district": "Rangareddy",
        "state": "Telangana",
        "owner_name": "K. Venkateshwar Rao",
        "ocr_owner": "K. Venkateshwar Rao",
        "area_acres": 6.71,
        "ocr_area_acres": 6.71,
        "area_sq_meters": 27154.4,
        "centroid_lat": 17.077997,
        "centroid_lon": 78.175165,
        "verification_status": "VERIFIED",
        "validation_issue": "",
        "confidence_score": 0.97,
        "mutation_status": "APPROVED",
        "khata_number": "KH-026",
        "ulpin": "TG17060026987X"
      },
      "geometry": {
        "type": "Polygon",
        "coordinates": [
          [
            [
              78.17630290129426,
              17.0777380365206
            ],
            [
              78.17444741908676,
              17.077222344501706
            ],
            [
              78.17377474782957,
              17.07788737391479
            ],
            [
              78.17592120658227,
              17.078960603291147
            ],
            [
              78.17630290129426,
              17.0777380365206
            ]
          ]
        ]
      }
    },
    {
      "type": "Feature",
      "id": "TG-RR-FNR-BRG-0027",
      "properties": {
        "parcel_id": "TG-RR-FNR-BRG-0027",
        "survey_no": "27",
        "survey_display": "27",
        "document_id": "DOC-BRG-0027",
        "village": "Burgul",
        "mandal": "Farooqnagar",
        "district": "Rangareddy",
        "state": "Telangana",
        "owner_name": "M. Lakshmi Bai",
        "ocr_owner": "M. Lakshmi Bai",
        "area_acres": 9.05,
        "ocr_area_acres": 9.05,
        "area_sq_meters": 36624.1,
        "centroid_lat": 17.078587,
        "centroid_lon": 78.199784,
        "verification_status": "VERIFIED",
        "validation_issue": "",
        "confidence_score": 0.93,
        "mutation_status": "APPROVED",
        "khata_number": "KH-027",
        "ulpin": "TG17060027987X"
      },
      "geometry": {
        "type": "Polygon",
        "coordinates": [
          [
            [
              78.2009541425376,
              17.077033282909127
            ],
            [
              78.19826417714339,
              17.07923046567975
            ],
            [
              78.19814554567635,
              17.07939835441534
            ],
            [
              78.19826082911392,
              17.07988144131185
            ],
            [
              78.20097184666209,
              17.07864916060814
            ],
            [
              78.2009541425376,
              17.077033282909127
            ]
          ]
        ]
      }
    },
    {
      "type": "Feature",
      "id": "TG-RR-FNR-BRG-0028",
      "properties": {
        "parcel_id": "TG-RR-FNR-BRG-0028",
        "survey_no": "28",
        "survey_display": "28",
        "document_id": "DOC-BRG-0028",
        "village": "Burgul",
        "mandal": "Farooqnagar",
        "district": "Rangareddy",
        "state": "Telangana",
        "owner_name": "P. Anjaneyulu",
        "ocr_owner": "P. Anjaneyulu",
        "area_acres": 3.48,
        "ocr_area_acres": 3.48,
        "area_sq_meters": 14083.1,
        "centroid_lat": 17.077833,
        "centroid_lon": 78.201389,
        "verification_status": "VERIFIED",
        "validation_issue": "",
        "confidence_score": 0.89,
        "mutation_status": "APPROVED",
        "khata_number": "KH-028",
        "ulpin": "TG17060028987X"
      },
      "geometry": {
        "type": "Polygon",
        "coordinates": [
          [
            [
              78.20100025561295,
              17.076901115342388
            ],
            [
              78.2009541425376,
              17.077033282909156
            ],
            [
              78.20097184666209,
              17.078649160608137
            ],
            [
              78.20223429695312,
              17.078075319566757
            ],
            [
              78.20115031622558,
              17.076939103211316
            ],
            [
              78.20100025561295,
              17.076901115342388
            ]
          ]
        ]
      }
    },
    {
      "type": "Feature",
      "id": "TG-RR-FNR-BRG-0029",
      "properties": {
        "parcel_id": "TG-RR-FNR-BRG-0029",
        "survey_no": "29",
        "survey_display": "29",
        "document_id": "DOC-BRG-0029",
        "village": "Burgul",
        "mandal": "Farooqnagar",
        "district": "Rangareddy",
        "state": "Telangana",
        "owner_name": "B. Satyanarayana",
        "ocr_owner": "B. Satyanarayana",
        "area_acres": 5.89,
        "ocr_area_acres": 5.89,
        "area_sq_meters": 23836.0,
        "centroid_lat": 17.078001,
        "centroid_lon": 78.186232,
        "verification_status": "VERIFIED",
        "validation_issue": "",
        "confidence_score": 0.97,
        "mutation_status": "APPROVED",
        "khata_number": "KH-029",
        "ulpin": "TG17060029987X"
      },
      "geometry": {
        "type": "Polygon",
        "coordinates": [
          [
            [
              78.18528515625037,
              17.07764308009394
            ],
            [
              78.18513196585803,
              17.077805405232635
            ],
            [
              78.18545701878084,
              17.078321432364408
            ],
            [
              78.18602032779191,
              17.078836562989085
            ],
            [
              78.18743815375763,
              17.078059383256445
            ],
            [
              78.1865744419909,
              17.077258333156497
            ],
            [
              78.18528515625037,
              17.07764308009394
            ]
          ]
        ]
      }
    },
    {
      "type": "Feature",
      "id": "TG-RR-FNR-BRG-0030",
      "properties": {
        "parcel_id": "TG-RR-FNR-BRG-0030",
        "survey_no": "30",
        "survey_display": "30",
        "document_id": "DOC-BRG-0030",
        "village": "Burgul",
        "mandal": "Farooqnagar",
        "district": "Rangareddy",
        "state": "Telangana",
        "owner_name": "T. Ramaiah",
        "ocr_owner": "T. Ramaiah",
        "area_acres": 4.33,
        "ocr_area_acres": 4.33,
        "area_sq_meters": 17522.9,
        "centroid_lat": 17.078023,
        "centroid_lon": 78.193522,
        "verification_status": "VERIFIED",
        "validation_issue": "",
        "confidence_score": 0.93,
        "mutation_status": "APPROVED",
        "khata_number": "KH-030",
        "ulpin": "TG17060030987X"
      },
      "geometry": {
        "type": "Polygon",
        "coordinates": [
          [
            [
              78.1938489205433,
              17.077099247344833
            ],
            [
              78.19317858087511,
              17.07742571701955
            ],
            [
              78.19278964001022,
              17.0790973533344
            ],
            [
              78.19431220865819,
              17.078098943206207
            ],
            [
              78.1938489205433,
              17.077099247344833
            ]
          ]
        ]
      }
    },
    {
      "type": "Feature",
      "id": "TG-RR-FNR-BRG-0031",
      "properties": {
        "parcel_id": "TG-RR-FNR-BRG-0031",
        "survey_no": "31",
        "survey_display": "31",
        "document_id": "DOC-BRG-0031",
        "village": "Burgul",
        "mandal": "Farooqnagar",
        "district": "Rangareddy",
        "state": "Telangana",
        "owner_name": "Ch. Madhava Reddy",
        "ocr_owner": "Ch. Madhava Reddy",
        "area_acres": 7.11,
        "ocr_area_acres": 7.11,
        "area_sq_meters": 28773.2,
        "centroid_lat": 17.077717,
        "centroid_lon": 78.196071,
        "verification_status": "VERIFIED",
        "validation_issue": "",
        "confidence_score": 0.88,
        "mutation_status": "APPROVED",
        "khata_number": "KH-031",
        "ulpin": "TG17060031987X"
      },
      "geometry": {
        "type": "Polygon",
        "coordinates": [
          [
            [
              78.19715204081974,
              17.077912306619645
            ],
            [
              78.19699029980332,
              17.077627887277888
            ],
            [
              78.19630118606082,
              17.07691084533563
            ],
            [
              78.19552908843022,
              17.076883065989996
            ],
            [
              78.19486954439307,
              17.078003329596743
            ],
            [
              78.19613390319822,
              17.07845407569095
            ],
            [
              78.19724183736461,
              17.078275458139117
            ],
            [
              78.19715204081974,
              17.077912306619645
            ]
          ]
        ]
      }
    },
    {
      "type": "Feature",
      "id": "TG-RR-FNR-BRG-0032",
      "properties": {
        "parcel_id": "TG-RR-FNR-BRG-0032",
        "survey_no": "32",
        "survey_display": "32",
        "document_id": "DOC-BRG-0032",
        "village": "Burgul",
        "mandal": "Farooqnagar",
        "district": "Rangareddy",
        "state": "Telangana",
        "owner_name": "V. Narsimha",
        "ocr_owner": "R. Prabhakar",
        "area_acres": 8.56,
        "ocr_area_acres": 8.56,
        "area_sq_meters": 34641.1,
        "centroid_lat": 17.07839,
        "centroid_lon": 78.192295,
        "verification_status": "CONFLICT",
        "validation_issue": "Owner mismatch: Deed titleholder 'V. Narsimha' vs Extracted 'R. Prabhakar'",
        "confidence_score": 0.44,
        "mutation_status": "APPROVED",
        "khata_number": "KH-032",
        "ulpin": "TG17060032987X"
      },
      "geometry": {
        "type": "Polygon",
        "coordinates": [
          [
            [
              78.19183803481715,
              17.077109562954423
            ],
            [
              78.19158405305065,
              17.0793030619607
            ],
            [
              78.19206703806289,
              17.07996540792912
            ],
            [
              78.19278964001022,
              17.079097353334408
            ],
            [
              78.19317858087511,
              17.077425717019548
            ],
            [
              78.191909756369,
              17.077102028513995
            ],
            [
              78.19183803481715,
              17.077109562954423
            ]
          ]
        ]
      }
    },
    {
      "type": "Feature",
      "id": "TG-RR-FNR-BRG-0033",
      "properties": {
        "parcel_id": "TG-RR-FNR-BRG-0033",
        "survey_no": "33",
        "survey_display": "33",
        "document_id": "DOC-BRG-0033",
        "village": "Burgul",
        "mandal": "Farooqnagar",
        "district": "Rangareddy",
        "state": "Telangana",
        "owner_name": "S. Kistamma",
        "ocr_owner": "S. Kistamma",
        "area_acres": 11.62,
        "ocr_area_acres": 11.62,
        "area_sq_meters": 47024.5,
        "centroid_lat": 17.077744,
        "centroid_lon": 78.190886,
        "verification_status": "VERIFIED",
        "validation_issue": "",
        "confidence_score": 0.99,
        "mutation_status": "APPROVED",
        "khata_number": "KH-033",
        "ulpin": "TG17060033987X"
      },
      "geometry": {
        "type": "Polygon",
        "coordinates": [
          [
            [
              78.1907433102842,
              17.07892446099764
            ],
            [
              78.19158405305065,
              17.07930306196069
            ],
            [
              78.19183803481715,
              17.077109562954423
            ],
            [
              78.19127446502927,
              17.076369601486018
            ],
            [
              78.18942340028335,
              17.077329681662878
            ],
            [
              78.1907433102842,
              17.07892446099764
            ]
          ]
        ]
      }
    },
    {
      "type": "Feature",
      "id": "TG-RR-FNR-BRG-0034",
      "properties": {
        "parcel_id": "TG-RR-FNR-BRG-0034",
        "survey_no": "34",
        "survey_display": "34",
        "document_id": "DOC-BRG-0034",
        "village": "Burgul",
        "mandal": "Farooqnagar",
        "district": "Rangareddy",
        "state": "Telangana",
        "owner_name": "A. Balraj",
        "ocr_owner": "A. Balraj",
        "area_acres": 3.28,
        "ocr_area_acres": 3.28,
        "area_sq_meters": 13273.7,
        "centroid_lat": 17.077383,
        "centroid_lon": 78.202112,
        "verification_status": "VERIFIED",
        "validation_issue": "",
        "confidence_score": 0.9,
        "mutation_status": "APPROVED",
        "khata_number": "KH-034",
        "ulpin": "TG17060034987X"
      },
      "geometry": {
        "type": "Polygon",
        "coordinates": [
          [
            [
              78.20224752563284,
              17.076816854716274
            ],
            [
              78.20115031622558,
              17.076939103211313
            ],
            [
              78.20223429695312,
              17.07807531956676
            ],
            [
              78.20293138668329,
              17.077758460598503
            ],
            [
              78.20226212171231,
              17.07682641111364
            ],
            [
              78.20224752563284,
              17.076816854716274
            ]
          ]
        ]
      }
    },
    {
      "type": "Feature",
      "id": "TG-RR-FNR-BRG-0035",
      "properties": {
        "parcel_id": "TG-RR-FNR-BRG-0035",
        "survey_no": "35",
        "survey_display": "35",
        "document_id": "DOC-BRG-0035",
        "village": "Burgul",
        "mandal": "Farooqnagar",
        "district": "Rangareddy",
        "state": "Telangana",
        "owner_name": "M. Mallesh Goud",
        "ocr_owner": "M. Mallesh Goud",
        "area_acres": 7.0,
        "ocr_area_acres": 7.0,
        "area_sq_meters": 28328.0,
        "centroid_lat": 17.077585,
        "centroid_lon": 78.199644,
        "verification_status": "VERIFIED",
        "validation_issue": "",
        "confidence_score": 0.96,
        "mutation_status": "APPROVED",
        "khata_number": "KH-035",
        "ulpin": "TG17060035987X"
      },
      "geometry": {
        "type": "Polygon",
        "coordinates": [
          [
            [
              78.20100025561297,
              17.076901115342405
            ],
            [
              78.20099018613811,
              17.076882701042866
            ],
            [
              78.20072161992859,
              17.076524142331223
            ],
            [
              78.19920541952635,
              17.07702174521674
            ],
            [
              78.19826417714337,
              17.07923046567976
            ],
            [
              78.20095414253761,
              17.07703328290912
            ],
            [
              78.20100025561297,
              17.076901115342405
            ]
          ]
        ]
      }
    },
    {
      "type": "Feature",
      "id": "TG-RR-FNR-BRG-0036",
      "properties": {
        "parcel_id": "TG-RR-FNR-BRG-0036",
        "survey_no": "36",
        "survey_display": "36",
        "document_id": "DOC-BRG-0036",
        "village": "Burgul",
        "mandal": "Farooqnagar",
        "district": "Rangareddy",
        "state": "Telangana",
        "owner_name": "K. Chandraiah",
        "ocr_owner": "K. Chandraiah",
        "area_acres": 20.09,
        "ocr_area_acres": 20.09,
        "area_sq_meters": 81301.4,
        "centroid_lat": 17.077623,
        "centroid_lon": 78.181341,
        "verification_status": "VERIFIED",
        "validation_issue": "",
        "confidence_score": 0.89,
        "mutation_status": "APPROVED",
        "khata_number": "KH-036",
        "ulpin": "TG17060036987X"
      },
      "geometry": {
        "type": "Polygon",
        "coordinates": [
          [
            [
              78.18264110270412,
              17.0782405505951
            ],
            [
              78.18325141047633,
              17.077325733359853
            ],
            [
              78.18321667839152,
              17.077235465152167
            ],
            [
              78.18266971019027,
              17.076626335446836
            ],
            [
              78.18180909593822,
              17.076315815273887
            ],
            [
              78.18014014621079,
              17.07674355805032
            ],
            [
              78.1793254211691,
              17.07760746751317
            ],
            [
              78.1803376104413,
              17.0787572898531
            ],
            [
              78.18186461117394,
              17.07898397428664
            ],
            [
              78.18264110270412,
              17.0782405505951
            ]
          ]
        ]
      }
    },
    {
      "type": "Feature",
      "id": "TG-RR-FNR-BRG-0037",
      "properties": {
        "parcel_id": "TG-RR-FNR-BRG-0037",
        "survey_no": "37",
        "survey_display": "37",
        "document_id": "DOC-BRG-0037",
        "village": "Burgul",
        "mandal": "Farooqnagar",
        "district": "Rangareddy",
        "state": "Telangana",
        "owner_name": "J. Ramachandra Reddy",
        "ocr_owner": "J. Ramachandra Reddy",
        "area_acres": 7.65,
        "ocr_area_acres": 7.65,
        "area_sq_meters": 30958.5,
        "centroid_lat": 17.077266,
        "centroid_lon": 78.187776,
        "verification_status": "VERIFIED",
        "validation_issue": "",
        "confidence_score": 0.95,
        "mutation_status": "APPROVED",
        "khata_number": "KH-037",
        "ulpin": "TG17060037987X"
      },
      "geometry": {
        "type": "Polygon",
        "coordinates": [
          [
            [
              78.18894978012823,
              17.077220828770606
            ],
            [
              78.18764403232996,
              17.076193561161848
            ],
            [
              78.1865744419909,
              17.077258333156493
            ],
            [
              78.18743815375761,
              17.078059383256434
            ],
            [
              78.1881256655793,
              17.078189298249146
            ],
            [
              78.1887451478272,
              17.077538795489538
            ],
            [
              78.18894978012823,
              17.077220828770606
            ]
          ]
        ]
      }
    },
    {
      "type": "Feature",
      "id": "TG-RR-FNR-BRG-0038",
      "properties": {
        "parcel_id": "TG-RR-FNR-BRG-0038",
        "survey_no": "38",
        "survey_display": "38",
        "document_id": "DOC-BRG-0038",
        "village": "Burgul",
        "mandal": "Farooqnagar",
        "district": "Rangareddy",
        "state": "Telangana",
        "owner_name": "D. Gopal Rao",
        "ocr_owner": "D. Gopal Rao",
        "area_acres": 4.73,
        "ocr_area_acres": 4.73,
        "area_sq_meters": 19141.6,
        "centroid_lat": 17.077288,
        "centroid_lon": 78.19464,
        "verification_status": "VERIFIED",
        "validation_issue": "",
        "confidence_score": 0.9,
        "mutation_status": "APPROVED",
        "khata_number": "KH-038",
        "ulpin": "TG17060038987X"
      },
      "geometry": {
        "type": "Polygon",
        "coordinates": [
          [
            [
              78.19504140719938,
              17.07659718942569
            ],
            [
              78.19391617927786,
              17.07683395761502
            ],
            [
              78.1938489205433,
              17.077099247344815
            ],
            [
              78.1943122086582,
              17.07809894320622
            ],
            [
              78.19445440723756,
              17.078157649389873
            ],
            [
              78.19486954439307,
              17.078003329596736
            ],
            [
              78.19552908843022,
              17.07688306599
            ],
            [
              78.19504140719938,
              17.07659718942569
            ]
          ]
        ]
      }
    },
    {
      "type": "Feature",
      "id": "TG-RR-FNR-BRG-0039",
      "properties": {
        "parcel_id": "TG-RR-FNR-BRG-0039",
        "survey_no": "39",
        "survey_display": "39",
        "document_id": "DOC-BRG-0039",
        "village": "Burgul",
        "mandal": "Farooqnagar",
        "district": "Rangareddy",
        "state": "Telangana",
        "owner_name": "R. Prabhakar",
        "ocr_owner": "R. Prabhakar",
        "area_acres": 2.18,
        "ocr_area_acres": 2.18,
        "area_sq_meters": 8822.2,
        "centroid_lat": 17.077231,
        "centroid_lon": 78.203048,
        "verification_status": "VERIFIED",
        "validation_issue": "",
        "confidence_score": 0.98,
        "mutation_status": "APPROVED",
        "khata_number": "KH-039",
        "ulpin": "TG17060039987X"
      },
      "geometry": {
        "type": "Polygon",
        "coordinates": [
          [
            [
              78.20293138668329,
              17.077758460598503
            ],
            [
              78.20349999999999,
              17.0775
            ],
            [
              78.20381376154295,
              17.07702935768558
            ],
            [
              78.20226212171231,
              17.076826411113643
            ],
            [
              78.20293138668329,
              17.077758460598503
            ]
          ]
        ]
      }
    },
    {
      "type": "Feature",
      "id": "TG-RR-FNR-BRG-0040",
      "properties": {
        "parcel_id": "TG-RR-FNR-BRG-0040",
        "survey_no": "40",
        "survey_display": "40",
        "document_id": "DOC-BRG-0040",
        "village": "Burgul",
        "mandal": "Farooqnagar",
        "district": "Rangareddy",
        "state": "Telangana",
        "owner_name": "E. Yadagiri",
        "ocr_owner": "E. Yadagiri",
        "area_acres": 9.1,
        "ocr_area_acres": 9.1,
        "area_sq_meters": 36826.4,
        "centroid_lat": 17.077807,
        "centroid_lon": 78.198195,
        "verification_status": "VERIFIED",
        "validation_issue": "",
        "confidence_score": 0.91,
        "mutation_status": "APPROVED",
        "khata_number": "KH-040",
        "ulpin": "TG17060040987X"
      },
      "geometry": {
        "type": "Polygon",
        "coordinates": [
          [
            [
              78.19724183736461,
              17.078275458139125
            ],
            [
              78.19814554567637,
              17.079398354415332
            ],
            [
              78.19826417714336,
              17.079230465679792
            ],
            [
              78.19920541952635,
              17.07702174521674
            ],
            [
              78.19862503500184,
              17.07636586800314
            ],
            [
              78.19855667080178,
              17.076351372823474
            ],
            [
              78.19715204081974,
              17.077912306619634
            ],
            [
              78.19724183736461,
              17.078275458139125
            ]
          ]
        ]
      }
    },
    {
      "type": "Feature",
      "id": "TG-RR-FNR-BRG-0041",
      "properties": {
        "parcel_id": "TG-RR-FNR-BRG-0041",
        "survey_no": "41",
        "survey_display": "41",
        "document_id": "DOC-BRG-0041",
        "village": "Burgul",
        "mandal": "Farooqnagar",
        "district": "Rangareddy",
        "state": "Telangana",
        "owner_name": "N. Shankaraiah",
        "ocr_owner": "N. Shankaraiah",
        "area_acres": 15.36,
        "ocr_area_acres": 15.36,
        "area_sq_meters": 62159.8,
        "centroid_lat": 17.076384,
        "centroid_lon": 78.17315,
        "verification_status": "VERIFIED",
        "validation_issue": "",
        "confidence_score": 0.95,
        "mutation_status": "APPROVED",
        "khata_number": "KH-041",
        "ulpin": "TG17060041987X"
      },
      "geometry": {
        "type": "Polygon",
        "coordinates": [
          [
            [
              78.17344883437306,
              17.074859792771335
            ],
            [
              78.17268353158916,
              17.07519256123376
            ],
            [
              78.17150926447535,
              17.076439159400405
            ],
            [
              78.172,
              17.077
            ],
            [
              78.17377474782957,
              17.07788737391479
            ],
            [
              78.17444741908676,
              17.07722234450171
            ],
            [
              78.17379252438988,
              17.07486701108927
            ],
            [
              78.17344883437306,
              17.074859792771335
            ]
          ]
        ]
      }
    },
    {
      "type": "Feature",
      "id": "TG-RR-FNR-BRG-0042",
      "properties": {
        "parcel_id": "TG-RR-FNR-BRG-0042",
        "survey_no": "42",
        "survey_display": "42",
        "document_id": "DOC-BRG-0042",
        "village": "Burgul",
        "mandal": "Farooqnagar",
        "district": "Rangareddy",
        "state": "Telangana",
        "owner_name": "P. Suseela",
        "ocr_owner": "P. Suseela",
        "area_acres": 2.67,
        "ocr_area_acres": 2.67,
        "area_sq_meters": 10805.1,
        "centroid_lat": 17.077027,
        "centroid_lon": 78.193011,
        "verification_status": "VERIFIED",
        "validation_issue": "",
        "confidence_score": 0.91,
        "mutation_status": "APPROVED",
        "khata_number": "KH-042",
        "ulpin": "TG17060042987X"
      },
      "geometry": {
        "type": "Polygon",
        "coordinates": [
          [
            [
              78.19384892054329,
              17.077099247344833
            ],
            [
              78.19391617927786,
              17.076833957615015
            ],
            [
              78.19387291166797,
              17.076756089492367
            ],
            [
              78.19249444619312,
              17.076731877307356
            ],
            [
              78.19190975636899,
              17.07710202851399
            ],
            [
              78.19317858087511,
              17.07742571701955
            ],
            [
              78.19384892054329,
              17.077099247344833
            ]
          ]
        ]
      }
    },
    {
      "type": "Feature",
      "id": "TG-RR-FNR-BRG-0043",
      "properties": {
        "parcel_id": "TG-RR-FNR-BRG-0043",
        "survey_no": "43",
        "survey_display": "43",
        "document_id": "DOC-BRG-0043",
        "village": "Burgul",
        "mandal": "Farooqnagar",
        "district": "Rangareddy",
        "state": "Telangana",
        "owner_name": "B. Vittal Reddy",
        "ocr_owner": "B. Vittal Reddy",
        "area_acres": 2.47,
        "ocr_area_acres": 2.47,
        "area_sq_meters": 9995.7,
        "centroid_lat": 17.076677,
        "centroid_lon": 78.203203,
        "verification_status": "VERIFIED",
        "validation_issue": "",
        "confidence_score": 0.92,
        "mutation_status": "APPROVED",
        "khata_number": "KH-043",
        "ulpin": "TG17060043987X"
      },
      "geometry": {
        "type": "Polygon",
        "coordinates": [
          [
            [
              78.20259067868365,
              17.076373994493018
            ],
            [
              78.20224752563283,
              17.076816854716274
            ],
            [
              78.20226212171232,
              17.076826411113647
            ],
            [
              78.20381376154295,
              17.07702935768558
            ],
            [
              78.20413251863017,
              17.07655122205473
            ],
            [
              78.2027771575989,
              17.076314622205594
            ],
            [
              78.20259067868365,
              17.076373994493018
            ]
          ]
        ]
      }
    },
    {
      "type": "Feature",
      "id": "TG-RR-FNR-BRG-0044",
      "properties": {
        "parcel_id": "TG-RR-FNR-BRG-0044",
        "survey_no": "44",
        "survey_display": "44",
        "document_id": "DOC-BRG-0044",
        "village": "Burgul",
        "mandal": "Farooqnagar",
        "district": "Rangareddy",
        "state": "Telangana",
        "owner_name": "K. Padma",
        "ocr_owner": "K. Padma",
        "area_acres": 2.34,
        "ocr_area_acres": 2.34,
        "area_sq_meters": 9469.7,
        "centroid_lat": 17.076356,
        "centroid_lon": 78.193272,
        "verification_status": "VERIFIED",
        "validation_issue": "",
        "confidence_score": 0.98,
        "mutation_status": "APPROVED",
        "khata_number": "KH-044",
        "ulpin": "TG17060044987X"
      },
      "geometry": {
        "type": "Polygon",
        "coordinates": [
          [
            [
              78.19343777947775,
              17.075578845674155
            ],
            [
              78.19249444619314,
              17.076731877307356
            ],
            [
              78.19387291166795,
              17.076756089492367
            ],
            [
              78.19343777947775,
              17.075578845674155
            ]
          ]
        ]
      }
    },
    {
      "type": "Feature",
      "id": "TG-RR-FNR-BRG-0045",
      "properties": {
        "parcel_id": "TG-RR-FNR-BRG-0045",
        "survey_no": "45",
        "survey_display": "45",
        "document_id": "DOC-BRG-0045",
        "village": "Burgul",
        "mandal": "Farooqnagar",
        "district": "Rangareddy",
        "state": "Telangana",
        "owner_name": "G. Lingaiah",
        "ocr_owner": "G. Lingaiah",
        "area_acres": 13.15,
        "ocr_area_acres": 14.2,
        "area_sq_meters": 53216.2,
        "centroid_lat": 17.076352,
        "centroid_lon": 78.175145,
        "verification_status": "CONFLICT",
        "validation_issue": "Area mismatch: Document states 14.2 Acres vs GIS 13.15 Acres (8.0% diff)",
        "confidence_score": 0.68,
        "mutation_status": "APPROVED",
        "khata_number": "KH-045",
        "ulpin": "TG17060045987X"
      },
      "geometry": {
        "type": "Polygon",
        "coordinates": [
          [
            [
              78.17407856093958,
              17.074740493115286
            ],
            [
              78.17379252438987,
              17.074867011089278
            ],
            [
              78.17444741908675,
              17.077222344501703
            ],
            [
              78.17630290129426,
              17.0777380365206
            ],
            [
              78.17653448523312,
              17.07754322162505
            ],
            [
              78.17626786234798,
              17.07624804612159
            ],
            [
              78.17456192186242,
              17.07493038706841
            ],
            [
              78.17407856093958,
              17.074740493115286
            ]
          ]
        ]
      }
    },
    {
      "type": "Feature",
      "id": "TG-RR-FNR-BRG-0046",
      "properties": {
        "parcel_id": "TG-RR-FNR-BRG-0046",
        "survey_no": "46",
        "survey_display": "46",
        "document_id": "DOC-BRG-0046",
        "village": "Burgul",
        "mandal": "Farooqnagar",
        "district": "Rangareddy",
        "state": "Telangana",
        "owner_name": "M. Krishna Murthy",
        "ocr_owner": "M. Krishna Murthy",
        "area_acres": 9.09,
        "ocr_area_acres": 9.09,
        "area_sq_meters": 36786.0,
        "centroid_lat": 17.076433,
        "centroid_lon": 78.186397,
        "verification_status": "VERIFIED",
        "validation_issue": "",
        "confidence_score": 0.9,
        "mutation_status": "APPROVED",
        "khata_number": "KH-046",
        "ulpin": "TG17060046987X"
      },
      "geometry": {
        "type": "Polygon",
        "coordinates": [
          [
            [
              78.1874071151876,
              17.075521638483053
            ],
            [
              78.18575816534803,
              17.075585635487815
            ],
            [
              78.18528515625036,
              17.077643080093946
            ],
            [
              78.18657444199087,
              17.077258333156504
            ],
            [
              78.18764403232996,
              17.076193561161837
            ],
            [
              78.1874071151876,
              17.075521638483053
            ]
          ]
        ]
      }
    },
    {
      "type": "Feature",
      "id": "TG-RR-FNR-BRG-0047",
      "properties": {
        "parcel_id": "TG-RR-FNR-BRG-0047",
        "survey_no": "47",
        "survey_display": "47",
        "document_id": "DOC-BRG-0047",
        "village": "Burgul",
        "mandal": "Farooqnagar",
        "district": "Rangareddy",
        "state": "Telangana",
        "owner_name": "S. Venkat Reddy",
        "ocr_owner": "S. Venkat Reddy",
        "area_acres": 4.12,
        "ocr_area_acres": 4.12,
        "area_sq_meters": 16673.1,
        "centroid_lat": 17.076691,
        "centroid_lon": 78.197755,
        "verification_status": "VERIFIED",
        "validation_issue": "",
        "confidence_score": 0.92,
        "mutation_status": "APPROVED",
        "khata_number": "KH-047",
        "ulpin": "TG17060047987X"
      },
      "geometry": {
        "type": "Polygon",
        "coordinates": [
          [
            [
              78.19810898782244,
              17.075735072328364
            ],
            [
              78.19777728031103,
              17.075717602281813
            ],
            [
              78.19699029980332,
              17.077627887277902
            ],
            [
              78.19715204081974,
              17.07791230661964
            ],
            [
              78.19855667080178,
              17.076351372823478
            ],
            [
              78.19810898782244,
              17.075735072328364
            ]
          ]
        ]
      }
    },
    {
      "type": "Feature",
      "id": "TG-RR-FNR-BRG-0048",
      "properties": {
        "parcel_id": "TG-RR-FNR-BRG-0048",
        "survey_no": "48",
        "survey_display": "48",
        "document_id": "DOC-BRG-0048",
        "village": "Burgul",
        "mandal": "Farooqnagar",
        "district": "Rangareddy",
        "state": "Telangana",
        "owner_name": "A. Jagadeeshwar",
        "ocr_owner": "A. Jagadeeshwar",
        "area_acres": 6.02,
        "ocr_area_acres": 6.02,
        "area_sq_meters": 24362.1,
        "centroid_lat": 17.076208,
        "centroid_lon": 78.199784,
        "verification_status": "VERIFIED",
        "validation_issue": "",
        "confidence_score": 0.91,
        "mutation_status": "APPROVED",
        "khata_number": "KH-048",
        "ulpin": "TG17060048987X"
      },
      "geometry": {
        "type": "Polygon",
        "coordinates": [
          [
            [
              78.20043891084671,
              17.07528754129052
            ],
            [
              78.20041973495827,
              17.07527008341677
            ],
            [
              78.2000639327992,
              17.075343013636942
            ],
            [
              78.19862503500185,
              17.07636586800314
            ],
            [
              78.19920541952635,
              17.077021745216737
            ],
            [
              78.20072161992859,
              17.07652414233122
            ],
            [
              78.20043891084671,
              17.07528754129052
            ]
          ]
        ]
      }
    },
    {
      "type": "Feature",
      "id": "TG-RR-FNR-BRG-0049",
      "properties": {
        "parcel_id": "TG-RR-FNR-BRG-0049",
        "survey_no": "49",
        "survey_display": "49",
        "document_id": "DOC-BRG-0049",
        "village": "Burgul",
        "mandal": "Farooqnagar",
        "district": "Rangareddy",
        "state": "Telangana",
        "owner_name": "G. Srinivas Reddy",
        "ocr_owner": "G. Srinivas Reddy",
        "area_acres": 6.79,
        "ocr_area_acres": 6.79,
        "area_sq_meters": 27478.2,
        "centroid_lat": 17.076069,
        "centroid_lon": 78.192269,
        "verification_status": "VERIFIED",
        "validation_issue": "",
        "confidence_score": 0.96,
        "mutation_status": "APPROVED",
        "khata_number": "KH-049",
        "ulpin": "TG17060049987X"
      },
      "geometry": {
        "type": "Polygon",
        "coordinates": [
          [
            [
              78.19342593524655,
              17.07548729142458
            ],
            [
              78.19328485241877,
              17.075347061493645
            ],
            [
              78.1924865453552,
              17.075226540527755
            ],
            [
              78.19131957110388,
              17.075904946860554
            ],
            [
              78.19127446502927,
              17.07636960148601
            ],
            [
              78.19183803481715,
              17.07710956295442
            ],
            [
              78.19190975636897,
              17.077102028513995
            ],
            [
              78.19249444619312,
              17.07673187730736
            ],
            [
              78.19343777947775,
              17.075578845674148
            ],
            [
              78.19342593524655,
              17.07548729142458
            ]
          ]
        ]
      }
    },
    {
      "type": "Feature",
      "id": "TG-RR-FNR-BRG-0050",
      "properties": {
        "parcel_id": "TG-RR-FNR-BRG-0050",
        "survey_no": "50",
        "survey_display": "50",
        "document_id": "DOC-BRG-0050",
        "village": "Burgul",
        "mandal": "Farooqnagar",
        "district": "Rangareddy",
        "state": "Telangana",
        "owner_name": "K. Venkateshwar Rao",
        "ocr_owner": "K. Venkateshwar Rao",
        "area_acres": 6.19,
        "ocr_area_acres": 6.19,
        "area_sq_meters": 25050.1,
        "centroid_lat": 17.076299,
        "centroid_lon": 78.196948,
        "verification_status": "VERIFIED",
        "validation_issue": "",
        "confidence_score": 0.91,
        "mutation_status": "APPROVED",
        "khata_number": "KH-050",
        "ulpin": "TG17060050987X"
      },
      "geometry": {
        "type": "Polygon",
        "coordinates": [
          [
            [
              78.19643997242042,
              17.075446070609004
            ],
            [
              78.19630118606082,
              17.07691084533563
            ],
            [
              78.19699029980333,
              17.077627887277902
            ],
            [
              78.19777728031103,
              17.075717602281816
            ],
            [
              78.19718260937924,
              17.075312393995638
            ],
            [
              78.19643997242042,
              17.075446070609004
            ]
          ]
        ]
      }
    },
    {
      "type": "Feature",
      "id": "TG-RR-FNR-BRG-0051",
      "properties": {
        "parcel_id": "TG-RR-FNR-BRG-0051",
        "survey_no": "51",
        "survey_display": "51",
        "document_id": "DOC-BRG-0051",
        "village": "Burgul",
        "mandal": "Farooqnagar",
        "district": "Rangareddy",
        "state": "Telangana",
        "owner_name": "M. Lakshmi Bai",
        "ocr_owner": "M. Lakshmi Bai",
        "area_acres": 10.72,
        "ocr_area_acres": 10.72,
        "area_sq_meters": 43382.3,
        "centroid_lat": 17.076688,
        "centroid_lon": 78.184631,
        "verification_status": "VERIFIED",
        "validation_issue": "",
        "confidence_score": 0.95,
        "mutation_status": "APPROVED",
        "khata_number": "KH-051",
        "ulpin": "TG17060051987X"
      },
      "geometry": {
        "type": "Polygon",
        "coordinates": [
          [
            [
              78.18325141047632,
              17.077325733359842
            ],
            [
              78.18472717710806,
              17.077778212977996
            ],
            [
              78.18513196585805,
              17.07780540523263
            ],
            [
              78.18528515625037,
              17.077643080093942
            ],
            [
              78.18575816534803,
              17.075585635487823
            ],
            [
              78.1856123678777,
              17.075437560585815
            ],
            [
              78.1841484658276,
              17.07586109020579
            ],
            [
              78.18321667839153,
              17.077235465152185
            ],
            [
              78.18325141047632,
              17.077325733359842
            ]
          ]
        ]
      }
    },
    {
      "type": "Feature",
      "id": "TG-RR-FNR-BRG-0052",
      "properties": {
        "parcel_id": "TG-RR-FNR-BRG-0052",
        "survey_no": "52",
        "survey_display": "52",
        "document_id": "DOC-BRG-0052",
        "village": "Burgul",
        "mandal": "Farooqnagar",
        "district": "Rangareddy",
        "state": "Telangana",
        "owner_name": "P. Anjaneyulu",
        "ocr_owner": "P. Anjaneyulu",
        "area_acres": 2.68,
        "ocr_area_acres": 2.68,
        "area_sq_meters": 10845.6,
        "centroid_lat": 17.076447,
        "centroid_lon": 78.201951,
        "verification_status": "VERIFIED",
        "validation_issue": "",
        "confidence_score": 0.96,
        "mutation_status": "APPROVED",
        "khata_number": "KH-052",
        "ulpin": "TG17060052987X"
      },
      "geometry": {
        "type": "Polygon",
        "coordinates": [
          [
            [
              78.20100025561295,
              17.076901115342388
            ],
            [
              78.20115031622557,
              17.076939103211313
            ],
            [
              78.20224752563283,
              17.076816854716277
            ],
            [
              78.20259067868365,
              17.07637399449301
            ],
            [
              78.20237577897221,
              17.075676243274636
            ],
            [
              78.20099018613813,
              17.0768827010429
            ],
            [
              78.20100025561295,
              17.076901115342388
            ]
          ]
        ]
      }
    },
    {
      "type": "Feature",
      "id": "TG-RR-FNR-BRG-0053",
      "properties": {
        "parcel_id": "TG-RR-FNR-BRG-0053",
        "survey_no": "53",
        "survey_display": "53",
        "document_id": "DOC-BRG-0053",
        "village": "Burgul",
        "mandal": "Farooqnagar",
        "district": "Rangareddy",
        "state": "Telangana",
        "owner_name": "B. Satyanarayana",
        "ocr_owner": "B. Satyanarayana",
        "area_acres": 4.31,
        "ocr_area_acres": 4.31,
        "area_sq_meters": 17442.0,
        "centroid_lat": 17.075875,
        "centroid_lon": 78.203567,
        "verification_status": "VERIFIED",
        "validation_issue": "",
        "confidence_score": 0.88,
        "mutation_status": "APPROVED",
        "khata_number": "KH-053",
        "ulpin": "TG17060053987X"
      },
      "geometry": {
        "type": "Polygon",
        "coordinates": [
          [
            [
              78.20362672512958,
              17.074998027925165
            ],
            [
              78.20324752476932,
              17.075068920823913
            ],
            [
              78.20277715759889,
              17.07631462220559
            ],
            [
              78.20413251863017,
              17.07655122205473
            ],
            [
              78.20436722608791,
              17.07619916086812
            ],
            [
              78.20362672512958,
              17.074998027925165
            ]
          ]
        ]
      }
    },
    {
      "type": "Feature",
      "id": "TG-RR-FNR-BRG-0054",
      "properties": {
        "parcel_id": "TG-RR-FNR-BRG-0054",
        "survey_no": "54",
        "survey_display": "54",
        "document_id": "DOC-BRG-0054",
        "village": "Burgul",
        "mandal": "Farooqnagar",
        "district": "Rangareddy",
        "state": "Telangana",
        "owner_name": "T. Ramaiah",
        "ocr_owner": "T. Ramaiah",
        "area_acres": 11.42,
        "ocr_area_acres": 11.42,
        "area_sq_meters": 46215.1,
        "centroid_lat": 17.076594,
        "centroid_lon": 78.177452,
        "verification_status": "VERIFIED",
        "validation_issue": "",
        "confidence_score": 0.93,
        "mutation_status": "APPROVED",
        "khata_number": "KH-054",
        "ulpin": "TG17060054987X"
      },
      "geometry": {
        "type": "Polygon",
        "coordinates": [
          [
            [
              78.17765137555416,
              17.07754894814861
            ],
            [
              78.17866129756312,
              17.07743230546179
            ],
            [
              78.17837165228691,
              17.075943434856622
            ],
            [
              78.1775791042172,
              17.075338515497755
            ],
            [
              78.17653431371312,
              17.075909795780568
            ],
            [
              78.17626786234798,
              17.076248046121595
            ],
            [
              78.17653448523312,
              17.077543221625056
            ],
            [
              78.17765137555416,
              17.07754894814861
            ]
          ]
        ]
      }
    },
    {
      "type": "Feature",
      "id": "TG-RR-FNR-BRG-0055",
      "properties": {
        "parcel_id": "TG-RR-FNR-BRG-0055",
        "survey_no": "55",
        "survey_display": "55",
        "document_id": "DOC-BRG-0055",
        "village": "Burgul",
        "mandal": "Farooqnagar",
        "district": "Rangareddy",
        "state": "Telangana",
        "owner_name": "Ch. Madhava Reddy",
        "ocr_owner": "Ch. Madhava Reddy",
        "area_acres": 8.85,
        "ocr_area_acres": 8.85,
        "area_sq_meters": 35814.7,
        "centroid_lat": 17.076209,
        "centroid_lon": 78.190139,
        "verification_status": "VERIFIED",
        "validation_issue": "",
        "confidence_score": 0.89,
        "mutation_status": "APPROVED",
        "khata_number": "KH-055",
        "ulpin": "TG17060055987X"
      },
      "geometry": {
        "type": "Polygon",
        "coordinates": [
          [
            [
              78.19131957110388,
              17.075904946860547
            ],
            [
              78.19066153620385,
              17.075158607108776
            ],
            [
              78.19051073716602,
              17.075078309675824
            ],
            [
              78.18949761754097,
              17.075619411642045
            ],
            [
              78.18896177021058,
              17.077218621629534
            ],
            [
              78.18942340028335,
              17.077329681662878
            ],
            [
              78.19127446502927,
              17.076369601486018
            ],
            [
              78.19131957110388,
              17.075904946860547
            ]
          ]
        ]
      }
    },
    {
      "type": "Feature",
      "id": "TG-RR-FNR-BRG-0056",
      "properties": {
        "parcel_id": "TG-RR-FNR-BRG-0056",
        "survey_no": "56",
        "survey_display": "56",
        "document_id": "DOC-BRG-0056",
        "village": "Burgul",
        "mandal": "Farooqnagar",
        "district": "Rangareddy",
        "state": "Telangana",
        "owner_name": "V. Narsimha",
        "ocr_owner": "V. Narsimha",
        "area_acres": 4.56,
        "ocr_area_acres": 4.56,
        "area_sq_meters": 18453.7,
        "centroid_lat": 17.076102,
        "centroid_lon": 78.19424,
        "verification_status": "VERIFIED",
        "validation_issue": "",
        "confidence_score": 0.9,
        "mutation_status": "APPROVED",
        "khata_number": "KH-056",
        "ulpin": "TG17060056987X"
      },
      "geometry": {
        "type": "Polygon",
        "coordinates": [
          [
            [
              78.19351867085648,
              17.07546945350926
            ],
            [
              78.19342593524655,
              17.075487291424594
            ],
            [
              78.19343777947775,
              17.075578845674155
            ],
            [
              78.19387291166797,
              17.076756089492367
            ],
            [
              78.19391617927786,
              17.07683395761502
            ],
            [
              78.19504140719937,
              17.07659718942569
            ],
            [
              78.19502810561666,
              17.076224776919634
            ],
            [
              78.19454229905656,
              17.075468781606606
            ],
            [
              78.19351867085648,
              17.07546945350926
            ]
          ]
        ]
      }
    },
    {
      "type": "Feature",
      "id": "TG-RR-FNR-BRG-0057",
      "properties": {
        "parcel_id": "TG-RR-FNR-BRG-0057",
        "survey_no": "57",
        "survey_display": "57",
        "document_id": "DOC-BRG-0057",
        "village": "Burgul",
        "mandal": "Farooqnagar",
        "district": "Rangareddy",
        "state": "Telangana",
        "owner_name": "S. Kistamma",
        "ocr_owner": "S. Kistamma",
        "area_acres": 5.32,
        "ocr_area_acres": 5.32,
        "area_sq_meters": 21529.3,
        "centroid_lat": 17.076103,
        "centroid_lon": 78.195809,
        "verification_status": "VERIFIED",
        "validation_issue": "",
        "confidence_score": 0.95,
        "mutation_status": "APPROVED",
        "khata_number": "KH-057",
        "ulpin": "TG17060057987X"
      },
      "geometry": {
        "type": "Polygon",
        "coordinates": [
          [
            [
              78.19630118606082,
              17.076910845335632
            ],
            [
              78.19643997242042,
              17.075446070609015
            ],
            [
              78.19618788278345,
              17.075211445400832
            ],
            [
              78.1958008619138,
              17.075119963851147
            ],
            [
              78.19502810561666,
              17.076224776919677
            ],
            [
              78.19504140719937,
              17.076597189425684
            ],
            [
              78.1955290884302,
              17.076883065989996
            ],
            [
              78.19630118606082,
              17.076910845335632
            ]
          ]
        ]
      }
    },
    {
      "type": "Feature",
      "id": "TG-RR-FNR-BRG-0058",
      "properties": {
        "parcel_id": "TG-RR-FNR-BRG-0058",
        "survey_no": "58",
        "survey_display": "58",
        "document_id": "DOC-BRG-0058",
        "village": "Burgul",
        "mandal": "Farooqnagar",
        "district": "Rangareddy",
        "state": "Telangana",
        "owner_name": "A. Balraj",
        "ocr_owner": "A. Balraj",
        "area_acres": 1.64,
        "ocr_area_acres": 1.64,
        "area_sq_meters": 6636.9,
        "centroid_lat": 17.07569,
        "centroid_lon": 78.202765,
        "verification_status": "VERIFIED",
        "validation_issue": "",
        "confidence_score": 0.88,
        "mutation_status": "APPROVED",
        "khata_number": "KH-058",
        "ulpin": "TG17060058987X"
      },
      "geometry": {
        "type": "Polygon",
        "coordinates": [
          [
            [
              78.20315036185352,
              17.075069368707236
            ],
            [
              78.20241499267665,
              17.0754837049465
            ],
            [
              78.20237577897221,
              17.075676243274607
            ],
            [
              78.20259067868366,
              17.07637399449301
            ],
            [
              78.20277715759889,
              17.076314622205597
            ],
            [
              78.20324752476932,
              17.075068920823913
            ],
            [
              78.20315036185352,
              17.075069368707236
            ]
          ]
        ]
      }
    },
    {
      "type": "Feature",
      "id": "TG-RR-FNR-BRG-0059",
      "properties": {
        "parcel_id": "TG-RR-FNR-BRG-0059",
        "survey_no": "59",
        "survey_display": "59",
        "document_id": "DOC-BRG-0059",
        "village": "Burgul",
        "mandal": "Farooqnagar",
        "district": "Rangareddy",
        "state": "Telangana",
        "owner_name": "M. Mallesh Goud",
        "ocr_owner": "M. Mallesh Goud",
        "area_acres": 5.88,
        "ocr_area_acres": 5.88,
        "area_sq_meters": 23795.5,
        "centroid_lat": 17.07583,
        "centroid_lon": 78.201291,
        "verification_status": "REVIEW_REQUIRED",
        "validation_issue": "Low OCR confidence in handwritten Tippon annotation",
        "confidence_score": 0.62,
        "mutation_status": "APPROVED",
        "khata_number": "KH-059",
        "ulpin": "TG17060059987X"
      },
      "geometry": {
        "type": "Polygon",
        "coordinates": [
          [
            [
              78.20043891084671,
              17.07528754129051
            ],
            [
              78.20072161992859,
              17.076524142331223
            ],
            [
              78.20099018613813,
              17.076882701042905
            ],
            [
              78.2023757789722,
              17.075676243274646
            ],
            [
              78.20241499267664,
              17.0754837049465
            ],
            [
              78.20117868731623,
              17.075094957471055
            ],
            [
              78.2011004294512,
              17.075083922344902
            ],
            [
              78.20043891084671,
              17.07528754129051
            ]
          ]
        ]
      }
    },
    {
      "type": "Feature",
      "id": "TG-RR-FNR-BRG-0060",
      "properties": {
        "parcel_id": "TG-RR-FNR-BRG-0060",
        "survey_no": "60",
        "survey_display": "60",
        "document_id": "DOC-BRG-0060",
        "village": "Burgul",
        "mandal": "Farooqnagar",
        "district": "Rangareddy",
        "state": "Telangana",
        "owner_name": "K. Chandraiah",
        "ocr_owner": "K. Chandraiah",
        "area_acres": 2.8,
        "ocr_area_acres": 2.8,
        "area_sq_meters": 11331.2,
        "centroid_lat": 17.075748,
        "centroid_lon": 78.19892,
        "verification_status": "VERIFIED",
        "validation_issue": "",
        "confidence_score": 0.96,
        "mutation_status": "APPROVED",
        "khata_number": "KH-060",
        "ulpin": "TG17060060987X"
      },
      "geometry": {
        "type": "Polygon",
        "coordinates": [
          [
            [
              78.19810898782244,
              17.075735072328364
            ],
            [
              78.19855667080178,
              17.076351372823474
            ],
            [
              78.19862503500185,
              17.07636586800314
            ],
            [
              78.2000639327992,
              17.075343013636946
            ],
            [
              78.19985479256938,
              17.075320515646318
            ],
            [
              78.19829810379245,
              17.075502417354834
            ],
            [
              78.19810898782244,
              17.075735072328364
            ]
          ]
        ]
      }
    },
    {
      "type": "Feature",
      "id": "TG-RR-FNR-BRG-0061",
      "properties": {
        "parcel_id": "TG-RR-FNR-BRG-0061",
        "survey_no": "61",
        "survey_display": "61",
        "document_id": "DOC-BRG-0061",
        "village": "Burgul",
        "mandal": "Farooqnagar",
        "district": "Rangareddy",
        "state": "Telangana",
        "owner_name": "J. Ramachandra Reddy",
        "ocr_owner": "J. Ramachandra Reddy",
        "area_acres": 10.81,
        "ocr_area_acres": 10.81,
        "area_sq_meters": 43746.6,
        "centroid_lat": 17.076184,
        "centroid_lon": 78.179297,
        "verification_status": "VERIFIED",
        "validation_issue": "",
        "confidence_score": 0.97,
        "mutation_status": "APPROVED",
        "khata_number": "KH-061",
        "ulpin": "TG17060061987X"
      },
      "geometry": {
        "type": "Polygon",
        "coordinates": [
          [
            [
              78.17895184240503,
              17.077569595767844
            ],
            [
              78.17932542116908,
              17.077607467513168
            ],
            [
              78.18014014621077,
              17.076743558050328
            ],
            [
              78.18002274612098,
              17.074978784746634
            ],
            [
              78.17988532873015,
              17.074810728188766
            ],
            [
              78.17899668566271,
              17.074921491076577
            ],
            [
              78.17837165228691,
              17.07594343485662
            ],
            [
              78.17866129756311,
              17.07743230546179
            ],
            [
              78.17895184240503,
              17.077569595767844
            ]
          ]
        ]
      }
    },
    {
      "type": "Feature",
      "id": "TG-RR-FNR-BRG-0062",
      "properties": {
        "parcel_id": "TG-RR-FNR-BRG-0062",
        "survey_no": "62",
        "survey_display": "62",
        "document_id": "DOC-BRG-0062",
        "village": "Burgul",
        "mandal": "Farooqnagar",
        "district": "Rangareddy",
        "state": "Telangana",
        "owner_name": "D. Gopal Rao",
        "ocr_owner": "D. Gopal Rao",
        "area_acres": 2.41,
        "ocr_area_acres": 2.41,
        "area_sq_meters": 9752.9,
        "centroid_lat": 17.075452,
        "centroid_lon": 78.195153,
        "verification_status": "VERIFIED",
        "validation_issue": "",
        "confidence_score": 0.99,
        "mutation_status": "APPROVED",
        "khata_number": "KH-062",
        "ulpin": "TG17060062987X"
      },
      "geometry": {
        "type": "Polygon",
        "coordinates": [
          [
            [
              78.19533720606394,
              17.074822535109316
            ],
            [
              78.19454229905656,
              17.075468781606606
            ],
            [
              78.19502810561667,
              17.076224776919663
            ],
            [
              78.1958008619138,
              17.075119963851154
            ],
            [
              78.19533720606394,
              17.074822535109316
            ]
          ]
        ]
      }
    },
    {
      "type": "Feature",
      "id": "TG-RR-FNR-BRG-0063",
      "properties": {
        "parcel_id": "TG-RR-FNR-BRG-0063",
        "survey_no": "63",
        "survey_display": "63",
        "document_id": "DOC-BRG-0063",
        "village": "Burgul",
        "mandal": "Farooqnagar",
        "district": "Rangareddy",
        "state": "Telangana",
        "owner_name": "R. Prabhakar",
        "ocr_owner": "R. Prabhakar",
        "area_acres": 8.04,
        "ocr_area_acres": 8.04,
        "area_sq_meters": 32536.8,
        "centroid_lat": 17.075939,
        "centroid_lon": 78.188522,
        "verification_status": "VERIFIED",
        "validation_issue": "",
        "confidence_score": 0.93,
        "mutation_status": "APPROVED",
        "khata_number": "KH-063",
        "ulpin": "TG17060063987X"
      },
      "geometry": {
        "type": "Polygon",
        "coordinates": [
          [
            [
              78.18763638277117,
              17.07533873818207
            ],
            [
              78.18741244547614,
              17.075507792503764
            ],
            [
              78.1874071151876,
              17.075521638483067
            ],
            [
              78.18764403232996,
              17.076193561161848
            ],
            [
              78.18894978012823,
              17.077220828770614
            ],
            [
              78.18896177021057,
              17.077218621629537
            ],
            [
              78.18949761754097,
              17.07561941164203
            ],
            [
              78.18877954062665,
              17.074934597113533
            ],
            [
              78.18763638277117,
              17.07533873818207
            ]
          ]
        ]
      }
    },
    {
      "type": "Feature",
      "id": "TG-RR-FNR-BRG-0064",
      "properties": {
        "parcel_id": "TG-RR-FNR-BRG-0064",
        "survey_no": "64",
        "survey_display": "64",
        "document_id": "DOC-BRG-0064",
        "village": "Burgul",
        "mandal": "Farooqnagar",
        "district": "Rangareddy",
        "state": "Telangana",
        "owner_name": "E. Yadagiri",
        "ocr_owner": "E. Yadagiri",
        "area_acres": 6.87,
        "ocr_area_acres": 6.87,
        "area_sq_meters": 27801.9,
        "centroid_lat": 17.075802,
        "centroid_lon": 78.180807,
        "verification_status": "VERIFIED",
        "validation_issue": "",
        "confidence_score": 0.89,
        "mutation_status": "APPROVED",
        "khata_number": "KH-064",
        "ulpin": "TG17060064987X"
      },
      "geometry": {
        "type": "Polygon",
        "coordinates": [
          [
            [
              78.18180909593822,
              17.076315815273887
            ],
            [
              78.18135934011434,
              17.0750122174461
            ],
            [
              78.180022746121,
              17.074978784746644
            ],
            [
              78.18014014621079,
              17.07674355805032
            ],
            [
              78.18180909593822,
              17.076315815273887
            ]
          ]
        ]
      }
    },
    {
      "type": "Feature",
      "id": "TG-RR-FNR-BRG-0065",
      "properties": {
        "parcel_id": "TG-RR-FNR-BRG-0065",
        "survey_no": "65",
        "survey_display": "65",
        "document_id": "DOC-BRG-0065",
        "village": "Burgul",
        "mandal": "Farooqnagar",
        "district": "Rangareddy",
        "state": "Telangana",
        "owner_name": "N. Shankaraiah",
        "ocr_owner": "N. Shankaraiah",
        "area_acres": 7.58,
        "ocr_area_acres": 7.58,
        "area_sq_meters": 30675.2,
        "centroid_lat": 17.075771,
        "centroid_lon": 78.183437,
        "verification_status": "VERIFIED",
        "validation_issue": "",
        "confidence_score": 0.89,
        "mutation_status": "APPROVED",
        "khata_number": "KH-065",
        "ulpin": "TG17060065987X"
      },
      "geometry": {
        "type": "Polygon",
        "coordinates": [
          [
            [
              78.18371825646868,
              17.07444693247777
            ],
            [
              78.1829053414209,
              17.07520047073071
            ],
            [
              78.18266971019028,
              17.076626335446857
            ],
            [
              78.18321667839153,
              17.077235465152185
            ],
            [
              78.1841484658276,
              17.075861090205787
            ],
            [
              78.18407766015522,
              17.074483120519275
            ],
            [
              78.18371825646868,
              17.07444693247777
            ]
          ]
        ]
      }
    },
    {
      "type": "Feature",
      "id": "TG-RR-FNR-BRG-0066",
      "properties": {
        "parcel_id": "TG-RR-FNR-BRG-0066",
        "survey_no": "66",
        "survey_display": "66",
        "document_id": "DOC-BRG-0066",
        "village": "Burgul",
        "mandal": "Farooqnagar",
        "district": "Rangareddy",
        "state": "Telangana",
        "owner_name": "P. Suseela",
        "ocr_owner": "P. Suseela",
        "area_acres": 4.64,
        "ocr_area_acres": 4.64,
        "area_sq_meters": 18777.4,
        "centroid_lat": 17.075081,
        "centroid_lon": 78.184707,
        "verification_status": "VERIFIED",
        "validation_issue": "",
        "confidence_score": 0.92,
        "mutation_status": "APPROVED",
        "khata_number": "KH-066",
        "ulpin": "TG17060066987X"
      },
      "geometry": {
        "type": "Polygon",
        "coordinates": [
          [
            [
              78.18543666974195,
              17.07496154123287
            ],
            [
              78.18462662630652,
              17.074249483422854
            ],
            [
              78.18407766015522,
              17.07448312051927
            ],
            [
              78.1841484658276,
              17.07586109020579
            ],
            [
              78.18561236787771,
              17.07543756058581
            ],
            [
              78.18543666974195,
              17.07496154123287
            ]
          ]
        ]
      }
    },
    {
      "type": "Feature",
      "id": "TG-RR-FNR-BRG-0067",
      "properties": {
        "parcel_id": "TG-RR-FNR-BRG-0067",
        "survey_no": "67",
        "survey_display": "67",
        "document_id": "DOC-BRG-0067",
        "village": "Burgul",
        "mandal": "Farooqnagar",
        "district": "Rangareddy",
        "state": "Telangana",
        "owner_name": "B. Vittal Reddy",
        "ocr_owner": "B. Vittal Reddy",
        "area_acres": 1.67,
        "ocr_area_acres": 1.67,
        "area_sq_meters": 6758.3,
        "centroid_lat": 17.075191,
        "centroid_lon": 78.198852,
        "verification_status": "VERIFIED",
        "validation_issue": "",
        "confidence_score": 0.96,
        "mutation_status": "APPROVED",
        "khata_number": "KH-067",
        "ulpin": "TG17060067987X"
      },
      "geometry": {
        "type": "Polygon",
        "coordinates": [
          [
            [
              78.19829810379247,
              17.07550241735483
            ],
            [
              78.19985479256937,
              17.075320515646318
            ],
            [
              78.19841343641691,
              17.07475081116169
            ],
            [
              78.19829810379247,
              17.07550241735483
            ]
          ]
        ]
      }
    },
    {
      "type": "Feature",
      "id": "TG-RR-FNR-BRG-0068",
      "properties": {
        "parcel_id": "TG-RR-FNR-BRG-0068",
        "survey_no": "68",
        "survey_display": "68",
        "document_id": "DOC-BRG-0068",
        "village": "Burgul",
        "mandal": "Farooqnagar",
        "district": "Rangareddy",
        "state": "Telangana",
        "owner_name": "K. Padma",
        "ocr_owner": "K. Padma",
        "area_acres": 3.64,
        "ocr_area_acres": 3.64,
        "area_sq_meters": 14730.6,
        "centroid_lat": 17.075004,
        "centroid_lon": 78.177011,
        "verification_status": "VERIFIED",
        "validation_issue": "",
        "confidence_score": 0.89,
        "mutation_status": "APPROVED",
        "khata_number": "KH-068",
        "ulpin": "TG17060068987X"
      },
      "geometry": {
        "type": "Polygon",
        "coordinates": [
          [
            [
              78.17742707654438,
              17.074339762064703
            ],
            [
              78.17707175441164,
              17.07416244444553
            ],
            [
              78.1765582049392,
              17.074605910500793
            ],
            [
              78.17653431371312,
              17.07590979578057
            ],
            [
              78.1775791042172,
              17.075338515497762
            ],
            [
              78.17742707654438,
              17.074339762064703
            ]
          ]
        ]
      }
    },
    {
      "type": "Feature",
      "id": "TG-RR-FNR-BRG-0069",
      "properties": {
        "parcel_id": "TG-RR-FNR-BRG-0069",
        "survey_no": "69",
        "survey_display": "69",
        "document_id": "DOC-BRG-0069",
        "village": "Burgul",
        "mandal": "Farooqnagar",
        "district": "Rangareddy",
        "state": "Telangana",
        "owner_name": "G. Lingaiah",
        "ocr_owner": "G. Lingaiah",
        "area_acres": 5.12,
        "ocr_area_acres": 5.12,
        "area_sq_meters": 20719.9,
        "centroid_lat": 17.075293,
        "centroid_lon": 78.175859,
        "verification_status": "VERIFIED",
        "validation_issue": "",
        "confidence_score": 0.91,
        "mutation_status": "APPROVED",
        "khata_number": "KH-069",
        "ulpin": "TG17060069987X"
      },
      "geometry": {
        "type": "Polygon",
        "coordinates": [
          [
            [
              78.17456192186242,
              17.074930387068406
            ],
            [
              78.17626786234798,
              17.076248046121595
            ],
            [
              78.17653431371312,
              17.075909795780568
            ],
            [
              78.1765582049392,
              17.0746059105008
            ],
            [
              78.17456192186242,
              17.074930387068406
            ]
          ]
        ]
      }
    },
    {
      "type": "Feature",
      "id": "TG-RR-FNR-BRG-0070",
      "properties": {
        "parcel_id": "TG-RR-FNR-BRG-0070",
        "survey_no": "70",
        "survey_display": "70",
        "document_id": "DOC-BRG-0070",
        "village": "Burgul",
        "mandal": "Farooqnagar",
        "district": "Rangareddy",
        "state": "Telangana",
        "owner_name": "M. Krishna Murthy",
        "ocr_owner": "M. Krishna Murthy",
        "area_acres": 6.85,
        "ocr_area_acres": 6.85,
        "area_sq_meters": 27721.0,
        "centroid_lat": 17.075431,
        "centroid_lon": 78.182149,
        "verification_status": "VERIFIED",
        "validation_issue": "",
        "confidence_score": 0.98,
        "mutation_status": "APPROVED",
        "khata_number": "KH-070",
        "ulpin": "TG17060070987X"
      },
      "geometry": {
        "type": "Polygon",
        "coordinates": [
          [
            [
              78.1817077568302,
              17.074312535999677
            ],
            [
              78.18169420879131,
              17.07431746437622
            ],
            [
              78.18135934011435,
              17.075012217446094
            ],
            [
              78.18180909593823,
              17.076315815273894
            ],
            [
              78.1826697101903,
              17.076626335446843
            ],
            [
              78.1829053414209,
              17.075200470730724
            ],
            [
              78.1820349713269,
              17.074285160107294
            ],
            [
              78.1817077568302,
              17.074312535999677
            ]
          ]
        ]
      }
    },
    {
      "type": "Feature",
      "id": "TG-RR-FNR-BRG-0071",
      "properties": {
        "parcel_id": "TG-RR-FNR-BRG-0071",
        "survey_no": "71",
        "survey_display": "71",
        "document_id": "DOC-BRG-0071",
        "village": "Burgul",
        "mandal": "Farooqnagar",
        "district": "Rangareddy",
        "state": "Telangana",
        "owner_name": "S. Venkat Reddy",
        "ocr_owner": "S. Venkat Reddy",
        "area_acres": 3.3,
        "ocr_area_acres": 3.3,
        "area_sq_meters": 13354.6,
        "centroid_lat": 17.075072,
        "centroid_lon": 78.197888,
        "verification_status": "VERIFIED",
        "validation_issue": "",
        "confidence_score": 0.9,
        "mutation_status": "APPROVED",
        "khata_number": "KH-071",
        "ulpin": "TG17060071987X"
      },
      "geometry": {
        "type": "Polygon",
        "coordinates": [
          [
            [
              78.198239072984,
              17.07423621345798
            ],
            [
              78.19740976379502,
              17.074836405774214
            ],
            [
              78.19718260937923,
              17.075312393995638
            ],
            [
              78.19777728031102,
              17.075717602281813
            ],
            [
              78.19810898782245,
              17.075735072328367
            ],
            [
              78.19829810379247,
              17.075502417354826
            ],
            [
              78.19841343641691,
              17.074750811161667
            ],
            [
              78.198239072984,
              17.07423621345798
            ]
          ]
        ]
      }
    },
    {
      "type": "Feature",
      "id": "TG-RR-FNR-BRG-0072",
      "properties": {
        "parcel_id": "TG-RR-FNR-BRG-0072",
        "survey_no": "72",
        "survey_display": "72",
        "document_id": "DOC-BRG-0072",
        "village": "Burgul",
        "mandal": "Farooqnagar",
        "district": "Rangareddy",
        "state": "Telangana",
        "owner_name": "A. Jagadeeshwar",
        "ocr_owner": "A. Jagadeeshwar",
        "area_acres": 2.25,
        "ocr_area_acres": 2.25,
        "area_sq_meters": 9105.4,
        "centroid_lat": 17.075088,
        "centroid_lon": 78.202275,
        "verification_status": "VERIFIED",
        "validation_issue": "",
        "confidence_score": 0.97,
        "mutation_status": "APPROVED",
        "khata_number": "KH-072",
        "ulpin": "TG17060072987X"
      },
      "geometry": {
        "type": "Polygon",
        "coordinates": [
          [
            [
              78.20315036185352,
              17.075069368707236
            ],
            [
              78.20260193612712,
              17.074695162465037
            ],
            [
              78.20117868731626,
              17.075094957471062
            ],
            [
              78.20241499267665,
              17.0754837049465
            ],
            [
              78.20315036185352,
              17.075069368707236
            ]
          ]
        ]
      }
    },
    {
      "type": "Feature",
      "id": "TG-RR-FNR-BRG-0073",
      "properties": {
        "parcel_id": "TG-RR-FNR-BRG-0073",
        "survey_no": "73",
        "survey_display": "73",
        "document_id": "DOC-BRG-0073",
        "village": "Burgul",
        "mandal": "Farooqnagar",
        "district": "Rangareddy",
        "state": "Telangana",
        "owner_name": "G. Srinivas Reddy",
        "ocr_owner": "G. Srinivas Reddy",
        "area_acres": 10.71,
        "ocr_area_acres": 10.71,
        "area_sq_meters": 43341.9,
        "centroid_lat": 17.074484,
        "centroid_lon": 78.204655,
        "verification_status": "VERIFIED",
        "validation_issue": "",
        "confidence_score": 0.96,
        "mutation_status": "APPROVED",
        "khata_number": "KH-073",
        "ulpin": "TG17060073987X"
      },
      "geometry": {
        "type": "Polygon",
        "coordinates": [
          [
            [
              78.20430386315608,
              17.07312495628777
            ],
            [
              78.20362672512958,
              17.074998027925158
            ],
            [
              78.20436722608791,
              17.07619916086812
            ],
            [
              78.20599662029218,
              17.073755069561706
            ],
            [
              78.20430386315608,
              17.07312495628777
            ]
          ]
        ]
      }
    },
    {
      "type": "Feature",
      "id": "TG-RR-FNR-BRG-0074",
      "properties": {
        "parcel_id": "TG-RR-FNR-BRG-0074",
        "survey_no": "74",
        "survey_display": "74",
        "document_id": "DOC-BRG-0074",
        "village": "Burgul",
        "mandal": "Farooqnagar",
        "district": "Rangareddy",
        "state": "Telangana",
        "owner_name": "K. Venkateshwar Rao",
        "ocr_owner": "K. Venkateshwar Rao",
        "area_acres": 5.19,
        "ocr_area_acres": 5.19,
        "area_sq_meters": 21003.2,
        "centroid_lat": 17.07494,
        "centroid_lon": 78.178167,
        "verification_status": "VERIFIED",
        "validation_issue": "",
        "confidence_score": 0.89,
        "mutation_status": "APPROVED",
        "khata_number": "KH-074",
        "ulpin": "TG17060074987X"
      },
      "geometry": {
        "type": "Polygon",
        "coordinates": [
          [
            [
              78.17742707654438,
              17.0743397620647
            ],
            [
              78.1775791042172,
              17.075338515497755
            ],
            [
              78.1783716522869,
              17.075943434856622
            ],
            [
              78.17899668566271,
              17.074921491076577
            ],
            [
              78.17828808009553,
              17.07408557599494
            ],
            [
              78.17742707654438,
              17.0743397620647
            ]
          ]
        ]
      }
    },
    {
      "type": "Feature",
      "id": "TG-RR-FNR-BRG-0075",
      "properties": {
        "parcel_id": "TG-RR-FNR-BRG-0075",
        "survey_no": "75",
        "survey_display": "75",
        "document_id": "DOC-BRG-0075",
        "village": "Burgul",
        "mandal": "Farooqnagar",
        "district": "Rangareddy",
        "state": "Telangana",
        "owner_name": "M. Lakshmi Bai",
        "ocr_owner": "M. Lakshmi Bai",
        "area_acres": 5.49,
        "ocr_area_acres": 5.49,
        "area_sq_meters": 22217.3,
        "centroid_lat": 17.074712,
        "centroid_lon": 78.189618,
        "verification_status": "VERIFIED",
        "validation_issue": "",
        "confidence_score": 0.99,
        "mutation_status": "APPROVED",
        "khata_number": "KH-075",
        "ulpin": "TG17060075987X"
      },
      "geometry": {
        "type": "Polygon",
        "coordinates": [
          [
            [
              78.19013374012151,
              17.074302720199995
            ],
            [
              78.1894596044724,
              17.073581071338324
            ],
            [
              78.18877954062665,
              17.074934597113533
            ],
            [
              78.18949761754098,
              17.075619411642037
            ],
            [
              78.19051073716602,
              17.075078309675828
            ],
            [
              78.19013374012151,
              17.074302720199995
            ]
          ]
        ]
      }
    },
    {
      "type": "Feature",
      "id": "TG-RR-FNR-BRG-0076",
      "properties": {
        "parcel_id": "TG-RR-FNR-BRG-0076",
        "survey_no": "76",
        "survey_display": "76",
        "document_id": "DOC-BRG-0076",
        "village": "Burgul",
        "mandal": "Farooqnagar",
        "district": "Rangareddy",
        "state": "Telangana",
        "owner_name": "P. Anjaneyulu",
        "ocr_owner": "M. Mallesh Goud",
        "area_acres": 3.0,
        "ocr_area_acres": 3.0,
        "area_sq_meters": 12140.6,
        "centroid_lat": 17.074956,
        "centroid_lon": 78.194576,
        "verification_status": "CONFLICT",
        "validation_issue": "Owner mismatch: Deed titleholder 'P. Anjaneyulu' vs Extracted 'M. Mallesh Goud'",
        "confidence_score": 0.44,
        "mutation_status": "APPROVED",
        "khata_number": "KH-076",
        "ulpin": "TG17060076987X"
      },
      "geometry": {
        "type": "Polygon",
        "coordinates": [
          [
            [
              78.1950363357199,
              17.074158061295208
            ],
            [
              78.1935186708565,
              17.07546945350926
            ],
            [
              78.19454229905656,
              17.075468781606606
            ],
            [
              78.19533720606394,
              17.074822535109316
            ],
            [
              78.1950363357199,
              17.074158061295208
            ]
          ]
        ]
      }
    },
    {
      "type": "Feature",
      "id": "TG-RR-FNR-BRG-0077",
      "properties": {
        "parcel_id": "TG-RR-FNR-BRG-0077",
        "survey_no": "77",
        "survey_display": "77",
        "document_id": "DOC-BRG-0077",
        "village": "Burgul",
        "mandal": "Farooqnagar",
        "district": "Rangareddy",
        "state": "Telangana",
        "owner_name": "B. Satyanarayana",
        "ocr_owner": "B. Satyanarayana",
        "area_acres": 3.41,
        "ocr_area_acres": 3.41,
        "area_sq_meters": 13799.8,
        "centroid_lat": 17.074703,
        "centroid_lon": 78.199137,
        "verification_status": "VERIFIED",
        "validation_issue": "",
        "confidence_score": 0.9,
        "mutation_status": "APPROVED",
        "khata_number": "KH-077",
        "ulpin": "TG17060077987X"
      },
      "geometry": {
        "type": "Polygon",
        "coordinates": [
          [
            [
              78.198239072984,
              17.074236213457983
            ],
            [
              78.19841343641691,
              17.07475081116169
            ],
            [
              78.19985479256937,
              17.075320515646315
            ],
            [
              78.2000639327992,
              17.075343013636942
            ],
            [
              78.20041973495827,
              17.07527008341677
            ],
            [
              78.20041015081155,
              17.075234012493162
            ],
            [
              78.19834650249574,
              17.07386214258132
            ],
            [
              78.198239072984,
              17.074236213457983
            ]
          ]
        ]
      }
    },
    {
      "type": "Feature",
      "id": "TG-RR-FNR-BRG-0078",
      "properties": {
        "parcel_id": "TG-RR-FNR-BRG-0078",
        "survey_no": "78",
        "survey_display": "78",
        "document_id": "DOC-BRG-0078",
        "village": "Burgul",
        "mandal": "Farooqnagar",
        "district": "Rangareddy",
        "state": "Telangana",
        "owner_name": "T. Ramaiah",
        "ocr_owner": "T. Ramaiah",
        "area_acres": 5.42,
        "ocr_area_acres": 5.42,
        "area_sq_meters": 21934.0,
        "centroid_lat": 17.075008,
        "centroid_lon": 78.191602,
        "verification_status": "VERIFIED",
        "validation_issue": "",
        "confidence_score": 0.94,
        "mutation_status": "APPROVED",
        "khata_number": "KH-078",
        "ulpin": "TG17060078987X"
      },
      "geometry": {
        "type": "Polygon",
        "coordinates": [
          [
            [
              78.19131957110389,
              17.07590494686055
            ],
            [
              78.1924865453552,
              17.075226540527755
            ],
            [
              78.19228945242237,
              17.074639004187535
            ],
            [
              78.1917106597828,
              17.074018474908147
            ],
            [
              78.19168766566195,
              17.074001582244954
            ],
            [
              78.19066153620383,
              17.075158607108754
            ],
            [
              78.19131957110389,
              17.07590494686055
            ]
          ]
        ]
      }
    },
    {
      "type": "Feature",
      "id": "TG-RR-FNR-BRG-0079",
      "properties": {
        "parcel_id": "TG-RR-FNR-BRG-0079",
        "survey_no": "79",
        "survey_display": "79",
        "document_id": "DOC-BRG-0079",
        "village": "Burgul",
        "mandal": "Farooqnagar",
        "district": "Rangareddy",
        "state": "Telangana",
        "owner_name": "Ch. Madhava Reddy",
        "ocr_owner": "Ch. Madhava Reddy",
        "area_acres": 1.9,
        "ocr_area_acres": 1.9,
        "area_sq_meters": 7689.0,
        "centroid_lat": 17.074601,
        "centroid_lon": 78.201917,
        "verification_status": "VERIFIED",
        "validation_issue": "",
        "confidence_score": 0.88,
        "mutation_status": "APPROVED",
        "khata_number": "KH-079",
        "ulpin": "TG17060079987X"
      },
      "geometry": {
        "type": "Polygon",
        "coordinates": [
          [
            [
              78.2011004294512,
              17.075083922344906
            ],
            [
              78.20117868731627,
              17.075094957471062
            ],
            [
              78.20260193612712,
              17.074695162465037
            ],
            [
              78.20208887462529,
              17.073986646763363
            ],
            [
              78.2011004294512,
              17.075083922344906
            ]
          ]
        ]
      }
    },
    {
      "type": "Feature",
      "id": "TG-RR-FNR-BRG-0080",
      "properties": {
        "parcel_id": "TG-RR-FNR-BRG-0080",
        "survey_no": "80",
        "survey_display": "80",
        "document_id": "DOC-BRG-0080",
        "village": "Burgul",
        "mandal": "Farooqnagar",
        "district": "Rangareddy",
        "state": "Telangana",
        "owner_name": "V. Narsimha",
        "ocr_owner": "V. Narsimha",
        "area_acres": 5.49,
        "ocr_area_acres": 5.49,
        "area_sq_meters": 22217.3,
        "centroid_lat": 17.075,
        "centroid_lon": 78.186397,
        "verification_status": "VERIFIED",
        "validation_issue": "",
        "confidence_score": 0.95,
        "mutation_status": "APPROVED",
        "khata_number": "KH-080",
        "ulpin": "TG17060080987X"
      },
      "geometry": {
        "type": "Polygon",
        "coordinates": [
          [
            [
              78.18543666974193,
              17.074961541232845
            ],
            [
              78.18561236787772,
              17.075437560585843
            ],
            [
              78.18575816534802,
              17.075585635487815
            ],
            [
              78.18740711518761,
              17.075521638483053
            ],
            [
              78.18741244547613,
              17.07550779250378
            ],
            [
              78.18704627895151,
              17.074524752352712
            ],
            [
              78.18610685628256,
              17.074214395586818
            ],
            [
              78.18543666974193,
              17.074961541232845
            ]
          ]
        ]
      }
    },
    {
      "type": "Feature",
      "id": "TG-RR-FNR-BRG-0081",
      "properties": {
        "parcel_id": "TG-RR-FNR-BRG-0081",
        "survey_no": "81",
        "survey_display": "81",
        "document_id": "DOC-BRG-0081",
        "village": "Burgul",
        "mandal": "Farooqnagar",
        "district": "Rangareddy",
        "state": "Telangana",
        "owner_name": "S. Kistamma",
        "ocr_owner": "S. Kistamma",
        "area_acres": 5.48,
        "ocr_area_acres": 5.48,
        "area_sq_meters": 22176.8,
        "centroid_lat": 17.074319,
        "centroid_lon": 78.194157,
        "verification_status": "VERIFIED",
        "validation_issue": "",
        "confidence_score": 0.93,
        "mutation_status": "APPROVED",
        "khata_number": "KH-081",
        "ulpin": "TG17060081987X"
      },
      "geometry": {
        "type": "Polygon",
        "coordinates": [
          [
            [
              78.1948665763565,
              17.073324505922006
            ],
            [
              78.19420401252783,
              17.073495277669444
            ],
            [
              78.19360342985605,
              17.07413222177279
            ],
            [
              78.19328485241877,
              17.075347061493638
            ],
            [
              78.19342593524657,
              17.07548729142459
            ],
            [
              78.1935186708565,
              17.075469453509253
            ],
            [
              78.19503633571989,
              17.074158061295208
            ],
            [
              78.1948665763565,
              17.073324505922006
            ]
          ]
        ]
      }
    },
    {
      "type": "Feature",
      "id": "TG-RR-FNR-BRG-0082",
      "properties": {
        "parcel_id": "TG-RR-FNR-BRG-0082",
        "survey_no": "82",
        "survey_display": "82",
        "document_id": "DOC-BRG-0082",
        "village": "Burgul",
        "mandal": "Farooqnagar",
        "district": "Rangareddy",
        "state": "Telangana",
        "owner_name": "A. Balraj",
        "ocr_owner": "A. Balraj",
        "area_acres": 9.32,
        "ocr_area_acres": 9.32,
        "area_sq_meters": 37716.7,
        "centroid_lat": 17.075146,
        "centroid_lon": 78.17136,
        "verification_status": "VERIFIED",
        "validation_issue": "",
        "confidence_score": 0.96,
        "mutation_status": "APPROVED",
        "khata_number": "KH-082",
        "ulpin": "TG17060082987X"
      },
      "geometry": {
        "type": "Polygon",
        "coordinates": [
          [
            [
              78.17268353158916,
              17.075192561233752
            ],
            [
              78.17161989518127,
              17.074204478674694
            ],
            [
              78.16984805554105,
              17.07454063490407
            ],
            [
              78.17150926447535,
              17.076439159400405
            ],
            [
              78.17268353158916,
              17.075192561233752
            ]
          ]
        ]
      }
    },
    {
      "type": "Feature",
      "id": "TG-RR-FNR-BRG-0083",
      "properties": {
        "parcel_id": "TG-RR-FNR-BRG-0083",
        "survey_no": "83",
        "survey_display": "83",
        "document_id": "DOC-BRG-0083",
        "village": "Burgul",
        "mandal": "Farooqnagar",
        "district": "Rangareddy",
        "state": "Telangana",
        "owner_name": "M. Mallesh Goud",
        "ocr_owner": "M. Mallesh Goud",
        "area_acres": 3.5,
        "ocr_area_acres": 3.5,
        "area_sq_meters": 14164.0,
        "centroid_lat": 17.07476,
        "centroid_lon": 78.196785,
        "verification_status": "VERIFIED",
        "validation_issue": "",
        "confidence_score": 0.95,
        "mutation_status": "APPROVED",
        "khata_number": "KH-083",
        "ulpin": "TG17060083987X"
      },
      "geometry": {
        "type": "Polygon",
        "coordinates": [
          [
            [
              78.19656258460019,
              17.073996217492304
            ],
            [
              78.19618788278348,
              17.07521144540085
            ],
            [
              78.19643997242042,
              17.075446070609008
            ],
            [
              78.19718260937923,
              17.07531239399564
            ],
            [
              78.19740976379502,
              17.074836405774207
            ],
            [
              78.1968561194334,
              17.073864500539266
            ],
            [
              78.19656258460019,
              17.073996217492304
            ]
          ]
        ]
      }
    },
    {
      "type": "Feature",
      "id": "TG-RR-FNR-BRG-0084",
      "properties": {
        "parcel_id": "TG-RR-FNR-BRG-0084",
        "survey_no": "84",
        "survey_display": "84",
        "document_id": "DOC-BRG-0084",
        "village": "Burgul",
        "mandal": "Farooqnagar",
        "district": "Rangareddy",
        "state": "Telangana",
        "owner_name": "K. Chandraiah",
        "ocr_owner": "K. Chandraiah",
        "area_acres": 5.51,
        "ocr_area_acres": 5.51,
        "area_sq_meters": 22298.2,
        "centroid_lat": 17.074377,
        "centroid_lon": 78.180705,
        "verification_status": "VERIFIED",
        "validation_issue": "",
        "confidence_score": 0.9,
        "mutation_status": "APPROVED",
        "khata_number": "KH-084",
        "ulpin": "TG17060084987X"
      },
      "geometry": {
        "type": "Polygon",
        "coordinates": [
          [
            [
              78.18011458005567,
              17.073589547400832
            ],
            [
              78.17988532873014,
              17.07481072818876
            ],
            [
              78.180022746121,
              17.07497878474664
            ],
            [
              78.18135934011435,
              17.0750122174461
            ],
            [
              78.1816942087913,
              17.074317464376225
            ],
            [
              78.18088009407722,
              17.073724071584994
            ],
            [
              78.18023685891487,
              17.073557923607204
            ],
            [
              78.18011458005567,
              17.073589547400832
            ]
          ]
        ]
      }
    },
    {
      "type": "Feature",
      "id": "TG-RR-FNR-BRG-0085",
      "properties": {
        "parcel_id": "TG-RR-FNR-BRG-0085",
        "survey_no": "85",
        "survey_display": "85",
        "document_id": "DOC-BRG-0085",
        "village": "Burgul",
        "mandal": "Farooqnagar",
        "district": "Rangareddy",
        "state": "Telangana",
        "owner_name": "J. Ramachandra Reddy",
        "ocr_owner": "J. Ramachandra Reddy",
        "area_acres": 3.4,
        "ocr_area_acres": 3.4,
        "area_sq_meters": 13759.3,
        "centroid_lat": 17.074468,
        "centroid_lon": 78.182897,
        "verification_status": "VERIFIED",
        "validation_issue": "",
        "confidence_score": 0.93,
        "mutation_status": "APPROVED",
        "khata_number": "KH-085",
        "ulpin": "TG17060085987X"
      },
      "geometry": {
        "type": "Polygon",
        "coordinates": [
          [
            [
              78.18371825646868,
              17.07444693247777
            ],
            [
              78.18330498905752,
              17.073963973479582
            ],
            [
              78.1822847848283,
              17.074070814965026
            ],
            [
              78.1820349713269,
              17.074285160107305
            ],
            [
              78.18290534142089,
              17.075200470730724
            ],
            [
              78.18371825646868,
              17.07444693247777
            ]
          ]
        ]
      }
    },
    {
      "type": "Feature",
      "id": "TG-RR-FNR-BRG-0086",
      "properties": {
        "parcel_id": "TG-RR-FNR-BRG-0086",
        "survey_no": "86",
        "survey_display": "86",
        "document_id": "DOC-BRG-0086",
        "village": "Burgul",
        "mandal": "Farooqnagar",
        "district": "Rangareddy",
        "state": "Telangana",
        "owner_name": "D. Gopal Rao",
        "ocr_owner": "D. Gopal Rao",
        "area_acres": 6.97,
        "ocr_area_acres": 6.97,
        "area_sq_meters": 28206.6,
        "centroid_lat": 17.074,
        "centroid_lon": 78.18863,
        "verification_status": "VERIFIED",
        "validation_issue": "",
        "confidence_score": 0.96,
        "mutation_status": "APPROVED",
        "khata_number": "KH-086",
        "ulpin": "TG17060086987X"
      },
      "geometry": {
        "type": "Polygon",
        "coordinates": [
          [
            [
              78.18924407802588,
              17.07284324634533
            ],
            [
              78.18859304765273,
              17.07273504470005
            ],
            [
              78.18763638277119,
              17.075338738182065
            ],
            [
              78.18877954062665,
              17.074934597113536
            ],
            [
              78.1894596044724,
              17.07358107133832
            ],
            [
              78.18924407802588,
              17.07284324634533
            ]
          ]
        ]
      }
    },
    {
      "type": "Feature",
      "id": "TG-RR-FNR-BRG-0087",
      "properties": {
        "parcel_id": "TG-RR-FNR-BRG-0087",
        "survey_no": "87",
        "survey_display": "87",
        "document_id": "DOC-BRG-0087",
        "village": "Burgul",
        "mandal": "Farooqnagar",
        "district": "Rangareddy",
        "state": "Telangana",
        "owner_name": "R. Prabhakar",
        "ocr_owner": "R. Prabhakar",
        "area_acres": 3.88,
        "ocr_area_acres": 3.88,
        "area_sq_meters": 15701.8,
        "centroid_lat": 17.074012,
        "centroid_lon": 78.197603,
        "verification_status": "VERIFIED",
        "validation_issue": "",
        "confidence_score": 0.97,
        "mutation_status": "APPROVED",
        "khata_number": "KH-087",
        "ulpin": "TG17060087987X"
      },
      "geometry": {
        "type": "Polygon",
        "coordinates": [
          [
            [
              78.19834650249574,
              17.07386214258131
            ],
            [
              78.19832997712501,
              17.073666480578613
            ],
            [
              78.19738472705635,
              17.073362157667567
            ],
            [
              78.19730098328642,
              17.073354652681978
            ],
            [
              78.1968561194334,
              17.073864500539262
            ],
            [
              78.19740976379504,
              17.074836405774214
            ],
            [
              78.198239072984,
              17.074236213457986
            ],
            [
              78.19834650249574,
              17.07386214258131
            ]
          ]
        ]
      }
    },
    {
      "type": "Feature",
      "id": "TG-RR-FNR-BRG-0088",
      "properties": {
        "parcel_id": "TG-RR-FNR-BRG-0088",
        "survey_no": "88",
        "survey_display": "88",
        "document_id": "DOC-BRG-0088",
        "village": "Burgul",
        "mandal": "Farooqnagar",
        "district": "Rangareddy",
        "state": "Telangana",
        "owner_name": "E. Yadagiri",
        "ocr_owner": "E. Yadagiri",
        "area_acres": 3.94,
        "ocr_area_acres": 4.26,
        "area_sq_meters": 15944.6,
        "centroid_lat": 17.074611,
        "centroid_lon": 78.192947,
        "verification_status": "CONFLICT",
        "validation_issue": "Area mismatch: Document states 4.26 Acres vs GIS 3.94 Acres (8.0% diff)",
        "confidence_score": 0.68,
        "mutation_status": "APPROVED",
        "khata_number": "KH-088",
        "ulpin": "TG17060088987X"
      },
      "geometry": {
        "type": "Polygon",
        "coordinates": [
          [
            [
              78.19328485241877,
              17.075347061493645
            ],
            [
              78.19360342985604,
              17.074132221772807
            ],
            [
              78.19276514963866,
              17.073822182927216
            ],
            [
              78.19228945242237,
              17.074639004187528
            ],
            [
              78.1924865453552,
              17.075226540527755
            ],
            [
              78.19328485241877,
              17.075347061493645
            ]
          ]
        ]
      }
    },
    {
      "type": "Feature",
      "id": "TG-RR-FNR-BRG-0089",
      "properties": {
        "parcel_id": "TG-RR-FNR-BRG-0089",
        "survey_no": "89",
        "survey_display": "89",
        "document_id": "DOC-BRG-0089",
        "village": "Burgul",
        "mandal": "Farooqnagar",
        "district": "Rangareddy",
        "state": "Telangana",
        "owner_name": "N. Shankaraiah",
        "ocr_owner": "N. Shankaraiah",
        "area_acres": 5.65,
        "ocr_area_acres": 5.65,
        "area_sq_meters": 22864.8,
        "centroid_lat": 17.074223,
        "centroid_lon": 78.195701,
        "verification_status": "VERIFIED",
        "validation_issue": "",
        "confidence_score": 0.89,
        "mutation_status": "APPROVED",
        "khata_number": "KH-089",
        "ulpin": "TG17060089987X"
      },
      "geometry": {
        "type": "Polygon",
        "coordinates": [
          [
            [
              78.1948665763565,
              17.073324505922006
            ],
            [
              78.19503633571989,
              17.074158061295208
            ],
            [
              78.19533720606393,
              17.07482253510931
            ],
            [
              78.19580086191377,
              17.075119963851137
            ],
            [
              78.19618788278346,
              17.075211445400832
            ],
            [
              78.19656258460017,
              17.07399621749231
            ],
            [
              78.19495761655952,
              17.073202193364036
            ],
            [
              78.1948665763565,
              17.073324505922006
            ]
          ]
        ]
      }
    },
    {
      "type": "Feature",
      "id": "TG-RR-FNR-BRG-0090",
      "properties": {
        "parcel_id": "TG-RR-FNR-BRG-0090",
        "survey_no": "90",
        "survey_display": "90",
        "document_id": "DOC-BRG-0090",
        "village": "Burgul",
        "mandal": "Farooqnagar",
        "district": "Rangareddy",
        "state": "Telangana",
        "owner_name": "P. Suseela",
        "ocr_owner": "P. Suseela",
        "area_acres": 8.82,
        "ocr_area_acres": 8.82,
        "area_sq_meters": 35693.3,
        "centroid_lat": 17.073946,
        "centroid_lon": 78.203171,
        "verification_status": "VERIFIED",
        "validation_issue": "",
        "confidence_score": 0.89,
        "mutation_status": "APPROVED",
        "khata_number": "KH-090",
        "ulpin": "TG17060090987X"
      },
      "geometry": {
        "type": "Polygon",
        "coordinates": [
          [
            [
              78.20430386315608,
              17.073124956287764
            ],
            [
              78.20423479358772,
              17.073022604289694
            ],
            [
              78.20218352761749,
              17.07328128558272
            ],
            [
              78.20208887462529,
              17.073986646763355
            ],
            [
              78.20260193612714,
              17.07469516246504
            ],
            [
              78.20315036185352,
              17.075069368707236
            ],
            [
              78.20324752476934,
              17.07506892082391
            ],
            [
              78.20362672512957,
              17.074998027925165
            ],
            [
              78.20430386315608,
              17.073124956287764
            ]
          ]
        ]
      }
    },
    {
      "type": "Feature",
      "id": "TG-RR-FNR-BRG-0091",
      "properties": {
        "parcel_id": "TG-RR-FNR-BRG-0091",
        "survey_no": "91",
        "survey_display": "91",
        "document_id": "DOC-BRG-0091",
        "village": "Burgul",
        "mandal": "Farooqnagar",
        "district": "Rangareddy",
        "state": "Telangana",
        "owner_name": "B. Vittal Reddy",
        "ocr_owner": "B. Vittal Reddy",
        "area_acres": 11.28,
        "ocr_area_acres": 11.28,
        "area_sq_meters": 45648.6,
        "centroid_lat": 17.073981,
        "centroid_lon": 78.175606,
        "verification_status": "VERIFIED",
        "validation_issue": "",
        "confidence_score": 0.96,
        "mutation_status": "APPROVED",
        "khata_number": "KH-091",
        "ulpin": "TG17060091987X"
      },
      "geometry": {
        "type": "Polygon",
        "coordinates": [
          [
            [
              78.17407856093956,
              17.07474049311528
            ],
            [
              78.17456192186242,
              17.074930387068406
            ],
            [
              78.1765582049392,
              17.0746059105008
            ],
            [
              78.17707175441164,
              17.07416244444553
            ],
            [
              78.17661311497034,
              17.073201032747836
            ],
            [
              78.17513699512124,
              17.072894739495144
            ],
            [
              78.17407856093956,
              17.07474049311528
            ]
          ]
        ]
      }
    },
    {
      "type": "Feature",
      "id": "TG-RR-FNR-BRG-0092",
      "properties": {
        "parcel_id": "TG-RR-FNR-BRG-0092",
        "survey_no": "92",
        "survey_display": "92",
        "document_id": "DOC-BRG-0092",
        "village": "Burgul",
        "mandal": "Farooqnagar",
        "district": "Rangareddy",
        "state": "Telangana",
        "owner_name": "K. Padma",
        "ocr_owner": "K. Padma",
        "area_acres": 6.3,
        "ocr_area_acres": 6.3,
        "area_sq_meters": 25495.2,
        "centroid_lat": 17.07376,
        "centroid_lon": 78.170488,
        "verification_status": "VERIFIED",
        "validation_issue": "",
        "confidence_score": 0.94,
        "mutation_status": "APPROVED",
        "khata_number": "KH-092",
        "ulpin": "TG17060092987X"
      },
      "geometry": {
        "type": "Polygon",
        "coordinates": [
          [
            [
              78.17033641846503,
              17.072739929296585
            ],
            [
              78.16948454763107,
              17.074125197292663
            ],
            [
              78.16984805554105,
              17.07454063490407
            ],
            [
              78.17161989518127,
              17.074204478674694
            ],
            [
              78.17064809161324,
              17.07274274488895
            ],
            [
              78.17033641846503,
              17.072739929296585
            ]
          ]
        ]
      }
    },
    {
      "type": "Feature",
      "id": "TG-RR-FNR-BRG-0093",
      "properties": {
        "parcel_id": "TG-RR-FNR-BRG-0093",
        "survey_no": "93",
        "survey_display": "93",
        "document_id": "DOC-BRG-0093",
        "village": "Burgul",
        "mandal": "Farooqnagar",
        "district": "Rangareddy",
        "state": "Telangana",
        "owner_name": "G. Lingaiah",
        "ocr_owner": "G. Lingaiah",
        "area_acres": 3.21,
        "ocr_area_acres": 3.21,
        "area_sq_meters": 12990.4,
        "centroid_lat": 17.074356,
        "centroid_lon": 78.190894,
        "verification_status": "VERIFIED",
        "validation_issue": "",
        "confidence_score": 0.92,
        "mutation_status": "APPROVED",
        "khata_number": "KH-093",
        "ulpin": "TG17060093987X"
      },
      "geometry": {
        "type": "Polygon",
        "coordinates": [
          [
            [
              78.19051073716602,
              17.07507830967582
            ],
            [
              78.19066153620382,
              17.075158607108765
            ],
            [
              78.19168766566195,
              17.07400158224496
            ],
            [
              78.19159533133677,
              17.073738591579346
            ],
            [
              78.19147562239344,
              17.073652554583486
            ],
            [
              78.19013374012151,
              17.074302720200002
            ],
            [
              78.19051073716602,
              17.07507830967582
            ]
          ]
        ]
      }
    },
    {
      "type": "Feature",
      "id": "TG-RR-FNR-BRG-0094",
      "properties": {
        "parcel_id": "TG-RR-FNR-BRG-0094",
        "survey_no": "94",
        "survey_display": "94",
        "document_id": "DOC-BRG-0094",
        "village": "Burgul",
        "mandal": "Farooqnagar",
        "district": "Rangareddy",
        "state": "Telangana",
        "owner_name": "M. Krishna Murthy",
        "ocr_owner": "M. Krishna Murthy",
        "area_acres": 5.78,
        "ocr_area_acres": 5.78,
        "area_sq_meters": 23390.9,
        "centroid_lat": 17.073991,
        "centroid_lon": 78.187741,
        "verification_status": "VERIFIED",
        "validation_issue": "",
        "confidence_score": 0.99,
        "mutation_status": "APPROVED",
        "khata_number": "KH-094",
        "ulpin": "TG17060094987X"
      },
      "geometry": {
        "type": "Polygon",
        "coordinates": [
          [
            [
              78.18819389303819,
              17.07257324885005
            ],
            [
              78.187107574432,
              17.074061193816764
            ],
            [
              78.1870462789515,
              17.074524752352684
            ],
            [
              78.18741244547613,
              17.075507792503778
            ],
            [
              78.18763638277119,
              17.075338738182065
            ],
            [
              78.18859304765273,
              17.072735044700053
            ],
            [
              78.18819389303819,
              17.07257324885005
            ]
          ]
        ]
      }
    },
    {
      "type": "Feature",
      "id": "TG-RR-FNR-BRG-0095",
      "properties": {
        "parcel_id": "TG-RR-FNR-BRG-0095",
        "survey_no": "95",
        "survey_display": "95",
        "document_id": "DOC-BRG-0095",
        "village": "Burgul",
        "mandal": "Farooqnagar",
        "district": "Rangareddy",
        "state": "Telangana",
        "owner_name": "S. Venkat Reddy",
        "ocr_owner": "S. Venkat Reddy",
        "area_acres": 7.01,
        "ocr_area_acres": 7.01,
        "area_sq_meters": 28368.5,
        "centroid_lat": 17.07399,
        "centroid_lon": 78.179244,
        "verification_status": "VERIFIED",
        "validation_issue": "",
        "confidence_score": 0.91,
        "mutation_status": "APPROVED",
        "khata_number": "KH-095",
        "ulpin": "TG17060095987X"
      },
      "geometry": {
        "type": "Polygon",
        "coordinates": [
          [
            [
              78.18011458005566,
              17.073589547400836
            ],
            [
              78.17969196323804,
              17.073288611359185
            ],
            [
              78.17897222693712,
              17.072997288710383
            ],
            [
              78.17884876261947,
              17.0729811782029
            ],
            [
              78.17828808009554,
              17.074085575994925
            ],
            [
              78.17899668566272,
              17.074921491076573
            ],
            [
              78.17988532873014,
              17.074810728188766
            ],
            [
              78.18011458005566,
              17.073589547400836
            ]
          ]
        ]
      }
    },
    {
      "type": "Feature",
      "id": "TG-RR-FNR-BRG-0096",
      "properties": {
        "parcel_id": "TG-RR-FNR-BRG-0096",
        "survey_no": "96",
        "survey_display": "96",
        "document_id": "DOC-BRG-0096",
        "village": "Burgul",
        "mandal": "Farooqnagar",
        "district": "Rangareddy",
        "state": "Telangana",
        "owner_name": "A. Jagadeeshwar",
        "ocr_owner": "A. Jagadeeshwar",
        "area_acres": 8.49,
        "ocr_area_acres": 8.49,
        "area_sq_meters": 34357.8,
        "centroid_lat": 17.073864,
        "centroid_lon": 78.199594,
        "verification_status": "VERIFIED",
        "validation_issue": "",
        "confidence_score": 0.9,
        "mutation_status": "APPROVED",
        "khata_number": "KH-096",
        "ulpin": "TG17060096987X"
      },
      "geometry": {
        "type": "Polygon",
        "coordinates": [
          [
            [
              78.2003611210839,
              17.073200017300852
            ],
            [
              78.19968036730391,
              17.07274927878478
            ],
            [
              78.19849267303526,
              17.073505084659153
            ],
            [
              78.19832997712501,
              17.073666480578616
            ],
            [
              78.19834650249574,
              17.073862142581316
            ],
            [
              78.20041015081155,
              17.075234012493173
            ],
            [
              78.2003611210839,
              17.073200017300852
            ]
          ]
        ]
      }
    },
    {
      "type": "Feature",
      "id": "TG-RR-FNR-BRG-0097",
      "properties": {
        "parcel_id": "TG-RR-FNR-BRG-0097",
        "survey_no": "97",
        "survey_display": "97",
        "document_id": "DOC-BRG-0097",
        "village": "Burgul",
        "mandal": "Farooqnagar",
        "district": "Rangareddy",
        "state": "Telangana",
        "owner_name": "G. Srinivas Reddy",
        "ocr_owner": "G. Srinivas Reddy",
        "area_acres": 5.22,
        "ocr_area_acres": 5.22,
        "area_sq_meters": 21124.6,
        "centroid_lat": 17.073976,
        "centroid_lon": 78.185371,
        "verification_status": "VERIFIED",
        "validation_issue": "",
        "confidence_score": 0.91,
        "mutation_status": "APPROVED",
        "khata_number": "KH-097",
        "ulpin": "TG17060097987X"
      },
      "geometry": {
        "type": "Polygon",
        "coordinates": [
          [
            [
              78.18462662630652,
              17.074249483422847
            ],
            [
              78.18543666974193,
              17.07496154123285
            ],
            [
              78.18610685628258,
              17.0742143955868
            ],
            [
              78.18604279204271,
              17.073561346785464
            ],
            [
              78.18497416666115,
              17.07299525824046
            ],
            [
              78.18462662630652,
              17.074249483422847
            ]
          ]
        ]
      }
    },
    {
      "type": "Feature",
      "id": "TG-RR-FNR-BRG-0098",
      "properties": {
        "parcel_id": "TG-RR-FNR-BRG-0098",
        "survey_no": "98",
        "survey_display": "98",
        "document_id": "DOC-BRG-0098",
        "village": "Burgul",
        "mandal": "Farooqnagar",
        "district": "Rangareddy",
        "state": "Telangana",
        "owner_name": "K. Venkateshwar Rao",
        "ocr_owner": "K. Venkateshwar Rao",
        "area_acres": 8.8,
        "ocr_area_acres": 8.8,
        "area_sq_meters": 35612.4,
        "centroid_lat": 17.073966,
        "centroid_lon": 78.20114,
        "verification_status": "VERIFIED",
        "validation_issue": "",
        "confidence_score": 0.89,
        "mutation_status": "APPROVED",
        "khata_number": "KH-098",
        "ulpin": "TG17060098987X"
      },
      "geometry": {
        "type": "Polygon",
        "coordinates": [
          [
            [
              78.20164337432706,
              17.07296322238112
            ],
            [
              78.20101305037193,
              17.073004872225813
            ],
            [
              78.20036112108389,
              17.07320001730085
            ],
            [
              78.20041015081155,
              17.075234012493144
            ],
            [
              78.20041973495829,
              17.075270083416775
            ],
            [
              78.20043891084671,
              17.07528754129051
            ],
            [
              78.2011004294512,
              17.075083922344902
            ],
            [
              78.20208887462529,
              17.073986646763355
            ],
            [
              78.20218352761749,
              17.07328128558272
            ],
            [
              78.20164337432706,
              17.07296322238112
            ]
          ]
        ]
      }
    },
    {
      "type": "Feature",
      "id": "TG-RR-FNR-BRG-0099",
      "properties": {
        "parcel_id": "TG-RR-FNR-BRG-0099",
        "survey_no": "99",
        "survey_display": "99",
        "document_id": "DOC-BRG-0099",
        "village": "Burgul",
        "mandal": "Farooqnagar",
        "district": "Rangareddy",
        "state": "Telangana",
        "owner_name": "M. Lakshmi Bai",
        "ocr_owner": "M. Lakshmi Bai",
        "area_acres": 1.95,
        "ocr_area_acres": 1.95,
        "area_sq_meters": 7891.4,
        "centroid_lat": 17.074013,
        "centroid_lon": 78.186544,
        "verification_status": "REVIEW_REQUIRED",
        "validation_issue": "Low OCR confidence in handwritten Tippon annotation",
        "confidence_score": 0.62,
        "mutation_status": "APPROVED",
        "khata_number": "KH-099",
        "ulpin": "TG17060099987X"
      },
      "geometry": {
        "type": "Polygon",
        "coordinates": [
          [
            [
              78.18604279204271,
              17.073561346785457
            ],
            [
              78.18610685628258,
              17.074214395586818
            ],
            [
              78.1870462789515,
              17.0745247523527
            ],
            [
              78.187107574432,
              17.074061193816732
            ],
            [
              78.18632573069134,
              17.073482899171857
            ],
            [
              78.18604279204271,
              17.073561346785457
            ]
          ]
        ]
      }
    },
    {
      "type": "Feature",
      "id": "TG-RR-FNR-BRG-0100",
      "properties": {
        "parcel_id": "TG-RR-FNR-BRG-0100",
        "survey_no": "100",
        "survey_display": "100",
        "document_id": "DOC-BRG-0100",
        "village": "Burgul",
        "mandal": "Farooqnagar",
        "district": "Rangareddy",
        "state": "Telangana",
        "owner_name": "P. Anjaneyulu",
        "ocr_owner": "P. Anjaneyulu",
        "area_acres": 1.27,
        "ocr_area_acres": 1.27,
        "area_sq_meters": 5139.5,
        "centroid_lat": 17.074123,
        "centroid_lon": 78.192275,
        "verification_status": "VERIFIED",
        "validation_issue": "",
        "confidence_score": 0.94,
        "mutation_status": "APPROVED",
        "khata_number": "KH-100",
        "ulpin": "TG17060100987X"
      },
      "geometry": {
        "type": "Polygon",
        "coordinates": [
          [
            [
              78.19228945242237,
              17.07463900418753
            ],
            [
              78.19276514963866,
              17.073822182927223
            ],
            [
              78.19271473312713,
              17.07372831163241
            ],
            [
              78.19171065978281,
              17.074018474908165
            ],
            [
              78.19228945242237,
              17.07463900418753
            ]
          ]
        ]
      }
    },
    {
      "type": "Feature",
      "id": "TG-RR-FNR-BRG-0101",
      "properties": {
        "parcel_id": "TG-RR-FNR-BRG-0101",
        "survey_no": "101",
        "survey_display": "101",
        "document_id": "DOC-BRG-0101",
        "village": "Burgul",
        "mandal": "Farooqnagar",
        "district": "Rangareddy",
        "state": "Telangana",
        "owner_name": "B. Satyanarayana",
        "ocr_owner": "B. Satyanarayana",
        "area_acres": 1.6,
        "ocr_area_acres": 1.6,
        "area_sq_meters": 6475.0,
        "centroid_lat": 17.073594,
        "centroid_lon": 78.192207,
        "verification_status": "VERIFIED",
        "validation_issue": "",
        "confidence_score": 0.95,
        "mutation_status": "APPROVED",
        "khata_number": "KH-101",
        "ulpin": "TG17060101987X"
      },
      "geometry": {
        "type": "Polygon",
        "coordinates": [
          [
            [
              78.19257003091957,
              17.073028937066407
            ],
            [
              78.19159533133677,
              17.073738591579364
            ],
            [
              78.19168766566195,
              17.07400158224495
            ],
            [
              78.19171065978283,
              17.074018474908165
            ],
            [
              78.19271473312715,
              17.073728311632408
            ],
            [
              78.19257003091957,
              17.073028937066407
            ]
          ]
        ]
      }
    },
    {
      "type": "Feature",
      "id": "TG-RR-FNR-BRG-0102",
      "properties": {
        "parcel_id": "TG-RR-FNR-BRG-0102",
        "survey_no": "102",
        "survey_display": "102",
        "document_id": "DOC-BRG-0102",
        "village": "Burgul",
        "mandal": "Farooqnagar",
        "district": "Rangareddy",
        "state": "Telangana",
        "owner_name": "T. Ramaiah",
        "ocr_owner": "T. Ramaiah",
        "area_acres": 7.65,
        "ocr_area_acres": 7.65,
        "area_sq_meters": 30958.5,
        "centroid_lat": 17.073295,
        "centroid_lon": 78.19028,
        "verification_status": "VERIFIED",
        "validation_issue": "",
        "confidence_score": 0.95,
        "mutation_status": "APPROVED",
        "khata_number": "KH-102",
        "ulpin": "TG17060102987X"
      },
      "geometry": {
        "type": "Polygon",
        "coordinates": [
          [
            [
              78.18924407802588,
              17.07284324634532
            ],
            [
              78.1894596044724,
              17.07358107133832
            ],
            [
              78.19013374012151,
              17.0743027202
            ],
            [
              78.19147562239343,
              17.07365255458349
            ],
            [
              78.19101322865171,
              17.072863550716804
            ],
            [
              78.18999807412648,
              17.072290139970537
            ],
            [
              78.18924407802588,
              17.07284324634532
            ]
          ]
        ]
      }
    },
    {
      "type": "Feature",
      "id": "TG-RR-FNR-BRG-0103",
      "properties": {
        "parcel_id": "TG-RR-FNR-BRG-0103",
        "survey_no": "103",
        "survey_display": "103",
        "document_id": "DOC-BRG-0103",
        "village": "Burgul",
        "mandal": "Farooqnagar",
        "district": "Rangareddy",
        "state": "Telangana",
        "owner_name": "Ch. Madhava Reddy",
        "ocr_owner": "Ch. Madhava Reddy",
        "area_acres": 2.2,
        "ocr_area_acres": 2.2,
        "area_sq_meters": 8903.1,
        "centroid_lat": 17.073622,
        "centroid_lon": 78.182808,
        "verification_status": "VERIFIED",
        "validation_issue": "",
        "confidence_score": 0.97,
        "mutation_status": "APPROVED",
        "khata_number": "KH-103",
        "ulpin": "TG17060103987X"
      },
      "geometry": {
        "type": "Polygon",
        "coordinates": [
          [
            [
              78.18330498905752,
              17.073963973479582
            ],
            [
              78.18328051122155,
              17.073262220524153
            ],
            [
              78.18244300245944,
              17.073140956714035
            ],
            [
              78.18228478482828,
              17.074070814965026
            ],
            [
              78.18330498905752,
              17.073963973479582
            ]
          ]
        ]
      }
    },
    {
      "type": "Feature",
      "id": "TG-RR-FNR-BRG-0104",
      "properties": {
        "parcel_id": "TG-RR-FNR-BRG-0104",
        "survey_no": "104",
        "survey_display": "104",
        "document_id": "DOC-BRG-0104",
        "village": "Burgul",
        "mandal": "Farooqnagar",
        "district": "Rangareddy",
        "state": "Telangana",
        "owner_name": "V. Narsimha",
        "ocr_owner": "V. Narsimha",
        "area_acres": 6.94,
        "ocr_area_acres": 6.94,
        "area_sq_meters": 28085.2,
        "centroid_lat": 17.073517,
        "centroid_lon": 78.184098,
        "verification_status": "VERIFIED",
        "validation_issue": "",
        "confidence_score": 0.96,
        "mutation_status": "APPROVED",
        "khata_number": "KH-104",
        "ulpin": "TG17060104987X"
      },
      "geometry": {
        "type": "Polygon",
        "coordinates": [
          [
            [
              78.18462662630652,
              17.07424948342285
            ],
            [
              78.18497416666115,
              17.07299525824047
            ],
            [
              78.1849157815977,
              17.072766298461467
            ],
            [
              78.18379275529176,
              17.072619533743193
            ],
            [
              78.18328051122155,
              17.07326222052416
            ],
            [
              78.18330498905752,
              17.073963973479575
            ],
            [
              78.1837182564687,
              17.07444693247777
            ],
            [
              78.18407766015521,
              17.074483120519275
            ],
            [
              78.18462662630652,
              17.07424948342285
            ]
          ]
        ]
      }
    },
    {
      "type": "Feature",
      "id": "TG-RR-FNR-BRG-0105",
      "properties": {
        "parcel_id": "TG-RR-FNR-BRG-0105",
        "survey_no": "105",
        "survey_display": "105",
        "document_id": "DOC-BRG-0105",
        "village": "Burgul",
        "mandal": "Farooqnagar",
        "district": "Rangareddy",
        "state": "Telangana",
        "owner_name": "S. Kistamma",
        "ocr_owner": "S. Kistamma",
        "area_acres": 3.39,
        "ocr_area_acres": 3.39,
        "area_sq_meters": 13718.9,
        "centroid_lat": 17.073519,
        "centroid_lon": 78.193312,
        "verification_status": "VERIFIED",
        "validation_issue": "",
        "confidence_score": 0.97,
        "mutation_status": "APPROVED",
        "khata_number": "KH-105",
        "ulpin": "TG17060105987X"
      },
      "geometry": {
        "type": "Polygon",
        "coordinates": [
          [
            [
              78.19420401252783,
              17.07349527766944
            ],
            [
              78.19334719800315,
              17.07302019336848
            ],
            [
              78.19257284641989,
              17.073021376298207
            ],
            [
              78.19257003091957,
              17.07302893706638
            ],
            [
              78.19271473312716,
              17.07372831163245
            ],
            [
              78.19276514963866,
              17.073822182927213
            ],
            [
              78.19360342985604,
              17.0741322217728
            ],
            [
              78.19420401252783,
              17.07349527766944
            ]
          ]
        ]
      }
    },
    {
      "type": "Feature",
      "id": "TG-RR-FNR-BRG-0106",
      "properties": {
        "parcel_id": "TG-RR-FNR-BRG-0106",
        "survey_no": "106",
        "survey_display": "106",
        "document_id": "DOC-BRG-0106",
        "village": "Burgul",
        "mandal": "Farooqnagar",
        "district": "Rangareddy",
        "state": "Telangana",
        "owner_name": "A. Balraj",
        "ocr_owner": "A. Balraj",
        "area_acres": 4.69,
        "ocr_area_acres": 4.69,
        "area_sq_meters": 18979.8,
        "centroid_lat": 17.07308,
        "centroid_lon": 78.187284,
        "verification_status": "VERIFIED",
        "validation_issue": "",
        "confidence_score": 0.95,
        "mutation_status": "APPROVED",
        "khata_number": "KH-106",
        "ulpin": "TG17060106987X"
      },
      "geometry": {
        "type": "Polygon",
        "coordinates": [
          [
            [
              78.18819389303818,
              17.072573248850045
            ],
            [
              78.18762049982162,
              17.07208623264598
            ],
            [
              78.18632573069134,
              17.073482899171864
            ],
            [
              78.18710757443202,
              17.074061193816746
            ],
            [
              78.18819389303818,
              17.072573248850045
            ]
          ]
        ]
      }
    },
    {
      "type": "Feature",
      "id": "TG-RR-FNR-BRG-0107",
      "properties": {
        "parcel_id": "TG-RR-FNR-BRG-0107",
        "survey_no": "107",
        "survey_display": "107",
        "document_id": "DOC-BRG-0107",
        "village": "Burgul",
        "mandal": "Farooqnagar",
        "district": "Rangareddy",
        "state": "Telangana",
        "owner_name": "M. Mallesh Goud",
        "ocr_owner": "M. Mallesh Goud",
        "area_acres": 2.48,
        "ocr_area_acres": 2.48,
        "area_sq_meters": 10036.2,
        "centroid_lat": 17.073511,
        "centroid_lon": 78.182042,
        "verification_status": "VERIFIED",
        "validation_issue": "",
        "confidence_score": 0.91,
        "mutation_status": "APPROVED",
        "khata_number": "KH-107",
        "ulpin": "TG17060107987X"
      },
      "geometry": {
        "type": "Polygon",
        "coordinates": [
          [
            [
              78.18203385120074,
              17.072641486196968
            ],
            [
              78.18186356570537,
              17.072721013449186
            ],
            [
              78.18183219390568,
              17.072784080712914
            ],
            [
              78.1817077568302,
              17.074312535999677
            ],
            [
              78.18203497132691,
              17.074285160107294
            ],
            [
              78.18228478482831,
              17.07407081496502
            ],
            [
              78.18244300245945,
              17.073140956714038
            ],
            [
              78.18203385120074,
              17.072641486196968
            ]
          ]
        ]
      }
    },
    {
      "type": "Feature",
      "id": "TG-RR-FNR-BRG-0108",
      "properties": {
        "parcel_id": "TG-RR-FNR-BRG-0108",
        "survey_no": "108",
        "survey_display": "108",
        "document_id": "DOC-BRG-0108",
        "village": "Burgul",
        "mandal": "Farooqnagar",
        "district": "Rangareddy",
        "state": "Telangana",
        "owner_name": "K. Chandraiah",
        "ocr_owner": "K. Chandraiah",
        "area_acres": 1.96,
        "ocr_area_acres": 1.96,
        "area_sq_meters": 7931.8,
        "centroid_lat": 17.073611,
        "centroid_lon": 78.181469,
        "verification_status": "VERIFIED",
        "validation_issue": "",
        "confidence_score": 0.94,
        "mutation_status": "APPROVED",
        "khata_number": "KH-108",
        "ulpin": "TG17060108987X"
      },
      "geometry": {
        "type": "Polygon",
        "coordinates": [
          [
            [
              78.18088009407722,
              17.073724071584987
            ],
            [
              78.18169420879131,
              17.07431746437622
            ],
            [
              78.18170775683022,
              17.07431253599967
            ],
            [
              78.18183219390568,
              17.072784080712953
            ],
            [
              78.18088009407722,
              17.073724071584987
            ]
          ]
        ]
      }
    },
    {
      "type": "Feature",
      "id": "TG-RR-FNR-BRG-0109",
      "properties": {
        "parcel_id": "TG-RR-FNR-BRG-0109",
        "survey_no": "109",
        "survey_display": "109",
        "document_id": "DOC-BRG-0109",
        "village": "Burgul",
        "mandal": "Farooqnagar",
        "district": "Rangareddy",
        "state": "Telangana",
        "owner_name": "J. Ramachandra Reddy",
        "ocr_owner": "J. Ramachandra Reddy",
        "area_acres": 10.69,
        "ocr_area_acres": 10.69,
        "area_sq_meters": 43260.9,
        "centroid_lat": 17.073754,
        "centroid_lon": 78.172127,
        "verification_status": "VERIFIED",
        "validation_issue": "",
        "confidence_score": 0.94,
        "mutation_status": "APPROVED",
        "khata_number": "KH-109",
        "ulpin": "TG17060109987X"
      },
      "geometry": {
        "type": "Polygon",
        "coordinates": [
          [
            [
              78.17064809161324,
              17.07274274488895
            ],
            [
              78.17161989518127,
              17.074204478674684
            ],
            [
              78.17268353158917,
              17.075192561233752
            ],
            [
              78.17344883437305,
              17.074859792771342
            ],
            [
              78.17276218854028,
              17.073204580502427
            ],
            [
              78.1713117031333,
              17.072402191108445
            ],
            [
              78.17064809161324,
              17.07274274488895
            ]
          ]
        ]
      }
    },
    {
      "type": "Feature",
      "id": "TG-RR-FNR-BRG-0110",
      "properties": {
        "parcel_id": "TG-RR-FNR-BRG-0110",
        "survey_no": "110",
        "survey_display": "110",
        "document_id": "DOC-BRG-0110",
        "village": "Burgul",
        "mandal": "Farooqnagar",
        "district": "Rangareddy",
        "state": "Telangana",
        "owner_name": "D. Gopal Rao",
        "ocr_owner": "D. Gopal Rao",
        "area_acres": 7.33,
        "ocr_area_acres": 7.33,
        "area_sq_meters": 29663.5,
        "centroid_lat": 17.073432,
        "centroid_lon": 78.177712,
        "verification_status": "VERIFIED",
        "validation_issue": "",
        "confidence_score": 0.96,
        "mutation_status": "APPROVED",
        "khata_number": "KH-110",
        "ulpin": "TG17060110987X"
      },
      "geometry": {
        "type": "Polygon",
        "coordinates": [
          [
            [
              78.17685542999746,
              17.07298272702142
            ],
            [
              78.17661311497034,
              17.073201032747832
            ],
            [
              78.17707175441166,
              17.074162444445538
            ],
            [
              78.17742707654438,
              17.0743397620647
            ],
            [
              78.17828808009553,
              17.07408557599494
            ],
            [
              78.17884876261947,
              17.0729811782029
            ],
            [
              78.17879145735446,
              17.072914953523874
            ],
            [
              78.17830912963015,
              17.07267877807218
            ],
            [
              78.17713044771979,
              17.072793093468633
            ],
            [
              78.17685542999746,
              17.07298272702142
            ]
          ]
        ]
      }
    },
    {
      "type": "Feature",
      "id": "TG-RR-FNR-BRG-0111",
      "properties": {
        "parcel_id": "TG-RR-FNR-BRG-0111",
        "survey_no": "111",
        "survey_display": "111",
        "document_id": "DOC-BRG-0111",
        "village": "Burgul",
        "mandal": "Farooqnagar",
        "district": "Rangareddy",
        "state": "Telangana",
        "owner_name": "R. Prabhakar",
        "ocr_owner": "R. Prabhakar",
        "area_acres": 8.81,
        "ocr_area_acres": 8.81,
        "area_sq_meters": 35652.8,
        "centroid_lat": 17.072925,
        "centroid_lon": 78.196082,
        "verification_status": "VERIFIED",
        "validation_issue": "",
        "confidence_score": 0.91,
        "mutation_status": "APPROVED",
        "khata_number": "KH-111",
        "ulpin": "TG17060111987X"
      },
      "geometry": {
        "type": "Polygon",
        "coordinates": [
          [
            [
              78.1954339404303,
              17.07193364060731
            ],
            [
              78.19521896358576,
              17.072366001265326
            ],
            [
              78.19495761655952,
              17.073202193364033
            ],
            [
              78.19656258460017,
              17.073996217492308
            ],
            [
              78.1968561194334,
              17.07386450053926
            ],
            [
              78.19730098328642,
              17.073354652681978
            ],
            [
              78.19606942036745,
              17.07175298434899
            ],
            [
              78.1954339404303,
              17.07193364060731
            ]
          ]
        ]
      }
    },
    {
      "type": "Feature",
      "id": "TG-RR-FNR-BRG-0112",
      "properties": {
        "parcel_id": "TG-RR-FNR-BRG-0112",
        "survey_no": "112",
        "survey_display": "112",
        "document_id": "DOC-BRG-0112",
        "village": "Burgul",
        "mandal": "Farooqnagar",
        "district": "Rangareddy",
        "state": "Telangana",
        "owner_name": "E. Yadagiri",
        "ocr_owner": "E. Yadagiri",
        "area_acres": 3.05,
        "ocr_area_acres": 3.29,
        "area_sq_meters": 12342.9,
        "centroid_lat": 17.073064,
        "centroid_lon": 78.191812,
        "verification_status": "CONFLICT",
        "validation_issue": "Area mismatch: Document states 3.29 Acres vs GIS 3.05 Acres (8.0% diff)",
        "confidence_score": 0.68,
        "mutation_status": "APPROVED",
        "khata_number": "KH-112",
        "ulpin": "TG17060112987X"
      },
      "geometry": {
        "type": "Polygon",
        "coordinates": [
          [
            [
              78.19257284641989,
              17.073021376298193
            ],
            [
              78.1923325415834,
              17.072506375292495
            ],
            [
              78.19101322865171,
              17.072863550716807
            ],
            [
              78.19147562239343,
              17.073652554583475
            ],
            [
              78.19159533133679,
              17.073738591579357
            ],
            [
              78.19257003091955,
              17.073028937066418
            ],
            [
              78.19257284641989,
              17.073021376298193
            ]
          ]
        ]
      }
    },
    {
      "type": "Feature",
      "id": "TG-RR-FNR-BRG-0113",
      "properties": {
        "parcel_id": "TG-RR-FNR-BRG-0113",
        "survey_no": "113",
        "survey_display": "113",
        "document_id": "DOC-BRG-0113",
        "village": "Burgul",
        "mandal": "Farooqnagar",
        "district": "Rangareddy",
        "state": "Telangana",
        "owner_name": "N. Shankaraiah",
        "ocr_owner": "N. Shankaraiah",
        "area_acres": 2.85,
        "ocr_area_acres": 2.85,
        "area_sq_meters": 11533.6,
        "centroid_lat": 17.073102,
        "centroid_lon": 78.181012,
        "verification_status": "VERIFIED",
        "validation_issue": "",
        "confidence_score": 0.89,
        "mutation_status": "APPROVED",
        "khata_number": "KH-113",
        "ulpin": "TG17060113987X"
      },
      "geometry": {
        "type": "Polygon",
        "coordinates": [
          [
            [
              78.18087782713667,
              17.072574042172207
            ],
            [
              78.18023685891485,
              17.073557923607204
            ],
            [
              78.18088009407721,
              17.07372407158499
            ],
            [
              78.18183219390563,
              17.07278408071299
            ],
            [
              78.18186356570537,
              17.07272101344918
            ],
            [
              78.18103523526217,
              17.07254092735085
            ],
            [
              78.18087782713667,
              17.072574042172207
            ]
          ]
        ]
      }
    },
    {
      "type": "Feature",
      "id": "TG-RR-FNR-BRG-0114",
      "properties": {
        "parcel_id": "TG-RR-FNR-BRG-0114",
        "survey_no": "114",
        "survey_display": "114",
        "document_id": "DOC-BRG-0114",
        "village": "Burgul",
        "mandal": "Farooqnagar",
        "district": "Rangareddy",
        "state": "Telangana",
        "owner_name": "P. Suseela",
        "ocr_owner": "P. Suseela",
        "area_acres": 7.63,
        "ocr_area_acres": 7.63,
        "area_sq_meters": 30877.5,
        "centroid_lat": 17.072835,
        "centroid_lon": 78.169303,
        "verification_status": "VERIFIED",
        "validation_issue": "",
        "confidence_score": 0.98,
        "mutation_status": "APPROVED",
        "khata_number": "KH-114",
        "ulpin": "TG17060114987X"
      },
      "geometry": {
        "type": "Polygon",
        "coordinates": [
          [
            [
              78.16948454763107,
              17.07412519729266
            ],
            [
              78.17033641846501,
              17.072739929296585
            ],
            [
              78.16986441373686,
              17.07217784017703
            ],
            [
              78.1692090914216,
              17.07183940494566
            ],
            [
              78.16822106309132,
              17.07237239195548
            ],
            [
              78.1685,
              17.073
            ],
            [
              78.16948454763107,
              17.07412519729266
            ]
          ]
        ]
      }
    },
    {
      "type": "Feature",
      "id": "TG-RR-FNR-BRG-0115",
      "properties": {
        "parcel_id": "TG-RR-FNR-BRG-0115",
        "survey_no": "115",
        "survey_display": "115",
        "document_id": "DOC-BRG-0115",
        "village": "Burgul",
        "mandal": "Farooqnagar",
        "district": "Rangareddy",
        "state": "Telangana",
        "owner_name": "B. Vittal Reddy",
        "ocr_owner": "B. Vittal Reddy",
        "area_acres": 8.19,
        "ocr_area_acres": 8.19,
        "area_sq_meters": 33143.8,
        "centroid_lat": 17.072595,
        "centroid_lon": 78.186206,
        "verification_status": "VERIFIED",
        "validation_issue": "",
        "confidence_score": 0.99,
        "mutation_status": "APPROVED",
        "khata_number": "KH-115",
        "ulpin": "TG17060115987X"
      },
      "geometry": {
        "type": "Polygon",
        "coordinates": [
          [
            [
              78.18737736509877,
              17.07173431362221
            ],
            [
              78.1853143618869,
              17.07216340087144
            ],
            [
              78.18518668308933,
              17.072293307948346
            ],
            [
              78.1849157815977,
              17.072766298461474
            ],
            [
              78.18497416666114,
              17.07299525824046
            ],
            [
              78.1860427920427,
              17.07356134678546
            ],
            [
              78.18632573069135,
              17.073482899171857
            ],
            [
              78.18762049982162,
              17.07208623264599
            ],
            [
              78.18737736509877,
              17.07173431362221
            ]
          ]
        ]
      }
    },
    {
      "type": "Feature",
      "id": "TG-RR-FNR-BRG-0116",
      "properties": {
        "parcel_id": "TG-RR-FNR-BRG-0116",
        "survey_no": "116",
        "survey_display": "116",
        "document_id": "DOC-BRG-0116",
        "village": "Burgul",
        "mandal": "Farooqnagar",
        "district": "Rangareddy",
        "state": "Telangana",
        "owner_name": "K. Padma",
        "ocr_owner": "K. Padma",
        "area_acres": 3.34,
        "ocr_area_acres": 3.34,
        "area_sq_meters": 13516.5,
        "centroid_lat": 17.072749,
        "centroid_lon": 78.182875,
        "verification_status": "VERIFIED",
        "validation_issue": "",
        "confidence_score": 0.93,
        "mutation_status": "APPROVED",
        "khata_number": "KH-116",
        "ulpin": "TG17060116987X"
      },
      "geometry": {
        "type": "Polygon",
        "coordinates": [
          [
            [
              78.18203385120074,
              17.072641486196968
            ],
            [
              78.18244300245945,
              17.073140956714035
            ],
            [
              78.18328051122157,
              17.07326222052415
            ],
            [
              78.18379275529178,
              17.07261953374319
            ],
            [
              78.1836872345153,
              17.072498067754474
            ],
            [
              78.18219931653478,
              17.0722686993212
            ],
            [
              78.18203385120074,
              17.072641486196968
            ]
          ]
        ]
      }
    },
    {
      "type": "Feature",
      "id": "TG-RR-FNR-BRG-0117",
      "properties": {
        "parcel_id": "TG-RR-FNR-BRG-0117",
        "survey_no": "117",
        "survey_display": "117",
        "document_id": "DOC-BRG-0117",
        "village": "Burgul",
        "mandal": "Farooqnagar",
        "district": "Rangareddy",
        "state": "Telangana",
        "owner_name": "G. Lingaiah",
        "ocr_owner": "G. Lingaiah",
        "area_acres": 12.91,
        "ocr_area_acres": 12.91,
        "area_sq_meters": 52245.0,
        "centroid_lat": 17.073294,
        "centroid_lon": 78.173874,
        "verification_status": "VERIFIED",
        "validation_issue": "",
        "confidence_score": 0.89,
        "mutation_status": "APPROVED",
        "khata_number": "KH-117",
        "ulpin": "TG17060117987X"
      },
      "geometry": {
        "type": "Polygon",
        "coordinates": [
          [
            [
              78.17379252438988,
              17.07486701108927
            ],
            [
              78.17407856093955,
              17.074740493115293
            ],
            [
              78.17513699512124,
              17.07289473949514
            ],
            [
              78.17502555586735,
              17.07241703699745
            ],
            [
              78.1733261623321,
              17.071948287131615
            ],
            [
              78.17319157132822,
              17.0720900421093
            ],
            [
              78.17276218854029,
              17.073204580502438
            ],
            [
              78.17344883437305,
              17.074859792771335
            ],
            [
              78.17379252438988,
              17.07486701108927
            ]
          ]
        ]
      }
    },
    {
      "type": "Feature",
      "id": "TG-RR-FNR-BRG-0118",
      "properties": {
        "parcel_id": "TG-RR-FNR-BRG-0118",
        "survey_no": "118",
        "survey_display": "118",
        "document_id": "DOC-BRG-0118",
        "village": "Burgul",
        "mandal": "Farooqnagar",
        "district": "Rangareddy",
        "state": "Telangana",
        "owner_name": "M. Krishna Murthy",
        "ocr_owner": "M. Krishna Murthy",
        "area_acres": 2.3,
        "ocr_area_acres": 2.3,
        "area_sq_meters": 9307.8,
        "centroid_lat": 17.073095,
        "centroid_lon": 78.197955,
        "verification_status": "VERIFIED",
        "validation_issue": "",
        "confidence_score": 0.93,
        "mutation_status": "APPROVED",
        "khata_number": "KH-118",
        "ulpin": "TG17060118987X"
      },
      "geometry": {
        "type": "Polygon",
        "coordinates": [
          [
            [
              78.19832997712501,
              17.073666480578613
            ],
            [
              78.19849267303526,
              17.07350508465915
            ],
            [
              78.19809042126923,
              17.07248898685804
            ],
            [
              78.19781693162962,
              17.07238563062215
            ],
            [
              78.19738472705635,
              17.073362157667567
            ],
            [
              78.19832997712501,
              17.073666480578613
            ]
          ]
        ]
      }
    },
    {
      "type": "Feature",
      "id": "TG-RR-FNR-BRG-0119",
      "properties": {
        "parcel_id": "TG-RR-FNR-BRG-0119",
        "survey_no": "119",
        "survey_display": "119",
        "document_id": "DOC-BRG-0119",
        "village": "Burgul",
        "mandal": "Farooqnagar",
        "district": "Rangareddy",
        "state": "Telangana",
        "owner_name": "S. Venkat Reddy",
        "ocr_owner": "S. Venkat Reddy",
        "area_acres": 5.0,
        "ocr_area_acres": 5.0,
        "area_sq_meters": 20234.3,
        "centroid_lat": 17.072814,
        "centroid_lon": 78.194244,
        "verification_status": "VERIFIED",
        "validation_issue": "",
        "confidence_score": 0.95,
        "mutation_status": "APPROVED",
        "khata_number": "KH-119",
        "ulpin": "TG17060119987X"
      },
      "geometry": {
        "type": "Polygon",
        "coordinates": [
          [
            [
              78.19334719800315,
              17.073020193368485
            ],
            [
              78.19420401252783,
              17.073495277669444
            ],
            [
              78.1948665763565,
              17.073324505922006
            ],
            [
              78.19495761655952,
              17.073202193364033
            ],
            [
              78.19521896358576,
              17.072366001265337
            ],
            [
              78.19340516359739,
              17.072267715946204
            ],
            [
              78.19334719800315,
              17.073020193368485
            ]
          ]
        ]
      }
    },
    {
      "type": "Feature",
      "id": "TG-RR-FNR-BRG-0120",
      "properties": {
        "parcel_id": "TG-RR-FNR-BRG-0120",
        "survey_no": "120",
        "survey_display": "120",
        "document_id": "DOC-BRG-0120",
        "village": "Burgul",
        "mandal": "Farooqnagar",
        "district": "Rangareddy",
        "state": "Telangana",
        "owner_name": "A. Jagadeeshwar",
        "ocr_owner": "Ch. Madhava Reddy",
        "area_acres": 2.85,
        "ocr_area_acres": 2.85,
        "area_sq_meters": 11533.6,
        "centroid_lat": 17.072807,
        "centroid_lon": 78.180285,
        "verification_status": "CONFLICT",
        "validation_issue": "Owner mismatch: Deed titleholder 'A. Jagadeeshwar' vs Extracted 'Ch. Madhava Reddy'",
        "confidence_score": 0.44,
        "mutation_status": "APPROVED",
        "khata_number": "KH-120",
        "ulpin": "TG17060120987X"
      },
      "geometry": {
        "type": "Polygon",
        "coordinates": [
          [
            [
              78.18011458005567,
              17.073589547400836
            ],
            [
              78.18023685891487,
              17.0735579236072
            ],
            [
              78.18087782713668,
              17.072574042172203
            ],
            [
              78.1803431886553,
              17.07188442539071
            ],
            [
              78.17969196323807,
              17.073288611359203
            ],
            [
              78.18011458005567,
              17.073589547400836
            ]
          ]
        ]
      }
    },
    {
      "type": "Feature",
      "id": "TG-RR-FNR-BRG-0121",
      "properties": {
        "parcel_id": "TG-RR-FNR-BRG-0121",
        "survey_no": "121",
        "survey_display": "121",
        "document_id": "DOC-BRG-0121",
        "village": "Burgul",
        "mandal": "Farooqnagar",
        "district": "Rangareddy",
        "state": "Telangana",
        "owner_name": "G. Srinivas Reddy",
        "ocr_owner": "G. Srinivas Reddy",
        "area_acres": 5.81,
        "ocr_area_acres": 5.81,
        "area_sq_meters": 23512.3,
        "centroid_lat": 17.072155,
        "centroid_lon": 78.197046,
        "verification_status": "VERIFIED",
        "validation_issue": "",
        "confidence_score": 0.94,
        "mutation_status": "APPROVED",
        "khata_number": "KH-121",
        "ulpin": "TG17060121987X"
      },
      "geometry": {
        "type": "Polygon",
        "coordinates": [
          [
            [
              78.19696150886257,
              17.071176538147792
            ],
            [
              78.19614139967784,
              17.071688125378472
            ],
            [
              78.19606942036745,
              17.071752984348993
            ],
            [
              78.19730098328642,
              17.073354652681978
            ],
            [
              78.19738472705635,
              17.073362157667567
            ],
            [
              78.19781693162962,
              17.07238563062215
            ],
            [
              78.19735360523998,
              17.071376011710157
            ],
            [
              78.19696150886257,
              17.071176538147792
            ]
          ]
        ]
      }
    },
    {
      "type": "Feature",
      "id": "TG-RR-FNR-BRG-0122",
      "properties": {
        "parcel_id": "TG-RR-FNR-BRG-0122",
        "survey_no": "122",
        "survey_display": "122",
        "document_id": "DOC-BRG-0122",
        "village": "Burgul",
        "mandal": "Farooqnagar",
        "district": "Rangareddy",
        "state": "Telangana",
        "owner_name": "K. Venkateshwar Rao",
        "ocr_owner": "K. Venkateshwar Rao",
        "area_acres": 4.31,
        "ocr_area_acres": 4.31,
        "area_sq_meters": 17442.0,
        "centroid_lat": 17.072644,
        "centroid_lon": 78.198836,
        "verification_status": "VERIFIED",
        "validation_issue": "",
        "confidence_score": 0.99,
        "mutation_status": "APPROVED",
        "khata_number": "KH-122",
        "ulpin": "TG17060122987X"
      },
      "geometry": {
        "type": "Polygon",
        "coordinates": [
          [
            [
              78.1996803673039,
              17.07274927878478
            ],
            [
              78.1995756534698,
              17.072294487280775
            ],
            [
              78.19859752428246,
              17.071910492672437
            ],
            [
              78.19809042126923,
              17.072488986858033
            ],
            [
              78.19849267303526,
              17.07350508465915
            ],
            [
              78.1996803673039,
              17.07274927878478
            ]
          ]
        ]
      }
    },
    {
      "type": "Feature",
      "id": "TG-RR-FNR-BRG-0123",
      "properties": {
        "parcel_id": "TG-RR-FNR-BRG-0123",
        "survey_no": "123",
        "survey_display": "123",
        "document_id": "DOC-BRG-0123",
        "village": "Burgul",
        "mandal": "Farooqnagar",
        "district": "Rangareddy",
        "state": "Telangana",
        "owner_name": "M. Lakshmi Bai",
        "ocr_owner": "M. Lakshmi Bai",
        "area_acres": 3.6,
        "ocr_area_acres": 3.6,
        "area_sq_meters": 14568.7,
        "centroid_lat": 17.072346,
        "centroid_lon": 78.192856,
        "verification_status": "VERIFIED",
        "validation_issue": "",
        "confidence_score": 0.99,
        "mutation_status": "APPROVED",
        "khata_number": "KH-123",
        "ulpin": "TG17060123987X"
      },
      "geometry": {
        "type": "Polygon",
        "coordinates": [
          [
            [
              78.19245488203818,
              17.071655731493234
            ],
            [
              78.1923325415834,
              17.072506375292495
            ],
            [
              78.19257284641989,
              17.073021376298204
            ],
            [
              78.19334719800315,
              17.07302019336848
            ],
            [
              78.19340516359739,
              17.0722677159462
            ],
            [
              78.1927980789862,
              17.07145214632752
            ],
            [
              78.19245488203818,
              17.071655731493234
            ]
          ]
        ]
      }
    },
    {
      "type": "Feature",
      "id": "TG-RR-FNR-BRG-0124",
      "properties": {
        "parcel_id": "TG-RR-FNR-BRG-0124",
        "survey_no": "124",
        "survey_display": "124",
        "document_id": "DOC-BRG-0124",
        "village": "Burgul",
        "mandal": "Farooqnagar",
        "district": "Rangareddy",
        "state": "Telangana",
        "owner_name": "P. Anjaneyulu",
        "ocr_owner": "P. Anjaneyulu",
        "area_acres": 3.72,
        "ocr_area_acres": 3.72,
        "area_sq_meters": 15054.3,
        "centroid_lat": 17.072476,
        "centroid_lon": 78.172327,
        "verification_status": "REVIEW_REQUIRED",
        "validation_issue": "Low OCR confidence in handwritten Tippon annotation",
        "confidence_score": 0.62,
        "mutation_status": "APPROVED",
        "khata_number": "KH-124",
        "ulpin": "TG17060124987X"
      },
      "geometry": {
        "type": "Polygon",
        "coordinates": [
          [
            [
              78.17131170313328,
              17.07240219110844
            ],
            [
              78.17276218854029,
              17.073204580502438
            ],
            [
              78.17319157132823,
              17.07209004210928
            ],
            [
              78.17153086399593,
              17.072047077273023
            ],
            [
              78.17131170313328,
              17.07240219110844
            ]
          ]
        ]
      }
    },
    {
      "type": "Feature",
      "id": "TG-RR-FNR-BRG-0125",
      "properties": {
        "parcel_id": "TG-RR-FNR-BRG-0125",
        "survey_no": "125",
        "survey_display": "125",
        "document_id": "DOC-BRG-0125",
        "village": "Burgul",
        "mandal": "Farooqnagar",
        "district": "Rangareddy",
        "state": "Telangana",
        "owner_name": "B. Satyanarayana",
        "ocr_owner": "B. Satyanarayana",
        "area_acres": 2.74,
        "ocr_area_acres": 2.74,
        "area_sq_meters": 11088.4,
        "centroid_lat": 17.072517,
        "centroid_lon": 78.17972,
        "verification_status": "VERIFIED",
        "validation_issue": "",
        "confidence_score": 0.98,
        "mutation_status": "APPROVED",
        "khata_number": "KH-125",
        "ulpin": "TG17060125987X"
      },
      "geometry": {
        "type": "Polygon",
        "coordinates": [
          [
            [
              78.18031784395922,
              17.071794541298146
            ],
            [
              78.18006792334143,
              17.07161941807251
            ],
            [
              78.1789722269371,
              17.07299728871038
            ],
            [
              78.17969196323807,
              17.073288611359196
            ],
            [
              78.1803431886553,
              17.071884425390706
            ],
            [
              78.18031784395922,
              17.071794541298146
            ]
          ]
        ]
      }
    },
    {
      "type": "Feature",
      "id": "TG-RR-FNR-BRG-0126",
      "properties": {
        "parcel_id": "TG-RR-FNR-BRG-0126",
        "survey_no": "126",
        "survey_display": "126",
        "document_id": "DOC-BRG-0126",
        "village": "Burgul",
        "mandal": "Farooqnagar",
        "district": "Rangareddy",
        "state": "Telangana",
        "owner_name": "T. Ramaiah",
        "ocr_owner": "T. Ramaiah",
        "area_acres": 6.72,
        "ocr_area_acres": 6.72,
        "area_sq_meters": 27194.9,
        "centroid_lat": 17.072123,
        "centroid_lon": 78.191367,
        "verification_status": "VERIFIED",
        "validation_issue": "",
        "confidence_score": 0.89,
        "mutation_status": "APPROVED",
        "khata_number": "KH-126",
        "ulpin": "TG17060126987X"
      },
      "geometry": {
        "type": "Polygon",
        "coordinates": [
          [
            [
              78.19132719858509,
              17.07134397273084
            ],
            [
              78.19000438093141,
              17.072275633211124
            ],
            [
              78.18999807412648,
              17.07229013997054
            ],
            [
              78.19101322865171,
              17.072863550716807
            ],
            [
              78.1923325415834,
              17.072506375292495
            ],
            [
              78.19245488203818,
              17.07165573149323
            ],
            [
              78.19132719858509,
              17.07134397273084
            ]
          ]
        ]
      }
    },
    {
      "type": "Feature",
      "id": "TG-RR-FNR-BRG-0127",
      "properties": {
        "parcel_id": "TG-RR-FNR-BRG-0127",
        "survey_no": "127",
        "survey_display": "127",
        "document_id": "DOC-BRG-0127",
        "village": "Burgul",
        "mandal": "Farooqnagar",
        "district": "Rangareddy",
        "state": "Telangana",
        "owner_name": "Ch. Madhava Reddy",
        "ocr_owner": "Ch. Madhava Reddy",
        "area_acres": 2.06,
        "ocr_area_acres": 2.06,
        "area_sq_meters": 8336.5,
        "centroid_lat": 17.071907,
        "centroid_lon": 78.19797,
        "verification_status": "VERIFIED",
        "validation_issue": "",
        "confidence_score": 0.97,
        "mutation_status": "APPROVED",
        "khata_number": "KH-127",
        "ulpin": "TG17060127987X"
      },
      "geometry": {
        "type": "Polygon",
        "coordinates": [
          [
            [
              78.19812390680457,
              17.071549334345406
            ],
            [
              78.19735360523998,
              17.07137601171015
            ],
            [
              78.19781693162962,
              17.072385630622147
            ],
            [
              78.19809042126923,
              17.072488986858037
            ],
            [
              78.19859752428246,
              17.07191049267244
            ],
            [
              78.19812390680457,
              17.071549334345406
            ]
          ]
        ]
      }
    },
    {
      "type": "Feature",
      "id": "TG-RR-FNR-BRG-0128",
      "properties": {
        "parcel_id": "TG-RR-FNR-BRG-0128",
        "survey_no": "128",
        "survey_display": "128",
        "document_id": "DOC-BRG-0128",
        "village": "Burgul",
        "mandal": "Farooqnagar",
        "district": "Rangareddy",
        "state": "Telangana",
        "owner_name": "V. Narsimha",
        "ocr_owner": "V. Narsimha",
        "area_acres": 9.82,
        "ocr_area_acres": 9.82,
        "area_sq_meters": 39740.2,
        "centroid_lat": 17.072394,
        "centroid_lon": 78.202779,
        "verification_status": "VERIFIED",
        "validation_issue": "",
        "confidence_score": 0.94,
        "mutation_status": "APPROVED",
        "khata_number": "KH-128",
        "ulpin": "TG17060128987X"
      },
      "geometry": {
        "type": "Polygon",
        "coordinates": [
          [
            [
              78.20218352761749,
              17.07328128558272
            ],
            [
              78.20423479358772,
              17.07302260428969
            ],
            [
              78.20421543195908,
              17.07264918550626
            ],
            [
              78.20225964405665,
              17.071017949680733
            ],
            [
              78.2021445331831,
              17.071073438960866
            ],
            [
              78.20164337432705,
              17.07296322238112
            ],
            [
              78.20218352761749,
              17.07328128558272
            ]
          ]
        ]
      }
    },
    {
      "type": "Feature",
      "id": "TG-RR-FNR-BRG-0129",
      "properties": {
        "parcel_id": "TG-RR-FNR-BRG-0129",
        "survey_no": "129",
        "survey_display": "129",
        "document_id": "DOC-BRG-0129",
        "village": "Burgul",
        "mandal": "Farooqnagar",
        "district": "Rangareddy",
        "state": "Telangana",
        "owner_name": "S. Kistamma",
        "ocr_owner": "S. Kistamma",
        "area_acres": 3.92,
        "ocr_area_acres": 3.92,
        "area_sq_meters": 15863.7,
        "centroid_lat": 17.071969,
        "centroid_lon": 78.181678,
        "verification_status": "VERIFIED",
        "validation_issue": "",
        "confidence_score": 0.92,
        "mutation_status": "APPROVED",
        "khata_number": "KH-129",
        "ulpin": "TG17060129987X"
      },
      "geometry": {
        "type": "Polygon",
        "coordinates": [
          [
            [
              78.18219931653476,
              17.072268699321224
            ],
            [
              78.18210652622247,
              17.071237999637756
            ],
            [
              78.18173637280876,
              17.071095311605415
            ],
            [
              78.18133785217175,
              17.071413093583807
            ],
            [
              78.18103523526217,
              17.07254092735085
            ],
            [
              78.18186356570538,
              17.072721013449183
            ],
            [
              78.18203385120074,
              17.07264148619697
            ],
            [
              78.18219931653476,
              17.072268699321224
            ]
          ]
        ]
      }
    },
    {
      "type": "Feature",
      "id": "TG-RR-FNR-BRG-0130",
      "properties": {
        "parcel_id": "TG-RR-FNR-BRG-0130",
        "survey_no": "130",
        "survey_display": "130",
        "document_id": "DOC-BRG-0130",
        "village": "Burgul",
        "mandal": "Farooqnagar",
        "district": "Rangareddy",
        "state": "Telangana",
        "owner_name": "A. Balraj",
        "ocr_owner": "A. Balraj",
        "area_acres": 19.53,
        "ocr_area_acres": 19.53,
        "area_sq_meters": 79035.2,
        "centroid_lat": 17.071954,
        "centroid_lon": 78.205714,
        "verification_status": "VERIFIED",
        "validation_issue": "",
        "confidence_score": 0.96,
        "mutation_status": "APPROVED",
        "khata_number": "KH-130",
        "ulpin": "TG17060130987X"
      },
      "geometry": {
        "type": "Polygon",
        "coordinates": [
          [
            [
              78.20551610538388,
              17.070354798607607
            ],
            [
              78.20513532332997,
              17.07055987342114
            ],
            [
              78.20421543195908,
              17.07264918550628
            ],
            [
              78.20423479358772,
              17.073022604289687
            ],
            [
              78.2043038631561,
              17.073124956287774
            ],
            [
              78.20599662029218,
              17.073755069561706
            ],
            [
              78.20649999999999,
              17.073
            ],
            [
              78.20725220714588,
              17.070492642847043
            ],
            [
              78.20551610538388,
              17.070354798607607
            ]
          ]
        ]
      }
    },
    {
      "type": "Feature",
      "id": "TG-RR-FNR-BRG-0131",
      "properties": {
        "parcel_id": "TG-RR-FNR-BRG-0131",
        "survey_no": "131",
        "survey_display": "131",
        "document_id": "DOC-BRG-0131",
        "village": "Burgul",
        "mandal": "Farooqnagar",
        "district": "Rangareddy",
        "state": "Telangana",
        "owner_name": "M. Mallesh Goud",
        "ocr_owner": "M. Mallesh Goud",
        "area_acres": 4.73,
        "ocr_area_acres": 4.73,
        "area_sq_meters": 19141.6,
        "centroid_lat": 17.071886,
        "centroid_lon": 78.177621,
        "verification_status": "VERIFIED",
        "validation_issue": "",
        "confidence_score": 0.96,
        "mutation_status": "APPROVED",
        "khata_number": "KH-131",
        "ulpin": "TG17060131987X"
      },
      "geometry": {
        "type": "Polygon",
        "coordinates": [
          [
            [
              78.17830912963015,
              17.07267877807218
            ],
            [
              78.1777249158934,
              17.070782349368066
            ],
            [
              78.17729256086724,
              17.07064276322606
            ],
            [
              78.17713044771978,
              17.072793093468633
            ],
            [
              78.17830912963015,
              17.07267877807218
            ]
          ]
        ]
      }
    },
    {
      "type": "Feature",
      "id": "TG-RR-FNR-BRG-0132",
      "properties": {
        "parcel_id": "TG-RR-FNR-BRG-0132",
        "survey_no": "132",
        "survey_display": "132",
        "document_id": "DOC-BRG-0132",
        "village": "Burgul",
        "mandal": "Farooqnagar",
        "district": "Rangareddy",
        "state": "Telangana",
        "owner_name": "K. Chandraiah",
        "ocr_owner": "K. Chandraiah",
        "area_acres": 8.41,
        "ocr_area_acres": 8.41,
        "area_sq_meters": 34034.1,
        "centroid_lat": 17.072144,
        "centroid_lon": 78.175968,
        "verification_status": "VERIFIED",
        "validation_issue": "",
        "confidence_score": 0.98,
        "mutation_status": "APPROVED",
        "khata_number": "KH-132",
        "ulpin": "TG17060132987X"
      },
      "geometry": {
        "type": "Polygon",
        "coordinates": [
          [
            [
              78.17583120418965,
              17.071028305464438
            ],
            [
              78.17518264380712,
              17.07183077021969
            ],
            [
              78.17502555586736,
              17.072417036997468
            ],
            [
              78.17513699512124,
              17.072894739495144
            ],
            [
              78.17661311497034,
              17.073201032747836
            ],
            [
              78.17685542999746,
              17.072982727021422
            ],
            [
              78.17634849698567,
              17.070723534010963
            ],
            [
              78.17583120418965,
              17.071028305464438
            ]
          ]
        ]
      }
    },
    {
      "type": "Feature",
      "id": "TG-RR-FNR-BRG-0133",
      "properties": {
        "parcel_id": "TG-RR-FNR-BRG-0133",
        "survey_no": "133",
        "survey_display": "133",
        "document_id": "DOC-BRG-0133",
        "village": "Burgul",
        "mandal": "Farooqnagar",
        "district": "Rangareddy",
        "state": "Telangana",
        "owner_name": "J. Ramachandra Reddy",
        "ocr_owner": "J. Ramachandra Reddy",
        "area_acres": 5.56,
        "ocr_area_acres": 5.56,
        "area_sq_meters": 22500.5,
        "centroid_lat": 17.071849,
        "centroid_lon": 78.194091,
        "verification_status": "VERIFIED",
        "validation_issue": "",
        "confidence_score": 0.96,
        "mutation_status": "APPROVED",
        "khata_number": "KH-133",
        "ulpin": "TG17060133987X"
      },
      "geometry": {
        "type": "Polygon",
        "coordinates": [
          [
            [
              78.1954339404303,
              17.071933640607305
            ],
            [
              78.19519384977045,
              17.07169975126653
            ],
            [
              78.1930041260173,
              17.071197735723754
            ],
            [
              78.1927980789862,
              17.07145214632752
            ],
            [
              78.19340516359739,
              17.072267715946204
            ],
            [
              78.19521896358576,
              17.072366001265337
            ],
            [
              78.1954339404303,
              17.071933640607305
            ]
          ]
        ]
      }
    },
    {
      "type": "Feature",
      "id": "TG-RR-FNR-BRG-0134",
      "properties": {
        "parcel_id": "TG-RR-FNR-BRG-0134",
        "survey_no": "134",
        "survey_display": "134",
        "document_id": "DOC-BRG-0134",
        "village": "Burgul",
        "mandal": "Farooqnagar",
        "district": "Rangareddy",
        "state": "Telangana",
        "owner_name": "D. Gopal Rao",
        "ocr_owner": "D. Gopal Rao",
        "area_acres": 1.75,
        "ocr_area_acres": 1.89,
        "area_sq_meters": 7082.0,
        "centroid_lat": 17.071966,
        "centroid_lon": 78.180869,
        "verification_status": "CONFLICT",
        "validation_issue": "Area mismatch: Document states 1.89 Acres vs GIS 1.75 Acres (8.0% diff)",
        "confidence_score": 0.68,
        "mutation_status": "APPROVED",
        "khata_number": "KH-134",
        "ulpin": "TG17060134987X"
      },
      "geometry": {
        "type": "Polygon",
        "coordinates": [
          [
            [
              78.18031784395922,
              17.071794541298143
            ],
            [
              78.1803431886553,
              17.07188442539072
            ],
            [
              78.18087782713667,
              17.072574042172207
            ],
            [
              78.18103523526217,
              17.07254092735085
            ],
            [
              78.18133785217175,
              17.071413093583814
            ],
            [
              78.18031784395922,
              17.071794541298143
            ]
          ]
        ]
      }
    },
    {
      "type": "Feature",
      "id": "TG-RR-FNR-BRG-0135",
      "properties": {
        "parcel_id": "TG-RR-FNR-BRG-0135",
        "survey_no": "135",
        "survey_display": "135",
        "document_id": "DOC-BRG-0135",
        "village": "Burgul",
        "mandal": "Farooqnagar",
        "district": "Rangareddy",
        "state": "Telangana",
        "owner_name": "R. Prabhakar",
        "ocr_owner": "R. Prabhakar",
        "area_acres": 4.4,
        "ocr_area_acres": 4.4,
        "area_sq_meters": 17806.2,
        "centroid_lat": 17.071494,
        "centroid_lon": 78.176882,
        "verification_status": "VERIFIED",
        "validation_issue": "",
        "confidence_score": 0.88,
        "mutation_status": "APPROVED",
        "khata_number": "KH-135",
        "ulpin": "TG17060135987X"
      },
      "geometry": {
        "type": "Polygon",
        "coordinates": [
          [
            [
              78.17702259166086,
              17.070455355059494
            ],
            [
              78.17680770962578,
              17.070410225425427
            ],
            [
              78.17668179017723,
              17.070481908465947
            ],
            [
              78.17634849698567,
              17.070723534010963
            ],
            [
              78.17685542999746,
              17.072982727021415
            ],
            [
              78.17713044771978,
              17.072793093468636
            ],
            [
              78.17729256086724,
              17.070642763226058
            ],
            [
              78.17702259166086,
              17.070455355059494
            ]
          ]
        ]
      }
    },
    {
      "type": "Feature",
      "id": "TG-RR-FNR-BRG-0136",
      "properties": {
        "parcel_id": "TG-RR-FNR-BRG-0136",
        "survey_no": "136",
        "survey_display": "136",
        "document_id": "DOC-BRG-0136",
        "village": "Burgul",
        "mandal": "Farooqnagar",
        "district": "Rangareddy",
        "state": "Telangana",
        "owner_name": "E. Yadagiri",
        "ocr_owner": "E. Yadagiri",
        "area_acres": 4.84,
        "ocr_area_acres": 4.84,
        "area_sq_meters": 19586.8,
        "centroid_lat": 17.071784,
        "centroid_lon": 78.18285,
        "verification_status": "VERIFIED",
        "validation_issue": "",
        "confidence_score": 0.89,
        "mutation_status": "APPROVED",
        "khata_number": "KH-136",
        "ulpin": "TG17060136987X"
      },
      "geometry": {
        "type": "Polygon",
        "coordinates": [
          [
            [
              78.18210652622247,
              17.071237999637756
            ],
            [
              78.18219931653476,
              17.0722686993212
            ],
            [
              78.1836872345153,
              17.072498067754477
            ],
            [
              78.18341847198224,
              17.071359836968057
            ],
            [
              78.18261435448821,
              17.071015986227277
            ],
            [
              78.18210652622247,
              17.071237999637756
            ]
          ]
        ]
      }
    },
    {
      "type": "Feature",
      "id": "TG-RR-FNR-BRG-0137",
      "properties": {
        "parcel_id": "TG-RR-FNR-BRG-0137",
        "survey_no": "137",
        "survey_display": "137",
        "document_id": "DOC-BRG-0137",
        "village": "Burgul",
        "mandal": "Farooqnagar",
        "district": "Rangareddy",
        "state": "Telangana",
        "owner_name": "N. Shankaraiah",
        "ocr_owner": "N. Shankaraiah",
        "area_acres": 3.27,
        "ocr_area_acres": 3.27,
        "area_sq_meters": 13233.2,
        "centroid_lat": 17.071979,
        "centroid_lon": 78.179352,
        "verification_status": "VERIFIED",
        "validation_issue": "",
        "confidence_score": 0.91,
        "mutation_status": "APPROVED",
        "khata_number": "KH-137",
        "ulpin": "TG17060137987X"
      },
      "geometry": {
        "type": "Polygon",
        "coordinates": [
          [
            [
              78.17988607910765,
              17.071315765519824
            ],
            [
              78.17909530440367,
              17.071303020420345
            ],
            [
              78.17879145735448,
              17.072914953523888
            ],
            [
              78.17884876261947,
              17.072981178202905
            ],
            [
              78.1789722269371,
              17.072997288710383
            ],
            [
              78.18006792334143,
              17.071619418072512
            ],
            [
              78.17988607910765,
              17.071315765519824
            ]
          ]
        ]
      }
    },
    {
      "type": "Feature",
      "id": "TG-RR-FNR-BRG-0138",
      "properties": {
        "parcel_id": "TG-RR-FNR-BRG-0138",
        "survey_no": "138",
        "survey_display": "138",
        "document_id": "DOC-BRG-0138",
        "village": "Burgul",
        "mandal": "Farooqnagar",
        "district": "Rangareddy",
        "state": "Telangana",
        "owner_name": "P. Suseela",
        "ocr_owner": "P. Suseela",
        "area_acres": 4.94,
        "ocr_area_acres": 4.94,
        "area_sq_meters": 19991.5,
        "centroid_lat": 17.071914,
        "centroid_lon": 78.20147,
        "verification_status": "VERIFIED",
        "validation_issue": "",
        "confidence_score": 0.88,
        "mutation_status": "APPROVED",
        "khata_number": "KH-138",
        "ulpin": "TG17060138987X"
      },
      "geometry": {
        "type": "Polygon",
        "coordinates": [
          [
            [
              78.20110343872183,
              17.070985109183702
            ],
            [
              78.2010452511105,
              17.071008238606282
            ],
            [
              78.20101305037194,
              17.07300487222581
            ],
            [
              78.20164337432705,
              17.072963222381123
            ],
            [
              78.2021445331831,
              17.07107343896087
            ],
            [
              78.20110343872183,
              17.070985109183702
            ]
          ]
        ]
      }
    },
    {
      "type": "Feature",
      "id": "TG-RR-FNR-BRG-0139",
      "properties": {
        "parcel_id": "TG-RR-FNR-BRG-0139",
        "survey_no": "139",
        "survey_display": "139",
        "document_id": "DOC-BRG-0139",
        "village": "Burgul",
        "mandal": "Farooqnagar",
        "district": "Rangareddy",
        "state": "Telangana",
        "owner_name": "B. Vittal Reddy",
        "ocr_owner": "B. Vittal Reddy",
        "area_acres": 6.12,
        "ocr_area_acres": 6.12,
        "area_sq_meters": 24766.8,
        "centroid_lat": 17.072241,
        "centroid_lon": 78.200434,
        "verification_status": "VERIFIED",
        "validation_issue": "",
        "confidence_score": 0.89,
        "mutation_status": "APPROVED",
        "khata_number": "KH-139",
        "ulpin": "TG17060139987X"
      },
      "geometry": {
        "type": "Polygon",
        "coordinates": [
          [
            [
              78.2009694372334,
              17.071016923217655
            ],
            [
              78.19964600919181,
              17.072066025844066
            ],
            [
              78.1995756534698,
              17.072294487280796
            ],
            [
              78.1996803673039,
              17.072749278784773
            ],
            [
              78.20036112108389,
              17.07320001730085
            ],
            [
              78.20101305037194,
              17.07300487222581
            ],
            [
              78.2010452511105,
              17.071008238606286
            ],
            [
              78.2009694372334,
              17.071016923217655
            ]
          ]
        ]
      }
    },
    {
      "type": "Feature",
      "id": "TG-RR-FNR-BRG-0140",
      "properties": {
        "parcel_id": "TG-RR-FNR-BRG-0140",
        "survey_no": "140",
        "survey_display": "140",
        "document_id": "DOC-BRG-0140",
        "village": "Burgul",
        "mandal": "Farooqnagar",
        "district": "Rangareddy",
        "state": "Telangana",
        "owner_name": "K. Padma",
        "ocr_owner": "K. Padma",
        "area_acres": 5.05,
        "ocr_area_acres": 5.05,
        "area_sq_meters": 20436.6,
        "centroid_lat": 17.071523,
        "centroid_lon": 78.172468,
        "verification_status": "REVIEW_REQUIRED",
        "validation_issue": "Low OCR confidence in handwritten Tippon annotation",
        "confidence_score": 0.62,
        "mutation_status": "APPROVED",
        "khata_number": "KH-140",
        "ulpin": "TG17060140987X"
      },
      "geometry": {
        "type": "Polygon",
        "coordinates": [
          [
            [
              78.17178171460485,
              17.07113466438889
            ],
            [
              78.17153086399593,
              17.072047077273023
            ],
            [
              78.17319157132825,
              17.07209004210928
            ],
            [
              78.1733261623321,
              17.07194828713163
            ],
            [
              78.17294442863074,
              17.070696890432053
            ],
            [
              78.17178171460485,
              17.07113466438889
            ]
          ]
        ]
      }
    },
    {
      "type": "Feature",
      "id": "TG-RR-FNR-BRG-0141",
      "properties": {
        "parcel_id": "TG-RR-FNR-BRG-0141",
        "survey_no": "141",
        "survey_display": "141",
        "document_id": "DOC-BRG-0141",
        "village": "Burgul",
        "mandal": "Farooqnagar",
        "district": "Rangareddy",
        "state": "Telangana",
        "owner_name": "G. Lingaiah",
        "ocr_owner": "G. Lingaiah",
        "area_acres": 5.19,
        "ocr_area_acres": 5.19,
        "area_sq_meters": 21003.2,
        "centroid_lat": 17.07168,
        "centroid_lon": 78.178465,
        "verification_status": "VERIFIED",
        "validation_issue": "",
        "confidence_score": 0.97,
        "mutation_status": "APPROVED",
        "khata_number": "KH-141",
        "ulpin": "TG17060141987X"
      },
      "geometry": {
        "type": "Polygon",
        "coordinates": [
          [
            [
              78.17840317018617,
              17.070730568353138
            ],
            [
              78.17772491589342,
              17.070782349368066
            ],
            [
              78.17830912963016,
              17.072678778072184
            ],
            [
              78.17879145735446,
              17.072914953523878
            ],
            [
              78.17909530440366,
              17.071303020420345
            ],
            [
              78.17840317018617,
              17.070730568353138
            ]
          ]
        ]
      }
    },
    {
      "type": "Feature",
      "id": "TG-RR-FNR-BRG-0142",
      "properties": {
        "parcel_id": "TG-RR-FNR-BRG-0142",
        "survey_no": "142",
        "survey_display": "142",
        "document_id": "DOC-BRG-0142",
        "village": "Burgul",
        "mandal": "Farooqnagar",
        "district": "Rangareddy",
        "state": "Telangana",
        "owner_name": "M. Krishna Murthy",
        "ocr_owner": "M. Krishna Murthy",
        "area_acres": 4.94,
        "ocr_area_acres": 4.94,
        "area_sq_meters": 19991.5,
        "centroid_lat": 17.072045,
        "centroid_lon": 78.184211,
        "verification_status": "VERIFIED",
        "validation_issue": "",
        "confidence_score": 0.94,
        "mutation_status": "APPROVED",
        "khata_number": "KH-142",
        "ulpin": "TG17060142987X"
      },
      "geometry": {
        "type": "Polygon",
        "coordinates": [
          [
            [
              78.18341847198224,
              17.071359836968057
            ],
            [
              78.18368723451529,
              17.07249806775446
            ],
            [
              78.18379275529178,
              17.072619533743193
            ],
            [
              78.18491578159771,
              17.072766298461463
            ],
            [
              78.1851866830893,
              17.072293307948378
            ],
            [
              78.18395875146706,
              17.07117861699252
            ],
            [
              78.18389840154259,
              17.071133617382795
            ],
            [
              78.18341847198224,
              17.071359836968057
            ]
          ]
        ]
      }
    },
    {
      "type": "Feature",
      "id": "TG-RR-FNR-BRG-0143",
      "properties": {
        "parcel_id": "TG-RR-FNR-BRG-0143",
        "survey_no": "143",
        "survey_display": "143",
        "document_id": "DOC-BRG-0143",
        "village": "Burgul",
        "mandal": "Farooqnagar",
        "district": "Rangareddy",
        "state": "Telangana",
        "owner_name": "S. Venkat Reddy",
        "ocr_owner": "S. Venkat Reddy",
        "area_acres": 8.0,
        "ocr_area_acres": 8.0,
        "area_sq_meters": 32374.9,
        "centroid_lat": 17.070963,
        "centroid_lon": 78.168149,
        "verification_status": "VERIFIED",
        "validation_issue": "",
        "confidence_score": 0.95,
        "mutation_status": "APPROVED",
        "khata_number": "KH-143",
        "ulpin": "TG17060143987X"
      },
      "geometry": {
        "type": "Polygon",
        "coordinates": [
          [
            [
              78.1692090914216,
              17.071839404945656
            ],
            [
              78.16919518860027,
              17.07179728875948
            ],
            [
              78.16827622005246,
              17.06996647368199
            ],
            [
              78.16719183240097,
              17.069632357637673
            ],
            [
              78.16700622426436,
              17.069639004594784
            ],
            [
              78.16822106309132,
              17.07237239195548
            ],
            [
              78.1692090914216,
              17.071839404945656
            ]
          ]
        ]
      }
    },
    {
      "type": "Feature",
      "id": "TG-RR-FNR-BRG-0144",
      "properties": {
        "parcel_id": "TG-RR-FNR-BRG-0144",
        "survey_no": "144",
        "survey_display": "144",
        "document_id": "DOC-BRG-0144",
        "village": "Burgul",
        "mandal": "Farooqnagar",
        "district": "Rangareddy",
        "state": "Telangana",
        "owner_name": "A. Jagadeeshwar",
        "ocr_owner": "A. Jagadeeshwar",
        "area_acres": 7.58,
        "ocr_area_acres": 7.58,
        "area_sq_meters": 30675.2,
        "centroid_lat": 17.071409,
        "centroid_lon": 78.173979,
        "verification_status": "VERIFIED",
        "validation_issue": "",
        "confidence_score": 0.94,
        "mutation_status": "APPROVED",
        "khata_number": "KH-144",
        "ulpin": "TG17060144987X"
      },
      "geometry": {
        "type": "Polygon",
        "coordinates": [
          [
            [
              78.17298350916867,
              17.07063109125596
            ],
            [
              78.17294442863076,
              17.07069689043205
            ],
            [
              78.1733261623321,
              17.07194828713162
            ],
            [
              78.17502555586736,
              17.072417036997454
            ],
            [
              78.17518264380712,
              17.071830770219698
            ],
            [
              78.17350707847243,
              17.070195366032287
            ],
            [
              78.17298350916867,
              17.07063109125596
            ]
          ]
        ]
      }
    },
    {
      "type": "Feature",
      "id": "TG-RR-FNR-BRG-0145",
      "properties": {
        "parcel_id": "TG-RR-FNR-BRG-0145",
        "survey_no": "145",
        "survey_display": "145",
        "document_id": "DOC-BRG-0145",
        "village": "Burgul",
        "mandal": "Farooqnagar",
        "district": "Rangareddy",
        "state": "Telangana",
        "owner_name": "G. Srinivas Reddy",
        "ocr_owner": "G. Srinivas Reddy",
        "area_acres": 8.0,
        "ocr_area_acres": 8.0,
        "area_sq_meters": 32374.9,
        "centroid_lat": 17.071657,
        "centroid_lon": 78.170849,
        "verification_status": "VERIFIED",
        "validation_issue": "",
        "confidence_score": 0.93,
        "mutation_status": "APPROVED",
        "khata_number": "KH-145",
        "ulpin": "TG17060145987X"
      },
      "geometry": {
        "type": "Polygon",
        "coordinates": [
          [
            [
              78.17033641846501,
              17.072739929296585
            ],
            [
              78.17064809161324,
              17.07274274488895
            ],
            [
              78.17131170313328,
              17.072402191108452
            ],
            [
              78.17153086399593,
              17.072047077273027
            ],
            [
              78.17178171460486,
              17.07113466438887
            ],
            [
              78.17102736957918,
              17.070434418671685
            ],
            [
              78.17060512809199,
              17.070630653631607
            ],
            [
              78.16986441373686,
              17.072177840177027
            ],
            [
              78.17033641846501,
              17.072739929296585
            ]
          ]
        ]
      }
    },
    {
      "type": "Feature",
      "id": "TG-RR-FNR-BRG-0146",
      "properties": {
        "parcel_id": "TG-RR-FNR-BRG-0146",
        "survey_no": "146",
        "survey_display": "146",
        "document_id": "DOC-BRG-0146",
        "village": "Burgul",
        "mandal": "Farooqnagar",
        "district": "Rangareddy",
        "state": "Telangana",
        "owner_name": "K. Venkateshwar Rao",
        "ocr_owner": "K. Venkateshwar Rao",
        "area_acres": 3.45,
        "ocr_area_acres": 3.45,
        "area_sq_meters": 13961.7,
        "centroid_lat": 17.07159,
        "centroid_lon": 78.198984,
        "verification_status": "VERIFIED",
        "validation_issue": "",
        "confidence_score": 0.96,
        "mutation_status": "APPROVED",
        "khata_number": "KH-146",
        "ulpin": "TG17060146987X"
      },
      "geometry": {
        "type": "Polygon",
        "coordinates": [
          [
            [
              78.1986261748216,
              17.07104974765877
            ],
            [
              78.19812390680458,
              17.071549334345416
            ],
            [
              78.19859752428245,
              17.07191049267243
            ],
            [
              78.19957565346981,
              17.07229448728078
            ],
            [
              78.19964600919181,
              17.072066025844077
            ],
            [
              78.19939502577286,
              17.071052671398785
            ],
            [
              78.1987383033036,
              17.071027845708638
            ],
            [
              78.1986261748216,
              17.07104974765877
            ]
          ]
        ]
      }
    },
    {
      "type": "Feature",
      "id": "TG-RR-FNR-BRG-0147",
      "properties": {
        "parcel_id": "TG-RR-FNR-BRG-0147",
        "survey_no": "147",
        "survey_display": "147",
        "document_id": "DOC-BRG-0147",
        "village": "Burgul",
        "mandal": "Farooqnagar",
        "district": "Rangareddy",
        "state": "Telangana",
        "owner_name": "M. Lakshmi Bai",
        "ocr_owner": "M. Lakshmi Bai",
        "area_acres": 2.11,
        "ocr_area_acres": 2.11,
        "area_sq_meters": 8538.9,
        "centroid_lat": 17.071596,
        "centroid_lon": 78.184823,
        "verification_status": "VERIFIED",
        "validation_issue": "",
        "confidence_score": 0.89,
        "mutation_status": "APPROVED",
        "khata_number": "KH-147",
        "ulpin": "TG17060147987X"
      },
      "geometry": {
        "type": "Polygon",
        "coordinates": [
          [
            [
              78.1851866830893,
              17.07229330794837
            ],
            [
              78.18531436188691,
              17.072163400871425
            ],
            [
              78.18518665944596,
              17.071221374260006
            ],
            [
              78.18395875146702,
              17.071178616992487
            ],
            [
              78.1851866830893,
              17.07229330794837
            ]
          ]
        ]
      }
    },
    {
      "type": "Feature",
      "id": "TG-RR-FNR-BRG-0148",
      "properties": {
        "parcel_id": "TG-RR-FNR-BRG-0148",
        "survey_no": "148",
        "survey_display": "148",
        "document_id": "DOC-BRG-0148",
        "village": "Burgul",
        "mandal": "Farooqnagar",
        "district": "Rangareddy",
        "state": "Telangana",
        "owner_name": "P. Anjaneyulu",
        "ocr_owner": "P. Anjaneyulu",
        "area_acres": 3.22,
        "ocr_area_acres": 3.22,
        "area_sq_meters": 13030.9,
        "centroid_lat": 17.071252,
        "centroid_lon": 78.180694,
        "verification_status": "VERIFIED",
        "validation_issue": "",
        "confidence_score": 0.94,
        "mutation_status": "APPROVED",
        "khata_number": "KH-148",
        "ulpin": "TG17060148987X"
      },
      "geometry": {
        "type": "Polygon",
        "coordinates": [
          [
            [
              78.17988607910763,
              17.071315765519817
            ],
            [
              78.18006792334143,
              17.071619418072512
            ],
            [
              78.18031784395922,
              17.071794541298146
            ],
            [
              78.18133785217175,
              17.071413093583814
            ],
            [
              78.18173637280876,
              17.071095311605415
            ],
            [
              78.18171125226134,
              17.071061768583675
            ],
            [
              78.18092948727632,
              17.070835069330112
            ],
            [
              78.1800745093534,
              17.07090422352225
            ],
            [
              78.17988607910763,
              17.071315765519817
            ]
          ]
        ]
      }
    },
    {
      "type": "Feature",
      "id": "TG-RR-FNR-BRG-0149",
      "properties": {
        "parcel_id": "TG-RR-FNR-BRG-0149",
        "survey_no": "149",
        "survey_display": "149",
        "document_id": "DOC-BRG-0149",
        "village": "Burgul",
        "mandal": "Farooqnagar",
        "district": "Rangareddy",
        "state": "Telangana",
        "owner_name": "B. Satyanarayana",
        "ocr_owner": "B. Satyanarayana",
        "area_acres": 1.98,
        "ocr_area_acres": 1.98,
        "area_sq_meters": 8012.8,
        "centroid_lat": 17.070905,
        "centroid_lon": 78.184563,
        "verification_status": "VERIFIED",
        "validation_issue": "",
        "confidence_score": 0.95,
        "mutation_status": "APPROVED",
        "khata_number": "KH-149",
        "ulpin": "TG17060149987X"
      },
      "geometry": {
        "type": "Polygon",
        "coordinates": [
          [
            [
              78.18516338588164,
              17.070807090120347
            ],
            [
              78.18429767270739,
              17.070415381088058
            ],
            [
              78.18389840154259,
              17.07113361738279
            ],
            [
              78.18395875146702,
              17.071178616992487
            ],
            [
              78.18518665944596,
              17.071221374260006
            ],
            [
              78.18516338588164,
              17.070807090120347
            ]
          ]
        ]
      }
    },
    {
      "type": "Feature",
      "id": "TG-RR-FNR-BRG-0150",
      "properties": {
        "parcel_id": "TG-RR-FNR-BRG-0150",
        "survey_no": "150",
        "survey_display": "150",
        "document_id": "DOC-BRG-0150",
        "village": "Burgul",
        "mandal": "Farooqnagar",
        "district": "Rangareddy",
        "state": "Telangana",
        "owner_name": "T. Ramaiah",
        "ocr_owner": "T. Ramaiah",
        "area_acres": 15.08,
        "ocr_area_acres": 15.08,
        "area_sq_meters": 61026.6,
        "centroid_lat": 17.071451,
        "centroid_lon": 78.188539,
        "verification_status": "VERIFIED",
        "validation_issue": "",
        "confidence_score": 0.91,
        "mutation_status": "APPROVED",
        "khata_number": "KH-150",
        "ulpin": "TG17060150987X"
      },
      "geometry": {
        "type": "Polygon",
        "coordinates": [
          [
            [
              78.18739305013004,
              17.07027111756943
            ],
            [
              78.18737736509877,
              17.071734313622205
            ],
            [
              78.18762049982162,
              17.07208623264598
            ],
            [
              78.18819389303819,
              17.072573248850045
            ],
            [
              78.18859304765273,
              17.072735044700053
            ],
            [
              78.18924407802588,
              17.07284324634533
            ],
            [
              78.18999807412648,
              17.072290139970537
            ],
            [
              78.19000438093143,
              17.072275633211095
            ],
            [
              78.18993450173433,
              17.07192896717373
            ],
            [
              78.18879899622847,
              17.070137073754488
            ],
            [
              78.18770861816914,
              17.069978984829934
            ],
            [
              78.18739305013004,
              17.07027111756943
            ]
          ]
        ]
      }
    },
    {
      "type": "Feature",
      "id": "TG-RR-FNR-BRG-0151",
      "properties": {
        "parcel_id": "TG-RR-FNR-BRG-0151",
        "survey_no": "151",
        "survey_display": "151",
        "document_id": "DOC-BRG-0151",
        "village": "Burgul",
        "mandal": "Farooqnagar",
        "district": "Rangareddy",
        "state": "Telangana",
        "owner_name": "Ch. Madhava Reddy",
        "ocr_owner": "Ch. Madhava Reddy",
        "area_acres": 11.16,
        "ocr_area_acres": 11.16,
        "area_sq_meters": 45163.0,
        "centroid_lat": 17.07105,
        "centroid_lon": 78.186305,
        "verification_status": "VERIFIED",
        "validation_issue": "",
        "confidence_score": 0.91,
        "mutation_status": "APPROVED",
        "khata_number": "KH-151",
        "ulpin": "TG17060151987X"
      },
      "geometry": {
        "type": "Polygon",
        "coordinates": [
          [
            [
              78.18739305013004,
              17.07027111756943
            ],
            [
              78.18622926699364,
              17.06986444846897
            ],
            [
              78.18516338588164,
              17.070807090120336
            ],
            [
              78.18518665944596,
              17.071221374260055
            ],
            [
              78.1853143618869,
              17.07216340087144
            ],
            [
              78.18737736509877,
              17.07173431362221
            ],
            [
              78.18739305013004,
              17.07027111756943
            ]
          ]
        ]
      }
    },
    {
      "type": "Feature",
      "id": "TG-RR-FNR-BRG-0152",
      "properties": {
        "parcel_id": "TG-RR-FNR-BRG-0152",
        "survey_no": "152",
        "survey_display": "152",
        "document_id": "DOC-BRG-0152",
        "village": "Burgul",
        "mandal": "Farooqnagar",
        "district": "Rangareddy",
        "state": "Telangana",
        "owner_name": "V. Narsimha",
        "ocr_owner": "V. Narsimha",
        "area_acres": 10.46,
        "ocr_area_acres": 10.46,
        "area_sq_meters": 42330.2,
        "centroid_lat": 17.071242,
        "centroid_lon": 78.203793,
        "verification_status": "VERIFIED",
        "validation_issue": "",
        "confidence_score": 0.94,
        "mutation_status": "APPROVED",
        "khata_number": "KH-152",
        "ulpin": "TG17060152987X"
      },
      "geometry": {
        "type": "Polygon",
        "coordinates": [
          [
            [
              78.20513532332996,
              17.070559873421143
            ],
            [
              78.20472361036288,
              17.070389055449862
            ],
            [
              78.2024491687241,
              17.070592758064105
            ],
            [
              78.20225964405665,
              17.071017949680744
            ],
            [
              78.20421543195908,
              17.072649185506272
            ],
            [
              78.20513532332996,
              17.070559873421143
            ]
          ]
        ]
      }
    },
    {
      "type": "Feature",
      "id": "TG-RR-FNR-BRG-0153",
      "properties": {
        "parcel_id": "TG-RR-FNR-BRG-0153",
        "survey_no": "153",
        "survey_display": "153",
        "document_id": "DOC-BRG-0153",
        "village": "Burgul",
        "mandal": "Farooqnagar",
        "district": "Rangareddy",
        "state": "Telangana",
        "owner_name": "S. Kistamma",
        "ocr_owner": "S. Kistamma",
        "area_acres": 4.32,
        "ocr_area_acres": 4.32,
        "area_sq_meters": 17482.4,
        "centroid_lat": 17.071095,
        "centroid_lon": 78.200003,
        "verification_status": "VERIFIED",
        "validation_issue": "",
        "confidence_score": 0.9,
        "mutation_status": "APPROVED",
        "khata_number": "KH-153",
        "ulpin": "TG17060153987X"
      },
      "geometry": {
        "type": "Polygon",
        "coordinates": [
          [
            [
              78.19939502577286,
              17.071052671398796
            ],
            [
              78.19964600919181,
              17.072066025844073
            ],
            [
              78.2009694372334,
              17.071016923217655
            ],
            [
              78.20006440732527,
              17.070420595468764
            ],
            [
              78.19953400284484,
              17.07032609519629
            ],
            [
              78.19939502577286,
              17.071052671398796
            ]
          ]
        ]
      }
    },
    {
      "type": "Feature",
      "id": "TG-RR-FNR-BRG-0154",
      "properties": {
        "parcel_id": "TG-RR-FNR-BRG-0154",
        "survey_no": "154",
        "survey_display": "154",
        "document_id": "DOC-BRG-0154",
        "village": "Burgul",
        "mandal": "Farooqnagar",
        "district": "Rangareddy",
        "state": "Telangana",
        "owner_name": "A. Balraj",
        "ocr_owner": "A. Balraj",
        "area_acres": 3.36,
        "ocr_area_acres": 3.36,
        "area_sq_meters": 13597.4,
        "centroid_lat": 17.071295,
        "centroid_lon": 78.169901,
        "verification_status": "VERIFIED",
        "validation_issue": "",
        "confidence_score": 0.97,
        "mutation_status": "APPROVED",
        "khata_number": "KH-154",
        "ulpin": "TG17060154987X"
      },
      "geometry": {
        "type": "Polygon",
        "coordinates": [
          [
            [
              78.16920909142159,
              17.071839404945653
            ],
            [
              78.16986441373686,
              17.07217784017703
            ],
            [
              78.170605128092,
              17.0706306536316
            ],
            [
              78.17000686110329,
              17.070436207640466
            ],
            [
              78.16919518860027,
              17.071797288759488
            ],
            [
              78.16920909142159,
              17.071839404945653
            ]
          ]
        ]
      }
    },
    {
      "type": "Feature",
      "id": "TG-RR-FNR-BRG-0155",
      "properties": {
        "parcel_id": "TG-RR-FNR-BRG-0155",
        "survey_no": "155",
        "survey_display": "155",
        "document_id": "DOC-BRG-0155",
        "village": "Burgul",
        "mandal": "Farooqnagar",
        "district": "Rangareddy",
        "state": "Telangana",
        "owner_name": "M. Mallesh Goud",
        "ocr_owner": "M. Mallesh Goud",
        "area_acres": 4.44,
        "ocr_area_acres": 4.44,
        "area_sq_meters": 17968.1,
        "centroid_lat": 17.070886,
        "centroid_lon": 78.197807,
        "verification_status": "VERIFIED",
        "validation_issue": "",
        "confidence_score": 0.94,
        "mutation_status": "APPROVED",
        "khata_number": "KH-155",
        "ulpin": "TG17060155987X"
      },
      "geometry": {
        "type": "Polygon",
        "coordinates": [
          [
            [
              78.19725019064344,
              17.07035822965754
            ],
            [
              78.19696150886259,
              17.071176538147796
            ],
            [
              78.19735360523995,
              17.071376011710143
            ],
            [
              78.1981239068046,
              17.07154933434541
            ],
            [
              78.1986261748216,
              17.071049747658765
            ],
            [
              78.19827614403198,
              17.070239524265407
            ],
            [
              78.19725019064344,
              17.07035822965754
            ]
          ]
        ]
      }
    },
    {
      "type": "Feature",
      "id": "TG-RR-FNR-BRG-0156",
      "properties": {
        "parcel_id": "TG-RR-FNR-BRG-0156",
        "survey_no": "156",
        "survey_display": "156",
        "document_id": "DOC-BRG-0156",
        "village": "Burgul",
        "mandal": "Farooqnagar",
        "district": "Rangareddy",
        "state": "Telangana",
        "owner_name": "K. Chandraiah",
        "ocr_owner": "K. Chandraiah",
        "area_acres": 6.76,
        "ocr_area_acres": 6.76,
        "area_sq_meters": 27356.8,
        "centroid_lat": 17.070942,
        "centroid_lon": 78.190632,
        "verification_status": "VERIFIED",
        "validation_issue": "",
        "confidence_score": 0.92,
        "mutation_status": "APPROVED",
        "khata_number": "KH-156",
        "ulpin": "TG17060156987X"
      },
      "geometry": {
        "type": "Polygon",
        "coordinates": [
          [
            [
              78.19132719858509,
              17.07134397273084
            ],
            [
              78.19123941133897,
              17.069747887979197
            ],
            [
              78.19015610623,
              17.07014108200662
            ],
            [
              78.18993450173431,
              17.07192896717371
            ],
            [
              78.19000438093143,
              17.072275633211117
            ],
            [
              78.19132719858509,
              17.07134397273084
            ]
          ]
        ]
      }
    },
    {
      "type": "Feature",
      "id": "TG-RR-FNR-BRG-0157",
      "properties": {
        "parcel_id": "TG-RR-FNR-BRG-0157",
        "survey_no": "157",
        "survey_display": "157",
        "document_id": "DOC-BRG-0157",
        "village": "Burgul",
        "mandal": "Farooqnagar",
        "district": "Rangareddy",
        "state": "Telangana",
        "owner_name": "J. Ramachandra Reddy",
        "ocr_owner": "J. Ramachandra Reddy",
        "area_acres": 2.25,
        "ocr_area_acres": 2.25,
        "area_sq_meters": 9105.4,
        "centroid_lat": 17.070492,
        "centroid_lon": 78.199111,
        "verification_status": "VERIFIED",
        "validation_issue": "",
        "confidence_score": 0.95,
        "mutation_status": "APPROVED",
        "khata_number": "KH-157",
        "ulpin": "TG17060157987X"
      },
      "geometry": {
        "type": "Polygon",
        "coordinates": [
          [
            [
              78.19922282450405,
              17.069816083046735
            ],
            [
              78.19876313631234,
              17.070047502595205
            ],
            [
              78.19873830330357,
              17.071027845708638
            ],
            [
              78.19939502577286,
              17.071052671398785
            ],
            [
              78.19953400284483,
              17.07032609519628
            ],
            [
              78.19922282450405,
              17.069816083046735
            ]
          ]
        ]
      }
    },
    {
      "type": "Feature",
      "id": "TG-RR-FNR-BRG-0158",
      "properties": {
        "parcel_id": "TG-RR-FNR-BRG-0158",
        "survey_no": "158",
        "survey_display": "158",
        "document_id": "DOC-BRG-0158",
        "village": "Burgul",
        "mandal": "Farooqnagar",
        "district": "Rangareddy",
        "state": "Telangana",
        "owner_name": "D. Gopal Rao",
        "ocr_owner": "D. Gopal Rao",
        "area_acres": 0.83,
        "ocr_area_acres": 0.83,
        "area_sq_meters": 3358.9,
        "centroid_lat": 17.070494,
        "centroid_lon": 78.198574,
        "verification_status": "VERIFIED",
        "validation_issue": "",
        "confidence_score": 0.97,
        "mutation_status": "APPROVED",
        "khata_number": "KH-158",
        "ulpin": "TG17060158987X"
      },
      "geometry": {
        "type": "Polygon",
        "coordinates": [
          [
            [
              78.19827614403196,
              17.070239524265407
            ],
            [
              78.19862617482158,
              17.071049747658773
            ],
            [
              78.19873830330357,
              17.071027845708645
            ],
            [
              78.19876313631234,
              17.070047502595198
            ],
            [
              78.19827614403196,
              17.070239524265407
            ]
          ]
        ]
      }
    },
    {
      "type": "Feature",
      "id": "TG-RR-FNR-BRG-0159",
      "properties": {
        "parcel_id": "TG-RR-FNR-BRG-0159",
        "survey_no": "159",
        "survey_display": "159",
        "document_id": "DOC-BRG-0159",
        "village": "Burgul",
        "mandal": "Farooqnagar",
        "district": "Rangareddy",
        "state": "Telangana",
        "owner_name": "R. Prabhakar",
        "ocr_owner": "R. Prabhakar",
        "area_acres": 6.62,
        "ocr_area_acres": 6.62,
        "area_sq_meters": 26790.2,
        "centroid_lat": 17.070865,
        "centroid_lon": 78.194061,
        "verification_status": "VERIFIED",
        "validation_issue": "",
        "confidence_score": 0.95,
        "mutation_status": "APPROVED",
        "khata_number": "KH-159",
        "ulpin": "TG17060159987X"
      },
      "geometry": {
        "type": "Polygon",
        "coordinates": [
          [
            [
              78.1945966631058,
              17.0700663796692
            ],
            [
              78.19302595377258,
              17.070380594520778
            ],
            [
              78.19300412601729,
              17.071197735723754
            ],
            [
              78.19519384977046,
              17.071699751266532
            ],
            [
              78.1945966631058,
              17.0700663796692
            ]
          ]
        ]
      }
    },
    {
      "type": "Feature",
      "id": "TG-RR-FNR-BRG-0160",
      "properties": {
        "parcel_id": "TG-RR-FNR-BRG-0160",
        "survey_no": "160",
        "survey_display": "160",
        "document_id": "DOC-BRG-0160",
        "village": "Burgul",
        "mandal": "Farooqnagar",
        "district": "Rangareddy",
        "state": "Telangana",
        "owner_name": "E. Yadagiri",
        "ocr_owner": "E. Yadagiri",
        "area_acres": 4.85,
        "ocr_area_acres": 4.85,
        "area_sq_meters": 19627.3,
        "centroid_lat": 17.07062,
        "centroid_lon": 78.169164,
        "verification_status": "VERIFIED",
        "validation_issue": "",
        "confidence_score": 0.89,
        "mutation_status": "APPROVED",
        "khata_number": "KH-160",
        "ulpin": "TG17060160987X"
      },
      "geometry": {
        "type": "Polygon",
        "coordinates": [
          [
            [
              78.16827622005246,
              17.069966473681983
            ],
            [
              78.16919518860027,
              17.07179728875948
            ],
            [
              78.17000686110329,
              17.070436207640466
            ],
            [
              78.1694412196125,
              17.06997322254257
            ],
            [
              78.16845534806966,
              17.069911089853626
            ],
            [
              78.16827622005246,
              17.069966473681983
            ]
          ]
        ]
      }
    },
    {
      "type": "Feature",
      "id": "TG-RR-FNR-BRG-0161",
      "properties": {
        "parcel_id": "TG-RR-FNR-BRG-0161",
        "survey_no": "161",
        "survey_display": "161",
        "document_id": "DOC-BRG-0161",
        "village": "Burgul",
        "mandal": "Farooqnagar",
        "district": "Rangareddy",
        "state": "Telangana",
        "owner_name": "N. Shankaraiah",
        "ocr_owner": "N. Shankaraiah",
        "area_acres": 8.21,
        "ocr_area_acres": 8.21,
        "area_sq_meters": 33224.7,
        "centroid_lat": 17.070659,
        "centroid_lon": 78.192117,
        "verification_status": "VERIFIED",
        "validation_issue": "",
        "confidence_score": 0.96,
        "mutation_status": "APPROVED",
        "khata_number": "KH-161",
        "ulpin": "TG17060161987X"
      },
      "geometry": {
        "type": "Polygon",
        "coordinates": [
          [
            [
              78.1927980789862,
              17.071452146327523
            ],
            [
              78.19300412601729,
              17.07119773572376
            ],
            [
              78.19302595377258,
              17.070380594520767
            ],
            [
              78.19274176654145,
              17.06989495787957
            ],
            [
              78.1912650618888,
              17.06970836544795
            ],
            [
              78.19123941133896,
              17.069747887979208
            ],
            [
              78.19132719858507,
              17.071343972730837
            ],
            [
              78.19245488203819,
              17.07165573149323
            ],
            [
              78.1927980789862,
              17.071452146327523
            ]
          ]
        ]
      }
    },
    {
      "type": "Feature",
      "id": "TG-RR-FNR-BRG-0162",
      "properties": {
        "parcel_id": "TG-RR-FNR-BRG-0162",
        "survey_no": "162",
        "survey_display": "162",
        "document_id": "DOC-BRG-0162",
        "village": "Burgul",
        "mandal": "Farooqnagar",
        "district": "Rangareddy",
        "state": "Telangana",
        "owner_name": "P. Suseela",
        "ocr_owner": "P. Suseela",
        "area_acres": 3.84,
        "ocr_area_acres": 3.84,
        "area_sq_meters": 15539.9,
        "centroid_lat": 17.070769,
        "centroid_lon": 78.179289,
        "verification_status": "VERIFIED",
        "validation_issue": "",
        "confidence_score": 0.96,
        "mutation_status": "APPROVED",
        "khata_number": "KH-162",
        "ulpin": "TG17060162987X"
      },
      "geometry": {
        "type": "Polygon",
        "coordinates": [
          [
            [
              78.17840317018617,
              17.070730568353138
            ],
            [
              78.17909530440366,
              17.071303020420345
            ],
            [
              78.17988607910763,
              17.071315765519824
            ],
            [
              78.18007450935339,
              17.070904223522252
            ],
            [
              78.18003094257178,
              17.070611672475973
            ],
            [
              78.17901045735465,
              17.070074489125723
            ],
            [
              78.17840317018617,
              17.070730568353138
            ]
          ]
        ]
      }
    },
    {
      "type": "Feature",
      "id": "TG-RR-FNR-BRG-0163",
      "properties": {
        "parcel_id": "TG-RR-FNR-BRG-0163",
        "survey_no": "163",
        "survey_display": "163",
        "document_id": "DOC-BRG-0163",
        "village": "Burgul",
        "mandal": "Farooqnagar",
        "district": "Rangareddy",
        "state": "Telangana",
        "owner_name": "B. Vittal Reddy",
        "ocr_owner": "B. Vittal Reddy",
        "area_acres": 3.9,
        "ocr_area_acres": 3.9,
        "area_sq_meters": 15782.8,
        "centroid_lat": 17.070673,
        "centroid_lon": 78.189614,
        "verification_status": "VERIFIED",
        "validation_issue": "",
        "confidence_score": 0.97,
        "mutation_status": "APPROVED",
        "khata_number": "KH-163",
        "ulpin": "TG17060163987X"
      },
      "geometry": {
        "type": "Polygon",
        "coordinates": [
          [
            [
              78.18978546764694,
              17.0700135945093
            ],
            [
              78.18926915446,
              17.069993669159242
            ],
            [
              78.18879899622846,
              17.070137073754484
            ],
            [
              78.18993450173431,
              17.071928967173722
            ],
            [
              78.19015610623,
              17.07014108200662
            ],
            [
              78.18978546764694,
              17.0700135945093
            ]
          ]
        ]
      }
    },
    {
      "type": "Feature",
      "id": "TG-RR-FNR-BRG-0164",
      "properties": {
        "parcel_id": "TG-RR-FNR-BRG-0164",
        "survey_no": "164",
        "survey_display": "164",
        "document_id": "DOC-BRG-0164",
        "village": "Burgul",
        "mandal": "Farooqnagar",
        "district": "Rangareddy",
        "state": "Telangana",
        "owner_name": "K. Padma",
        "ocr_owner": "K. Padma",
        "area_acres": 5.8,
        "ocr_area_acres": 5.8,
        "area_sq_meters": 23471.8,
        "centroid_lat": 17.070472,
        "centroid_lon": 78.183489,
        "verification_status": "VERIFIED",
        "validation_issue": "",
        "confidence_score": 0.89,
        "mutation_status": "APPROVED",
        "khata_number": "KH-164",
        "ulpin": "TG17060164987X"
      },
      "geometry": {
        "type": "Polygon",
        "coordinates": [
          [
            [
              78.1840197224072,
              17.069660347435793
            ],
            [
              78.1838540009691,
              17.06961321181483
            ],
            [
              78.18354093935721,
              17.06959190898246
            ],
            [
              78.18307378268216,
              17.069789698544586
            ],
            [
              78.18261435448821,
              17.071015986227277
            ],
            [
              78.18341847198224,
              17.071359836968053
            ],
            [
              78.18389840154259,
              17.07113361738279
            ],
            [
              78.1842976727074,
              17.07041538108805
            ],
            [
              78.1840197224072,
              17.069660347435793
            ]
          ]
        ]
      }
    },
    {
      "type": "Feature",
      "id": "TG-RR-FNR-BRG-0165",
      "properties": {
        "parcel_id": "TG-RR-FNR-BRG-0165",
        "survey_no": "165",
        "survey_display": "165",
        "document_id": "DOC-BRG-0165",
        "village": "Burgul",
        "mandal": "Farooqnagar",
        "district": "Rangareddy",
        "state": "Telangana",
        "owner_name": "G. Lingaiah",
        "ocr_owner": "P. Anjaneyulu",
        "area_acres": 7.03,
        "ocr_area_acres": 7.03,
        "area_sq_meters": 28449.4,
        "centroid_lat": 17.070594,
        "centroid_lon": 78.174626,
        "verification_status": "CONFLICT",
        "validation_issue": "Owner mismatch: Deed titleholder 'G. Lingaiah' vs Extracted 'P. Anjaneyulu'",
        "confidence_score": 0.44,
        "mutation_status": "APPROVED",
        "khata_number": "KH-165",
        "ulpin": "TG17060165987X"
      },
      "geometry": {
        "type": "Polygon",
        "coordinates": [
          [
            [
              78.17386980473538,
              17.069372023115967
            ],
            [
              78.17350707847243,
              17.07019536603229
            ],
            [
              78.17518264380712,
              17.071830770219698
            ],
            [
              78.17583120418963,
              17.07102830546444
            ],
            [
              78.1740226647102,
              17.06939249710257
            ],
            [
              78.17386980473538,
              17.069372023115967
            ]
          ]
        ]
      }
    },
    {
      "type": "Feature",
      "id": "TG-RR-FNR-BRG-0166",
      "properties": {
        "parcel_id": "TG-RR-FNR-BRG-0166",
        "survey_no": "166",
        "survey_display": "166",
        "document_id": "DOC-BRG-0166",
        "village": "Burgul",
        "mandal": "Farooqnagar",
        "district": "Rangareddy",
        "state": "Telangana",
        "owner_name": "M. Krishna Murthy",
        "ocr_owner": "M. Krishna Murthy",
        "area_acres": 1.64,
        "ocr_area_acres": 1.64,
        "area_sq_meters": 6636.9,
        "centroid_lat": 17.070483,
        "centroid_lon": 78.180438,
        "verification_status": "VERIFIED",
        "validation_issue": "",
        "confidence_score": 0.89,
        "mutation_status": "APPROVED",
        "khata_number": "KH-166",
        "ulpin": "TG17060166987X"
      },
      "geometry": {
        "type": "Polygon",
        "coordinates": [
          [
            [
              78.18003094257179,
              17.070611672475998
            ],
            [
              78.1800745093534,
              17.07090422352225
            ],
            [
              78.18092948727632,
              17.070835069330112
            ],
            [
              78.18043938390089,
              17.06974240689634
            ],
            [
              78.18003094257179,
              17.070611672475998
            ]
          ]
        ]
      }
    },
    {
      "type": "Feature",
      "id": "TG-RR-FNR-BRG-0167",
      "properties": {
        "parcel_id": "TG-RR-FNR-BRG-0167",
        "survey_no": "167",
        "survey_display": "167",
        "document_id": "DOC-BRG-0167",
        "village": "Burgul",
        "mandal": "Farooqnagar",
        "district": "Rangareddy",
        "state": "Telangana",
        "owner_name": "S. Venkat Reddy",
        "ocr_owner": "S. Venkat Reddy",
        "area_acres": 3.87,
        "ocr_area_acres": 3.87,
        "area_sq_meters": 15661.3,
        "centroid_lat": 17.070131,
        "centroid_lon": 78.181057,
        "verification_status": "VERIFIED",
        "validation_issue": "",
        "confidence_score": 0.93,
        "mutation_status": "APPROVED",
        "khata_number": "KH-167",
        "ulpin": "TG17060167987X"
      },
      "geometry": {
        "type": "Polygon",
        "coordinates": [
          [
            [
              78.18144544676697,
              17.069836470197785
            ],
            [
              78.18079788542903,
              17.069198382641705
            ],
            [
              78.18056113312853,
              17.069201273828668
            ],
            [
              78.18043938390089,
              17.069742406896353
            ],
            [
              78.18092948727632,
              17.070835069330112
            ],
            [
              78.18171125226135,
              17.07106176858368
            ],
            [
              78.18144544676697,
              17.069836470197785
            ]
          ]
        ]
      }
    },
    {
      "type": "Feature",
      "id": "TG-RR-FNR-BRG-0168",
      "properties": {
        "parcel_id": "TG-RR-FNR-BRG-0168",
        "survey_no": "168",
        "survey_display": "168",
        "document_id": "DOC-BRG-0168",
        "village": "Burgul",
        "mandal": "Farooqnagar",
        "district": "Rangareddy",
        "state": "Telangana",
        "owner_name": "A. Jagadeeshwar",
        "ocr_owner": "A. Jagadeeshwar",
        "area_acres": 7.42,
        "ocr_area_acres": 7.42,
        "area_sq_meters": 30027.7,
        "centroid_lat": 17.070584,
        "centroid_lon": 78.195367,
        "verification_status": "VERIFIED",
        "validation_issue": "",
        "confidence_score": 0.93,
        "mutation_status": "APPROVED",
        "khata_number": "KH-168",
        "ulpin": "TG17060168987X"
      },
      "geometry": {
        "type": "Polygon",
        "coordinates": [
          [
            [
              78.19482579017719,
              17.069441764977864
            ],
            [
              78.1947280615634,
              17.06963850993373
            ],
            [
              78.1945966631058,
              17.070066379669186
            ],
            [
              78.19519384977048,
              17.071699751266554
            ],
            [
              78.1954339404303,
              17.07193364060731
            ],
            [
              78.19606942036745,
              17.071752984348986
            ],
            [
              78.19614139967786,
              17.071688125378458
            ],
            [
              78.19554533249726,
              17.069194259094388
            ],
            [
              78.19482579017719,
              17.069441764977864
            ]
          ]
        ]
      }
    },
    {
      "type": "Feature",
      "id": "TG-RR-FNR-BRG-0169",
      "properties": {
        "parcel_id": "TG-RR-FNR-BRG-0169",
        "survey_no": "169",
        "survey_display": "169",
        "document_id": "DOC-BRG-0169",
        "village": "Burgul",
        "mandal": "Farooqnagar",
        "district": "Rangareddy",
        "state": "Telangana",
        "owner_name": "G. Srinivas Reddy",
        "ocr_owner": "G. Srinivas Reddy",
        "area_acres": 2.34,
        "ocr_area_acres": 2.34,
        "area_sq_meters": 9469.7,
        "centroid_lat": 17.070323,
        "centroid_lon": 78.200705,
        "verification_status": "VERIFIED",
        "validation_issue": "",
        "confidence_score": 0.95,
        "mutation_status": "APPROVED",
        "khata_number": "KH-169",
        "ulpin": "TG17060169987X"
      },
      "geometry": {
        "type": "Polygon",
        "coordinates": [
          [
            [
              78.2009694372334,
              17.071016923217655
            ],
            [
              78.20104525111049,
              17.071008238606286
            ],
            [
              78.20110343872184,
              17.070985109183702
            ],
            [
              78.20093354090706,
              17.069452601253886
            ],
            [
              78.20006440732527,
              17.07042059546877
            ],
            [
              78.2009694372334,
              17.071016923217655
            ]
          ]
        ]
      }
    },
    {
      "type": "Feature",
      "id": "TG-RR-FNR-BRG-0170",
      "properties": {
        "parcel_id": "TG-RR-FNR-BRG-0170",
        "survey_no": "170",
        "survey_display": "170",
        "document_id": "DOC-BRG-0170",
        "village": "Burgul",
        "mandal": "Farooqnagar",
        "district": "Rangareddy",
        "state": "Telangana",
        "owner_name": "K. Venkateshwar Rao",
        "ocr_owner": "K. Venkateshwar Rao",
        "area_acres": 5.53,
        "ocr_area_acres": 5.53,
        "area_sq_meters": 22379.1,
        "centroid_lat": 17.070323,
        "centroid_lon": 78.17185,
        "verification_status": "VERIFIED",
        "validation_issue": "",
        "confidence_score": 0.91,
        "mutation_status": "APPROVED",
        "khata_number": "KH-170",
        "ulpin": "TG17060170987X"
      },
      "geometry": {
        "type": "Polygon",
        "coordinates": [
          [
            [
              78.1710888205148,
              17.069719107766808
            ],
            [
              78.17102736957916,
              17.070434418671685
            ],
            [
              78.17178171460486,
              17.07113466438889
            ],
            [
              78.17294442863076,
              17.07069689043205
            ],
            [
              78.17298350916867,
              17.070631091255958
            ],
            [
              78.17170166312634,
              17.069441680025744
            ],
            [
              78.17111187791069,
              17.069668552746585
            ],
            [
              78.1710888205148,
              17.069719107766808
            ]
          ]
        ]
      }
    },
    {
      "type": "Feature",
      "id": "TG-RR-FNR-BRG-0171",
      "properties": {
        "parcel_id": "TG-RR-FNR-BRG-0171",
        "survey_no": "171",
        "survey_display": "171",
        "document_id": "DOC-BRG-0171",
        "village": "Burgul",
        "mandal": "Farooqnagar",
        "district": "Rangareddy",
        "state": "Telangana",
        "owner_name": "M. Lakshmi Bai",
        "ocr_owner": "M. Lakshmi Bai",
        "area_acres": 4.55,
        "ocr_area_acres": 4.55,
        "area_sq_meters": 18413.2,
        "centroid_lat": 17.069744,
        "centroid_lon": 78.179813,
        "verification_status": "VERIFIED",
        "validation_issue": "",
        "confidence_score": 0.96,
        "mutation_status": "APPROVED",
        "khata_number": "KH-171",
        "ulpin": "TG17060171987X"
      },
      "geometry": {
        "type": "Polygon",
        "coordinates": [
          [
            [
              78.18024576072895,
              17.069031389994592
            ],
            [
              78.17943009376502,
              17.069197631685014
            ],
            [
              78.17924853740483,
              17.069317271350748
            ],
            [
              78.17901045735464,
              17.07007448912572
            ],
            [
              78.18003094257179,
              17.07061167247598
            ],
            [
              78.1804393839009,
              17.069742406896296
            ],
            [
              78.18056113312853,
              17.069201273828668
            ],
            [
              78.18024576072895,
              17.069031389994592
            ]
          ]
        ]
      }
    },
    {
      "type": "Feature",
      "id": "TG-RR-FNR-BRG-0172",
      "properties": {
        "parcel_id": "TG-RR-FNR-BRG-0172",
        "survey_no": "172",
        "survey_display": "172",
        "document_id": "DOC-BRG-0172",
        "village": "Burgul",
        "mandal": "Farooqnagar",
        "district": "Rangareddy",
        "state": "Telangana",
        "owner_name": "P. Anjaneyulu",
        "ocr_owner": "P. Anjaneyulu",
        "area_acres": 5.7,
        "ocr_area_acres": 5.7,
        "area_sq_meters": 23067.1,
        "centroid_lat": 17.070001,
        "centroid_lon": 78.185036,
        "verification_status": "VERIFIED",
        "validation_issue": "",
        "confidence_score": 0.96,
        "mutation_status": "APPROVED",
        "khata_number": "KH-172",
        "ulpin": "TG17060172987X"
      },
      "geometry": {
        "type": "Polygon",
        "coordinates": [
          [
            [
              78.18606545358085,
              17.069667566649745
            ],
            [
              78.18459605332497,
              17.06933146582671
            ],
            [
              78.18401972240719,
              17.06966034743579
            ],
            [
              78.1842976727074,
              17.070415381088065
            ],
            [
              78.18516338588162,
              17.070807090120343
            ],
            [
              78.18622926699364,
              17.06986444846897
            ],
            [
              78.18606545358085,
              17.069667566649745
            ]
          ]
        ]
      }
    },
    {
      "type": "Feature",
      "id": "TG-RR-FNR-BRG-0173",
      "properties": {
        "parcel_id": "TG-RR-FNR-BRG-0173",
        "survey_no": "173",
        "survey_display": "173",
        "document_id": "DOC-BRG-0173",
        "village": "Burgul",
        "mandal": "Farooqnagar",
        "district": "Rangareddy",
        "state": "Telangana",
        "owner_name": "B. Satyanarayana",
        "ocr_owner": "B. Satyanarayana",
        "area_acres": 5.36,
        "ocr_area_acres": 5.36,
        "area_sq_meters": 21691.2,
        "centroid_lat": 17.070334,
        "centroid_lon": 78.182228,
        "verification_status": "VERIFIED",
        "validation_issue": "",
        "confidence_score": 0.89,
        "mutation_status": "APPROVED",
        "khata_number": "KH-173",
        "ulpin": "TG17060173987X"
      },
      "geometry": {
        "type": "Polygon",
        "coordinates": [
          [
            [
              78.18171125226135,
              17.071061768583693
            ],
            [
              78.18173637280876,
              17.07109531160541
            ],
            [
              78.18210652622247,
              17.071237999637756
            ],
            [
              78.18261435448821,
              17.07101598622728
            ],
            [
              78.18307378268216,
              17.06978969854458
            ],
            [
              78.18263069646262,
              17.06955144095911
            ],
            [
              78.18144544676697,
              17.069836470197778
            ],
            [
              78.18171125226135,
              17.071061768583693
            ]
          ]
        ]
      }
    },
    {
      "type": "Feature",
      "id": "TG-RR-FNR-BRG-0174",
      "properties": {
        "parcel_id": "TG-RR-FNR-BRG-0174",
        "survey_no": "174",
        "survey_display": "174",
        "document_id": "DOC-BRG-0174",
        "village": "Burgul",
        "mandal": "Farooqnagar",
        "district": "Rangareddy",
        "state": "Telangana",
        "owner_name": "T. Ramaiah",
        "ocr_owner": "T. Ramaiah",
        "area_acres": 7.83,
        "ocr_area_acres": 7.83,
        "area_sq_meters": 31686.9,
        "centroid_lat": 17.070038,
        "centroid_lon": 78.201703,
        "verification_status": "VERIFIED",
        "validation_issue": "",
        "confidence_score": 0.96,
        "mutation_status": "APPROVED",
        "khata_number": "KH-174",
        "ulpin": "TG17060174987X"
      },
      "geometry": {
        "type": "Polygon",
        "coordinates": [
          [
            [
              78.20225964405667,
              17.071017949680726
            ],
            [
              78.2024491687241,
              17.070592758064127
            ],
            [
              78.20238569739354,
              17.069207752868998
            ],
            [
              78.20208113651536,
              17.069114369401657
            ],
            [
              78.2011498596855,
              17.069010157607902
            ],
            [
              78.2009618565695,
              17.069290971002562
            ],
            [
              78.20093354090704,
              17.069452601253886
            ],
            [
              78.20110343872183,
              17.070985109183706
            ],
            [
              78.2021445331831,
              17.071073438960866
            ],
            [
              78.20225964405667,
              17.071017949680726
            ]
          ]
        ]
      }
    },
    {
      "type": "Feature",
      "id": "TG-RR-FNR-BRG-0175",
      "properties": {
        "parcel_id": "TG-RR-FNR-BRG-0175",
        "survey_no": "175",
        "survey_display": "175",
        "document_id": "DOC-BRG-0175",
        "village": "Burgul",
        "mandal": "Farooqnagar",
        "district": "Rangareddy",
        "state": "Telangana",
        "owner_name": "Ch. Madhava Reddy",
        "ocr_owner": "Ch. Madhava Reddy",
        "area_acres": 8.09,
        "ocr_area_acres": 8.09,
        "area_sq_meters": 32739.1,
        "centroid_lat": 17.070256,
        "centroid_lon": 78.196402,
        "verification_status": "VERIFIED",
        "validation_issue": "",
        "confidence_score": 0.96,
        "mutation_status": "APPROVED",
        "khata_number": "KH-175",
        "ulpin": "TG17060175987X"
      },
      "geometry": {
        "type": "Polygon",
        "coordinates": [
          [
            [
              78.19696150886259,
              17.071176538147785
            ],
            [
              78.19725019064343,
              17.070358229657565
            ],
            [
              78.19714172656366,
              17.069862892638884
            ],
            [
              78.19671432314786,
              17.069352661403403
            ],
            [
              78.19579105943274,
              17.069027577275346
            ],
            [
              78.19577162234623,
              17.069033330364295
            ],
            [
              78.19554533249726,
              17.069194259094385
            ],
            [
              78.19614139967786,
              17.071688125378458
            ],
            [
              78.19696150886259,
              17.071176538147785
            ]
          ]
        ]
      }
    },
    {
      "type": "Feature",
      "id": "TG-RR-FNR-BRG-0176",
      "properties": {
        "parcel_id": "TG-RR-FNR-BRG-0176",
        "survey_no": "176",
        "survey_display": "176",
        "document_id": "DOC-BRG-0176",
        "village": "Burgul",
        "mandal": "Farooqnagar",
        "district": "Rangareddy",
        "state": "Telangana",
        "owner_name": "V. Narsimha",
        "ocr_owner": "V. Narsimha",
        "area_acres": 3.16,
        "ocr_area_acres": 3.16,
        "area_sq_meters": 12788.1,
        "centroid_lat": 17.070098,
        "centroid_lon": 78.170379,
        "verification_status": "VERIFIED",
        "validation_issue": "",
        "confidence_score": 0.9,
        "mutation_status": "APPROVED",
        "khata_number": "KH-176",
        "ulpin": "TG17060176987X"
      },
      "geometry": {
        "type": "Polygon",
        "coordinates": [
          [
            [
              78.17000686110329,
              17.070436207640466
            ],
            [
              78.170605128092,
              17.070630653631603
            ],
            [
              78.17102736957916,
              17.07043441867169
            ],
            [
              78.1710888205148,
              17.069719107766808
            ],
            [
              78.16986580994013,
              17.069704334725877
            ],
            [
              78.1694412196125,
              17.069973222542572
            ],
            [
              78.17000686110329,
              17.070436207640466
            ]
          ]
        ]
      }
    },
    {
      "type": "Feature",
      "id": "TG-RR-FNR-BRG-0177",
      "properties": {
        "parcel_id": "TG-RR-FNR-BRG-0177",
        "survey_no": "177",
        "survey_display": "177",
        "document_id": "DOC-BRG-0177",
        "village": "Burgul",
        "mandal": "Farooqnagar",
        "district": "Rangareddy",
        "state": "Telangana",
        "owner_name": "S. Kistamma",
        "ocr_owner": "S. Kistamma",
        "area_acres": 6.92,
        "ocr_area_acres": 6.92,
        "area_sq_meters": 28004.3,
        "centroid_lat": 17.069883,
        "centroid_lon": 78.203273,
        "verification_status": "VERIFIED",
        "validation_issue": "",
        "confidence_score": 0.98,
        "mutation_status": "APPROVED",
        "khata_number": "KH-177",
        "ulpin": "TG17060177987X"
      },
      "geometry": {
        "type": "Polygon",
        "coordinates": [
          [
            [
              78.20238569739354,
              17.069207752868998
            ],
            [
              78.2024491687241,
              17.070592758064105
            ],
            [
              78.20472361036288,
              17.070389055449862
            ],
            [
              78.20339500720812,
              17.069089370783697
            ],
            [
              78.20262554639572,
              17.069052814211886
            ],
            [
              78.20238569739354,
              17.069207752868998
            ]
          ]
        ]
      }
    },
    {
      "type": "Feature",
      "id": "TG-RR-FNR-BRG-0178",
      "properties": {
        "parcel_id": "TG-RR-FNR-BRG-0178",
        "survey_no": "178",
        "survey_display": "178",
        "document_id": "DOC-BRG-0178",
        "village": "Burgul",
        "mandal": "Farooqnagar",
        "district": "Rangareddy",
        "state": "Telangana",
        "owner_name": "A. Balraj",
        "ocr_owner": "A. Balraj",
        "area_acres": 4.47,
        "ocr_area_acres": 4.83,
        "area_sq_meters": 18089.5,
        "centroid_lat": 17.07018,
        "centroid_lon": 78.175419,
        "verification_status": "CONFLICT",
        "validation_issue": "Area mismatch: Document states 4.83 Acres vs GIS 4.47 Acres (8.0% diff)",
        "confidence_score": 0.68,
        "mutation_status": "APPROVED",
        "khata_number": "KH-178",
        "ulpin": "TG17060178987X"
      },
      "geometry": {
        "type": "Polygon",
        "coordinates": [
          [
            [
              78.17402266471021,
              17.06939249710257
            ],
            [
              78.17583120418965,
              17.071028305464438
            ],
            [
              78.17634849698563,
              17.070723534010998
            ],
            [
              78.17668179017723,
              17.07048190846594
            ],
            [
              78.17443903929441,
              17.069310790652622
            ],
            [
              78.17402266471021,
              17.06939249710257
            ]
          ]
        ]
      }
    },
    {
      "type": "Feature",
      "id": "TG-RR-FNR-BRG-0179",
      "properties": {
        "parcel_id": "TG-RR-FNR-BRG-0179",
        "survey_no": "179",
        "survey_display": "179",
        "document_id": "DOC-BRG-0179",
        "village": "Burgul",
        "mandal": "Farooqnagar",
        "district": "Rangareddy",
        "state": "Telangana",
        "owner_name": "M. Mallesh Goud",
        "ocr_owner": "M. Mallesh Goud",
        "area_acres": 2.79,
        "ocr_area_acres": 2.79,
        "area_sq_meters": 11290.7,
        "centroid_lat": 17.06987,
        "centroid_lon": 78.200043,
        "verification_status": "VERIFIED",
        "validation_issue": "",
        "confidence_score": 0.94,
        "mutation_status": "APPROVED",
        "khata_number": "KH-179",
        "ulpin": "TG17060179987X"
      },
      "geometry": {
        "type": "Polygon",
        "coordinates": [
          [
            [
              78.20096185656952,
              17.06929097100256
            ],
            [
              78.19922893295598,
              17.069773408787114
            ],
            [
              78.19922282450403,
              17.069816083046728
            ],
            [
              78.19953400284484,
              17.07032609519629
            ],
            [
              78.20006440732527,
              17.070420595468764
            ],
            [
              78.20093354090704,
              17.069452601253886
            ],
            [
              78.20096185656952,
              17.06929097100256
            ]
          ]
        ]
      }
    },
    {
      "type": "Feature",
      "id": "TG-RR-FNR-BRG-0180",
      "properties": {
        "parcel_id": "TG-RR-FNR-BRG-0180",
        "survey_no": "180",
        "survey_display": "180",
        "document_id": "DOC-BRG-0180",
        "village": "Burgul",
        "mandal": "Farooqnagar",
        "district": "Rangareddy",
        "state": "Telangana",
        "owner_name": "K. Chandraiah",
        "ocr_owner": "K. Chandraiah",
        "area_acres": 6.97,
        "ocr_area_acres": 6.97,
        "area_sq_meters": 28206.6,
        "centroid_lat": 17.069947,
        "centroid_lon": 78.178195,
        "verification_status": "VERIFIED",
        "validation_issue": "",
        "confidence_score": 0.97,
        "mutation_status": "APPROVED",
        "khata_number": "KH-180",
        "ulpin": "TG17060180987X"
      },
      "geometry": {
        "type": "Polygon",
        "coordinates": [
          [
            [
              78.17702259166087,
              17.0704553550595
            ],
            [
              78.17729256086724,
              17.07064276322606
            ],
            [
              78.17772491589342,
              17.070782349368066
            ],
            [
              78.17840317018617,
              17.070730568353138
            ],
            [
              78.17901045735465,
              17.070074489125727
            ],
            [
              78.17924853740485,
              17.069317271350734
            ],
            [
              78.17814027718985,
              17.068982923386187
            ],
            [
              78.17702259166087,
              17.0704553550595
            ]
          ]
        ]
      }
    },
    {
      "type": "Feature",
      "id": "TG-RR-FNR-BRG-0181",
      "properties": {
        "parcel_id": "TG-RR-FNR-BRG-0181",
        "survey_no": "181",
        "survey_display": "181",
        "document_id": "DOC-BRG-0181",
        "village": "Burgul",
        "mandal": "Farooqnagar",
        "district": "Rangareddy",
        "state": "Telangana",
        "owner_name": "J. Ramachandra Reddy",
        "ocr_owner": "J. Ramachandra Reddy",
        "area_acres": 3.73,
        "ocr_area_acres": 3.73,
        "area_sq_meters": 15094.8,
        "centroid_lat": 17.069873,
        "centroid_lon": 78.193645,
        "verification_status": "VERIFIED",
        "validation_issue": "",
        "confidence_score": 0.96,
        "mutation_status": "APPROVED",
        "khata_number": "KH-181",
        "ulpin": "TG17060181987X"
      },
      "geometry": {
        "type": "Polygon",
        "coordinates": [
          [
            [
              78.19274176654145,
              17.069894957879576
            ],
            [
              78.19302595377258,
              17.070380594520774
            ],
            [
              78.19459666310578,
              17.0700663796692
            ],
            [
              78.19472806156337,
              17.06963850993377
            ],
            [
              78.19297115374467,
              17.06941215134215
            ],
            [
              78.19274176654145,
              17.069894957879576
            ]
          ]
        ]
      }
    },
    {
      "type": "Feature",
      "id": "TG-RR-FNR-BRG-0182",
      "properties": {
        "parcel_id": "TG-RR-FNR-BRG-0182",
        "survey_no": "182",
        "survey_display": "182",
        "document_id": "DOC-BRG-0182",
        "village": "Burgul",
        "mandal": "Farooqnagar",
        "district": "Rangareddy",
        "state": "Telangana",
        "owner_name": "D. Gopal Rao",
        "ocr_owner": "D. Gopal Rao",
        "area_acres": 4.01,
        "ocr_area_acres": 4.01,
        "area_sq_meters": 16227.9,
        "centroid_lat": 17.069619,
        "centroid_lon": 78.175706,
        "verification_status": "VERIFIED",
        "validation_issue": "",
        "confidence_score": 0.9,
        "mutation_status": "APPROVED",
        "khata_number": "KH-182",
        "ulpin": "TG17060182987X"
      },
      "geometry": {
        "type": "Polygon",
        "coordinates": [
          [
            [
              78.1744390392944,
              17.069310790652622
            ],
            [
              78.17668179017723,
              17.070481908465943
            ],
            [
              78.17680770962579,
              17.070410225425423
            ],
            [
              78.17669365555795,
              17.070084504714842
            ],
            [
              78.17555884689263,
              17.06889408090796
            ],
            [
              78.1744390392944,
              17.069310790652622
            ]
          ]
        ]
      }
    },
    {
      "type": "Feature",
      "id": "TG-RR-FNR-BRG-0183",
      "properties": {
        "parcel_id": "TG-RR-FNR-BRG-0183",
        "survey_no": "183",
        "survey_display": "183",
        "document_id": "DOC-BRG-0183",
        "village": "Burgul",
        "mandal": "Farooqnagar",
        "district": "Rangareddy",
        "state": "Telangana",
        "owner_name": "R. Prabhakar",
        "ocr_owner": "R. Prabhakar",
        "area_acres": 5.65,
        "ocr_area_acres": 5.65,
        "area_sq_meters": 22864.8,
        "centroid_lat": 17.069677,
        "centroid_lon": 78.198208,
        "verification_status": "VERIFIED",
        "validation_issue": "",
        "confidence_score": 0.89,
        "mutation_status": "APPROVED",
        "khata_number": "KH-183",
        "ulpin": "TG17060183987X"
      },
      "geometry": {
        "type": "Polygon",
        "coordinates": [
          [
            [
              78.19922893295598,
              17.06977340878711
            ],
            [
              78.19908950314714,
              17.06918335818472
            ],
            [
              78.19824176020784,
              17.06887746186198
            ],
            [
              78.19714172656366,
              17.06986289263888
            ],
            [
              78.19725019064343,
              17.07035822965754
            ],
            [
              78.19827614403196,
              17.070239524265407
            ],
            [
              78.19876313631241,
              17.070047502595166
            ],
            [
              78.19922282450403,
              17.069816083046735
            ],
            [
              78.19922893295598,
              17.06977340878711
            ]
          ]
        ]
      }
    },
    {
      "type": "Feature",
      "id": "TG-RR-FNR-BRG-0184",
      "properties": {
        "parcel_id": "TG-RR-FNR-BRG-0184",
        "survey_no": "184",
        "survey_display": "184",
        "document_id": "DOC-BRG-0184",
        "village": "Burgul",
        "mandal": "Farooqnagar",
        "district": "Rangareddy",
        "state": "Telangana",
        "owner_name": "E. Yadagiri",
        "ocr_owner": "E. Yadagiri",
        "area_acres": 7.29,
        "ocr_area_acres": 7.29,
        "area_sq_meters": 29501.6,
        "centroid_lat": 17.069544,
        "centroid_lon": 78.172905,
        "verification_status": "VERIFIED",
        "validation_issue": "",
        "confidence_score": 0.97,
        "mutation_status": "APPROVED",
        "khata_number": "KH-184",
        "ulpin": "TG17060184987X"
      },
      "geometry": {
        "type": "Polygon",
        "coordinates": [
          [
            [
              78.17350707847243,
              17.070195366032287
            ],
            [
              78.17386980473538,
              17.06937202311597
            ],
            [
              78.1735344271456,
              17.068638354031307
            ],
            [
              78.17350943537862,
              17.068629791086433
            ],
            [
              78.17196857493207,
              17.069088660489374
            ],
            [
              78.17170166312634,
              17.069441680025747
            ],
            [
              78.17298350916867,
              17.070631091255954
            ],
            [
              78.17350707847243,
              17.070195366032287
            ]
          ]
        ]
      }
    },
    {
      "type": "Feature",
      "id": "TG-RR-FNR-BRG-0185",
      "properties": {
        "parcel_id": "TG-RR-FNR-BRG-0185",
        "survey_no": "185",
        "survey_display": "185",
        "document_id": "DOC-BRG-0185",
        "village": "Burgul",
        "mandal": "Farooqnagar",
        "district": "Rangareddy",
        "state": "Telangana",
        "owner_name": "N. Shankaraiah",
        "ocr_owner": "N. Shankaraiah",
        "area_acres": 5.63,
        "ocr_area_acres": 5.63,
        "area_sq_meters": 22783.8,
        "centroid_lat": 17.069265,
        "centroid_lon": 78.190471,
        "verification_status": "REVIEW_REQUIRED",
        "validation_issue": "Low OCR confidence in handwritten Tippon annotation",
        "confidence_score": 0.62,
        "mutation_status": "APPROVED",
        "khata_number": "KH-185",
        "ulpin": "TG17060185987X"
      },
      "geometry": {
        "type": "Polygon",
        "coordinates": [
          [
            [
              78.1912650618888,
              17.06970836544795
            ],
            [
              78.19105009811715,
              17.068667189659774
            ],
            [
              78.19018671383476,
              17.068304736637298
            ],
            [
              78.18997409029907,
              17.068436142000664
            ],
            [
              78.18978546764696,
              17.070013594509305
            ],
            [
              78.19015610623,
              17.07014108200662
            ],
            [
              78.19123941133897,
              17.0697478879792
            ],
            [
              78.1912650618888,
              17.06970836544795
            ]
          ]
        ]
      }
    },
    {
      "type": "Feature",
      "id": "TG-RR-FNR-BRG-0186",
      "properties": {
        "parcel_id": "TG-RR-FNR-BRG-0186",
        "survey_no": "186",
        "survey_display": "186",
        "document_id": "DOC-BRG-0186",
        "village": "Burgul",
        "mandal": "Farooqnagar",
        "district": "Rangareddy",
        "state": "Telangana",
        "owner_name": "P. Suseela",
        "ocr_owner": "P. Suseela",
        "area_acres": 1.85,
        "ocr_area_acres": 1.85,
        "area_sq_meters": 7486.7,
        "centroid_lat": 17.06941,
        "centroid_lon": 78.170502,
        "verification_status": "VERIFIED",
        "validation_issue": "",
        "confidence_score": 0.91,
        "mutation_status": "APPROVED",
        "khata_number": "KH-186",
        "ulpin": "TG17060186987X"
      },
      "geometry": {
        "type": "Polygon",
        "coordinates": [
          [
            [
              78.16986580994013,
              17.069704334725877
            ],
            [
              78.1710888205148,
              17.069719107766808
            ],
            [
              78.17111187791069,
              17.069668552746577
            ],
            [
              78.17066762902344,
              17.06885633153035
            ],
            [
              78.1699632517861,
              17.06937272310505
            ],
            [
              78.16986580994013,
              17.069704334725877
            ]
          ]
        ]
      }
    },
    {
      "type": "Feature",
      "id": "TG-RR-FNR-BRG-0187",
      "properties": {
        "parcel_id": "TG-RR-FNR-BRG-0187",
        "survey_no": "187",
        "survey_display": "187",
        "document_id": "DOC-BRG-0187",
        "village": "Burgul",
        "mandal": "Farooqnagar",
        "district": "Rangareddy",
        "state": "Telangana",
        "owner_name": "B. Vittal Reddy",
        "ocr_owner": "B. Vittal Reddy",
        "area_acres": 4.71,
        "ocr_area_acres": 4.71,
        "area_sq_meters": 19060.7,
        "centroid_lat": 17.068986,
        "centroid_lon": 78.19379,
        "verification_status": "VERIFIED",
        "validation_issue": "",
        "confidence_score": 0.98,
        "mutation_status": "APPROVED",
        "khata_number": "KH-187",
        "ulpin": "TG17060187987X"
      },
      "geometry": {
        "type": "Polygon",
        "coordinates": [
          [
            [
              78.19330193337538,
              17.068177873569038
            ],
            [
              78.19297115374467,
              17.06941215134215
            ],
            [
              78.19472806156337,
              17.06963850993377
            ],
            [
              78.19482579017719,
              17.06944176497786
            ],
            [
              78.19363279902808,
              17.068075134500834
            ],
            [
              78.19330193337538,
              17.068177873569038
            ]
          ]
        ]
      }
    },
    {
      "type": "Feature",
      "id": "TG-RR-FNR-BRG-0188",
      "properties": {
        "parcel_id": "TG-RR-FNR-BRG-0188",
        "survey_no": "188",
        "survey_display": "188",
        "document_id": "DOC-BRG-0188",
        "village": "Burgul",
        "mandal": "Farooqnagar",
        "district": "Rangareddy",
        "state": "Telangana",
        "owner_name": "K. Padma",
        "ocr_owner": "K. Padma",
        "area_acres": 1.89,
        "ocr_area_acres": 1.89,
        "area_sq_meters": 7648.6,
        "centroid_lat": 17.069304,
        "centroid_lon": 78.189657,
        "verification_status": "VERIFIED",
        "validation_issue": "",
        "confidence_score": 0.96,
        "mutation_status": "APPROVED",
        "khata_number": "KH-188",
        "ulpin": "TG17060188987X"
      },
      "geometry": {
        "type": "Polygon",
        "coordinates": [
          [
            [
              78.18964448830639,
              17.06855802288795
            ],
            [
              78.18958903479148,
              17.068615992803092
            ],
            [
              78.18926915446004,
              17.069993669159242
            ],
            [
              78.18978546764694,
              17.0700135945093
            ],
            [
              78.18997409029906,
              17.06843614200067
            ],
            [
              78.18964448830639,
              17.06855802288795
            ]
          ]
        ]
      }
    },
    {
      "type": "Feature",
      "id": "TG-RR-FNR-BRG-0189",
      "properties": {
        "parcel_id": "TG-RR-FNR-BRG-0189",
        "survey_no": "189",
        "survey_display": "189",
        "document_id": "DOC-BRG-0189",
        "village": "Burgul",
        "mandal": "Farooqnagar",
        "district": "Rangareddy",
        "state": "Telangana",
        "owner_name": "G. Lingaiah",
        "ocr_owner": "G. Lingaiah",
        "area_acres": 4.63,
        "ocr_area_acres": 4.63,
        "area_sq_meters": 18737.0,
        "centroid_lat": 17.069145,
        "centroid_lon": 78.181744,
        "verification_status": "VERIFIED",
        "validation_issue": "",
        "confidence_score": 0.88,
        "mutation_status": "APPROVED",
        "khata_number": "KH-189",
        "ulpin": "TG17060189987X"
      },
      "geometry": {
        "type": "Polygon",
        "coordinates": [
          [
            [
              78.18189732580366,
              17.06824174352219
            ],
            [
              78.18079788542903,
              17.069198382641705
            ],
            [
              78.18144544676697,
              17.06983647019778
            ],
            [
              78.18263069646264,
              17.06955144095911
            ],
            [
              78.18202909436076,
              17.068339923914223
            ],
            [
              78.18189732580366,
              17.06824174352219
            ]
          ]
        ]
      }
    },
    {
      "type": "Feature",
      "id": "TG-RR-FNR-BRG-0190",
      "properties": {
        "parcel_id": "TG-RR-FNR-BRG-0190",
        "survey_no": "190",
        "survey_display": "190",
        "document_id": "DOC-BRG-0190",
        "village": "Burgul",
        "mandal": "Farooqnagar",
        "district": "Rangareddy",
        "state": "Telangana",
        "owner_name": "M. Krishna Murthy",
        "ocr_owner": "M. Krishna Murthy",
        "area_acres": 2.66,
        "ocr_area_acres": 2.66,
        "area_sq_meters": 10764.6,
        "centroid_lat": 17.06953,
        "centroid_lon": 78.169326,
        "verification_status": "VERIFIED",
        "validation_issue": "",
        "confidence_score": 0.97,
        "mutation_status": "APPROVED",
        "khata_number": "KH-190",
        "ulpin": "TG17060190987X"
      },
      "geometry": {
        "type": "Polygon",
        "coordinates": [
          [
            [
              78.1694412196125,
              17.06997322254257
            ],
            [
              78.16986580994013,
              17.069704334725877
            ],
            [
              78.1699632517861,
              17.069372723105058
            ],
            [
              78.1697862928746,
              17.069003199657914
            ],
            [
              78.16922575897267,
              17.069054610323253
            ],
            [
              78.16845534806967,
              17.069911089853626
            ],
            [
              78.1694412196125,
              17.06997322254257
            ]
          ]
        ]
      }
    },
    {
      "type": "Feature",
      "id": "TG-RR-FNR-BRG-0191",
      "properties": {
        "parcel_id": "TG-RR-FNR-BRG-0191",
        "survey_no": "191",
        "survey_display": "191",
        "document_id": "DOC-BRG-0191",
        "village": "Burgul",
        "mandal": "Farooqnagar",
        "district": "Rangareddy",
        "state": "Telangana",
        "owner_name": "S. Venkat Reddy",
        "ocr_owner": "S. Venkat Reddy",
        "area_acres": 4.52,
        "ocr_area_acres": 4.52,
        "area_sq_meters": 18291.8,
        "centroid_lat": 17.069531,
        "centroid_lon": 78.188726,
        "verification_status": "VERIFIED",
        "validation_issue": "",
        "confidence_score": 0.91,
        "mutation_status": "APPROVED",
        "khata_number": "KH-191",
        "ulpin": "TG17060191987X"
      },
      "geometry": {
        "type": "Polygon",
        "coordinates": [
          [
            [
              78.18781151049721,
              17.069519388591104
            ],
            [
              78.18770861816915,
              17.069978984829934
            ],
            [
              78.18879899622847,
              17.070137073754484
            ],
            [
              78.18926915446004,
              17.069993669159235
            ],
            [
              78.18958903479148,
              17.068615992803096
            ],
            [
              78.18781151049721,
              17.069519388591104
            ]
          ]
        ]
      }
    },
    {
      "type": "Feature",
      "id": "TG-RR-FNR-BRG-0192",
      "properties": {
        "parcel_id": "TG-RR-FNR-BRG-0192",
        "survey_no": "192",
        "survey_display": "192",
        "document_id": "DOC-BRG-0192",
        "village": "Burgul",
        "mandal": "Farooqnagar",
        "district": "Rangareddy",
        "state": "Telangana",
        "owner_name": "A. Jagadeeshwar",
        "ocr_owner": "A. Jagadeeshwar",
        "area_acres": 4.75,
        "ocr_area_acres": 4.75,
        "area_sq_meters": 19222.6,
        "centroid_lat": 17.069096,
        "centroid_lon": 78.199978,
        "verification_status": "VERIFIED",
        "validation_issue": "",
        "confidence_score": 0.89,
        "mutation_status": "APPROVED",
        "khata_number": "KH-192",
        "ulpin": "TG17060192987X"
      },
      "geometry": {
        "type": "Polygon",
        "coordinates": [
          [
            [
              78.19908950314714,
              17.069183358184727
            ],
            [
              78.19922893295598,
              17.069773408787118
            ],
            [
              78.20096185656952,
              17.06929097100256
            ],
            [
              78.2011498596855,
              17.06901015760791
            ],
            [
              78.20109128478492,
              17.06892654801902
            ],
            [
              78.19957312217136,
              17.068396550712485
            ],
            [
              78.19908950314714,
              17.069183358184727
            ]
          ]
        ]
      }
    },
    {
      "type": "Feature",
      "id": "TG-RR-FNR-BRG-0193",
      "properties": {
        "parcel_id": "TG-RR-FNR-BRG-0193",
        "survey_no": "193",
        "survey_display": "193",
        "document_id": "DOC-BRG-0193",
        "village": "Burgul",
        "mandal": "Farooqnagar",
        "district": "Rangareddy",
        "state": "Telangana",
        "owner_name": "G. Srinivas Reddy",
        "ocr_owner": "G. Srinivas Reddy",
        "area_acres": 1.25,
        "ocr_area_acres": 1.25,
        "area_sq_meters": 5058.6,
        "centroid_lat": 17.068868,
        "centroid_lon": 78.170249,
        "verification_status": "VERIFIED",
        "validation_issue": "",
        "confidence_score": 0.96,
        "mutation_status": "APPROVED",
        "khata_number": "KH-193",
        "ulpin": "TG17060193987X"
      },
      "geometry": {
        "type": "Polygon",
        "coordinates": [
          [
            [
              78.17052753319513,
              17.068306500449538
            ],
            [
              78.1697862928746,
              17.069003199657917
            ],
            [
              78.1699632517861,
              17.069372723105054
            ],
            [
              78.17066762902344,
              17.068856331530352
            ],
            [
              78.17052753319513,
              17.068306500449538
            ]
          ]
        ]
      }
    },
    {
      "type": "Feature",
      "id": "TG-RR-FNR-BRG-0194",
      "properties": {
        "parcel_id": "TG-RR-FNR-BRG-0194",
        "survey_no": "194",
        "survey_display": "194",
        "document_id": "DOC-BRG-0194",
        "village": "Burgul",
        "mandal": "Farooqnagar",
        "district": "Rangareddy",
        "state": "Telangana",
        "owner_name": "K. Venkateshwar Rao",
        "ocr_owner": "K. Venkateshwar Rao",
        "area_acres": 8.66,
        "ocr_area_acres": 8.66,
        "area_sq_meters": 35045.8,
        "centroid_lat": 17.06929,
        "centroid_lon": 78.204619,
        "verification_status": "VERIFIED",
        "validation_issue": "",
        "confidence_score": 0.94,
        "mutation_status": "APPROVED",
        "khata_number": "KH-194",
        "ulpin": "TG17060194987X"
      },
      "geometry": {
        "type": "Polygon",
        "coordinates": [
          [
            [
              78.20513532332996,
              17.070559873421143
            ],
            [
              78.20551610538386,
              17.070354798607614
            ],
            [
              78.2051036224998,
              17.06822340435519
            ],
            [
              78.20451264673368,
              17.068092364336728
            ],
            [
              78.2033950072081,
              17.069089370783693
            ],
            [
              78.20472361036286,
              17.07038905544986
            ],
            [
              78.20513532332996,
              17.070559873421143
            ]
          ]
        ]
      }
    },
    {
      "type": "Feature",
      "id": "TG-RR-FNR-BRG-0195",
      "properties": {
        "parcel_id": "TG-RR-FNR-BRG-0195",
        "survey_no": "195",
        "survey_display": "195",
        "document_id": "DOC-BRG-0195",
        "village": "Burgul",
        "mandal": "Farooqnagar",
        "district": "Rangareddy",
        "state": "Telangana",
        "owner_name": "M. Lakshmi Bai",
        "ocr_owner": "M. Lakshmi Bai",
        "area_acres": 8.04,
        "ocr_area_acres": 8.04,
        "area_sq_meters": 32536.8,
        "centroid_lat": 17.069029,
        "centroid_lon": 78.192166,
        "verification_status": "VERIFIED",
        "validation_issue": "",
        "confidence_score": 0.89,
        "mutation_status": "APPROVED",
        "khata_number": "KH-195",
        "ulpin": "TG17060195987X"
      },
      "geometry": {
        "type": "Polygon",
        "coordinates": [
          [
            [
              78.19105009811715,
              17.06866718965978
            ],
            [
              78.1912650618888,
              17.069708365447955
            ],
            [
              78.19274176654145,
              17.069894957879573
            ],
            [
              78.19297115374467,
              17.06941215134214
            ],
            [
              78.19330193337538,
              17.068177873569038
            ],
            [
              78.19329672102583,
              17.068175837748715
            ],
            [
              78.19125015184322,
              17.068483973463294
            ],
            [
              78.19105009811715,
              17.06866718965978
            ]
          ]
        ]
      }
    },
    {
      "type": "Feature",
      "id": "TG-RR-FNR-BRG-0196",
      "properties": {
        "parcel_id": "TG-RR-FNR-BRG-0196",
        "survey_no": "196",
        "survey_display": "196",
        "document_id": "DOC-BRG-0196",
        "village": "Burgul",
        "mandal": "Farooqnagar",
        "district": "Rangareddy",
        "state": "Telangana",
        "owner_name": "P. Anjaneyulu",
        "ocr_owner": "P. Anjaneyulu",
        "area_acres": 5.87,
        "ocr_area_acres": 5.87,
        "area_sq_meters": 23755.1,
        "centroid_lat": 17.069184,
        "centroid_lon": 78.177317,
        "verification_status": "VERIFIED",
        "validation_issue": "",
        "confidence_score": 0.93,
        "mutation_status": "APPROVED",
        "khata_number": "KH-196",
        "ulpin": "TG17060196987X"
      },
      "geometry": {
        "type": "Polygon",
        "coordinates": [
          [
            [
              78.17797710491068,
              17.06844136446704
            ],
            [
              78.17714196052432,
              17.068135969248605
            ],
            [
              78.17694042450032,
              17.068238846115197
            ],
            [
              78.17669365555795,
              17.07008450471486
            ],
            [
              78.17680770962579,
              17.070410225425427
            ],
            [
              78.17702259166086,
              17.070455355059494
            ],
            [
              78.17814027718984,
              17.0689829233862
            ],
            [
              78.17797710491068,
              17.06844136446704
            ]
          ]
        ]
      }
    },
    {
      "type": "Feature",
      "id": "TG-RR-FNR-BRG-0197",
      "properties": {
        "parcel_id": "TG-RR-FNR-BRG-0197",
        "survey_no": "197",
        "survey_display": "197",
        "document_id": "DOC-BRG-0197",
        "village": "Burgul",
        "mandal": "Farooqnagar",
        "district": "Rangareddy",
        "state": "Telangana",
        "owner_name": "B. Satyanarayana",
        "ocr_owner": "K. Chandraiah",
        "area_acres": 3.64,
        "ocr_area_acres": 3.64,
        "area_sq_meters": 14730.6,
        "centroid_lat": 17.069025,
        "centroid_lon": 78.182846,
        "verification_status": "CONFLICT",
        "validation_issue": "Owner mismatch: Deed titleholder 'B. Satyanarayana' vs Extracted 'K. Chandraiah'",
        "confidence_score": 0.44,
        "mutation_status": "APPROVED",
        "khata_number": "KH-197",
        "ulpin": "TG17060197987X"
      },
      "geometry": {
        "type": "Polygon",
        "coordinates": [
          [
            [
              78.18263069646264,
              17.069551440959117
            ],
            [
              78.18307378268217,
              17.069789698544582
            ],
            [
              78.18354093935721,
              17.06959190898246
            ],
            [
              78.18323765791658,
              17.068641284389287
            ],
            [
              78.18303405142025,
              17.068452627868968
            ],
            [
              78.18202909436074,
              17.068339923914223
            ],
            [
              78.18263069646264,
              17.069551440959117
            ]
          ]
        ]
      }
    },
    {
      "type": "Feature",
      "id": "TG-RR-FNR-BRG-0198",
      "properties": {
        "parcel_id": "TG-RR-FNR-BRG-0198",
        "survey_no": "198",
        "survey_display": "198",
        "document_id": "DOC-BRG-0198",
        "village": "Burgul",
        "mandal": "Farooqnagar",
        "district": "Rangareddy",
        "state": "Telangana",
        "owner_name": "T. Ramaiah",
        "ocr_owner": "T. Ramaiah",
        "area_acres": 4.93,
        "ocr_area_acres": 4.93,
        "area_sq_meters": 19951.0,
        "centroid_lat": 17.068802,
        "centroid_lon": 78.197486,
        "verification_status": "VERIFIED",
        "validation_issue": "",
        "confidence_score": 0.92,
        "mutation_status": "APPROVED",
        "khata_number": "KH-198",
        "ulpin": "TG17060198987X"
      },
      "geometry": {
        "type": "Polygon",
        "coordinates": [
          [
            [
              78.1976343566297,
              17.067487530277724
            ],
            [
              78.19671432314787,
              17.06935266140342
            ],
            [
              78.19714172656366,
              17.06986289263888
            ],
            [
              78.19824176020784,
              17.068877461861977
            ],
            [
              78.1976343566297,
              17.067487530277724
            ]
          ]
        ]
      }
    },
    {
      "type": "Feature",
      "id": "TG-RR-FNR-BRG-0199",
      "properties": {
        "parcel_id": "TG-RR-FNR-BRG-0199",
        "survey_no": "199",
        "survey_display": "199",
        "document_id": "DOC-BRG-0199",
        "village": "Burgul",
        "mandal": "Farooqnagar",
        "district": "Rangareddy",
        "state": "Telangana",
        "owner_name": "Ch. Madhava Reddy",
        "ocr_owner": "Ch. Madhava Reddy",
        "area_acres": 6.62,
        "ocr_area_acres": 6.62,
        "area_sq_meters": 26790.2,
        "centroid_lat": 17.068638,
        "centroid_lon": 78.185371,
        "verification_status": "VERIFIED",
        "validation_issue": "",
        "confidence_score": 0.93,
        "mutation_status": "APPROVED",
        "khata_number": "KH-199",
        "ulpin": "TG17060199987X"
      },
      "geometry": {
        "type": "Polygon",
        "coordinates": [
          [
            [
              78.18588713995733,
              17.067731310613098
            ],
            [
              78.18510953853782,
              17.06757341973393
            ],
            [
              78.18489598235382,
              17.06767675385568
            ],
            [
              78.18459605332495,
              17.06933146582671
            ],
            [
              78.18606545358085,
              17.069667566649745
            ],
            [
              78.18588713995733,
              17.067731310613098
            ]
          ]
        ]
      }
    },
    {
      "type": "Feature",
      "id": "TG-RR-FNR-BRG-0200",
      "properties": {
        "parcel_id": "TG-RR-FNR-BRG-0200",
        "survey_no": "200",
        "survey_display": "200",
        "document_id": "DOC-BRG-0200",
        "village": "Burgul",
        "mandal": "Farooqnagar",
        "district": "Rangareddy",
        "state": "Telangana",
        "owner_name": "V. Narsimha",
        "ocr_owner": "V. Narsimha",
        "area_acres": 5.13,
        "ocr_area_acres": 5.13,
        "area_sq_meters": 20760.4,
        "centroid_lat": 17.068842,
        "centroid_lon": 78.176302,
        "verification_status": "VERIFIED",
        "validation_issue": "",
        "confidence_score": 0.94,
        "mutation_status": "APPROVED",
        "khata_number": "KH-200",
        "ulpin": "TG17060200987X"
      },
      "geometry": {
        "type": "Polygon",
        "coordinates": [
          [
            [
              78.17581533476694,
              17.06794788365105
            ],
            [
              78.17555884689263,
              17.068894080907963
            ],
            [
              78.17669365555795,
              17.07008450471485
            ],
            [
              78.17694042450032,
              17.068238846115197
            ],
            [
              78.17581533476694,
              17.06794788365105
            ]
          ]
        ]
      }
    },
    {
      "type": "Feature",
      "id": "TG-RR-FNR-BRG-0201",
      "properties": {
        "parcel_id": "TG-RR-FNR-BRG-0201",
        "survey_no": "201",
        "survey_display": "201",
        "document_id": "DOC-BRG-0201",
        "village": "Burgul",
        "mandal": "Farooqnagar",
        "district": "Rangareddy",
        "state": "Telangana",
        "owner_name": "S. Kistamma",
        "ocr_owner": "S. Kistamma",
        "area_acres": 4.68,
        "ocr_area_acres": 4.68,
        "area_sq_meters": 18939.3,
        "centroid_lat": 17.068753,
        "centroid_lon": 78.171219,
        "verification_status": "VERIFIED",
        "validation_issue": "",
        "confidence_score": 0.92,
        "mutation_status": "APPROVED",
        "khata_number": "KH-201",
        "ulpin": "TG17060201987X"
      },
      "geometry": {
        "type": "Polygon",
        "coordinates": [
          [
            [
              78.17124904244835,
              17.06786230828311
            ],
            [
              78.17052813999953,
              17.06817621014712
            ],
            [
              78.17052753319513,
              17.068306500449495
            ],
            [
              78.17066762902344,
              17.068856331530323
            ],
            [
              78.1711118779107,
              17.06966855274658
            ],
            [
              78.17170166312634,
              17.069441680025744
            ],
            [
              78.17196857493207,
              17.06908866048938
            ],
            [
              78.17140139558458,
              17.067934859880204
            ],
            [
              78.17124904244835,
              17.06786230828311
            ]
          ]
        ]
      }
    },
    {
      "type": "Feature",
      "id": "TG-RR-FNR-BRG-0202",
      "properties": {
        "parcel_id": "TG-RR-FNR-BRG-0202",
        "survey_no": "202",
        "survey_display": "202",
        "document_id": "DOC-BRG-0202",
        "village": "Burgul",
        "mandal": "Farooqnagar",
        "district": "Rangareddy",
        "state": "Telangana",
        "owner_name": "A. Balraj",
        "ocr_owner": "A. Balraj",
        "area_acres": 2.57,
        "ocr_area_acres": 2.57,
        "area_sq_meters": 10400.4,
        "centroid_lat": 17.068469,
        "centroid_lon": 78.169843,
        "verification_status": "VERIFIED",
        "validation_issue": "",
        "confidence_score": 0.91,
        "mutation_status": "APPROVED",
        "khata_number": "KH-202",
        "ulpin": "TG17060202987X"
      },
      "geometry": {
        "type": "Polygon",
        "coordinates": [
          [
            [
              78.17052813999953,
              17.068176210147108
            ],
            [
              78.17006908081119,
              17.067898514193107
            ],
            [
              78.16947357197847,
              17.068140741968474
            ],
            [
              78.16922575897266,
              17.069054610323253
            ],
            [
              78.1697862928746,
              17.069003199657914
            ],
            [
              78.17052753319513,
              17.06830650044954
            ],
            [
              78.17052813999953,
              17.068176210147108
            ]
          ]
        ]
      }
    },
    {
      "type": "Feature",
      "id": "TG-RR-FNR-BRG-0203",
      "properties": {
        "parcel_id": "TG-RR-FNR-BRG-0203",
        "survey_no": "203",
        "survey_display": "203",
        "document_id": "DOC-BRG-0203",
        "village": "Burgul",
        "mandal": "Farooqnagar",
        "district": "Rangareddy",
        "state": "Telangana",
        "owner_name": "M. Mallesh Goud",
        "ocr_owner": "M. Mallesh Goud",
        "area_acres": 13.23,
        "ocr_area_acres": 13.23,
        "area_sq_meters": 53540.0,
        "centroid_lat": 17.069135,
        "centroid_lon": 78.206175,
        "verification_status": "VERIFIED",
        "validation_issue": "",
        "confidence_score": 0.89,
        "mutation_status": "APPROVED",
        "khata_number": "KH-203",
        "ulpin": "TG17060203987X"
      },
      "geometry": {
        "type": "Polygon",
        "coordinates": [
          [
            [
              78.2051036224998,
              17.06822340435519
            ],
            [
              78.20551610538388,
              17.070354798607607
            ],
            [
              78.20725220714588,
              17.070492642847043
            ],
            [
              78.20733303555944,
              17.07022321480186
            ],
            [
              78.20679800733109,
              17.068285807194574
            ],
            [
              78.20603707615247,
              17.067403142992514
            ],
            [
              78.2051036224998,
              17.06822340435519
            ]
          ]
        ]
      }
    },
    {
      "type": "Feature",
      "id": "TG-RR-FNR-BRG-0204",
      "properties": {
        "parcel_id": "TG-RR-FNR-BRG-0204",
        "survey_no": "204",
        "survey_display": "204",
        "document_id": "DOC-BRG-0204",
        "village": "Burgul",
        "mandal": "Farooqnagar",
        "district": "Rangareddy",
        "state": "Telangana",
        "owner_name": "K. Chandraiah",
        "ocr_owner": "B. Vittal Reddy",
        "area_acres": 11.66,
        "ocr_area_acres": 11.66,
        "area_sq_meters": 47186.4,
        "centroid_lat": 17.068883,
        "centroid_lon": 78.186841,
        "verification_status": "CONFLICT",
        "validation_issue": "Owner mismatch: Deed titleholder 'K. Chandraiah' vs Extracted 'B. Vittal Reddy'",
        "confidence_score": 0.44,
        "mutation_status": "APPROVED",
        "khata_number": "KH-204",
        "ulpin": "TG17060204987X"
      },
      "geometry": {
        "type": "Polygon",
        "coordinates": [
          [
            [
              78.18622926699364,
              17.069864448468966
            ],
            [
              78.18739305013004,
              17.07027111756943
            ],
            [
              78.18770861816917,
              17.06997898482992
            ],
            [
              78.18781151049721,
              17.069519388591132
            ],
            [
              78.18775388940617,
              17.068454034301702
            ],
            [
              78.18663476884164,
              17.067412755282405
            ],
            [
              78.18588713995733,
              17.067731310613095
            ],
            [
              78.18606545358085,
              17.069667566649745
            ],
            [
              78.18622926699364,
              17.069864448468966
            ]
          ]
        ]
      }
    },
    {
      "type": "Feature",
      "id": "TG-RR-FNR-BRG-0205",
      "properties": {
        "parcel_id": "TG-RR-FNR-BRG-0205",
        "survey_no": "205",
        "survey_display": "205",
        "document_id": "DOC-BRG-0205",
        "village": "Burgul",
        "mandal": "Farooqnagar",
        "district": "Rangareddy",
        "state": "Telangana",
        "owner_name": "J. Ramachandra Reddy",
        "ocr_owner": "J. Ramachandra Reddy",
        "area_acres": 4.16,
        "ocr_area_acres": 4.16,
        "area_sq_meters": 16834.9,
        "centroid_lat": 17.068603,
        "centroid_lon": 78.184329,
        "verification_status": "VERIFIED",
        "validation_issue": "",
        "confidence_score": 0.94,
        "mutation_status": "APPROVED",
        "khata_number": "KH-205",
        "ulpin": "TG17060205987X"
      },
      "geometry": {
        "type": "Polygon",
        "coordinates": [
          [
            [
              78.18401972240719,
              17.06966034743579
            ],
            [
              78.18459605332497,
              17.069331465826707
            ],
            [
              78.18489598235384,
              17.06767675385568
            ],
            [
              78.18456997844672,
              17.067659046520188
            ],
            [
              78.18409655036437,
              17.067841268788335
            ],
            [
              78.18395311187416,
              17.06809864627879
            ],
            [
              78.1838540009691,
              17.06961321181483
            ],
            [
              78.18401972240719,
              17.06966034743579
            ]
          ]
        ]
      }
    },
    {
      "type": "Feature",
      "id": "TG-RR-FNR-BRG-0206",
      "properties": {
        "parcel_id": "TG-RR-FNR-BRG-0206",
        "survey_no": "206",
        "survey_display": "206",
        "document_id": "DOC-BRG-0206",
        "village": "Burgul",
        "mandal": "Farooqnagar",
        "district": "Rangareddy",
        "state": "Telangana",
        "owner_name": "D. Gopal Rao",
        "ocr_owner": "D. Gopal Rao",
        "area_acres": 1.92,
        "ocr_area_acres": 1.92,
        "area_sq_meters": 7770.0,
        "centroid_lat": 17.068895,
        "centroid_lon": 78.183654,
        "verification_status": "VERIFIED",
        "validation_issue": "",
        "confidence_score": 0.96,
        "mutation_status": "APPROVED",
        "khata_number": "KH-206",
        "ulpin": "TG17060206987X"
      },
      "geometry": {
        "type": "Polygon",
        "coordinates": [
          [
            [
              78.18323765791658,
              17.0686412843893
            ],
            [
              78.18354093935721,
              17.06959190898246
            ],
            [
              78.1838540009691,
              17.06961321181483
            ],
            [
              78.18395311187416,
              17.06809864627877
            ],
            [
              78.18323765791658,
              17.0686412843893
            ]
          ]
        ]
      }
    },
    {
      "type": "Feature",
      "id": "TG-RR-FNR-BRG-0207",
      "properties": {
        "parcel_id": "TG-RR-FNR-BRG-0207",
        "survey_no": "207",
        "survey_display": "207",
        "document_id": "DOC-BRG-0207",
        "village": "Burgul",
        "mandal": "Farooqnagar",
        "district": "Rangareddy",
        "state": "Telangana",
        "owner_name": "R. Prabhakar",
        "ocr_owner": "R. Prabhakar",
        "area_acres": 7.05,
        "ocr_area_acres": 7.05,
        "area_sq_meters": 28530.4,
        "centroid_lat": 17.068993,
        "centroid_lon": 78.168451,
        "verification_status": "VERIFIED",
        "validation_issue": "",
        "confidence_score": 0.91,
        "mutation_status": "APPROVED",
        "khata_number": "KH-207",
        "ulpin": "TG17060207987X"
      },
      "geometry": {
        "type": "Polygon",
        "coordinates": [
          [
            [
              78.16827622005245,
              17.069966473681987
            ],
            [
              78.16845534806967,
              17.069911089853623
            ],
            [
              78.16922575897266,
              17.069054610323263
            ],
            [
              78.16947357197847,
              17.068140741968467
            ],
            [
              78.16860149802993,
              17.067958208442423
            ],
            [
              78.16719183240099,
              17.069632357637676
            ],
            [
              78.16827622005245,
              17.069966473681987
            ]
          ]
        ]
      }
    },
    {
      "type": "Feature",
      "id": "TG-RR-FNR-BRG-0208",
      "properties": {
        "parcel_id": "TG-RR-FNR-BRG-0208",
        "survey_no": "208",
        "survey_display": "208",
        "document_id": "DOC-BRG-0208",
        "village": "Burgul",
        "mandal": "Farooqnagar",
        "district": "Rangareddy",
        "state": "Telangana",
        "owner_name": "E. Yadagiri",
        "ocr_owner": "E. Yadagiri",
        "area_acres": 3.81,
        "ocr_area_acres": 3.81,
        "area_sq_meters": 15418.5,
        "centroid_lat": 17.068752,
        "centroid_lon": 78.188451,
        "verification_status": "VERIFIED",
        "validation_issue": "",
        "confidence_score": 0.94,
        "mutation_status": "APPROVED",
        "khata_number": "KH-208",
        "ulpin": "TG17060208987X"
      },
      "geometry": {
        "type": "Polygon",
        "coordinates": [
          [
            [
              78.18775388940617,
              17.0684540343017
            ],
            [
              78.18781151049721,
              17.069519388591104
            ],
            [
              78.18958903479148,
              17.068615992803092
            ],
            [
              78.18964448830637,
              17.06855802288796
            ],
            [
              78.18946392095421,
              17.068472711492902
            ],
            [
              78.18806370217968,
              17.068211799364107
            ],
            [
              78.18775388940617,
              17.0684540343017
            ]
          ]
        ]
      }
    },
    {
      "type": "Feature",
      "id": "TG-RR-FNR-BRG-0209",
      "properties": {
        "parcel_id": "TG-RR-FNR-BRG-0209",
        "survey_no": "209",
        "survey_display": "209",
        "document_id": "DOC-BRG-0209",
        "village": "Burgul",
        "mandal": "Farooqnagar",
        "district": "Rangareddy",
        "state": "Telangana",
        "owner_name": "N. Shankaraiah",
        "ocr_owner": "N. Shankaraiah",
        "area_acres": 3.34,
        "ocr_area_acres": 3.34,
        "area_sq_meters": 13516.5,
        "centroid_lat": 17.068674,
        "centroid_lon": 78.178677,
        "verification_status": "VERIFIED",
        "validation_issue": "",
        "confidence_score": 0.88,
        "mutation_status": "APPROVED",
        "khata_number": "KH-209",
        "ulpin": "TG17060209987X"
      },
      "geometry": {
        "type": "Polygon",
        "coordinates": [
          [
            [
              78.1779771049107,
              17.06844136446705
            ],
            [
              78.17814027718984,
              17.068982923386187
            ],
            [
              78.17924853740485,
              17.06931727135074
            ],
            [
              78.179430093765,
              17.069197631685025
            ],
            [
              78.1788954775145,
              17.068061922313962
            ],
            [
              78.17832532460447,
              17.068085974847506
            ],
            [
              78.1779771049107,
              17.06844136446705
            ]
          ]
        ]
      }
    },
    {
      "type": "Feature",
      "id": "TG-RR-FNR-BRG-0210",
      "properties": {
        "parcel_id": "TG-RR-FNR-BRG-0210",
        "survey_no": "210",
        "survey_display": "210",
        "document_id": "DOC-BRG-0210",
        "village": "Burgul",
        "mandal": "Farooqnagar",
        "district": "Rangareddy",
        "state": "Telangana",
        "owner_name": "P. Suseela",
        "ocr_owner": "P. Suseela",
        "area_acres": 5.87,
        "ocr_area_acres": 5.87,
        "area_sq_meters": 23755.1,
        "centroid_lat": 17.068504,
        "centroid_lon": 78.194701,
        "verification_status": "VERIFIED",
        "validation_issue": "",
        "confidence_score": 0.97,
        "mutation_status": "APPROVED",
        "khata_number": "KH-210",
        "ulpin": "TG17060210987X"
      },
      "geometry": {
        "type": "Polygon",
        "coordinates": [
          [
            [
              78.19383052721103,
              17.067838777146584
            ],
            [
              78.19363279902807,
              17.068075134500834
            ],
            [
              78.19482579017719,
              17.069441764977864
            ],
            [
              78.19554533249726,
              17.069194259094385
            ],
            [
              78.19577162234624,
              17.069033330364288
            ],
            [
              78.19486084696652,
              17.067826158839463
            ],
            [
              78.19465726417285,
              17.067625831035155
            ],
            [
              78.19457756056886,
              17.067597091404828
            ],
            [
              78.19383052721103,
              17.067838777146584
            ]
          ]
        ]
      }
    },
    {
      "type": "Feature",
      "id": "TG-RR-FNR-BRG-0211",
      "properties": {
        "parcel_id": "TG-RR-FNR-BRG-0211",
        "survey_no": "211",
        "survey_display": "211",
        "document_id": "DOC-BRG-0211",
        "village": "Burgul",
        "mandal": "Farooqnagar",
        "district": "Rangareddy",
        "state": "Telangana",
        "owner_name": "B. Vittal Reddy",
        "ocr_owner": "B. Vittal Reddy",
        "area_acres": 9.97,
        "ocr_area_acres": 9.97,
        "area_sq_meters": 40347.2,
        "centroid_lat": 17.068285,
        "centroid_lon": 78.174719,
        "verification_status": "VERIFIED",
        "validation_issue": "",
        "confidence_score": 0.91,
        "mutation_status": "APPROVED",
        "khata_number": "KH-211",
        "ulpin": "TG17060211987X"
      },
      "geometry": {
        "type": "Polygon",
        "coordinates": [
          [
            [
              78.17459210469347,
              17.067132067405353
            ],
            [
              78.1735344271456,
              17.06863835403131
            ],
            [
              78.17386980473538,
              17.069372023115967
            ],
            [
              78.17402266471021,
              17.069392497102573
            ],
            [
              78.17443903929443,
              17.06931079065262
            ],
            [
              78.17555884689264,
              17.06889408090796
            ],
            [
              78.17581533476694,
              17.06794788365107
            ],
            [
              78.17564925543635,
              17.067661872837064
            ],
            [
              78.17507508735522,
              17.067024999088577
            ],
            [
              78.17459210469347,
              17.067132067405353
            ]
          ]
        ]
      }
    },
    {
      "type": "Feature",
      "id": "TG-RR-FNR-BRG-0212",
      "properties": {
        "parcel_id": "TG-RR-FNR-BRG-0212",
        "survey_no": "212",
        "survey_display": "212",
        "document_id": "DOC-BRG-0212",
        "village": "Burgul",
        "mandal": "Farooqnagar",
        "district": "Rangareddy",
        "state": "Telangana",
        "owner_name": "K. Padma",
        "ocr_owner": "K. Padma",
        "area_acres": 4.51,
        "ocr_area_acres": 4.51,
        "area_sq_meters": 18251.3,
        "centroid_lat": 17.068411,
        "centroid_lon": 78.172379,
        "verification_status": "VERIFIED",
        "validation_issue": "",
        "confidence_score": 0.93,
        "mutation_status": "APPROVED",
        "khata_number": "KH-212",
        "ulpin": "TG17060212987X"
      },
      "geometry": {
        "type": "Polygon",
        "coordinates": [
          [
            [
              78.17350943537862,
              17.06862979108643
            ],
            [
              78.17271212266043,
              17.067860708118506
            ],
            [
              78.17140139558457,
              17.067934859880197
            ],
            [
              78.17196857493205,
              17.069088660489378
            ],
            [
              78.17350943537862,
              17.06862979108643
            ]
          ]
        ]
      }
    },
    {
      "type": "Feature",
      "id": "TG-RR-FNR-BRG-0213",
      "properties": {
        "parcel_id": "TG-RR-FNR-BRG-0213",
        "survey_no": "213",
        "survey_display": "213",
        "document_id": "DOC-BRG-0213",
        "village": "Burgul",
        "mandal": "Farooqnagar",
        "district": "Rangareddy",
        "state": "Telangana",
        "owner_name": "G. Lingaiah",
        "ocr_owner": "G. Lingaiah",
        "area_acres": 5.1,
        "ocr_area_acres": 5.1,
        "area_sq_meters": 20639.0,
        "centroid_lat": 17.068418,
        "centroid_lon": 78.196645,
        "verification_status": "VERIFIED",
        "validation_issue": "",
        "confidence_score": 0.92,
        "mutation_status": "APPROVED",
        "khata_number": "KH-213",
        "ulpin": "TG17060213987X"
      },
      "geometry": {
        "type": "Polygon",
        "coordinates": [
          [
            [
              78.19763243069978,
              17.067422903322438
            ],
            [
              78.19762359105088,
              17.067414870951076
            ],
            [
              78.19609011216664,
              17.06803433587299
            ],
            [
              78.19608681101116,
              17.068041533190982
            ],
            [
              78.19579105943272,
              17.06902757727534
            ],
            [
              78.19671432314787,
              17.06935266140341
            ],
            [
              78.19763435662969,
              17.06748753027772
            ],
            [
              78.19763243069978,
              17.067422903322438
            ]
          ]
        ]
      }
    },
    {
      "type": "Feature",
      "id": "TG-RR-FNR-BRG-0214",
      "properties": {
        "parcel_id": "TG-RR-FNR-BRG-0214",
        "survey_no": "214",
        "survey_display": "214",
        "document_id": "DOC-BRG-0214",
        "village": "Burgul",
        "mandal": "Farooqnagar",
        "district": "Rangareddy",
        "state": "Telangana",
        "owner_name": "M. Krishna Murthy",
        "ocr_owner": "M. Krishna Murthy",
        "area_acres": 3.62,
        "ocr_area_acres": 3.62,
        "area_sq_meters": 14649.6,
        "centroid_lat": 17.068836,
        "centroid_lon": 78.207366,
        "verification_status": "VERIFIED",
        "validation_issue": "",
        "confidence_score": 0.9,
        "mutation_status": "APPROVED",
        "khata_number": "KH-214",
        "ulpin": "TG17060214987X"
      },
      "geometry": {
        "type": "Polygon",
        "coordinates": [
          [
            [
              78.20679800733107,
              17.068285807194563
            ],
            [
              78.20733303555944,
              17.070223214801864
            ],
            [
              78.20796465556802,
              17.068117814773277
            ],
            [
              78.20729298068244,
              17.068094470398858
            ],
            [
              78.20679800733107,
              17.068285807194563
            ]
          ]
        ]
      }
    },
    {
      "type": "Feature",
      "id": "TG-RR-FNR-BRG-0215",
      "properties": {
        "parcel_id": "TG-RR-FNR-BRG-0215",
        "survey_no": "215",
        "survey_display": "215",
        "document_id": "DOC-BRG-0215",
        "village": "Burgul",
        "mandal": "Farooqnagar",
        "district": "Rangareddy",
        "state": "Telangana",
        "owner_name": "S. Venkat Reddy",
        "ocr_owner": "S. Venkat Reddy",
        "area_acres": 7.45,
        "ocr_area_acres": 8.05,
        "area_sq_meters": 30149.1,
        "centroid_lat": 17.06811,
        "centroid_lon": 78.19871,
        "verification_status": "CONFLICT",
        "validation_issue": "Area mismatch: Document states 8.05 Acres vs GIS 7.45 Acres (8.0% diff)",
        "confidence_score": 0.68,
        "mutation_status": "APPROVED",
        "khata_number": "KH-215",
        "ulpin": "TG17060215987X"
      },
      "geometry": {
        "type": "Polygon",
        "coordinates": [
          [
            [
              78.19920224370249,
              17.06727048792152
            ],
            [
              78.19763243069978,
              17.06742290332243
            ],
            [
              78.19763435662969,
              17.06748753027774
            ],
            [
              78.19824176020784,
              17.06887746186198
            ],
            [
              78.19908950314715,
              17.06918335818472
            ],
            [
              78.19957312217137,
              17.068396550712485
            ],
            [
              78.1994498980033,
              17.067432268738603
            ],
            [
              78.19920224370249,
              17.06727048792152
            ]
          ]
        ]
      }
    },
    {
      "type": "Feature",
      "id": "TG-RR-FNR-BRG-0216",
      "properties": {
        "parcel_id": "TG-RR-FNR-BRG-0216",
        "survey_no": "216",
        "survey_display": "216",
        "document_id": "DOC-BRG-0216",
        "village": "Burgul",
        "mandal": "Farooqnagar",
        "district": "Rangareddy",
        "state": "Telangana",
        "owner_name": "A. Jagadeeshwar",
        "ocr_owner": "A. Jagadeeshwar",
        "area_acres": 4.78,
        "ocr_area_acres": 4.78,
        "area_sq_meters": 19344.0,
        "centroid_lat": 17.068306,
        "centroid_lon": 78.17963,
        "verification_status": "VERIFIED",
        "validation_issue": "",
        "confidence_score": 0.98,
        "mutation_status": "APPROVED",
        "khata_number": "KH-216",
        "ulpin": "TG17060216987X"
      },
      "geometry": {
        "type": "Polygon",
        "coordinates": [
          [
            [
              78.18024576072895,
              17.069031389994592
            ],
            [
              78.1800448315715,
              17.067553305724502
            ],
            [
              78.17952810231046,
              17.06737441585428
            ],
            [
              78.1788954775145,
              17.068061922313962
            ],
            [
              78.179430093765,
              17.069197631685018
            ],
            [
              78.18024576072895,
              17.069031389994592
            ]
          ]
        ]
      }
    },
    {
      "type": "Feature",
      "id": "TG-RR-FNR-BRG-0217",
      "properties": {
        "parcel_id": "TG-RR-FNR-BRG-0217",
        "survey_no": "217",
        "survey_display": "217",
        "document_id": "DOC-BRG-0217",
        "village": "Burgul",
        "mandal": "Farooqnagar",
        "district": "Rangareddy",
        "state": "Telangana",
        "owner_name": "G. Srinivas Reddy",
        "ocr_owner": "G. Srinivas Reddy",
        "area_acres": 1.53,
        "ocr_area_acres": 1.53,
        "area_sq_meters": 6191.7,
        "centroid_lat": 17.068112,
        "centroid_lon": 78.183503,
        "verification_status": "VERIFIED",
        "validation_issue": "",
        "confidence_score": 0.97,
        "mutation_status": "APPROVED",
        "khata_number": "KH-217",
        "ulpin": "TG17060217987X"
      },
      "geometry": {
        "type": "Polygon",
        "coordinates": [
          [
            [
              78.18333544747918,
              17.067691396172002
            ],
            [
              78.18303405142024,
              17.068452627868965
            ],
            [
              78.18323765791658,
              17.0686412843893
            ],
            [
              78.18395311187419,
              17.068098646278756
            ],
            [
              78.18409655036437,
              17.067841268788342
            ],
            [
              78.18333544747918,
              17.067691396172002
            ]
          ]
        ]
      }
    },
    {
      "type": "Feature",
      "id": "TG-RR-FNR-BRG-0218",
      "properties": {
        "parcel_id": "TG-RR-FNR-BRG-0218",
        "survey_no": "218",
        "survey_display": "218",
        "document_id": "DOC-BRG-0218",
        "village": "Burgul",
        "mandal": "Farooqnagar",
        "district": "Rangareddy",
        "state": "Telangana",
        "owner_name": "K. Venkateshwar Rao",
        "ocr_owner": "K. Venkateshwar Rao",
        "area_acres": 7.01,
        "ocr_area_acres": 7.01,
        "area_sq_meters": 28368.5,
        "centroid_lat": 17.068103,
        "centroid_lon": 78.203428,
        "verification_status": "VERIFIED",
        "validation_issue": "",
        "confidence_score": 0.94,
        "mutation_status": "APPROVED",
        "khata_number": "KH-218",
        "ulpin": "TG17060218987X"
      },
      "geometry": {
        "type": "Polygon",
        "coordinates": [
          [
            [
              78.20395426910827,
              17.06745479340256
            ],
            [
              78.2029961530446,
              17.066896112606898
            ],
            [
              78.20262554639572,
              17.06905281421189
            ],
            [
              78.2033950072081,
              17.069089370783697
            ],
            [
              78.20451264673369,
              17.068092364336728
            ],
            [
              78.20395426910827,
              17.06745479340256
            ]
          ]
        ]
      }
    },
    {
      "type": "Feature",
      "id": "TG-RR-FNR-BRG-0219",
      "properties": {
        "parcel_id": "TG-RR-FNR-BRG-0219",
        "survey_no": "219",
        "survey_display": "219",
        "document_id": "DOC-BRG-0219",
        "village": "Burgul",
        "mandal": "Farooqnagar",
        "district": "Rangareddy",
        "state": "Telangana",
        "owner_name": "M. Lakshmi Bai",
        "ocr_owner": "M. Lakshmi Bai",
        "area_acres": 1.47,
        "ocr_area_acres": 1.47,
        "area_sq_meters": 5948.9,
        "centroid_lat": 17.068089,
        "centroid_lon": 78.1887,
        "verification_status": "VERIFIED",
        "validation_issue": "",
        "confidence_score": 0.98,
        "mutation_status": "APPROVED",
        "khata_number": "KH-219",
        "ulpin": "TG17060219987X"
      },
      "geometry": {
        "type": "Polygon",
        "coordinates": [
          [
            [
              78.18806370217969,
              17.06821179936411
            ],
            [
              78.18946392095422,
              17.068472711492905
            ],
            [
              78.18855764810874,
              17.067580348644114
            ],
            [
              78.18806370217969,
              17.06821179936411
            ]
          ]
        ]
      }
    },
    {
      "type": "Feature",
      "id": "TG-RR-FNR-BRG-0220",
      "properties": {
        "parcel_id": "TG-RR-FNR-BRG-0220",
        "survey_no": "220",
        "survey_display": "220",
        "document_id": "DOC-BRG-0220",
        "village": "Burgul",
        "mandal": "Farooqnagar",
        "district": "Rangareddy",
        "state": "Telangana",
        "owner_name": "P. Anjaneyulu",
        "ocr_owner": "P. Anjaneyulu",
        "area_acres": 6.35,
        "ocr_area_acres": 6.35,
        "area_sq_meters": 25697.6,
        "centroid_lat": 17.06794,
        "centroid_lon": 78.200357,
        "verification_status": "VERIFIED",
        "validation_issue": "",
        "confidence_score": 0.96,
        "mutation_status": "APPROVED",
        "khata_number": "KH-220",
        "ulpin": "TG17060220987X"
      },
      "geometry": {
        "type": "Polygon",
        "coordinates": [
          [
            [
              78.1994498980033,
              17.067432268738592
            ],
            [
              78.19957312217137,
              17.06839655071249
            ],
            [
              78.20109128478494,
              17.068926548019032
            ],
            [
              78.20098081145763,
              17.067018734054052
            ],
            [
              78.1994498980033,
              17.067432268738592
            ]
          ]
        ]
      }
    },
    {
      "type": "Feature",
      "id": "TG-RR-FNR-BRG-0221",
      "properties": {
        "parcel_id": "TG-RR-FNR-BRG-0221",
        "survey_no": "221",
        "survey_display": "221",
        "document_id": "DOC-BRG-0221",
        "village": "Burgul",
        "mandal": "Farooqnagar",
        "district": "Rangareddy",
        "state": "Telangana",
        "owner_name": "B. Satyanarayana",
        "ocr_owner": "B. Satyanarayana",
        "area_acres": 9.29,
        "ocr_area_acres": 9.29,
        "area_sq_meters": 37595.3,
        "centroid_lat": 17.067964,
        "centroid_lon": 78.18099,
        "verification_status": "VERIFIED",
        "validation_issue": "",
        "confidence_score": 0.93,
        "mutation_status": "APPROVED",
        "khata_number": "KH-221",
        "ulpin": "TG17060221987X"
      },
      "geometry": {
        "type": "Polygon",
        "coordinates": [
          [
            [
              78.18188477817142,
              17.067100276216152
            ],
            [
              78.18167229322731,
              17.06689117500512
            ],
            [
              78.18155943354058,
              17.066796220023715
            ],
            [
              78.18098678167927,
              17.066936458564854
            ],
            [
              78.1800448315715,
              17.067553305724505
            ],
            [
              78.18024576072895,
              17.06903138999459
            ],
            [
              78.18056113312853,
              17.069201273828668
            ],
            [
              78.18079788542904,
              17.069198382641705
            ],
            [
              78.18189732580365,
              17.0682417435222
            ],
            [
              78.18188477817142,
              17.067100276216152
            ]
          ]
        ]
      }
    },
    {
      "type": "Feature",
      "id": "TG-RR-FNR-BRG-0222",
      "properties": {
        "parcel_id": "TG-RR-FNR-BRG-0222",
        "survey_no": "222",
        "survey_display": "222",
        "document_id": "DOC-BRG-0222",
        "village": "Burgul",
        "mandal": "Farooqnagar",
        "district": "Rangareddy",
        "state": "Telangana",
        "owner_name": "T. Ramaiah",
        "ocr_owner": "T. Ramaiah",
        "area_acres": 5.68,
        "ocr_area_acres": 5.68,
        "area_sq_meters": 22986.2,
        "centroid_lat": 17.06794,
        "centroid_lon": 78.201472,
        "verification_status": "VERIFIED",
        "validation_issue": "",
        "confidence_score": 0.92,
        "mutation_status": "APPROVED",
        "khata_number": "KH-222",
        "ulpin": "TG17060222987X"
      },
      "geometry": {
        "type": "Polygon",
        "coordinates": [
          [
            [
              78.20155421101055,
              17.066423824177534
            ],
            [
              78.20098081145763,
              17.06701873405406
            ],
            [
              78.20109128478494,
              17.068926548019043
            ],
            [
              78.2011498596855,
              17.069010157607902
            ],
            [
              78.20208113651536,
              17.069114369401657
            ],
            [
              78.20159886103717,
              17.066439118675518
            ],
            [
              78.20155421101055,
              17.066423824177534
            ]
          ]
        ]
      }
    },
    {
      "type": "Feature",
      "id": "TG-RR-FNR-BRG-0223",
      "properties": {
        "parcel_id": "TG-RR-FNR-BRG-0223",
        "survey_no": "223",
        "survey_display": "223",
        "document_id": "DOC-BRG-0223",
        "village": "Burgul",
        "mandal": "Farooqnagar",
        "district": "Rangareddy",
        "state": "Telangana",
        "owner_name": "Ch. Madhava Reddy",
        "ocr_owner": "Ch. Madhava Reddy",
        "area_acres": 1.89,
        "ocr_area_acres": 1.89,
        "area_sq_meters": 7648.6,
        "centroid_lat": 17.068305,
        "centroid_lon": 78.195575,
        "verification_status": "VERIFIED",
        "validation_issue": "",
        "confidence_score": 0.93,
        "mutation_status": "APPROVED",
        "khata_number": "KH-223",
        "ulpin": "TG17060223987X"
      },
      "geometry": {
        "type": "Polygon",
        "coordinates": [
          [
            [
              78.19577162234624,
              17.069033330364295
            ],
            [
              78.19579105943272,
              17.06902757727535
            ],
            [
              78.19608681101117,
              17.068041533190954
            ],
            [
              78.19486084696652,
              17.06782615883948
            ],
            [
              78.19577162234624,
              17.069033330364295
            ]
          ]
        ]
      }
    },
    {
      "type": "Feature",
      "id": "TG-RR-FNR-BRG-0224",
      "properties": {
        "parcel_id": "TG-RR-FNR-BRG-0224",
        "survey_no": "224",
        "survey_display": "224",
        "document_id": "DOC-BRG-0224",
        "village": "Burgul",
        "mandal": "Farooqnagar",
        "district": "Rangareddy",
        "state": "Telangana",
        "owner_name": "V. Narsimha",
        "ocr_owner": "V. Narsimha",
        "area_acres": 4.21,
        "ocr_area_acres": 4.21,
        "area_sq_meters": 17037.3,
        "centroid_lat": 17.067817,
        "centroid_lon": 78.182519,
        "verification_status": "VERIFIED",
        "validation_issue": "",
        "confidence_score": 0.96,
        "mutation_status": "APPROVED",
        "khata_number": "KH-224",
        "ulpin": "TG17060224987X"
      },
      "geometry": {
        "type": "Polygon",
        "coordinates": [
          [
            [
              78.18188477817141,
              17.067100276216145
            ],
            [
              78.18189732580365,
              17.06824174352218
            ],
            [
              78.18202909436076,
              17.068339923914223
            ],
            [
              78.18303405142024,
              17.068452627868968
            ],
            [
              78.18333544747918,
              17.067691396172005
            ],
            [
              78.18306276130096,
              17.067441904379795
            ],
            [
              78.18197381034756,
              17.067094855661992
            ],
            [
              78.18188477817141,
              17.067100276216145
            ]
          ]
        ]
      }
    },
    {
      "type": "Feature",
      "id": "TG-RR-FNR-BRG-0225",
      "properties": {
        "parcel_id": "TG-RR-FNR-BRG-0225",
        "survey_no": "225",
        "survey_display": "225",
        "document_id": "DOC-BRG-0225",
        "village": "Burgul",
        "mandal": "Farooqnagar",
        "district": "Rangareddy",
        "state": "Telangana",
        "owner_name": "S. Kistamma",
        "ocr_owner": "S. Kistamma",
        "area_acres": 7.23,
        "ocr_area_acres": 7.23,
        "area_sq_meters": 29258.8,
        "centroid_lat": 17.067669,
        "centroid_lon": 78.202318,
        "verification_status": "VERIFIED",
        "validation_issue": "",
        "confidence_score": 0.91,
        "mutation_status": "APPROVED",
        "khata_number": "KH-225",
        "ulpin": "TG17060225987X"
      },
      "geometry": {
        "type": "Polygon",
        "coordinates": [
          [
            [
              78.20288352480092,
              17.066690681814737
            ],
            [
              78.20159886103717,
              17.06643911867551
            ],
            [
              78.20208113651536,
              17.06911436940166
            ],
            [
              78.20238569739354,
              17.069207752868998
            ],
            [
              78.20262554639572,
              17.069052814211886
            ],
            [
              78.2029961530446,
              17.06689611260689
            ],
            [
              78.20288352480092,
              17.066690681814737
            ]
          ]
        ]
      }
    },
    {
      "type": "Feature",
      "id": "TG-RR-FNR-BRG-0226",
      "properties": {
        "parcel_id": "TG-RR-FNR-BRG-0226",
        "survey_no": "226",
        "survey_display": "226",
        "document_id": "DOC-BRG-0226",
        "village": "Burgul",
        "mandal": "Farooqnagar",
        "district": "Rangareddy",
        "state": "Telangana",
        "owner_name": "A. Balraj",
        "ocr_owner": "A. Balraj",
        "area_acres": 4.05,
        "ocr_area_acres": 4.05,
        "area_sq_meters": 16389.8,
        "centroid_lat": 17.067806,
        "centroid_lon": 78.189422,
        "verification_status": "VERIFIED",
        "validation_issue": "",
        "confidence_score": 0.89,
        "mutation_status": "APPROVED",
        "khata_number": "KH-226",
        "ulpin": "TG17060226987X"
      },
      "geometry": {
        "type": "Polygon",
        "coordinates": [
          [
            [
              78.18997409029907,
              17.068436142000664
            ],
            [
              78.19018671383476,
              17.068304736637298
            ],
            [
              78.1899240821721,
              17.067384957821847
            ],
            [
              78.18876330961795,
              17.067130576242644
            ],
            [
              78.18855764810874,
              17.067580348644114
            ],
            [
              78.18946392095422,
              17.068472711492905
            ],
            [
              78.18964448830637,
              17.068558022887956
            ],
            [
              78.18997409029907,
              17.068436142000664
            ]
          ]
        ]
      }
    },
    {
      "type": "Feature",
      "id": "TG-RR-FNR-BRG-0227",
      "properties": {
        "parcel_id": "TG-RR-FNR-BRG-0227",
        "survey_no": "227",
        "survey_display": "227",
        "document_id": "DOC-BRG-0227",
        "village": "Burgul",
        "mandal": "Farooqnagar",
        "district": "Rangareddy",
        "state": "Telangana",
        "owner_name": "M. Mallesh Goud",
        "ocr_owner": "M. Mallesh Goud",
        "area_acres": 1.55,
        "ocr_area_acres": 1.55,
        "area_sq_meters": 6272.6,
        "centroid_lat": 17.067613,
        "centroid_lon": 78.207795,
        "verification_status": "VERIFIED",
        "validation_issue": "",
        "confidence_score": 0.92,
        "mutation_status": "APPROVED",
        "khata_number": "KH-227",
        "ulpin": "TG17060227987X"
      },
      "geometry": {
        "type": "Polygon",
        "coordinates": [
          [
            [
              78.2079653146499,
              17.066847049807006
            ],
            [
              78.20729298068245,
              17.068094470398858
            ],
            [
              78.20796465556802,
              17.068117814773277
            ],
            [
              78.208,
              17.068
            ],
            [
              78.20810794085594,
              17.06681265058461
            ],
            [
              78.2079653146499,
              17.066847049807006
            ]
          ]
        ]
      }
    },
    {
      "type": "Feature",
      "id": "TG-RR-FNR-BRG-0228",
      "properties": {
        "parcel_id": "TG-RR-FNR-BRG-0228",
        "survey_no": "228",
        "survey_display": "228",
        "document_id": "DOC-BRG-0228",
        "village": "Burgul",
        "mandal": "Farooqnagar",
        "district": "Rangareddy",
        "state": "Telangana",
        "owner_name": "K. Chandraiah",
        "ocr_owner": "K. Chandraiah",
        "area_acres": 1.36,
        "ocr_area_acres": 1.36,
        "area_sq_meters": 5503.7,
        "centroid_lat": 17.067731,
        "centroid_lon": 78.195439,
        "verification_status": "VERIFIED",
        "validation_issue": "",
        "confidence_score": 0.94,
        "mutation_status": "APPROVED",
        "khata_number": "KH-228",
        "ulpin": "TG17060228987X"
      },
      "geometry": {
        "type": "Polygon",
        "coordinates": [
          [
            [
              78.19609011216664,
              17.068034335872998
            ],
            [
              78.1957529876751,
              17.067436618671703
            ],
            [
              78.19465726417283,
              17.067625831035148
            ],
            [
              78.19486084696653,
              17.067826158839484
            ],
            [
              78.19608681101117,
              17.068041533190957
            ],
            [
              78.19609011216664,
              17.068034335872998
            ]
          ]
        ]
      }
    },
    {
      "type": "Feature",
      "id": "TG-RR-FNR-BRG-0229",
      "properties": {
        "parcel_id": "TG-RR-FNR-BRG-0229",
        "survey_no": "229",
        "survey_display": "229",
        "document_id": "DOC-BRG-0229",
        "village": "Burgul",
        "mandal": "Farooqnagar",
        "district": "Rangareddy",
        "state": "Telangana",
        "owner_name": "J. Ramachandra Reddy",
        "ocr_owner": "J. Ramachandra Reddy",
        "area_acres": 5.04,
        "ocr_area_acres": 5.04,
        "area_sq_meters": 20396.2,
        "centroid_lat": 17.067826,
        "centroid_lon": 78.192149,
        "verification_status": "VERIFIED",
        "validation_issue": "",
        "confidence_score": 0.98,
        "mutation_status": "APPROVED",
        "khata_number": "KH-229",
        "ulpin": "TG17060229987X"
      },
      "geometry": {
        "type": "Polygon",
        "coordinates": [
          [
            [
              78.19242018785846,
              17.067153369504087
            ],
            [
              78.19195684577713,
              17.067038074506957
            ],
            [
              78.19151631394107,
              17.06743545789755
            ],
            [
              78.1912501518432,
              17.068483973463294
            ],
            [
              78.19329672102582,
              17.068175837748715
            ],
            [
              78.19242018785846,
              17.067153369504087
            ]
          ]
        ]
      }
    },
    {
      "type": "Feature",
      "id": "TG-RR-FNR-BRG-0230",
      "properties": {
        "parcel_id": "TG-RR-FNR-BRG-0230",
        "survey_no": "230",
        "survey_display": "230",
        "document_id": "DOC-BRG-0230",
        "village": "Burgul",
        "mandal": "Farooqnagar",
        "district": "Rangareddy",
        "state": "Telangana",
        "owner_name": "D. Gopal Rao",
        "ocr_owner": "D. Gopal Rao",
        "area_acres": 4.75,
        "ocr_area_acres": 4.75,
        "area_sq_meters": 19222.6,
        "centroid_lat": 17.067464,
        "centroid_lon": 78.206954,
        "verification_status": "REVIEW_REQUIRED",
        "validation_issue": "Low OCR confidence in handwritten Tippon annotation",
        "confidence_score": 0.62,
        "mutation_status": "APPROVED",
        "khata_number": "KH-230",
        "ulpin": "TG17060230987X"
      },
      "geometry": {
        "type": "Polygon",
        "coordinates": [
          [
            [
              78.20612553983693,
              17.067039885457007
            ],
            [
              78.20603707615246,
              17.067403142992507
            ],
            [
              78.20679800733107,
              17.068285807194567
            ],
            [
              78.20729298068245,
              17.068094470398854
            ],
            [
              78.20796531464988,
              17.06684704980701
            ],
            [
              78.20612553983693,
              17.067039885457007
            ]
          ]
        ]
      }
    },
    {
      "type": "Feature",
      "id": "TG-RR-FNR-BRG-0231",
      "properties": {
        "parcel_id": "TG-RR-FNR-BRG-0231",
        "survey_no": "231",
        "survey_display": "231",
        "document_id": "DOC-BRG-0231",
        "village": "Burgul",
        "mandal": "Farooqnagar",
        "district": "Rangareddy",
        "state": "Telangana",
        "owner_name": "R. Prabhakar",
        "ocr_owner": "R. Prabhakar",
        "area_acres": 2.35,
        "ocr_area_acres": 2.35,
        "area_sq_meters": 9510.1,
        "centroid_lat": 17.06792,
        "centroid_lon": 78.177817,
        "verification_status": "VERIFIED",
        "validation_issue": "",
        "confidence_score": 0.9,
        "mutation_status": "APPROVED",
        "khata_number": "KH-231",
        "ulpin": "TG17060231987X"
      },
      "geometry": {
        "type": "Polygon",
        "coordinates": [
          [
            [
              78.17714196052432,
              17.068135969248605
            ],
            [
              78.1779771049107,
              17.06844136446704
            ],
            [
              78.17832532460447,
              17.068085974847506
            ],
            [
              78.17823076296662,
              17.06728955829532
            ],
            [
              78.1772013143988,
              17.067845116820088
            ],
            [
              78.17714196052432,
              17.068135969248605
            ]
          ]
        ]
      }
    },
    {
      "type": "Feature",
      "id": "TG-RR-FNR-BRG-0232",
      "properties": {
        "parcel_id": "TG-RR-FNR-BRG-0232",
        "survey_no": "232",
        "survey_display": "232",
        "document_id": "DOC-BRG-0232",
        "village": "Burgul",
        "mandal": "Farooqnagar",
        "district": "Rangareddy",
        "state": "Telangana",
        "owner_name": "E. Yadagiri",
        "ocr_owner": "E. Yadagiri",
        "area_acres": 11.58,
        "ocr_area_acres": 11.58,
        "area_sq_meters": 46862.6,
        "centroid_lat": 17.068058,
        "centroid_lon": 78.167413,
        "verification_status": "VERIFIED",
        "validation_issue": "",
        "confidence_score": 0.97,
        "mutation_status": "APPROVED",
        "khata_number": "KH-232",
        "ulpin": "TG17060232987X"
      },
      "geometry": {
        "type": "Polygon",
        "coordinates": [
          [
            [
              78.16719183240099,
              17.069632357637673
            ],
            [
              78.16860149802993,
              17.06795820844243
            ],
            [
              78.16854270587656,
              17.06747111942337
            ],
            [
              78.16838803217473,
              17.067064162700856
            ],
            [
              78.16736772798897,
              17.066949033929546
            ],
            [
              78.16638582266413,
              17.06724404930546
            ],
            [
              78.1665,
              17.0685
            ],
            [
              78.16700622426434,
              17.069639004594784
            ],
            [
              78.16719183240099,
              17.069632357637673
            ]
          ]
        ]
      }
    },
    {
      "type": "Feature",
      "id": "TG-RR-FNR-BRG-0233",
      "properties": {
        "parcel_id": "TG-RR-FNR-BRG-0233",
        "survey_no": "233",
        "survey_display": "233",
        "document_id": "DOC-BRG-0233",
        "village": "Burgul",
        "mandal": "Farooqnagar",
        "district": "Rangareddy",
        "state": "Telangana",
        "owner_name": "N. Shankaraiah",
        "ocr_owner": "N. Shankaraiah",
        "area_acres": 3.36,
        "ocr_area_acres": 3.36,
        "area_sq_meters": 13597.4,
        "centroid_lat": 17.067443,
        "centroid_lon": 78.17876,
        "verification_status": "VERIFIED",
        "validation_issue": "",
        "confidence_score": 0.99,
        "mutation_status": "APPROVED",
        "khata_number": "KH-233",
        "ulpin": "TG17060233987X"
      },
      "geometry": {
        "type": "Polygon",
        "coordinates": [
          [
            [
              78.1793432826263,
              17.067141702669137
            ],
            [
              78.1788896516132,
              17.066908724306554
            ],
            [
              78.17834736552395,
              17.066776055116527
            ],
            [
              78.17823076296662,
              17.067289558295286
            ],
            [
              78.17832532460449,
              17.068085974847506
            ],
            [
              78.17889547751452,
              17.068061922313962
            ],
            [
              78.17952810231047,
              17.06737441585429
            ],
            [
              78.1793432826263,
              17.067141702669137
            ]
          ]
        ]
      }
    },
    {
      "type": "Feature",
      "id": "TG-RR-FNR-BRG-0234",
      "properties": {
        "parcel_id": "TG-RR-FNR-BRG-0234",
        "survey_no": "234",
        "survey_display": "234",
        "document_id": "DOC-BRG-0234",
        "village": "Burgul",
        "mandal": "Farooqnagar",
        "district": "Rangareddy",
        "state": "Telangana",
        "owner_name": "P. Suseela",
        "ocr_owner": "P. Suseela",
        "area_acres": 2.76,
        "ocr_area_acres": 2.76,
        "area_sq_meters": 11169.3,
        "centroid_lat": 17.067714,
        "centroid_lon": 78.169323,
        "verification_status": "VERIFIED",
        "validation_issue": "",
        "confidence_score": 0.98,
        "mutation_status": "APPROVED",
        "khata_number": "KH-234",
        "ulpin": "TG17060234987X"
      },
      "geometry": {
        "type": "Polygon",
        "coordinates": [
          [
            [
              78.16860149802993,
              17.067958208442423
            ],
            [
              78.16947357197849,
              17.06814074196847
            ],
            [
              78.17006908081119,
              17.06789851419311
            ],
            [
              78.16990921126171,
              17.067291789478595
            ],
            [
              78.16854270587656,
              17.067471119423402
            ],
            [
              78.16860149802993,
              17.067958208442423
            ]
          ]
        ]
      }
    },
    {
      "type": "Feature",
      "id": "TG-RR-FNR-BRG-0235",
      "properties": {
        "parcel_id": "TG-RR-FNR-BRG-0235",
        "survey_no": "235",
        "survey_display": "235",
        "document_id": "DOC-BRG-0235",
        "village": "Burgul",
        "mandal": "Farooqnagar",
        "district": "Rangareddy",
        "state": "Telangana",
        "owner_name": "B. Vittal Reddy",
        "ocr_owner": "B. Vittal Reddy",
        "area_acres": 3.32,
        "ocr_area_acres": 3.32,
        "area_sq_meters": 13435.6,
        "centroid_lat": 17.067689,
        "centroid_lon": 78.17659,
        "verification_status": "VERIFIED",
        "validation_issue": "",
        "confidence_score": 0.89,
        "mutation_status": "APPROVED",
        "khata_number": "KH-235",
        "ulpin": "TG17060235987X"
      },
      "geometry": {
        "type": "Polygon",
        "coordinates": [
          [
            [
              78.17581533476694,
              17.06794788365105
            ],
            [
              78.17694042450032,
              17.068238846115197
            ],
            [
              78.17714196052431,
              17.068135969248612
            ],
            [
              78.1772013143988,
              17.067845116820056
            ],
            [
              78.17713941956232,
              17.067002913427775
            ],
            [
              78.17564925543638,
              17.067661872837103
            ],
            [
              78.17581533476694,
              17.06794788365105
            ]
          ]
        ]
      }
    },
    {
      "type": "Feature",
      "id": "TG-RR-FNR-BRG-0236",
      "properties": {
        "parcel_id": "TG-RR-FNR-BRG-0236",
        "survey_no": "236",
        "survey_display": "236",
        "document_id": "DOC-BRG-0236",
        "village": "Burgul",
        "mandal": "Farooqnagar",
        "district": "Rangareddy",
        "state": "Telangana",
        "owner_name": "K. Padma",
        "ocr_owner": "K. Padma",
        "area_acres": 5.81,
        "ocr_area_acres": 5.81,
        "area_sq_meters": 23512.3,
        "centroid_lat": 17.067703,
        "centroid_lon": 78.190704,
        "verification_status": "VERIFIED",
        "validation_issue": "",
        "confidence_score": 0.93,
        "mutation_status": "APPROVED",
        "khata_number": "KH-236",
        "ulpin": "TG17060236987X"
      },
      "geometry": {
        "type": "Polygon",
        "coordinates": [
          [
            [
              78.1899240821721,
              17.067384957821858
            ],
            [
              78.19018671383476,
              17.068304736637295
            ],
            [
              78.19105009811715,
              17.068667189659777
            ],
            [
              78.19125015184322,
              17.068483973463298
            ],
            [
              78.19151631394107,
              17.067435457897535
            ],
            [
              78.19036055361559,
              17.066674294338004
            ],
            [
              78.1899240821721,
              17.067384957821858
            ]
          ]
        ]
      }
    },
    {
      "type": "Feature",
      "id": "TG-RR-FNR-BRG-0237",
      "properties": {
        "parcel_id": "TG-RR-FNR-BRG-0237",
        "survey_no": "237",
        "survey_display": "237",
        "document_id": "DOC-BRG-0237",
        "village": "Burgul",
        "mandal": "Farooqnagar",
        "district": "Rangareddy",
        "state": "Telangana",
        "owner_name": "G. Lingaiah",
        "ocr_owner": "G. Lingaiah",
        "area_acres": 6.1,
        "ocr_area_acres": 6.1,
        "area_sq_meters": 24685.8,
        "centroid_lat": 17.067118,
        "centroid_lon": 78.196644,
        "verification_status": "VERIFIED",
        "validation_issue": "",
        "confidence_score": 0.91,
        "mutation_status": "APPROVED",
        "khata_number": "KH-237",
        "ulpin": "TG17060237987X"
      },
      "geometry": {
        "type": "Polygon",
        "coordinates": [
          [
            [
              78.19695786876639,
              17.066009041206886
            ],
            [
              78.19590533577843,
              17.066904627309437
            ],
            [
              78.19575298767509,
              17.067436618671696
            ],
            [
              78.19609011216664,
              17.068034335872994
            ],
            [
              78.19762359105088,
              17.06741487095108
            ],
            [
              78.19695786876639,
              17.066009041206886
            ]
          ]
        ]
      }
    },
    {
      "type": "Feature",
      "id": "TG-RR-FNR-BRG-0238",
      "properties": {
        "parcel_id": "TG-RR-FNR-BRG-0238",
        "survey_no": "238",
        "survey_display": "238",
        "document_id": "DOC-BRG-0238",
        "village": "Burgul",
        "mandal": "Farooqnagar",
        "district": "Rangareddy",
        "state": "Telangana",
        "owner_name": "M. Krishna Murthy",
        "ocr_owner": "M. Krishna Murthy",
        "area_acres": 3.41,
        "ocr_area_acres": 3.41,
        "area_sq_meters": 13799.8,
        "centroid_lat": 17.067471,
        "centroid_lon": 78.172017,
        "verification_status": "VERIFIED",
        "validation_issue": "",
        "confidence_score": 0.97,
        "mutation_status": "APPROVED",
        "khata_number": "KH-238",
        "ulpin": "TG17060238987X"
      },
      "geometry": {
        "type": "Polygon",
        "coordinates": [
          [
            [
              78.17124904244835,
              17.067862308283107
            ],
            [
              78.17140139558457,
              17.0679348598802
            ],
            [
              78.17271212266043,
              17.067860708118506
            ],
            [
              78.17258371257464,
              17.066881779711245
            ],
            [
              78.17256168825321,
              17.06685747655455
            ],
            [
              78.17135435503378,
              17.067208034798742
            ],
            [
              78.17124904244835,
              17.067862308283107
            ]
          ]
        ]
      }
    },
    {
      "type": "Feature",
      "id": "TG-RR-FNR-BRG-0239",
      "properties": {
        "parcel_id": "TG-RR-FNR-BRG-0239",
        "survey_no": "239",
        "survey_display": "239",
        "document_id": "DOC-BRG-0239",
        "village": "Burgul",
        "mandal": "Farooqnagar",
        "district": "Rangareddy",
        "state": "Telangana",
        "owner_name": "S. Venkat Reddy",
        "ocr_owner": "S. Venkat Reddy",
        "area_acres": 3.91,
        "ocr_area_acres": 3.91,
        "area_sq_meters": 15823.2,
        "centroid_lat": 17.066953,
        "centroid_lon": 78.177666,
        "verification_status": "VERIFIED",
        "validation_issue": "",
        "confidence_score": 0.92,
        "mutation_status": "APPROVED",
        "khata_number": "KH-239",
        "ulpin": "TG17060239987X"
      },
      "geometry": {
        "type": "Polygon",
        "coordinates": [
          [
            [
              78.17799908776716,
              17.066378656178152
            ],
            [
              78.17753001190978,
              17.06611447201403
            ],
            [
              78.17732568386207,
              17.066276217905774
            ],
            [
              78.17713941956232,
              17.067002913427764
            ],
            [
              78.1772013143988,
              17.067845116820088
            ],
            [
              78.17823076296662,
              17.067289558295325
            ],
            [
              78.17834736552395,
              17.066776055116527
            ],
            [
              78.17799908776716,
              17.066378656178152
            ]
          ]
        ]
      }
    },
    {
      "type": "Feature",
      "id": "TG-RR-FNR-BRG-0240",
      "properties": {
        "parcel_id": "TG-RR-FNR-BRG-0240",
        "survey_no": "240",
        "survey_display": "240",
        "document_id": "DOC-BRG-0240",
        "village": "Burgul",
        "mandal": "Farooqnagar",
        "district": "Rangareddy",
        "state": "Telangana",
        "owner_name": "A. Jagadeeshwar",
        "ocr_owner": "A. Jagadeeshwar",
        "area_acres": 9.12,
        "ocr_area_acres": 9.12,
        "area_sq_meters": 36907.4,
        "centroid_lat": 17.067189,
        "centroid_lon": 78.187723,
        "verification_status": "VERIFIED",
        "validation_issue": "",
        "confidence_score": 0.94,
        "mutation_status": "APPROVED",
        "khata_number": "KH-240",
        "ulpin": "TG17060240987X"
      },
      "geometry": {
        "type": "Polygon",
        "coordinates": [
          [
            [
              78.18707509853175,
              17.066321810686585
            ],
            [
              78.18663476884164,
              17.067412755282415
            ],
            [
              78.18775388940615,
              17.0684540343017
            ],
            [
              78.18806370217972,
              17.068211799364068
            ],
            [
              78.18855764810876,
              17.067580348644103
            ],
            [
              78.18876330961795,
              17.06713057624266
            ],
            [
              78.18822779326307,
              17.0661113171637
            ],
            [
              78.18707509853175,
              17.066321810686585
            ]
          ]
        ]
      }
    },
    {
      "type": "Feature",
      "id": "TG-RR-FNR-BRG-0241",
      "properties": {
        "parcel_id": "TG-RR-FNR-BRG-0241",
        "survey_no": "241",
        "survey_display": "241",
        "document_id": "DOC-BRG-0241",
        "village": "Burgul",
        "mandal": "Farooqnagar",
        "district": "Rangareddy",
        "state": "Telangana",
        "owner_name": "G. Srinivas Reddy",
        "ocr_owner": "G. Srinivas Reddy",
        "area_acres": 2.46,
        "ocr_area_acres": 2.46,
        "area_sq_meters": 9955.3,
        "centroid_lat": 17.067401,
        "centroid_lon": 78.183791,
        "verification_status": "VERIFIED",
        "validation_issue": "",
        "confidence_score": 0.88,
        "mutation_status": "APPROVED",
        "khata_number": "KH-241",
        "ulpin": "TG17060241987X"
      },
      "geometry": {
        "type": "Polygon",
        "coordinates": [
          [
            [
              78.18333544747917,
              17.067691396172002
            ],
            [
              78.18409655036436,
              17.067841268788342
            ],
            [
              78.18456997844672,
              17.067659046520184
            ],
            [
              78.18375314823466,
              17.066766871690728
            ],
            [
              78.18306276130096,
              17.0674419043798
            ],
            [
              78.18333544747917,
              17.067691396172002
            ]
          ]
        ]
      }
    },
    {
      "type": "Feature",
      "id": "TG-RR-FNR-BRG-0242",
      "properties": {
        "parcel_id": "TG-RR-FNR-BRG-0242",
        "survey_no": "242",
        "survey_display": "242",
        "document_id": "DOC-BRG-0242",
        "village": "Burgul",
        "mandal": "Farooqnagar",
        "district": "Rangareddy",
        "state": "Telangana",
        "owner_name": "K. Venkateshwar Rao",
        "ocr_owner": "K. Venkateshwar Rao",
        "area_acres": 2.33,
        "ocr_area_acres": 2.33,
        "area_sq_meters": 9429.2,
        "centroid_lat": 17.067098,
        "centroid_lon": 78.169082,
        "verification_status": "VERIFIED",
        "validation_issue": "",
        "confidence_score": 0.9,
        "mutation_status": "APPROVED",
        "khata_number": "KH-242",
        "ulpin": "TG17060242987X"
      },
      "geometry": {
        "type": "Polygon",
        "coordinates": [
          [
            [
              78.16838803217473,
              17.067064162700845
            ],
            [
              78.16854270587658,
              17.067471119423402
            ],
            [
              78.16990921126171,
              17.067291789478595
            ],
            [
              78.16989631073125,
              17.067038495294856
            ],
            [
              78.16874536731856,
              17.06663548142591
            ],
            [
              78.16838803217473,
              17.067064162700845
            ]
          ]
        ]
      }
    },
    {
      "type": "Feature",
      "id": "TG-RR-FNR-BRG-0243",
      "properties": {
        "parcel_id": "TG-RR-FNR-BRG-0243",
        "survey_no": "243",
        "survey_display": "243",
        "document_id": "DOC-BRG-0243",
        "village": "Burgul",
        "mandal": "Farooqnagar",
        "district": "Rangareddy",
        "state": "Telangana",
        "owner_name": "M. Lakshmi Bai",
        "ocr_owner": "M. Lakshmi Bai",
        "area_acres": 6.85,
        "ocr_area_acres": 6.85,
        "area_sq_meters": 27721.0,
        "centroid_lat": 17.067493,
        "centroid_lon": 78.173498,
        "verification_status": "VERIFIED",
        "validation_issue": "",
        "confidence_score": 0.94,
        "mutation_status": "APPROVED",
        "khata_number": "KH-243",
        "ulpin": "TG17060243987X"
      },
      "geometry": {
        "type": "Polygon",
        "coordinates": [
          [
            [
              78.17271212266043,
              17.067860708118513
            ],
            [
              78.17350943537862,
              17.068629791086433
            ],
            [
              78.1735344271456,
              17.068638354031307
            ],
            [
              78.17459210469347,
              17.06713206740536
            ],
            [
              78.17439089085684,
              17.066970329072703
            ],
            [
              78.17385892178713,
              17.06670577215537
            ],
            [
              78.17258371257465,
              17.066881779711245
            ],
            [
              78.17271212266043,
              17.067860708118513
            ]
          ]
        ]
      }
    },
    {
      "type": "Feature",
      "id": "TG-RR-FNR-BRG-0244",
      "properties": {
        "parcel_id": "TG-RR-FNR-BRG-0244",
        "survey_no": "244",
        "survey_display": "244",
        "document_id": "DOC-BRG-0244",
        "village": "Burgul",
        "mandal": "Farooqnagar",
        "district": "Rangareddy",
        "state": "Telangana",
        "owner_name": "P. Anjaneyulu",
        "ocr_owner": "P. Anjaneyulu",
        "area_acres": 5.76,
        "ocr_area_acres": 5.76,
        "area_sq_meters": 23309.9,
        "centroid_lat": 17.06725,
        "centroid_lon": 78.170639,
        "verification_status": "VERIFIED",
        "validation_issue": "",
        "confidence_score": 0.91,
        "mutation_status": "APPROVED",
        "khata_number": "KH-244",
        "ulpin": "TG17060244987X"
      },
      "geometry": {
        "type": "Polygon",
        "coordinates": [
          [
            [
              78.16990921126171,
              17.067291789478617
            ],
            [
              78.17006908081117,
              17.0678985141931
            ],
            [
              78.17052813999955,
              17.068176210147115
            ],
            [
              78.17124904244835,
              17.06786230828311
            ],
            [
              78.17135435503378,
              17.067208034798753
            ],
            [
              78.17095945083544,
              17.06618482680352
            ],
            [
              78.17008044230474,
              17.066732161378454
            ],
            [
              78.16989631073125,
              17.06703849529484
            ],
            [
              78.16990921126171,
              17.067291789478617
            ]
          ]
        ]
      }
    },
    {
      "type": "Feature",
      "id": "TG-RR-FNR-BRG-0245",
      "properties": {
        "parcel_id": "TG-RR-FNR-BRG-0245",
        "survey_no": "245",
        "survey_display": "245",
        "document_id": "DOC-BRG-0245",
        "village": "Burgul",
        "mandal": "Farooqnagar",
        "district": "Rangareddy",
        "state": "Telangana",
        "owner_name": "B. Satyanarayana",
        "ocr_owner": "B. Satyanarayana",
        "area_acres": 2.25,
        "ocr_area_acres": 2.25,
        "area_sq_meters": 9105.4,
        "centroid_lat": 17.067183,
        "centroid_lon": 78.195237,
        "verification_status": "VERIFIED",
        "validation_issue": "",
        "confidence_score": 0.95,
        "mutation_status": "APPROVED",
        "khata_number": "KH-245",
        "ulpin": "TG17060245987X"
      },
      "geometry": {
        "type": "Polygon",
        "coordinates": [
          [
            [
              78.19457756056886,
              17.067597091404835
            ],
            [
              78.19465726417282,
              17.067625831035148
            ],
            [
              78.19575298767509,
              17.067436618671703
            ],
            [
              78.19590533577845,
              17.066904627309412
            ],
            [
              78.19492850130858,
              17.066735087933814
            ],
            [
              78.19457756056886,
              17.067597091404835
            ]
          ]
        ]
      }
    },
    {
      "type": "Feature",
      "id": "TG-RR-FNR-BRG-0246",
      "properties": {
        "parcel_id": "TG-RR-FNR-BRG-0246",
        "survey_no": "246",
        "survey_display": "246",
        "document_id": "DOC-BRG-0246",
        "village": "Burgul",
        "mandal": "Farooqnagar",
        "district": "Rangareddy",
        "state": "Telangana",
        "owner_name": "T. Ramaiah",
        "ocr_owner": "T. Ramaiah",
        "area_acres": 7.66,
        "ocr_area_acres": 7.66,
        "area_sq_meters": 30998.9,
        "centroid_lat": 17.067234,
        "centroid_lon": 78.205144,
        "verification_status": "VERIFIED",
        "validation_issue": "",
        "confidence_score": 0.93,
        "mutation_status": "APPROVED",
        "khata_number": "KH-246",
        "ulpin": "TG17060246987X"
      },
      "geometry": {
        "type": "Polygon",
        "coordinates": [
          [
            [
              78.20612553983693,
              17.067039885456982
            ],
            [
              78.205833160266,
              17.066323030107235
            ],
            [
              78.20540282835093,
              17.066116099030364
            ],
            [
              78.20395426910825,
              17.067454793402554
            ],
            [
              78.20451264673369,
              17.06809236433673
            ],
            [
              78.2051036224998,
              17.06822340435519
            ],
            [
              78.20603707615246,
              17.06740314299253
            ],
            [
              78.20612553983693,
              17.067039885456982
            ]
          ]
        ]
      }
    },
    {
      "type": "Feature",
      "id": "TG-RR-FNR-BRG-0247",
      "properties": {
        "parcel_id": "TG-RR-FNR-BRG-0247",
        "survey_no": "247",
        "survey_display": "247",
        "document_id": "DOC-BRG-0247",
        "village": "Burgul",
        "mandal": "Farooqnagar",
        "district": "Rangareddy",
        "state": "Telangana",
        "owner_name": "Ch. Madhava Reddy",
        "ocr_owner": "Ch. Madhava Reddy",
        "area_acres": 5.56,
        "ocr_area_acres": 5.56,
        "area_sq_meters": 22500.5,
        "centroid_lat": 17.066881,
        "centroid_lon": 78.176168,
        "verification_status": "VERIFIED",
        "validation_issue": "",
        "confidence_score": 0.95,
        "mutation_status": "APPROVED",
        "khata_number": "KH-247",
        "ulpin": "TG17060247987X"
      },
      "geometry": {
        "type": "Polygon",
        "coordinates": [
          [
            [
              78.17507508735521,
              17.06702499908857
            ],
            [
              78.17564925543638,
              17.067661872837103
            ],
            [
              78.17713941956231,
              17.06700291342778
            ],
            [
              78.17732568386205,
              17.06627621790578
            ],
            [
              78.1754116449009,
              17.06646748774287
            ],
            [
              78.17507508735521,
              17.06702499908857
            ]
          ]
        ]
      }
    },
    {
      "type": "Feature",
      "id": "TG-RR-FNR-BRG-0248",
      "properties": {
        "parcel_id": "TG-RR-FNR-BRG-0248",
        "survey_no": "248",
        "survey_display": "248",
        "document_id": "DOC-BRG-0248",
        "village": "Burgul",
        "mandal": "Farooqnagar",
        "district": "Rangareddy",
        "state": "Telangana",
        "owner_name": "V. Narsimha",
        "ocr_owner": "V. Narsimha",
        "area_acres": 4.71,
        "ocr_area_acres": 4.71,
        "area_sq_meters": 19060.7,
        "centroid_lat": 17.067243,
        "centroid_lon": 78.193214,
        "verification_status": "VERIFIED",
        "validation_issue": "",
        "confidence_score": 0.93,
        "mutation_status": "APPROVED",
        "khata_number": "KH-248",
        "ulpin": "TG17060248987X"
      },
      "geometry": {
        "type": "Polygon",
        "coordinates": [
          [
            [
              78.19330193337538,
              17.068177873569034
            ],
            [
              78.19363279902807,
              17.068075134500837
            ],
            [
              78.19383052721105,
              17.06783877714656
            ],
            [
              78.19366316006203,
              17.066565169057714
            ],
            [
              78.19292000877267,
              17.066389434891416
            ],
            [
              78.19242018785846,
              17.067153369504087
            ],
            [
              78.19329672102582,
              17.068175837748708
            ],
            [
              78.19330193337538,
              17.068177873569034
            ]
          ]
        ]
      }
    },
    {
      "type": "Feature",
      "id": "TG-RR-FNR-BRG-0249",
      "properties": {
        "parcel_id": "TG-RR-FNR-BRG-0249",
        "survey_no": "249",
        "survey_display": "249",
        "document_id": "DOC-BRG-0249",
        "village": "Burgul",
        "mandal": "Farooqnagar",
        "district": "Rangareddy",
        "state": "Telangana",
        "owner_name": "S. Kistamma",
        "ocr_owner": "S. Kistamma",
        "area_acres": 3.07,
        "ocr_area_acres": 3.07,
        "area_sq_meters": 12423.9,
        "centroid_lat": 17.06687,
        "centroid_lon": 78.183027,
        "verification_status": "VERIFIED",
        "validation_issue": "",
        "confidence_score": 0.96,
        "mutation_status": "APPROVED",
        "khata_number": "KH-249",
        "ulpin": "TG17060249987X"
      },
      "geometry": {
        "type": "Polygon",
        "coordinates": [
          [
            [
              78.18361091972291,
              17.066153504244063
            ],
            [
              78.18197381034754,
              17.067094855661992
            ],
            [
              78.18306276130096,
              17.0674419043798
            ],
            [
              78.18375314823467,
              17.066766871690724
            ],
            [
              78.18361091972291,
              17.066153504244063
            ]
          ]
        ]
      }
    },
    {
      "type": "Feature",
      "id": "TG-RR-FNR-BRG-0250",
      "properties": {
        "parcel_id": "TG-RR-FNR-BRG-0250",
        "survey_no": "250",
        "survey_display": "250",
        "document_id": "DOC-BRG-0250",
        "village": "Burgul",
        "mandal": "Farooqnagar",
        "district": "Rangareddy",
        "state": "Telangana",
        "owner_name": "A. Balraj",
        "ocr_owner": "A. Balraj",
        "area_acres": 2.14,
        "ocr_area_acres": 2.14,
        "area_sq_meters": 8660.3,
        "centroid_lat": 17.066897,
        "centroid_lon": 78.191175,
        "verification_status": "VERIFIED",
        "validation_issue": "",
        "confidence_score": 0.9,
        "mutation_status": "APPROVED",
        "khata_number": "KH-250",
        "ulpin": "TG17060250987X"
      },
      "geometry": {
        "type": "Polygon",
        "coordinates": [
          [
            [
              78.19036055361559,
              17.066674294338007
            ],
            [
              78.19151631394107,
              17.067435457897535
            ],
            [
              78.19195684577711,
              17.067038074506954
            ],
            [
              78.19190676079302,
              17.066887765781555
            ],
            [
              78.19040604233386,
              17.066384669965423
            ],
            [
              78.19036055361559,
              17.066674294338007
            ]
          ]
        ]
      }
    },
    {
      "type": "Feature",
      "id": "TG-RR-FNR-BRG-0251",
      "properties": {
        "parcel_id": "TG-RR-FNR-BRG-0251",
        "survey_no": "251",
        "survey_display": "251",
        "document_id": "DOC-BRG-0251",
        "village": "Burgul",
        "mandal": "Farooqnagar",
        "district": "Rangareddy",
        "state": "Telangana",
        "owner_name": "M. Mallesh Goud",
        "ocr_owner": "M. Mallesh Goud",
        "area_acres": 4.76,
        "ocr_area_acres": 4.76,
        "area_sq_meters": 19263.1,
        "centroid_lat": 17.066882,
        "centroid_lon": 78.194265,
        "verification_status": "VERIFIED",
        "validation_issue": "",
        "confidence_score": 0.98,
        "mutation_status": "APPROVED",
        "khata_number": "KH-251",
        "ulpin": "TG17060251987X"
      },
      "geometry": {
        "type": "Polygon",
        "coordinates": [
          [
            [
              78.19366316006203,
              17.066565169057707
            ],
            [
              78.19383052721106,
              17.067838777146576
            ],
            [
              78.19457756056887,
              17.06759709140482
            ],
            [
              78.19492850130858,
              17.06673508793383
            ],
            [
              78.19480845740881,
              17.06618882744973
            ],
            [
              78.19403180737946,
              17.066038975318875
            ],
            [
              78.19366316006203,
              17.066565169057707
            ]
          ]
        ]
      }
    },
    {
      "type": "Feature",
      "id": "TG-RR-FNR-BRG-0252",
      "properties": {
        "parcel_id": "TG-RR-FNR-BRG-0252",
        "survey_no": "252",
        "survey_display": "252",
        "document_id": "DOC-BRG-0252",
        "village": "Burgul",
        "mandal": "Farooqnagar",
        "district": "Rangareddy",
        "state": "Telangana",
        "owner_name": "K. Chandraiah",
        "ocr_owner": "K. Chandraiah",
        "area_acres": 5.32,
        "ocr_area_acres": 5.32,
        "area_sq_meters": 21529.3,
        "centroid_lat": 17.066366,
        "centroid_lon": 78.171744,
        "verification_status": "VERIFIED",
        "validation_issue": "",
        "confidence_score": 0.96,
        "mutation_status": "APPROVED",
        "khata_number": "KH-252",
        "ulpin": "TG17060252987X"
      },
      "geometry": {
        "type": "Polygon",
        "coordinates": [
          [
            [
              78.17161337602197,
              17.065568325459964
            ],
            [
              78.17108757648079,
              17.06583022583315
            ],
            [
              78.17095945083544,
              17.066184826803518
            ],
            [
              78.17135435503378,
              17.067208034798742
            ],
            [
              78.17256168825321,
              17.06685747655455
            ],
            [
              78.17228070151742,
              17.065734578300034
            ],
            [
              78.17161337602197,
              17.065568325459964
            ]
          ]
        ]
      }
    },
    {
      "type": "Feature",
      "id": "TG-RR-FNR-BRG-0253",
      "properties": {
        "parcel_id": "TG-RR-FNR-BRG-0253",
        "survey_no": "253",
        "survey_display": "253",
        "document_id": "DOC-BRG-0253",
        "village": "Burgul",
        "mandal": "Farooqnagar",
        "district": "Rangareddy",
        "state": "Telangana",
        "owner_name": "J. Ramachandra Reddy",
        "ocr_owner": "J. Ramachandra Reddy",
        "area_acres": 7.76,
        "ocr_area_acres": 7.76,
        "area_sq_meters": 31403.6,
        "centroid_lat": 17.066422,
        "centroid_lon": 78.20409,
        "verification_status": "VERIFIED",
        "validation_issue": "",
        "confidence_score": 0.91,
        "mutation_status": "APPROVED",
        "khata_number": "KH-253",
        "ulpin": "TG17060253987X"
      },
      "geometry": {
        "type": "Polygon",
        "coordinates": [
          [
            [
              78.2050225436082,
              17.065807343042835
            ],
            [
              78.20437000660877,
              17.06550594674357
            ],
            [
              78.2036509141097,
              17.065778394669994
            ],
            [
              78.20288352480094,
              17.066690681814737
            ],
            [
              78.20299615304461,
              17.06689611260691
            ],
            [
              78.20395426910825,
              17.067454793402558
            ],
            [
              78.20540282835093,
              17.06611609903037
            ],
            [
              78.2050225436082,
              17.065807343042835
            ]
          ]
        ]
      }
    },
    {
      "type": "Feature",
      "id": "TG-RR-FNR-BRG-0254",
      "properties": {
        "parcel_id": "TG-RR-FNR-BRG-0254",
        "survey_no": "254",
        "survey_display": "254",
        "document_id": "DOC-BRG-0254",
        "village": "Burgul",
        "mandal": "Farooqnagar",
        "district": "Rangareddy",
        "state": "Telangana",
        "owner_name": "D. Gopal Rao",
        "ocr_owner": "D. Gopal Rao",
        "area_acres": 5.81,
        "ocr_area_acres": 5.81,
        "area_sq_meters": 23512.3,
        "centroid_lat": 17.066574,
        "centroid_lon": 78.184357,
        "verification_status": "VERIFIED",
        "validation_issue": "",
        "confidence_score": 0.88,
        "mutation_status": "APPROVED",
        "khata_number": "KH-254",
        "ulpin": "TG17060254987X"
      },
      "geometry": {
        "type": "Polygon",
        "coordinates": [
          [
            [
              78.18452766408444,
              17.065466420535504
            ],
            [
              78.18379710288362,
              17.065702548729288
            ],
            [
              78.18361091972291,
              17.06615350424407
            ],
            [
              78.18375314823467,
              17.066766871690742
            ],
            [
              78.18456997844673,
              17.067659046520188
            ],
            [
              78.18489598235382,
              17.06767675385568
            ],
            [
              78.18510953853783,
              17.067573419733925
            ],
            [
              78.18509509394529,
              17.067447115720057
            ],
            [
              78.18454395479404,
              17.06547228969148
            ],
            [
              78.18452766408444,
              17.065466420535504
            ]
          ]
        ]
      }
    },
    {
      "type": "Feature",
      "id": "TG-RR-FNR-BRG-0255",
      "properties": {
        "parcel_id": "TG-RR-FNR-BRG-0255",
        "survey_no": "255",
        "survey_display": "255",
        "document_id": "DOC-BRG-0255",
        "village": "Burgul",
        "mandal": "Farooqnagar",
        "district": "Rangareddy",
        "state": "Telangana",
        "owner_name": "R. Prabhakar",
        "ocr_owner": "M. Krishna Murthy",
        "area_acres": 3.78,
        "ocr_area_acres": 3.78,
        "area_sq_meters": 15297.1,
        "centroid_lat": 17.066889,
        "centroid_lon": 78.180057,
        "verification_status": "CONFLICT",
        "validation_issue": "Owner mismatch: Deed titleholder 'R. Prabhakar' vs Extracted 'M. Krishna Murthy'",
        "confidence_score": 0.44,
        "mutation_status": "APPROVED",
        "khata_number": "KH-255",
        "ulpin": "TG17060255987X"
      },
      "geometry": {
        "type": "Polygon",
        "coordinates": [
          [
            [
              78.1800448315715,
              17.067553305724505
            ],
            [
              78.18098678167927,
              17.066936458564857
            ],
            [
              78.17981719477548,
              17.066051929923812
            ],
            [
              78.17934328262629,
              17.067141702669122
            ],
            [
              78.17952810231047,
              17.06737441585428
            ],
            [
              78.1800448315715,
              17.067553305724505
            ]
          ]
        ]
      }
    },
    {
      "type": "Feature",
      "id": "TG-RR-FNR-BRG-0256",
      "properties": {
        "parcel_id": "TG-RR-FNR-BRG-0256",
        "survey_no": "256",
        "survey_display": "256",
        "document_id": "DOC-BRG-0256",
        "village": "Burgul",
        "mandal": "Farooqnagar",
        "district": "Rangareddy",
        "state": "Telangana",
        "owner_name": "E. Yadagiri",
        "ocr_owner": "E. Yadagiri",
        "area_acres": 8.39,
        "ocr_area_acres": 8.39,
        "area_sq_meters": 33953.2,
        "centroid_lat": 17.066397,
        "centroid_lon": 78.189338,
        "verification_status": "VERIFIED",
        "validation_issue": "",
        "confidence_score": 0.93,
        "mutation_status": "APPROVED",
        "khata_number": "KH-256",
        "ulpin": "TG17060256987X"
      },
      "geometry": {
        "type": "Polygon",
        "coordinates": [
          [
            [
              78.18875961568983,
              17.065420828613302
            ],
            [
              78.18822779326307,
              17.066111317163696
            ],
            [
              78.18876330961794,
              17.06713057624264
            ],
            [
              78.18992408217211,
              17.067384957821847
            ],
            [
              78.19036055361559,
              17.066674294338004
            ],
            [
              78.19040604233386,
              17.066384669965434
            ],
            [
              78.19040320674509,
              17.066162973680505
            ],
            [
              78.18916187927088,
              17.065414818829787
            ],
            [
              78.18875961568983,
              17.065420828613302
            ]
          ]
        ]
      }
    },
    {
      "type": "Feature",
      "id": "TG-RR-FNR-BRG-0257",
      "properties": {
        "parcel_id": "TG-RR-FNR-BRG-0257",
        "survey_no": "257",
        "survey_display": "257",
        "document_id": "DOC-BRG-0257",
        "village": "Burgul",
        "mandal": "Farooqnagar",
        "district": "Rangareddy",
        "state": "Telangana",
        "owner_name": "N. Shankaraiah",
        "ocr_owner": "N. Shankaraiah",
        "area_acres": 3.96,
        "ocr_area_acres": 3.96,
        "area_sq_meters": 16025.6,
        "centroid_lat": 17.066155,
        "centroid_lon": 78.191296,
        "verification_status": "VERIFIED",
        "validation_issue": "",
        "confidence_score": 0.91,
        "mutation_status": "APPROVED",
        "khata_number": "KH-257",
        "ulpin": "TG17060257987X"
      },
      "geometry": {
        "type": "Polygon",
        "coordinates": [
          [
            [
              78.1911870429837,
              17.0655691221813
            ],
            [
              78.19040320674509,
              17.0661629736805
            ],
            [
              78.19040604233386,
              17.066384669965426
            ],
            [
              78.19190676079302,
              17.066887765781555
            ],
            [
              78.1918142226753,
              17.065422837632962
            ],
            [
              78.1911870429837,
              17.0655691221813
            ]
          ]
        ]
      }
    },
    {
      "type": "Feature",
      "id": "TG-RR-FNR-BRG-0258",
      "properties": {
        "parcel_id": "TG-RR-FNR-BRG-0258",
        "survey_no": "258",
        "survey_display": "258",
        "document_id": "DOC-BRG-0258",
        "village": "Burgul",
        "mandal": "Farooqnagar",
        "district": "Rangareddy",
        "state": "Telangana",
        "owner_name": "P. Suseela",
        "ocr_owner": "P. Suseela",
        "area_acres": 7.85,
        "ocr_area_acres": 7.85,
        "area_sq_meters": 31767.9,
        "centroid_lat": 17.066686,
        "centroid_lon": 78.186123,
        "verification_status": "VERIFIED",
        "validation_issue": "",
        "confidence_score": 0.92,
        "mutation_status": "APPROVED",
        "khata_number": "KH-258",
        "ulpin": "TG17060258987X"
      },
      "geometry": {
        "type": "Polygon",
        "coordinates": [
          [
            [
              78.18588713995733,
              17.067731310613095
            ],
            [
              78.18663476884164,
              17.0674127552824
            ],
            [
              78.18707509853175,
              17.066321810686585
            ],
            [
              78.18630072314443,
              17.065395455843106
            ],
            [
              78.18609424997722,
              17.065355638674625
            ],
            [
              78.18509509394529,
              17.06744711571997
            ],
            [
              78.18510953853784,
              17.067573419733932
            ],
            [
              78.18588713995733,
              17.067731310613095
            ]
          ]
        ]
      }
    },
    {
      "type": "Feature",
      "id": "TG-RR-FNR-BRG-0259",
      "properties": {
        "parcel_id": "TG-RR-FNR-BRG-0259",
        "survey_no": "259",
        "survey_display": "259",
        "document_id": "DOC-BRG-0259",
        "village": "Burgul",
        "mandal": "Farooqnagar",
        "district": "Rangareddy",
        "state": "Telangana",
        "owner_name": "B. Vittal Reddy",
        "ocr_owner": "B. Vittal Reddy",
        "area_acres": 6.54,
        "ocr_area_acres": 6.54,
        "area_sq_meters": 26466.5,
        "centroid_lat": 17.066099,
        "centroid_lon": 78.195865,
        "verification_status": "VERIFIED",
        "validation_issue": "",
        "confidence_score": 0.97,
        "mutation_status": "APPROVED",
        "khata_number": "KH-259",
        "ulpin": "TG17060259987X"
      },
      "geometry": {
        "type": "Polygon",
        "coordinates": [
          [
            [
              78.19694736622331,
              17.065789653542904
            ],
            [
              78.19688083810911,
              17.065647929548614
            ],
            [
              78.19589011860208,
              17.065207420772854
            ],
            [
              78.19480845740881,
              17.066188827449732
            ],
            [
              78.19492850130857,
              17.06673508793381
            ],
            [
              78.19590533577846,
              17.066904627309416
            ],
            [
              78.1969578687664,
              17.066009041206886
            ],
            [
              78.19694736622331,
              17.065789653542904
            ]
          ]
        ]
      }
    },
    {
      "type": "Feature",
      "id": "TG-RR-FNR-BRG-0260",
      "properties": {
        "parcel_id": "TG-RR-FNR-BRG-0260",
        "survey_no": "260",
        "survey_display": "260",
        "document_id": "DOC-BRG-0260",
        "village": "Burgul",
        "mandal": "Farooqnagar",
        "district": "Rangareddy",
        "state": "Telangana",
        "owner_name": "K. Padma",
        "ocr_owner": "K. Padma",
        "area_acres": 4.16,
        "ocr_area_acres": 4.16,
        "area_sq_meters": 16834.9,
        "centroid_lat": 17.066202,
        "centroid_lon": 78.192271,
        "verification_status": "VERIFIED",
        "validation_issue": "",
        "confidence_score": 0.98,
        "mutation_status": "APPROVED",
        "khata_number": "KH-260",
        "ulpin": "TG17060260987X"
      },
      "geometry": {
        "type": "Polygon",
        "coordinates": [
          [
            [
              78.19181422267532,
              17.065422837632962
            ],
            [
              78.19190676079302,
              17.06688776578154
            ],
            [
              78.19195684577711,
              17.067038074506957
            ],
            [
              78.19242018785845,
              17.067153369504084
            ],
            [
              78.19292000877267,
              17.06638943489141
            ],
            [
              78.19221654769551,
              17.065103343092936
            ],
            [
              78.19181422267532,
              17.065422837632962
            ]
          ]
        ]
      }
    },
    {
      "type": "Feature",
      "id": "TG-RR-FNR-BRG-0261",
      "properties": {
        "parcel_id": "TG-RR-FNR-BRG-0261",
        "survey_no": "261",
        "survey_display": "261",
        "document_id": "DOC-BRG-0261",
        "village": "Burgul",
        "mandal": "Farooqnagar",
        "district": "Rangareddy",
        "state": "Telangana",
        "owner_name": "G. Lingaiah",
        "ocr_owner": "G. Lingaiah",
        "area_acres": 2.98,
        "ocr_area_acres": 2.98,
        "area_sq_meters": 12059.6,
        "centroid_lat": 17.066406,
        "centroid_lon": 78.169355,
        "verification_status": "VERIFIED",
        "validation_issue": "",
        "confidence_score": 0.98,
        "mutation_status": "APPROVED",
        "khata_number": "KH-261",
        "ulpin": "TG17060261987X"
      },
      "geometry": {
        "type": "Polygon",
        "coordinates": [
          [
            [
              78.1687728153756,
              17.066126787748036
            ],
            [
              78.16874536731858,
              17.066635481425912
            ],
            [
              78.16989631073125,
              17.067038495294852
            ],
            [
              78.17008044230474,
              17.066732161378475
            ],
            [
              78.16924001097193,
              17.06562162852108
            ],
            [
              78.1687728153756,
              17.066126787748036
            ]
          ]
        ]
      }
    },
    {
      "type": "Feature",
      "id": "TG-RR-FNR-BRG-0262",
      "properties": {
        "parcel_id": "TG-RR-FNR-BRG-0262",
        "survey_no": "262",
        "survey_display": "262",
        "document_id": "DOC-BRG-0262",
        "village": "Burgul",
        "mandal": "Farooqnagar",
        "district": "Rangareddy",
        "state": "Telangana",
        "owner_name": "M. Krishna Murthy",
        "ocr_owner": "M. Krishna Murthy",
        "area_acres": 4.12,
        "ocr_area_acres": 4.12,
        "area_sq_meters": 16673.1,
        "centroid_lat": 17.06621,
        "centroid_lon": 78.172972,
        "verification_status": "VERIFIED",
        "validation_issue": "",
        "confidence_score": 0.88,
        "mutation_status": "APPROVED",
        "khata_number": "KH-262",
        "ulpin": "TG17060262987X"
      },
      "geometry": {
        "type": "Polygon",
        "coordinates": [
          [
            [
              78.17228070151742,
              17.06573457830003
            ],
            [
              78.17256168825321,
              17.066857476554546
            ],
            [
              78.17258371257465,
              17.066881779711245
            ],
            [
              78.17385892178713,
              17.06670577215537
            ],
            [
              78.17304619916568,
              17.065380802873765
            ],
            [
              78.17228070151742,
              17.06573457830003
            ]
          ]
        ]
      }
    },
    {
      "type": "Feature",
      "id": "TG-RR-FNR-BRG-0263",
      "properties": {
        "parcel_id": "TG-RR-FNR-BRG-0263",
        "survey_no": "263",
        "survey_display": "263",
        "document_id": "DOC-BRG-0263",
        "village": "Burgul",
        "mandal": "Farooqnagar",
        "district": "Rangareddy",
        "state": "Telangana",
        "owner_name": "S. Venkat Reddy",
        "ocr_owner": "S. Venkat Reddy",
        "area_acres": 10.38,
        "ocr_area_acres": 10.38,
        "area_sq_meters": 42006.4,
        "centroid_lat": 17.06633,
        "centroid_lon": 78.200251,
        "verification_status": "VERIFIED",
        "validation_issue": "",
        "confidence_score": 0.95,
        "mutation_status": "APPROVED",
        "khata_number": "KH-263",
        "ulpin": "TG17060263987X"
      },
      "geometry": {
        "type": "Polygon",
        "coordinates": [
          [
            [
              78.20155421101053,
              17.06642382417754
            ],
            [
              78.20144029258662,
              17.066157836907532
            ],
            [
              78.20048299656678,
              17.06509565948299
            ],
            [
              78.20035354421506,
              17.065076287513914
            ],
            [
              78.19974464789122,
              17.06545134221519
            ],
            [
              78.19922172977829,
              17.066279885833588
            ],
            [
              78.19920224370247,
              17.06727048792151
            ],
            [
              78.19944989800328,
              17.067432268738596
            ],
            [
              78.20098081145764,
              17.06701873405405
            ],
            [
              78.20155421101053,
              17.06642382417754
            ]
          ]
        ]
      }
    },
    {
      "type": "Feature",
      "id": "TG-RR-FNR-BRG-0264",
      "properties": {
        "parcel_id": "TG-RR-FNR-BRG-0264",
        "survey_no": "264",
        "survey_display": "264",
        "document_id": "DOC-BRG-0264",
        "village": "Burgul",
        "mandal": "Farooqnagar",
        "district": "Rangareddy",
        "state": "Telangana",
        "owner_name": "A. Jagadeeshwar",
        "ocr_owner": "A. Jagadeeshwar",
        "area_acres": 3.36,
        "ocr_area_acres": 3.36,
        "area_sq_meters": 13597.4,
        "centroid_lat": 17.066497,
        "centroid_lon": 78.168139,
        "verification_status": "VERIFIED",
        "validation_issue": "",
        "confidence_score": 0.97,
        "mutation_status": "APPROVED",
        "khata_number": "KH-264",
        "ulpin": "TG17060264987X"
      },
      "geometry": {
        "type": "Polygon",
        "coordinates": [
          [
            [
              78.16838803217473,
              17.067064162700856
            ],
            [
              78.16874536731858,
              17.066635481425894
            ],
            [
              78.1687728153756,
              17.06612678774803
            ],
            [
              78.167950375309,
              17.065795103223472
            ],
            [
              78.16736772798899,
              17.06694903392955
            ],
            [
              78.16838803217473,
              17.067064162700856
            ]
          ]
        ]
      }
    },
    {
      "type": "Feature",
      "id": "TG-RR-FNR-BRG-0265",
      "properties": {
        "parcel_id": "TG-RR-FNR-BRG-0265",
        "survey_no": "265",
        "survey_display": "265",
        "document_id": "DOC-BRG-0265",
        "village": "Burgul",
        "mandal": "Farooqnagar",
        "district": "Rangareddy",
        "state": "Telangana",
        "owner_name": "G. Srinivas Reddy",
        "ocr_owner": "G. Srinivas Reddy",
        "area_acres": 8.38,
        "ocr_area_acres": 8.38,
        "area_sq_meters": 33912.7,
        "centroid_lat": 17.066561,
        "centroid_lon": 78.198138,
        "verification_status": "VERIFIED",
        "validation_issue": "",
        "confidence_score": 0.96,
        "mutation_status": "APPROVED",
        "khata_number": "KH-265",
        "ulpin": "TG17060265987X"
      },
      "geometry": {
        "type": "Polygon",
        "coordinates": [
          [
            [
              78.1969578687664,
              17.0660090412069
            ],
            [
              78.19762359105087,
              17.067414870951072
            ],
            [
              78.19763243069977,
              17.06742290332243
            ],
            [
              78.19920224370247,
              17.06727048792152
            ],
            [
              78.19922172977829,
              17.06627988583358
            ],
            [
              78.19811508803724,
              17.065735579492195
            ],
            [
              78.19694736622331,
              17.065789653542915
            ],
            [
              78.1969578687664,
              17.0660090412069
            ]
          ]
        ]
      }
    },
    {
      "type": "Feature",
      "id": "TG-RR-FNR-BRG-0266",
      "properties": {
        "parcel_id": "TG-RR-FNR-BRG-0266",
        "survey_no": "266",
        "survey_display": "266",
        "document_id": "DOC-BRG-0266",
        "village": "Burgul",
        "mandal": "Farooqnagar",
        "district": "Rangareddy",
        "state": "Telangana",
        "owner_name": "K. Venkateshwar Rao",
        "ocr_owner": "K. Venkateshwar Rao",
        "area_acres": 4.83,
        "ocr_area_acres": 4.83,
        "area_sq_meters": 19546.3,
        "centroid_lat": 17.066049,
        "centroid_lon": 78.185258,
        "verification_status": "VERIFIED",
        "validation_issue": "",
        "confidence_score": 0.89,
        "mutation_status": "APPROVED",
        "khata_number": "KH-266",
        "ulpin": "TG17060266987X"
      },
      "geometry": {
        "type": "Polygon",
        "coordinates": [
          [
            [
              78.18580508186527,
              17.06525220410226
            ],
            [
              78.18454395479404,
              17.06547228969148
            ],
            [
              78.18509509394528,
              17.06744711571999
            ],
            [
              78.1860942499772,
              17.065355638674625
            ],
            [
              78.18580508186527,
              17.06525220410226
            ]
          ]
        ]
      }
    },
    {
      "type": "Feature",
      "id": "TG-RR-FNR-BRG-0267",
      "properties": {
        "parcel_id": "TG-RR-FNR-BRG-0267",
        "survey_no": "267",
        "survey_display": "267",
        "document_id": "DOC-BRG-0267",
        "village": "Burgul",
        "mandal": "Farooqnagar",
        "district": "Rangareddy",
        "state": "Telangana",
        "owner_name": "M. Lakshmi Bai",
        "ocr_owner": "M. Lakshmi Bai",
        "area_acres": 1.9,
        "ocr_area_acres": 2.05,
        "area_sq_meters": 7689.0,
        "centroid_lat": 17.066429,
        "centroid_lon": 78.17938,
        "verification_status": "CONFLICT",
        "validation_issue": "Area mismatch: Document states 2.05 Acres vs GIS 1.9 Acres (8.0% diff)",
        "confidence_score": 0.68,
        "mutation_status": "APPROVED",
        "khata_number": "KH-267",
        "ulpin": "TG17060267987X"
      },
      "geometry": {
        "type": "Polygon",
        "coordinates": [
          [
            [
              78.17977373558591,
              17.06590961562114
            ],
            [
              78.1796728134354,
              17.065816173405718
            ],
            [
              78.17944010328866,
              17.065692254476406
            ],
            [
              78.17888965161322,
              17.066908724306554
            ],
            [
              78.17934328262629,
              17.067141702669126
            ],
            [
              78.17981719477548,
              17.066051929923802
            ],
            [
              78.17977373558591,
              17.06590961562114
            ]
          ]
        ]
      }
    },
    {
      "type": "Feature",
      "id": "TG-RR-FNR-BRG-0268",
      "properties": {
        "parcel_id": "TG-RR-FNR-BRG-0268",
        "survey_no": "268",
        "survey_display": "268",
        "document_id": "DOC-BRG-0268",
        "village": "Burgul",
        "mandal": "Farooqnagar",
        "district": "Rangareddy",
        "state": "Telangana",
        "owner_name": "P. Anjaneyulu",
        "ocr_owner": "P. Anjaneyulu",
        "area_acres": 2.48,
        "ocr_area_acres": 2.48,
        "area_sq_meters": 10036.2,
        "centroid_lat": 17.066322,
        "centroid_lon": 78.178755,
        "verification_status": "VERIFIED",
        "validation_issue": "",
        "confidence_score": 0.94,
        "mutation_status": "APPROVED",
        "khata_number": "KH-268",
        "ulpin": "TG17060268987X"
      },
      "geometry": {
        "type": "Polygon",
        "coordinates": [
          [
            [
              78.17834736552396,
              17.06677605511653
            ],
            [
              78.17888965161322,
              17.066908724306558
            ],
            [
              78.17944010328867,
              17.065692254476406
            ],
            [
              78.17936007818498,
              17.065618067416022
            ],
            [
              78.17799908776716,
              17.066378656178152
            ],
            [
              78.17834736552396,
              17.06677605511653
            ]
          ]
        ]
      }
    },
    {
      "type": "Feature",
      "id": "TG-RR-FNR-BRG-0269",
      "properties": {
        "parcel_id": "TG-RR-FNR-BRG-0269",
        "survey_no": "269",
        "survey_display": "269",
        "document_id": "DOC-BRG-0269",
        "village": "Burgul",
        "mandal": "Farooqnagar",
        "district": "Rangareddy",
        "state": "Telangana",
        "owner_name": "B. Satyanarayana",
        "ocr_owner": "B. Satyanarayana",
        "area_acres": 9.76,
        "ocr_area_acres": 9.76,
        "area_sq_meters": 39497.4,
        "centroid_lat": 17.066148,
        "centroid_lon": 78.207124,
        "verification_status": "VERIFIED",
        "validation_issue": "",
        "confidence_score": 0.91,
        "mutation_status": "APPROVED",
        "khata_number": "KH-269",
        "ulpin": "TG17060269987X"
      },
      "geometry": {
        "type": "Polygon",
        "coordinates": [
          [
            [
              78.20583316026598,
              17.066323030107217
            ],
            [
              78.20612553983695,
              17.067039885457007
            ],
            [
              78.20796531464985,
              17.066847049807016
            ],
            [
              78.20810794085594,
              17.06681265058461
            ],
            [
              78.20824756290064,
              17.065276808093046
            ],
            [
              78.2082272508821,
              17.065268680533183
            ],
            [
              78.20666631837834,
              17.06529315207079
            ],
            [
              78.20583316026598,
              17.066323030107217
            ]
          ]
        ]
      }
    },
    {
      "type": "Feature",
      "id": "TG-RR-FNR-BRG-0270",
      "properties": {
        "parcel_id": "TG-RR-FNR-BRG-0270",
        "survey_no": "270",
        "survey_display": "270",
        "document_id": "DOC-BRG-0270",
        "village": "Burgul",
        "mandal": "Farooqnagar",
        "district": "Rangareddy",
        "state": "Telangana",
        "owner_name": "T. Ramaiah",
        "ocr_owner": "T. Ramaiah",
        "area_acres": 3.4,
        "ocr_area_acres": 3.4,
        "area_sq_meters": 13759.3,
        "centroid_lat": 17.066299,
        "centroid_lon": 78.182808,
        "verification_status": "VERIFIED",
        "validation_issue": "",
        "confidence_score": 0.93,
        "mutation_status": "APPROVED",
        "khata_number": "KH-270",
        "ulpin": "TG17060270987X"
      },
      "geometry": {
        "type": "Polygon",
        "coordinates": [
          [
            [
              78.18379710288362,
              17.065702548729288
            ],
            [
              78.18377293043974,
              17.065689013440846
            ],
            [
              78.18321583567362,
              17.065576403216447
            ],
            [
              78.18167229322734,
              17.066891175005143
            ],
            [
              78.18188477817141,
              17.067100276216145
            ],
            [
              78.18197381034756,
              17.067094855661992
            ],
            [
              78.18361091972291,
              17.066153504244067
            ],
            [
              78.18379710288362,
              17.065702548729288
            ]
          ]
        ]
      }
    },
    {
      "type": "Feature",
      "id": "TG-RR-FNR-BRG-0271",
      "properties": {
        "parcel_id": "TG-RR-FNR-BRG-0271",
        "survey_no": "271",
        "survey_display": "271",
        "document_id": "DOC-BRG-0271",
        "village": "Burgul",
        "mandal": "Farooqnagar",
        "district": "Rangareddy",
        "state": "Telangana",
        "owner_name": "Ch. Madhava Reddy",
        "ocr_owner": "Ch. Madhava Reddy",
        "area_acres": 5.41,
        "ocr_area_acres": 5.41,
        "area_sq_meters": 21893.5,
        "centroid_lat": 17.065793,
        "centroid_lon": 78.170094,
        "verification_status": "VERIFIED",
        "validation_issue": "",
        "confidence_score": 0.89,
        "mutation_status": "APPROVED",
        "khata_number": "KH-271",
        "ulpin": "TG17060271987X"
      },
      "geometry": {
        "type": "Polygon",
        "coordinates": [
          [
            [
              78.17108757648079,
              17.06583022583314
            ],
            [
              78.16953275921834,
              17.06478497211852
            ],
            [
              78.16924001097193,
              17.065621628521075
            ],
            [
              78.17008044230472,
              17.066732161378468
            ],
            [
              78.17095945083544,
              17.06618482680352
            ],
            [
              78.17108757648079,
              17.06583022583314
            ]
          ]
        ]
      }
    },
    {
      "type": "Feature",
      "id": "TG-RR-FNR-BRG-0272",
      "properties": {
        "parcel_id": "TG-RR-FNR-BRG-0272",
        "survey_no": "272",
        "survey_display": "272",
        "document_id": "DOC-BRG-0272",
        "village": "Burgul",
        "mandal": "Farooqnagar",
        "district": "Rangareddy",
        "state": "Telangana",
        "owner_name": "V. Narsimha",
        "ocr_owner": "V. Narsimha",
        "area_acres": 3.93,
        "ocr_area_acres": 3.93,
        "area_sq_meters": 15904.2,
        "centroid_lat": 17.066271,
        "centroid_lon": 78.180843,
        "verification_status": "VERIFIED",
        "validation_issue": "",
        "confidence_score": 0.99,
        "mutation_status": "APPROVED",
        "khata_number": "KH-272",
        "ulpin": "TG17060272987X"
      },
      "geometry": {
        "type": "Polygon",
        "coordinates": [
          [
            [
              78.1798171947755,
              17.066051929923816
            ],
            [
              78.18098678167927,
              17.066936458564854
            ],
            [
              78.18155943354058,
              17.06679622002372
            ],
            [
              78.18151905908947,
              17.065956568763802
            ],
            [
              78.18145422521438,
              17.06579920551334
            ],
            [
              78.179941845668,
              17.065848292008727
            ],
            [
              78.17977373558591,
              17.065909615621145
            ],
            [
              78.1798171947755,
              17.066051929923816
            ]
          ]
        ]
      }
    },
    {
      "type": "Feature",
      "id": "TG-RR-FNR-BRG-0273",
      "properties": {
        "parcel_id": "TG-RR-FNR-BRG-0273",
        "survey_no": "273",
        "survey_display": "273",
        "document_id": "DOC-BRG-0273",
        "village": "Burgul",
        "mandal": "Farooqnagar",
        "district": "Rangareddy",
        "state": "Telangana",
        "owner_name": "S. Kistamma",
        "ocr_owner": "S. Kistamma",
        "area_acres": 6.71,
        "ocr_area_acres": 6.71,
        "area_sq_meters": 27154.4,
        "centroid_lat": 17.066153,
        "centroid_lon": 78.16707,
        "verification_status": "VERIFIED",
        "validation_issue": "",
        "confidence_score": 0.96,
        "mutation_status": "APPROVED",
        "khata_number": "KH-273",
        "ulpin": "TG17060273987X"
      },
      "geometry": {
        "type": "Polygon",
        "coordinates": [
          [
            [
              78.16736772798899,
              17.066949033929543
            ],
            [
              78.167950375309,
              17.065795103223472
            ],
            [
              78.16752920198648,
              17.064989119074024
            ],
            [
              78.16743597785364,
              17.06496773170871
            ],
            [
              78.16627393933852,
              17.066013332723767
            ],
            [
              78.16638582266413,
              17.06724404930546
            ],
            [
              78.16736772798899,
              17.066949033929543
            ]
          ]
        ]
      }
    },
    {
      "type": "Feature",
      "id": "TG-RR-FNR-BRG-0274",
      "properties": {
        "parcel_id": "TG-RR-FNR-BRG-0274",
        "survey_no": "274",
        "survey_display": "274",
        "document_id": "DOC-BRG-0274",
        "village": "Burgul",
        "mandal": "Farooqnagar",
        "district": "Rangareddy",
        "state": "Telangana",
        "owner_name": "A. Balraj",
        "ocr_owner": "A. Balraj",
        "area_acres": 5.88,
        "ocr_area_acres": 5.88,
        "area_sq_meters": 23795.5,
        "centroid_lat": 17.065641,
        "centroid_lon": 78.193173,
        "verification_status": "VERIFIED",
        "validation_issue": "",
        "confidence_score": 0.89,
        "mutation_status": "APPROVED",
        "khata_number": "KH-274",
        "ulpin": "TG17060274987X"
      },
      "geometry": {
        "type": "Polygon",
        "coordinates": [
          [
            [
              78.19239181239077,
              17.06480279410378
            ],
            [
              78.19221654769551,
              17.06510334309292
            ],
            [
              78.19292000877269,
              17.06638943489142
            ],
            [
              78.19366316006202,
              17.06656516905771
            ],
            [
              78.19403180737946,
              17.066038975318868
            ],
            [
              78.19365294256224,
              17.065020932487638
            ],
            [
              78.19239181239077,
              17.06480279410378
            ]
          ]
        ]
      }
    },
    {
      "type": "Feature",
      "id": "TG-RR-FNR-BRG-0275",
      "properties": {
        "parcel_id": "TG-RR-FNR-BRG-0275",
        "survey_no": "275",
        "survey_display": "275",
        "document_id": "DOC-BRG-0275",
        "village": "Burgul",
        "mandal": "Farooqnagar",
        "district": "Rangareddy",
        "state": "Telangana",
        "owner_name": "M. Mallesh Goud",
        "ocr_owner": "M. Mallesh Goud",
        "area_acres": 3.1,
        "ocr_area_acres": 3.1,
        "area_sq_meters": 12545.3,
        "centroid_lat": 17.066067,
        "centroid_lon": 78.182185,
        "verification_status": "REVIEW_REQUIRED",
        "validation_issue": "Low OCR confidence in handwritten Tippon annotation",
        "confidence_score": 0.62,
        "mutation_status": "APPROVED",
        "khata_number": "KH-275",
        "ulpin": "TG17060275987X"
      },
      "geometry": {
        "type": "Polygon",
        "coordinates": [
          [
            [
              78.18155943354058,
              17.066796220023722
            ],
            [
              78.18167229322735,
              17.066891175005146
            ],
            [
              78.18321583567362,
              17.065576403216443
            ],
            [
              78.1828276893919,
              17.065427168201488
            ],
            [
              78.18151905908947,
              17.065956568763788
            ],
            [
              78.18155943354058,
              17.066796220023722
            ]
          ]
        ]
      }
    },
    {
      "type": "Feature",
      "id": "TG-RR-FNR-BRG-0276",
      "properties": {
        "parcel_id": "TG-RR-FNR-BRG-0276",
        "survey_no": "276",
        "survey_display": "276",
        "document_id": "DOC-BRG-0276",
        "village": "Burgul",
        "mandal": "Farooqnagar",
        "district": "Rangareddy",
        "state": "Telangana",
        "owner_name": "K. Chandraiah",
        "ocr_owner": "K. Chandraiah",
        "area_acres": 4.14,
        "ocr_area_acres": 4.14,
        "area_sq_meters": 16754.0,
        "centroid_lat": 17.065775,
        "centroid_lon": 78.173755,
        "verification_status": "VERIFIED",
        "validation_issue": "",
        "confidence_score": 0.98,
        "mutation_status": "APPROVED",
        "khata_number": "KH-276",
        "ulpin": "TG17060276987X"
      },
      "geometry": {
        "type": "Polygon",
        "coordinates": [
          [
            [
              78.17348237908254,
              17.064833025135865
            ],
            [
              78.17304619916568,
              17.06538080287376
            ],
            [
              78.17385892178713,
              17.066705772155366
            ],
            [
              78.17439089085684,
              17.066970329072706
            ],
            [
              78.17395940383938,
              17.065036185756373
            ],
            [
              78.17382145221139,
              17.06478540008223
            ],
            [
              78.17348237908254,
              17.064833025135865
            ]
          ]
        ]
      }
    },
    {
      "type": "Feature",
      "id": "TG-RR-FNR-BRG-0277",
      "properties": {
        "parcel_id": "TG-RR-FNR-BRG-0277",
        "survey_no": "277",
        "survey_display": "277",
        "document_id": "DOC-BRG-0277",
        "village": "Burgul",
        "mandal": "Farooqnagar",
        "district": "Rangareddy",
        "state": "Telangana",
        "owner_name": "J. Ramachandra Reddy",
        "ocr_owner": "J. Ramachandra Reddy",
        "area_acres": 3.91,
        "ocr_area_acres": 3.91,
        "area_sq_meters": 15823.2,
        "centroid_lat": 17.066289,
        "centroid_lon": 78.174646,
        "verification_status": "VERIFIED",
        "validation_issue": "",
        "confidence_score": 0.98,
        "mutation_status": "APPROVED",
        "khata_number": "KH-277",
        "ulpin": "TG17060277987X"
      },
      "geometry": {
        "type": "Polygon",
        "coordinates": [
          [
            [
              78.17439089085684,
              17.06697032907271
            ],
            [
              78.17459210469346,
              17.067132067405357
            ],
            [
              78.17507508735521,
              17.06702499908858
            ],
            [
              78.1754116449009,
              17.066467487742866
            ],
            [
              78.17541154712306,
              17.0664659978217
            ],
            [
              78.17395940383938,
              17.065036185756387
            ],
            [
              78.17439089085684,
              17.06697032907271
            ]
          ]
        ]
      }
    },
    {
      "type": "Feature",
      "id": "TG-RR-FNR-BRG-0278",
      "properties": {
        "parcel_id": "TG-RR-FNR-BRG-0278",
        "survey_no": "278",
        "survey_display": "278",
        "document_id": "DOC-BRG-0278",
        "village": "Burgul",
        "mandal": "Farooqnagar",
        "district": "Rangareddy",
        "state": "Telangana",
        "owner_name": "D. Gopal Rao",
        "ocr_owner": "D. Gopal Rao",
        "area_acres": 6.98,
        "ocr_area_acres": 6.98,
        "area_sq_meters": 28247.1,
        "centroid_lat": 17.065768,
        "centroid_lon": 78.176444,
        "verification_status": "VERIFIED",
        "validation_issue": "",
        "confidence_score": 0.94,
        "mutation_status": "APPROVED",
        "khata_number": "KH-278",
        "ulpin": "TG17060278987X"
      },
      "geometry": {
        "type": "Polygon",
        "coordinates": [
          [
            [
              78.17541154712308,
              17.06646599782174
            ],
            [
              78.17541164490092,
              17.06646748774287
            ],
            [
              78.17732568386205,
              17.06627621790578
            ],
            [
              78.1775300119098,
              17.06611447201402
            ],
            [
              78.17750378293192,
              17.06528729330553
            ],
            [
              78.17560720388173,
              17.065035247114267
            ],
            [
              78.17541154712308,
              17.06646599782174
            ]
          ]
        ]
      }
    },
    {
      "type": "Feature",
      "id": "TG-RR-FNR-BRG-0279",
      "properties": {
        "parcel_id": "TG-RR-FNR-BRG-0279",
        "survey_no": "279",
        "survey_display": "279",
        "document_id": "DOC-BRG-0279",
        "village": "Burgul",
        "mandal": "Farooqnagar",
        "district": "Rangareddy",
        "state": "Telangana",
        "owner_name": "R. Prabhakar",
        "ocr_owner": "R. Prabhakar",
        "area_acres": 2.63,
        "ocr_area_acres": 2.63,
        "area_sq_meters": 10643.2,
        "centroid_lat": 17.065704,
        "centroid_lon": 78.19898,
        "verification_status": "VERIFIED",
        "validation_issue": "",
        "confidence_score": 0.96,
        "mutation_status": "APPROVED",
        "khata_number": "KH-279",
        "ulpin": "TG17060279987X"
      },
      "geometry": {
        "type": "Polygon",
        "coordinates": [
          [
            [
              78.19974464789124,
              17.06545134221518
            ],
            [
              78.19883238217214,
              17.065235826674254
            ],
            [
              78.19811508803726,
              17.065735579492202
            ],
            [
              78.19922172977829,
              17.06627988583358
            ],
            [
              78.19974464789124,
              17.06545134221518
            ]
          ]
        ]
      }
    },
    {
      "type": "Feature",
      "id": "TG-RR-FNR-BRG-0280",
      "properties": {
        "parcel_id": "TG-RR-FNR-BRG-0280",
        "survey_no": "280",
        "survey_display": "280",
        "document_id": "DOC-BRG-0280",
        "village": "Burgul",
        "mandal": "Farooqnagar",
        "district": "Rangareddy",
        "state": "Telangana",
        "owner_name": "E. Yadagiri",
        "ocr_owner": "E. Yadagiri",
        "area_acres": 2.02,
        "ocr_area_acres": 2.02,
        "area_sq_meters": 8174.7,
        "centroid_lat": 17.065524,
        "centroid_lon": 78.180785,
        "verification_status": "VERIFIED",
        "validation_issue": "",
        "confidence_score": 0.92,
        "mutation_status": "APPROVED",
        "khata_number": "KH-280",
        "ulpin": "TG17060280987X"
      },
      "geometry": {
        "type": "Polygon",
        "coordinates": [
          [
            [
              78.18141207657814,
              17.065612192846967
            ],
            [
              78.18091193585353,
              17.064940025054803
            ],
            [
              78.17994184566798,
              17.065848292008727
            ],
            [
              78.18145422521438,
              17.06579920551334
            ],
            [
              78.18141207657814,
              17.065612192846967
            ]
          ]
        ]
      }
    },
    {
      "type": "Feature",
      "id": "TG-RR-FNR-BRG-0281",
      "properties": {
        "parcel_id": "TG-RR-FNR-BRG-0281",
        "survey_no": "281",
        "survey_display": "281",
        "document_id": "DOC-BRG-0281",
        "village": "Burgul",
        "mandal": "Farooqnagar",
        "district": "Rangareddy",
        "state": "Telangana",
        "owner_name": "N. Shankaraiah",
        "ocr_owner": "N. Shankaraiah",
        "area_acres": 9.05,
        "ocr_area_acres": 9.05,
        "area_sq_meters": 36624.1,
        "centroid_lat": 17.065158,
        "centroid_lon": 78.178364,
        "verification_status": "VERIFIED",
        "validation_issue": "",
        "confidence_score": 0.99,
        "mutation_status": "APPROVED",
        "khata_number": "KH-281",
        "ulpin": "TG17060281987X"
      },
      "geometry": {
        "type": "Polygon",
        "coordinates": [
          [
            [
              78.1782181680403,
              17.06377677375115
            ],
            [
              78.17785525360189,
              17.064499344480545
            ],
            [
              78.17750378293192,
              17.065287293305524
            ],
            [
              78.1775300119098,
              17.06611447201403
            ],
            [
              78.17799908776716,
              17.066378656178152
            ],
            [
              78.17936007818498,
              17.065618067416022
            ],
            [
              78.17892651130056,
              17.06412387273145
            ],
            [
              78.1782181680403,
              17.06377677375115
            ]
          ]
        ]
      }
    },
    {
      "type": "Feature",
      "id": "TG-RR-FNR-BRG-0282",
      "properties": {
        "parcel_id": "TG-RR-FNR-BRG-0282",
        "survey_no": "282",
        "survey_display": "282",
        "document_id": "DOC-BRG-0282",
        "village": "Burgul",
        "mandal": "Farooqnagar",
        "district": "Rangareddy",
        "state": "Telangana",
        "owner_name": "P. Suseela",
        "ocr_owner": "P. Suseela",
        "area_acres": 6.26,
        "ocr_area_acres": 6.26,
        "area_sq_meters": 25333.3,
        "centroid_lat": 17.065378,
        "centroid_lon": 78.194663,
        "verification_status": "VERIFIED",
        "validation_issue": "",
        "confidence_score": 0.89,
        "mutation_status": "APPROVED",
        "khata_number": "KH-282",
        "ulpin": "TG17060282987X"
      },
      "geometry": {
        "type": "Polygon",
        "coordinates": [
          [
            [
              78.19586945771664,
              17.06517957946482
            ],
            [
              78.1950426001538,
              17.06474749977993
            ],
            [
              78.19413615006897,
              17.06471858805164
            ],
            [
              78.19365294256222,
              17.065020932487627
            ],
            [
              78.19403180737946,
              17.066038975318875
            ],
            [
              78.19480845740881,
              17.06618882744973
            ],
            [
              78.19589011860208,
              17.065207420772854
            ],
            [
              78.19586945771664,
              17.06517957946482
            ]
          ]
        ]
      }
    },
    {
      "type": "Feature",
      "id": "TG-RR-FNR-BRG-0283",
      "properties": {
        "parcel_id": "TG-RR-FNR-BRG-0283",
        "survey_no": "283",
        "survey_display": "283",
        "document_id": "DOC-BRG-0283",
        "village": "Burgul",
        "mandal": "Farooqnagar",
        "district": "Rangareddy",
        "state": "Telangana",
        "owner_name": "B. Vittal Reddy",
        "ocr_owner": "B. Vittal Reddy",
        "area_acres": 6.24,
        "ocr_area_acres": 6.24,
        "area_sq_meters": 25252.4,
        "centroid_lat": 17.065213,
        "centroid_lon": 78.168629,
        "verification_status": "VERIFIED",
        "validation_issue": "",
        "confidence_score": 0.89,
        "mutation_status": "APPROVED",
        "khata_number": "KH-283",
        "ulpin": "TG17060283987X"
      },
      "geometry": {
        "type": "Polygon",
        "coordinates": [
          [
            [
              78.16953275921834,
              17.064784972118527
            ],
            [
              78.16937648874112,
              17.064303594637533
            ],
            [
              78.16752920198647,
              17.064989119074017
            ],
            [
              78.167950375309,
              17.065795103223476
            ],
            [
              78.1687728153756,
              17.066126787748033
            ],
            [
              78.16924001097193,
              17.06562162852108
            ],
            [
              78.16953275921834,
              17.064784972118527
            ]
          ]
        ]
      }
    },
    {
      "type": "Feature",
      "id": "TG-RR-FNR-BRG-0284",
      "properties": {
        "parcel_id": "TG-RR-FNR-BRG-0284",
        "survey_no": "284",
        "survey_display": "284",
        "document_id": "DOC-BRG-0284",
        "village": "Burgul",
        "mandal": "Farooqnagar",
        "district": "Rangareddy",
        "state": "Telangana",
        "owner_name": "K. Padma",
        "ocr_owner": "K. Padma",
        "area_acres": 6.35,
        "ocr_area_acres": 6.35,
        "area_sq_meters": 25697.6,
        "centroid_lat": 17.065139,
        "centroid_lon": 78.174875,
        "verification_status": "VERIFIED",
        "validation_issue": "",
        "confidence_score": 0.89,
        "mutation_status": "APPROVED",
        "khata_number": "KH-284",
        "ulpin": "TG17060284987X"
      },
      "geometry": {
        "type": "Polygon",
        "coordinates": [
          [
            [
              78.17511522240977,
              17.064268326764513
            ],
            [
              78.17479973639935,
              17.06415169876748
            ],
            [
              78.17382145221139,
              17.064785400082226
            ],
            [
              78.17395940383939,
              17.065036185756394
            ],
            [
              78.17541154712308,
              17.0664659978217
            ],
            [
              78.17560720388173,
              17.065035247114295
            ],
            [
              78.17545767286092,
              17.064722795953276
            ],
            [
              78.17511522240977,
              17.064268326764513
            ]
          ]
        ]
      }
    },
    {
      "type": "Feature",
      "id": "TG-RR-FNR-BRG-0285",
      "properties": {
        "parcel_id": "TG-RR-FNR-BRG-0285",
        "survey_no": "285",
        "survey_display": "285",
        "document_id": "DOC-BRG-0285",
        "village": "Burgul",
        "mandal": "Farooqnagar",
        "district": "Rangareddy",
        "state": "Telangana",
        "owner_name": "G. Lingaiah",
        "ocr_owner": "G. Lingaiah",
        "area_acres": 1.51,
        "ocr_area_acres": 1.51,
        "area_sq_meters": 6110.8,
        "centroid_lat": 17.065223,
        "centroid_lon": 78.180348,
        "verification_status": "VERIFIED",
        "validation_issue": "",
        "confidence_score": 0.97,
        "mutation_status": "APPROVED",
        "khata_number": "KH-285",
        "ulpin": "TG17060285987X"
      },
      "geometry": {
        "type": "Polygon",
        "coordinates": [
          [
            [
              78.18068722861747,
              17.064502712821433
            ],
            [
              78.1796728134354,
              17.06581617340573
            ],
            [
              78.17977373558591,
              17.065909615621145
            ],
            [
              78.17994184566797,
              17.065848292008738
            ],
            [
              78.18091193585352,
              17.06494002505481
            ],
            [
              78.18068722861747,
              17.064502712821433
            ]
          ]
        ]
      }
    },
    {
      "type": "Feature",
      "id": "TG-RR-FNR-BRG-0286",
      "properties": {
        "parcel_id": "TG-RR-FNR-BRG-0286",
        "survey_no": "286",
        "survey_display": "286",
        "document_id": "DOC-BRG-0286",
        "village": "Burgul",
        "mandal": "Farooqnagar",
        "district": "Rangareddy",
        "state": "Telangana",
        "owner_name": "M. Krishna Murthy",
        "ocr_owner": "M. Krishna Murthy",
        "area_acres": 5.33,
        "ocr_area_acres": 5.33,
        "area_sq_meters": 21569.8,
        "centroid_lat": 17.064766,
        "centroid_lon": 78.179762,
        "verification_status": "VERIFIED",
        "validation_issue": "",
        "confidence_score": 0.89,
        "mutation_status": "APPROVED",
        "khata_number": "KH-286",
        "ulpin": "TG17060286987X"
      },
      "geometry": {
        "type": "Polygon",
        "coordinates": [
          [
            [
              78.17892651130057,
              17.064123872731457
            ],
            [
              78.17936007818498,
              17.06561806741601
            ],
            [
              78.17944010328867,
              17.065692254476406
            ],
            [
              78.17967281343542,
              17.065816173405725
            ],
            [
              78.18068722861749,
              17.064502712821437
            ],
            [
              78.18056681145654,
              17.064145401540017
            ],
            [
              78.17892651130057,
              17.064123872731457
            ]
          ]
        ]
      }
    },
    {
      "type": "Feature",
      "id": "TG-RR-FNR-BRG-0287",
      "properties": {
        "parcel_id": "TG-RR-FNR-BRG-0287",
        "survey_no": "287",
        "survey_display": "287",
        "document_id": "DOC-BRG-0287",
        "village": "Burgul",
        "mandal": "Farooqnagar",
        "district": "Rangareddy",
        "state": "Telangana",
        "owner_name": "S. Venkat Reddy",
        "ocr_owner": "S. Venkat Reddy",
        "area_acres": 6.61,
        "ocr_area_acres": 6.61,
        "area_sq_meters": 26749.7,
        "centroid_lat": 17.065909,
        "centroid_lon": 78.202519,
        "verification_status": "VERIFIED",
        "validation_issue": "",
        "confidence_score": 0.94,
        "mutation_status": "APPROVED",
        "khata_number": "KH-287",
        "ulpin": "TG17060287987X"
      },
      "geometry": {
        "type": "Polygon",
        "coordinates": [
          [
            [
              78.20144029258662,
              17.066157836907554
            ],
            [
              78.20155421101052,
              17.066423824177523
            ],
            [
              78.20159886103718,
              17.06643911867552
            ],
            [
              78.20288352480092,
              17.066690681814737
            ],
            [
              78.2036509141097,
              17.06577839467
            ],
            [
              78.20356373954402,
              17.065642431431773
            ],
            [
              78.20322002661594,
              17.0653619048019
            ],
            [
              78.20215050600903,
              17.065063137592684
            ],
            [
              78.20144029258662,
              17.066157836907554
            ]
          ]
        ]
      }
    },
    {
      "type": "Feature",
      "id": "TG-RR-FNR-BRG-0288",
      "properties": {
        "parcel_id": "TG-RR-FNR-BRG-0288",
        "survey_no": "288",
        "survey_display": "288",
        "document_id": "DOC-BRG-0288",
        "village": "Burgul",
        "mandal": "Farooqnagar",
        "district": "Rangareddy",
        "state": "Telangana",
        "owner_name": "A. Jagadeeshwar",
        "ocr_owner": "A. Jagadeeshwar",
        "area_acres": 2.22,
        "ocr_area_acres": 2.22,
        "area_sq_meters": 8984.0,
        "centroid_lat": 17.065421,
        "centroid_lon": 78.182101,
        "verification_status": "VERIFIED",
        "validation_issue": "",
        "confidence_score": 0.93,
        "mutation_status": "APPROVED",
        "khata_number": "KH-288",
        "ulpin": "TG17060288987X"
      },
      "geometry": {
        "type": "Polygon",
        "coordinates": [
          [
            [
              78.18141207657814,
              17.06561219284699
            ],
            [
              78.18145422521437,
              17.06579920551328
            ],
            [
              78.18151905908947,
              17.065956568763788
            ],
            [
              78.1828276893919,
              17.06542716820149
            ],
            [
              78.18264800517512,
              17.064943232492045
            ],
            [
              78.18261163727735,
              17.064938409255756
            ],
            [
              78.18183613373863,
              17.065152902810414
            ],
            [
              78.18141207657814,
              17.06561219284699
            ]
          ]
        ]
      }
    },
    {
      "type": "Feature",
      "id": "TG-RR-FNR-BRG-0289",
      "properties": {
        "parcel_id": "TG-RR-FNR-BRG-0289",
        "survey_no": "289",
        "survey_display": "289",
        "document_id": "DOC-BRG-0289",
        "village": "Burgul",
        "mandal": "Farooqnagar",
        "district": "Rangareddy",
        "state": "Telangana",
        "owner_name": "G. Srinivas Reddy",
        "ocr_owner": "G. Srinivas Reddy",
        "area_acres": 0.79,
        "ocr_area_acres": 0.79,
        "area_sq_meters": 3197.0,
        "centroid_lat": 17.065018,
        "centroid_lon": 78.202589,
        "verification_status": "VERIFIED",
        "validation_issue": "",
        "confidence_score": 0.99,
        "mutation_status": "APPROVED",
        "khata_number": "KH-289",
        "ulpin": "TG17060289987X"
      },
      "geometry": {
        "type": "Polygon",
        "coordinates": [
          [
            [
              78.20236249333361,
              17.064685746178686
            ],
            [
              78.20215050600903,
              17.065063137592688
            ],
            [
              78.20322002661592,
              17.065361904801897
            ],
            [
              78.20247041875318,
              17.06468218189301
            ],
            [
              78.20236249333361,
              17.064685746178686
            ]
          ]
        ]
      }
    },
    {
      "type": "Feature",
      "id": "TG-RR-FNR-BRG-0290",
      "properties": {
        "parcel_id": "TG-RR-FNR-BRG-0290",
        "survey_no": "290",
        "survey_display": "290",
        "document_id": "DOC-BRG-0290",
        "village": "Burgul",
        "mandal": "Farooqnagar",
        "district": "Rangareddy",
        "state": "Telangana",
        "owner_name": "K. Venkateshwar Rao",
        "ocr_owner": "K. Venkateshwar Rao",
        "area_acres": 5.25,
        "ocr_area_acres": 5.25,
        "area_sq_meters": 21246.0,
        "centroid_lat": 17.065336,
        "centroid_lon": 78.190206,
        "verification_status": "VERIFIED",
        "validation_issue": "",
        "confidence_score": 0.91,
        "mutation_status": "APPROVED",
        "khata_number": "KH-290",
        "ulpin": "TG17060290987X"
      },
      "geometry": {
        "type": "Polygon",
        "coordinates": [
          [
            [
              78.19012606476447,
              17.06442013240077
            ],
            [
              78.18916187927087,
              17.065414818829787
            ],
            [
              78.19040320674507,
              17.066162973680505
            ],
            [
              78.1911870429837,
              17.0655691221813
            ],
            [
              78.19026946560138,
              17.064455355893706
            ],
            [
              78.19012606476447,
              17.06442013240077
            ]
          ]
        ]
      }
    },
    {
      "type": "Feature",
      "id": "TG-RR-FNR-BRG-0291",
      "properties": {
        "parcel_id": "TG-RR-FNR-BRG-0291",
        "survey_no": "291",
        "survey_display": "291",
        "document_id": "DOC-BRG-0291",
        "village": "Burgul",
        "mandal": "Farooqnagar",
        "district": "Rangareddy",
        "state": "Telangana",
        "owner_name": "M. Lakshmi Bai",
        "ocr_owner": "M. Lakshmi Bai",
        "area_acres": 5.97,
        "ocr_area_acres": 5.97,
        "area_sq_meters": 24159.8,
        "centroid_lat": 17.065045,
        "centroid_lon": 78.197905,
        "verification_status": "VERIFIED",
        "validation_issue": "",
        "confidence_score": 0.91,
        "mutation_status": "APPROVED",
        "khata_number": "KH-291",
        "ulpin": "TG17060291987X"
      },
      "geometry": {
        "type": "Polygon",
        "coordinates": [
          [
            [
              78.1976132167447,
              17.064354535302442
            ],
            [
              78.19688083810911,
              17.06564792954861
            ],
            [
              78.19694736622331,
              17.065789653542915
            ],
            [
              78.19811508803726,
              17.065735579492195
            ],
            [
              78.19883238217214,
              17.06523582667425
            ],
            [
              78.19835828046809,
              17.064098573935222
            ],
            [
              78.19823266553671,
              17.06404910781149
            ],
            [
              78.1976132167447,
              17.064354535302442
            ]
          ]
        ]
      }
    },
    {
      "type": "Feature",
      "id": "TG-RR-FNR-BRG-0292",
      "properties": {
        "parcel_id": "TG-RR-FNR-BRG-0292",
        "survey_no": "292",
        "survey_display": "292",
        "document_id": "DOC-BRG-0292",
        "village": "Burgul",
        "mandal": "Farooqnagar",
        "district": "Rangareddy",
        "state": "Telangana",
        "owner_name": "P. Anjaneyulu",
        "ocr_owner": "P. Anjaneyulu",
        "area_acres": 11.13,
        "ocr_area_acres": 11.13,
        "area_sq_meters": 45041.6,
        "centroid_lat": 17.065184,
        "centroid_lon": 78.187578,
        "verification_status": "VERIFIED",
        "validation_issue": "",
        "confidence_score": 0.91,
        "mutation_status": "APPROVED",
        "khata_number": "KH-292",
        "ulpin": "TG17060292987X"
      },
      "geometry": {
        "type": "Polygon",
        "coordinates": [
          [
            [
              78.18707509853175,
              17.066321810686585
            ],
            [
              78.18822779326307,
              17.0661113171637
            ],
            [
              78.18875961568985,
              17.06542082861329
            ],
            [
              78.18821066433014,
              17.064076952929717
            ],
            [
              78.18727452060635,
              17.063977469765625
            ],
            [
              78.18630072314441,
              17.065395455843095
            ],
            [
              78.18707509853175,
              17.066321810686585
            ]
          ]
        ]
      }
    },
    {
      "type": "Feature",
      "id": "TG-RR-FNR-BRG-0293",
      "properties": {
        "parcel_id": "TG-RR-FNR-BRG-0293",
        "survey_no": "293",
        "survey_display": "293",
        "document_id": "DOC-BRG-0293",
        "village": "Burgul",
        "mandal": "Farooqnagar",
        "district": "Rangareddy",
        "state": "Telangana",
        "owner_name": "B. Satyanarayana",
        "ocr_owner": "B. Satyanarayana",
        "area_acres": 5.75,
        "ocr_area_acres": 5.75,
        "area_sq_meters": 23269.4,
        "centroid_lat": 17.065282,
        "centroid_lon": 78.205886,
        "verification_status": "VERIFIED",
        "validation_issue": "",
        "confidence_score": 0.97,
        "mutation_status": "APPROVED",
        "khata_number": "KH-293",
        "ulpin": "TG17060293987X"
      },
      "geometry": {
        "type": "Polygon",
        "coordinates": [
          [
            [
              78.20540282835091,
              17.066116099030356
            ],
            [
              78.20583316026598,
              17.06632303010723
            ],
            [
              78.20666631837835,
              17.06529315207079
            ],
            [
              78.20621804729468,
              17.064132261299243
            ],
            [
              78.20582926961491,
              17.064263142275816
            ],
            [
              78.20502254360821,
              17.06580734304284
            ],
            [
              78.20540282835091,
              17.066116099030356
            ]
          ]
        ]
      }
    },
    {
      "type": "Feature",
      "id": "TG-RR-FNR-BRG-0294",
      "properties": {
        "parcel_id": "TG-RR-FNR-BRG-0294",
        "survey_no": "294",
        "survey_display": "294",
        "document_id": "DOC-BRG-0294",
        "village": "Burgul",
        "mandal": "Farooqnagar",
        "district": "Rangareddy",
        "state": "Telangana",
        "owner_name": "T. Ramaiah",
        "ocr_owner": "T. Ramaiah",
        "area_acres": 2.14,
        "ocr_area_acres": 2.14,
        "area_sq_meters": 8660.3,
        "centroid_lat": 17.065098,
        "centroid_lon": 78.183135,
        "verification_status": "VERIFIED",
        "validation_issue": "",
        "confidence_score": 0.96,
        "mutation_status": "APPROVED",
        "khata_number": "KH-294",
        "ulpin": "TG17060294987X"
      },
      "geometry": {
        "type": "Polygon",
        "coordinates": [
          [
            [
              78.18297782593304,
              17.06436830666858
            ],
            [
              78.18264800517512,
              17.064943232492062
            ],
            [
              78.18282768939189,
              17.065427168201484
            ],
            [
              78.18321583567365,
              17.06557640321645
            ],
            [
              78.18377293043974,
              17.065689013440846
            ],
            [
              78.18309495527444,
              17.064401099177967
            ],
            [
              78.18297782593304,
              17.06436830666858
            ]
          ]
        ]
      }
    },
    {
      "type": "Feature",
      "id": "TG-RR-FNR-BRG-0295",
      "properties": {
        "parcel_id": "TG-RR-FNR-BRG-0295",
        "survey_no": "295",
        "survey_display": "295",
        "document_id": "DOC-BRG-0295",
        "village": "Burgul",
        "mandal": "Farooqnagar",
        "district": "Rangareddy",
        "state": "Telangana",
        "owner_name": "Ch. Madhava Reddy",
        "ocr_owner": "Ch. Madhava Reddy",
        "area_acres": 6.13,
        "ocr_area_acres": 6.13,
        "area_sq_meters": 24807.3,
        "centroid_lat": 17.064583,
        "centroid_lon": 78.166587,
        "verification_status": "VERIFIED",
        "validation_issue": "",
        "confidence_score": 0.96,
        "mutation_status": "APPROVED",
        "khata_number": "KH-295",
        "ulpin": "TG17060295987X"
      },
      "geometry": {
        "type": "Polygon",
        "coordinates": [
          [
            [
              78.16743597785363,
              17.064967731708716
            ],
            [
              78.16654618301395,
              17.063398315533753
            ],
            [
              78.16601362488484,
              17.063149873733295
            ],
            [
              78.16627393933852,
              17.066013332723767
            ],
            [
              78.16743597785363,
              17.064967731708716
            ]
          ]
        ]
      }
    },
    {
      "type": "Feature",
      "id": "TG-RR-FNR-BRG-0296",
      "properties": {
        "parcel_id": "TG-RR-FNR-BRG-0296",
        "survey_no": "296",
        "survey_display": "296",
        "document_id": "DOC-BRG-0296",
        "village": "Burgul",
        "mandal": "Farooqnagar",
        "district": "Rangareddy",
        "state": "Telangana",
        "owner_name": "V. Narsimha",
        "ocr_owner": "V. Narsimha",
        "area_acres": 4.86,
        "ocr_area_acres": 4.86,
        "area_sq_meters": 19667.7,
        "centroid_lat": 17.064753,
        "centroid_lon": 78.199324,
        "verification_status": "VERIFIED",
        "validation_issue": "",
        "confidence_score": 0.91,
        "mutation_status": "APPROVED",
        "khata_number": "KH-296",
        "ulpin": "TG17060296987X"
      },
      "geometry": {
        "type": "Polygon",
        "coordinates": [
          [
            [
              78.20035354421506,
              17.065076287513914
            ],
            [
              78.19957772885131,
              17.064163309748817
            ],
            [
              78.1983582804681,
              17.064098573935215
            ],
            [
              78.19883238217216,
              17.065235826674254
            ],
            [
              78.19974464789124,
              17.06545134221518
            ],
            [
              78.20035354421506,
              17.065076287513914
            ]
          ]
        ]
      }
    },
    {
      "type": "Feature",
      "id": "TG-RR-FNR-BRG-0297",
      "properties": {
        "parcel_id": "TG-RR-FNR-BRG-0297",
        "survey_no": "297",
        "survey_display": "297",
        "document_id": "DOC-BRG-0297",
        "village": "Burgul",
        "mandal": "Farooqnagar",
        "district": "Rangareddy",
        "state": "Telangana",
        "owner_name": "S. Kistamma",
        "ocr_owner": "S. Kistamma",
        "area_acres": 0.63,
        "ocr_area_acres": 0.63,
        "area_sq_meters": 2549.5,
        "centroid_lat": 17.064873,
        "centroid_lon": 78.182178,
        "verification_status": "VERIFIED",
        "validation_issue": "",
        "confidence_score": 0.91,
        "mutation_status": "APPROVED",
        "khata_number": "KH-297",
        "ulpin": "TG17060297987X"
      },
      "geometry": {
        "type": "Polygon",
        "coordinates": [
          [
            [
              78.18206606513859,
              17.064594104710963
            ],
            [
              78.18183613373863,
              17.06515290281041
            ],
            [
              78.18261163727733,
              17.064938409255756
            ],
            [
              78.18215991107147,
              17.06456852922093
            ],
            [
              78.18206606513859,
              17.064594104710963
            ]
          ]
        ]
      }
    },
    {
      "type": "Feature",
      "id": "TG-RR-FNR-BRG-0298",
      "properties": {
        "parcel_id": "TG-RR-FNR-BRG-0298",
        "survey_no": "298",
        "survey_display": "298",
        "document_id": "DOC-BRG-0298",
        "village": "Burgul",
        "mandal": "Farooqnagar",
        "district": "Rangareddy",
        "state": "Telangana",
        "owner_name": "A. Balraj",
        "ocr_owner": "N. Shankaraiah",
        "area_acres": 1.39,
        "ocr_area_acres": 1.39,
        "area_sq_meters": 5625.1,
        "centroid_lat": 17.064939,
        "centroid_lon": 78.203061,
        "verification_status": "CONFLICT",
        "validation_issue": "Owner mismatch: Deed titleholder 'A. Balraj' vs Extracted 'N. Shankaraiah'",
        "confidence_score": 0.44,
        "mutation_status": "APPROVED",
        "khata_number": "KH-298",
        "ulpin": "TG17060298987X"
      },
      "geometry": {
        "type": "Polygon",
        "coordinates": [
          [
            [
              78.20247041875317,
              17.064682181893012
            ],
            [
              78.2032200266158,
              17.065361904801787
            ],
            [
              78.20356373954405,
              17.065642431431794
            ],
            [
              78.2032581529955,
              17.064655756510852
            ],
            [
              78.20281564262231,
              17.064479349710783
            ],
            [
              78.20247041875317,
              17.064682181893012
            ]
          ]
        ]
      }
    },
    {
      "type": "Feature",
      "id": "TG-RR-FNR-BRG-0299",
      "properties": {
        "parcel_id": "TG-RR-FNR-BRG-0299",
        "survey_no": "299",
        "survey_display": "299",
        "document_id": "DOC-BRG-0299",
        "village": "Burgul",
        "mandal": "Farooqnagar",
        "district": "Rangareddy",
        "state": "Telangana",
        "owner_name": "M. Mallesh Goud",
        "ocr_owner": "M. Mallesh Goud",
        "area_acres": 3.93,
        "ocr_area_acres": 3.93,
        "area_sq_meters": 15904.2,
        "centroid_lat": 17.06493,
        "centroid_lon": 78.205007,
        "verification_status": "VERIFIED",
        "validation_issue": "",
        "confidence_score": 0.89,
        "mutation_status": "APPROVED",
        "khata_number": "KH-299",
        "ulpin": "TG17060299987X"
      },
      "geometry": {
        "type": "Polygon",
        "coordinates": [
          [
            [
              78.2044137819538,
              17.06488052774468
            ],
            [
              78.20437000660877,
              17.06550594674357
            ],
            [
              78.20502254360821,
              17.06580734304284
            ],
            [
              78.20582926961491,
              17.064263142275806
            ],
            [
              78.2049797640108,
              17.06421197141518
            ],
            [
              78.2044137819538,
              17.06488052774468
            ]
          ]
        ]
      }
    },
    {
      "type": "Feature",
      "id": "TG-RR-FNR-BRG-0300",
      "properties": {
        "parcel_id": "TG-RR-FNR-BRG-0300",
        "survey_no": "300",
        "survey_display": "300",
        "document_id": "DOC-BRG-0300",
        "village": "Burgul",
        "mandal": "Farooqnagar",
        "district": "Rangareddy",
        "state": "Telangana",
        "owner_name": "K. Chandraiah",
        "ocr_owner": "K. Chandraiah",
        "area_acres": 8.08,
        "ocr_area_acres": 8.08,
        "area_sq_meters": 32698.6,
        "centroid_lat": 17.064766,
        "centroid_lon": 78.17059,
        "verification_status": "VERIFIED",
        "validation_issue": "",
        "confidence_score": 0.9,
        "mutation_status": "APPROVED",
        "khata_number": "KH-300",
        "ulpin": "TG17060300987X"
      },
      "geometry": {
        "type": "Polygon",
        "coordinates": [
          [
            [
              78.16937648874112,
              17.06430359463752
            ],
            [
              78.16953275921834,
              17.064784972118517
            ],
            [
              78.1710875764808,
              17.065830225833142
            ],
            [
              78.17161337602197,
              17.06556832545996
            ],
            [
              78.17158652876596,
              17.06453316011366
            ],
            [
              78.1712146421593,
              17.06422627618129
            ],
            [
              78.16948430430493,
              17.063839502645575
            ],
            [
              78.16937648874112,
              17.06430359463752
            ]
          ]
        ]
      }
    },
    {
      "type": "Feature",
      "id": "TG-RR-FNR-BRG-0301",
      "properties": {
        "parcel_id": "TG-RR-FNR-BRG-0301",
        "survey_no": "301",
        "survey_display": "301",
        "document_id": "DOC-BRG-0301",
        "village": "Burgul",
        "mandal": "Farooqnagar",
        "district": "Rangareddy",
        "state": "Telangana",
        "owner_name": "J. Ramachandra Reddy",
        "ocr_owner": "J. Ramachandra Reddy",
        "area_acres": 7.29,
        "ocr_area_acres": 7.29,
        "area_sq_meters": 29501.6,
        "centroid_lat": 17.064854,
        "centroid_lon": 78.201456,
        "verification_status": "VERIFIED",
        "validation_issue": "",
        "confidence_score": 0.97,
        "mutation_status": "APPROVED",
        "khata_number": "KH-301",
        "ulpin": "TG17060301987X"
      },
      "geometry": {
        "type": "Polygon",
        "coordinates": [
          [
            [
              78.20048299656678,
              17.065095659482985
            ],
            [
              78.20144029258662,
              17.066157836907536
            ],
            [
              78.20215050600909,
              17.06506313759258
            ],
            [
              78.20236249333361,
              17.06468574617869
            ],
            [
              78.20172876467244,
              17.06369533281184
            ],
            [
              78.20151282982307,
              17.063561840137115
            ],
            [
              78.20048299656678,
              17.065095659482985
            ]
          ]
        ]
      }
    },
    {
      "type": "Feature",
      "id": "TG-RR-FNR-BRG-0302",
      "properties": {
        "parcel_id": "TG-RR-FNR-BRG-0302",
        "survey_no": "302",
        "survey_display": "302",
        "document_id": "DOC-BRG-0302",
        "village": "Burgul",
        "mandal": "Farooqnagar",
        "district": "Rangareddy",
        "state": "Telangana",
        "owner_name": "D. Gopal Rao",
        "ocr_owner": "D. Gopal Rao",
        "area_acres": 6.4,
        "ocr_area_acres": 6.4,
        "area_sq_meters": 25899.9,
        "centroid_lat": 17.064912,
        "centroid_lon": 78.172419,
        "verification_status": "VERIFIED",
        "validation_issue": "",
        "confidence_score": 0.94,
        "mutation_status": "APPROVED",
        "khata_number": "KH-302",
        "ulpin": "TG17060302987X"
      },
      "geometry": {
        "type": "Polygon",
        "coordinates": [
          [
            [
              78.17161337602195,
              17.06556832545996
            ],
            [
              78.17228070151742,
              17.06573457830003
            ],
            [
              78.17304619916567,
              17.065380802873772
            ],
            [
              78.17348237908254,
              17.064833025135858
            ],
            [
              78.17296925219983,
              17.064184769993275
            ],
            [
              78.17198703917492,
              17.06421168391247
            ],
            [
              78.17158652876596,
              17.06453316011366
            ],
            [
              78.17161337602195,
              17.06556832545996
            ]
          ]
        ]
      }
    },
    {
      "type": "Feature",
      "id": "TG-RR-FNR-BRG-0303",
      "properties": {
        "parcel_id": "TG-RR-FNR-BRG-0303",
        "survey_no": "303",
        "survey_display": "303",
        "document_id": "DOC-BRG-0303",
        "village": "Burgul",
        "mandal": "Farooqnagar",
        "district": "Rangareddy",
        "state": "Telangana",
        "owner_name": "R. Prabhakar",
        "ocr_owner": "R. Prabhakar",
        "area_acres": 3.48,
        "ocr_area_acres": 3.48,
        "area_sq_meters": 14083.1,
        "centroid_lat": 17.064969,
        "centroid_lon": 78.183883,
        "verification_status": "VERIFIED",
        "validation_issue": "",
        "confidence_score": 0.9,
        "mutation_status": "APPROVED",
        "khata_number": "KH-303",
        "ulpin": "TG17060303987X"
      },
      "geometry": {
        "type": "Polygon",
        "coordinates": [
          [
            [
              78.18309495527444,
              17.064401099177964
            ],
            [
              78.18377293043973,
              17.065689013440842
            ],
            [
              78.18379710288362,
              17.065702548729288
            ],
            [
              78.18452766408444,
              17.065466420535504
            ],
            [
              78.18433510886287,
              17.064513111762423
            ],
            [
              78.18326218430501,
              17.064342411215218
            ],
            [
              78.18309495527444,
              17.064401099177964
            ]
          ]
        ]
      }
    },
    {
      "type": "Feature",
      "id": "TG-RR-FNR-BRG-0304",
      "properties": {
        "parcel_id": "TG-RR-FNR-BRG-0304",
        "survey_no": "304",
        "survey_display": "304",
        "document_id": "DOC-BRG-0304",
        "village": "Burgul",
        "mandal": "Farooqnagar",
        "district": "Rangareddy",
        "state": "Telangana",
        "owner_name": "E. Yadagiri",
        "ocr_owner": "E. Yadagiri",
        "area_acres": 1.06,
        "ocr_area_acres": 1.06,
        "area_sq_meters": 4289.7,
        "centroid_lat": 17.064501,
        "centroid_lon": 78.182604,
        "verification_status": "VERIFIED",
        "validation_issue": "",
        "confidence_score": 0.9,
        "mutation_status": "APPROVED",
        "khata_number": "KH-304",
        "ulpin": "TG17060304987X"
      },
      "geometry": {
        "type": "Polygon",
        "coordinates": [
          [
            [
              78.18297782593304,
              17.064368306668584
            ],
            [
              78.18270867025271,
              17.06404701978845
            ],
            [
              78.18215991107148,
              17.06456852922093
            ],
            [
              78.18261163727733,
              17.064938409255756
            ],
            [
              78.18264800517514,
              17.06494323249205
            ],
            [
              78.18297782593304,
              17.064368306668584
            ]
          ]
        ]
      }
    },
    {
      "type": "Feature",
      "id": "TG-RR-FNR-BRG-0305",
      "properties": {
        "parcel_id": "TG-RR-FNR-BRG-0305",
        "survey_no": "305",
        "survey_display": "305",
        "document_id": "DOC-BRG-0305",
        "village": "Burgul",
        "mandal": "Farooqnagar",
        "district": "Rangareddy",
        "state": "Telangana",
        "owner_name": "N. Shankaraiah",
        "ocr_owner": "N. Shankaraiah",
        "area_acres": 4.76,
        "ocr_area_acres": 4.76,
        "area_sq_meters": 19263.1,
        "centroid_lat": 17.064563,
        "centroid_lon": 78.181305,
        "verification_status": "VERIFIED",
        "validation_issue": "",
        "confidence_score": 0.93,
        "mutation_status": "APPROVED",
        "khata_number": "KH-305",
        "ulpin": "TG17060305987X"
      },
      "geometry": {
        "type": "Polygon",
        "coordinates": [
          [
            [
              78.18109102801272,
              17.063551131226728
            ],
            [
              78.18056681145654,
              17.064145401540028
            ],
            [
              78.1806872286175,
              17.064502712821504
            ],
            [
              78.18091193585349,
              17.06494002505477
            ],
            [
              78.18141207657816,
              17.065612192846988
            ],
            [
              78.18183613373864,
              17.065152902810414
            ],
            [
              78.18206606513859,
              17.06459410471096
            ],
            [
              78.18109678596703,
              17.063551134728158
            ],
            [
              78.18109102801272,
              17.063551131226728
            ]
          ]
        ]
      }
    },
    {
      "type": "Feature",
      "id": "TG-RR-FNR-BRG-0306",
      "properties": {
        "parcel_id": "TG-RR-FNR-BRG-0306",
        "survey_no": "306",
        "survey_display": "306",
        "document_id": "DOC-BRG-0306",
        "village": "Burgul",
        "mandal": "Farooqnagar",
        "district": "Rangareddy",
        "state": "Telangana",
        "owner_name": "P. Suseela",
        "ocr_owner": "P. Suseela",
        "area_acres": 6.79,
        "ocr_area_acres": 6.79,
        "area_sq_meters": 27478.2,
        "centroid_lat": 17.064666,
        "centroid_lon": 78.191479,
        "verification_status": "VERIFIED",
        "validation_issue": "",
        "confidence_score": 0.92,
        "mutation_status": "APPROVED",
        "khata_number": "KH-306",
        "ulpin": "TG17060306987X"
      },
      "geometry": {
        "type": "Polygon",
        "coordinates": [
          [
            [
              78.19181422267532,
              17.065422837632962
            ],
            [
              78.19221654769548,
              17.06510334309296
            ],
            [
              78.19239181239077,
              17.064802794103763
            ],
            [
              78.19214680582063,
              17.063772299574
            ],
            [
              78.19186198457453,
              17.06379492862174
            ],
            [
              78.19026946560138,
              17.064455355893713
            ],
            [
              78.1911870429837,
              17.0655691221813
            ],
            [
              78.19181422267532,
              17.065422837632962
            ]
          ]
        ]
      }
    },
    {
      "type": "Feature",
      "id": "TG-RR-FNR-BRG-0307",
      "properties": {
        "parcel_id": "TG-RR-FNR-BRG-0307",
        "survey_no": "307",
        "survey_display": "307",
        "document_id": "DOC-BRG-0307",
        "village": "Burgul",
        "mandal": "Farooqnagar",
        "district": "Rangareddy",
        "state": "Telangana",
        "owner_name": "B. Vittal Reddy",
        "ocr_owner": "B. Vittal Reddy",
        "area_acres": 3.85,
        "ocr_area_acres": 3.85,
        "area_sq_meters": 15580.4,
        "centroid_lat": 17.064932,
        "centroid_lon": 78.20384,
        "verification_status": "VERIFIED",
        "validation_issue": "",
        "confidence_score": 0.94,
        "mutation_status": "APPROVED",
        "khata_number": "KH-307",
        "ulpin": "TG17060307987X"
      },
      "geometry": {
        "type": "Polygon",
        "coordinates": [
          [
            [
              78.20437000660877,
              17.06550594674357
            ],
            [
              78.2044137819538,
              17.06488052774468
            ],
            [
              78.20371252553488,
              17.06391668478461
            ],
            [
              78.2032581529955,
              17.06465575651083
            ],
            [
              78.20356373954407,
              17.065642431431836
            ],
            [
              78.2036509141097,
              17.065778394669998
            ],
            [
              78.20437000660877,
              17.06550594674357
            ]
          ]
        ]
      }
    },
    {
      "type": "Feature",
      "id": "TG-RR-FNR-BRG-0308",
      "properties": {
        "parcel_id": "TG-RR-FNR-BRG-0308",
        "survey_no": "308",
        "survey_display": "308",
        "document_id": "DOC-BRG-0308",
        "village": "Burgul",
        "mandal": "Farooqnagar",
        "district": "Rangareddy",
        "state": "Telangana",
        "owner_name": "K. Padma",
        "ocr_owner": "K. Padma",
        "area_acres": 3.82,
        "ocr_area_acres": 3.82,
        "area_sq_meters": 15459.0,
        "centroid_lat": 17.06485,
        "centroid_lon": 78.176725,
        "verification_status": "VERIFIED",
        "validation_issue": "",
        "confidence_score": 0.99,
        "mutation_status": "APPROVED",
        "khata_number": "KH-308",
        "ulpin": "TG17060308987X"
      },
      "geometry": {
        "type": "Polygon",
        "coordinates": [
          [
            [
              78.17560720388171,
              17.065035247114267
            ],
            [
              78.17750378293192,
              17.06528729330553
            ],
            [
              78.17785525360192,
              17.064499344480495
            ],
            [
              78.1759434807093,
              17.064569041153966
            ],
            [
              78.17545767286094,
              17.06472279595333
            ],
            [
              78.17560720388171,
              17.065035247114267
            ]
          ]
        ]
      }
    },
    {
      "type": "Feature",
      "id": "TG-RR-FNR-BRG-0309",
      "properties": {
        "parcel_id": "TG-RR-FNR-BRG-0309",
        "survey_no": "309",
        "survey_display": "309",
        "document_id": "DOC-BRG-0309",
        "village": "Burgul",
        "mandal": "Farooqnagar",
        "district": "Rangareddy",
        "state": "Telangana",
        "owner_name": "G. Lingaiah",
        "ocr_owner": "G. Lingaiah",
        "area_acres": 2.72,
        "ocr_area_acres": 2.72,
        "area_sq_meters": 11007.5,
        "centroid_lat": 17.064198,
        "centroid_lon": 78.177367,
        "verification_status": "VERIFIED",
        "validation_issue": "",
        "confidence_score": 0.9,
        "mutation_status": "APPROVED",
        "khata_number": "KH-309",
        "ulpin": "TG17060309987X"
      },
      "geometry": {
        "type": "Polygon",
        "coordinates": [
          [
            [
              78.1782181680403,
              17.06377677375117
            ],
            [
              78.1781356773809,
              17.063579915115046
            ],
            [
              78.1759434807093,
              17.064569041153966
            ],
            [
              78.17785525360192,
              17.064499344480495
            ],
            [
              78.1782181680403,
              17.06377677375117
            ]
          ]
        ]
      }
    },
    {
      "type": "Feature",
      "id": "TG-RR-FNR-BRG-0310",
      "properties": {
        "parcel_id": "TG-RR-FNR-BRG-0310",
        "survey_no": "310",
        "survey_display": "310",
        "document_id": "DOC-BRG-0310",
        "village": "Burgul",
        "mandal": "Farooqnagar",
        "district": "Rangareddy",
        "state": "Telangana",
        "owner_name": "M. Krishna Murthy",
        "ocr_owner": "M. Krishna Murthy",
        "area_acres": 6.1,
        "ocr_area_acres": 6.1,
        "area_sq_meters": 24685.8,
        "centroid_lat": 17.064559,
        "centroid_lon": 78.207087,
        "verification_status": "VERIFIED",
        "validation_issue": "",
        "confidence_score": 0.91,
        "mutation_status": "APPROVED",
        "khata_number": "KH-310",
        "ulpin": "TG17060310987X"
      },
      "geometry": {
        "type": "Polygon",
        "coordinates": [
          [
            [
              78.20621804729468,
              17.06413226129924
            ],
            [
              78.20666631837835,
              17.06529315207079
            ],
            [
              78.2082272508821,
              17.065268680533183
            ],
            [
              78.20756537915891,
              17.06415528288983
            ],
            [
              78.20693188604795,
              17.06371177168743
            ],
            [
              78.20644652285897,
              17.063567020214613
            ],
            [
              78.20621804729468,
              17.06413226129924
            ]
          ]
        ]
      }
    },
    {
      "type": "Feature",
      "id": "TG-RR-FNR-BRG-0311",
      "properties": {
        "parcel_id": "TG-RR-FNR-BRG-0311",
        "survey_no": "311",
        "survey_display": "311",
        "document_id": "DOC-BRG-0311",
        "village": "Burgul",
        "mandal": "Farooqnagar",
        "district": "Rangareddy",
        "state": "Telangana",
        "owner_name": "S. Venkat Reddy",
        "ocr_owner": "S. Venkat Reddy",
        "area_acres": 6.15,
        "ocr_area_acres": 6.15,
        "area_sq_meters": 24888.2,
        "centroid_lat": 17.064558,
        "centroid_lon": 78.185048,
        "verification_status": "VERIFIED",
        "validation_issue": "",
        "confidence_score": 0.91,
        "mutation_status": "APPROVED",
        "khata_number": "KH-311",
        "ulpin": "TG17060311987X"
      },
      "geometry": {
        "type": "Polygon",
        "coordinates": [
          [
            [
              78.18433510886287,
              17.064513111762388
            ],
            [
              78.18452766408444,
              17.065466420535508
            ],
            [
              78.18454395479404,
              17.06547228969148
            ],
            [
              78.18580508186527,
              17.06525220410226
            ],
            [
              78.18551446061942,
              17.06353396061741
            ],
            [
              78.18442980138872,
              17.06388658992751
            ],
            [
              78.18433510886287,
              17.064513111762388
            ]
          ]
        ]
      }
    },
    {
      "type": "Feature",
      "id": "TG-RR-FNR-BRG-0312",
      "properties": {
        "parcel_id": "TG-RR-FNR-BRG-0312",
        "survey_no": "312",
        "survey_display": "312",
        "document_id": "DOC-BRG-0312",
        "village": "Burgul",
        "mandal": "Farooqnagar",
        "district": "Rangareddy",
        "state": "Telangana",
        "owner_name": "A. Jagadeeshwar",
        "ocr_owner": "A. Jagadeeshwar",
        "area_acres": 1.72,
        "ocr_area_acres": 1.86,
        "area_sq_meters": 6960.6,
        "centroid_lat": 17.064085,
        "centroid_lon": 78.203268,
        "verification_status": "CONFLICT",
        "validation_issue": "Area mismatch: Document states 1.86 Acres vs GIS 1.72 Acres (8.0% diff)",
        "confidence_score": 0.68,
        "mutation_status": "APPROVED",
        "khata_number": "KH-312",
        "ulpin": "TG17060312987X"
      },
      "geometry": {
        "type": "Polygon",
        "coordinates": [
          [
            [
              78.20360062983778,
              17.063505267924068
            ],
            [
              78.2030257486894,
              17.063776856636345
            ],
            [
              78.20281564262231,
              17.06447934971078
            ],
            [
              78.20325815299549,
              17.064655756510845
            ],
            [
              78.20371252553488,
              17.063916684784594
            ],
            [
              78.20360062983778,
              17.063505267924068
            ]
          ]
        ]
      }
    },
    {
      "type": "Feature",
      "id": "TG-RR-FNR-BRG-0313",
      "properties": {
        "parcel_id": "TG-RR-FNR-BRG-0313",
        "survey_no": "313",
        "survey_display": "313",
        "document_id": "DOC-BRG-0313",
        "village": "Burgul",
        "mandal": "Farooqnagar",
        "district": "Rangareddy",
        "state": "Telangana",
        "owner_name": "G. Srinivas Reddy",
        "ocr_owner": "G. Srinivas Reddy",
        "area_acres": 3.39,
        "ocr_area_acres": 3.39,
        "area_sq_meters": 13718.9,
        "centroid_lat": 17.063864,
        "centroid_lon": 78.182016,
        "verification_status": "VERIFIED",
        "validation_issue": "",
        "confidence_score": 0.89,
        "mutation_status": "APPROVED",
        "khata_number": "KH-313",
        "ulpin": "TG17060313987X"
      },
      "geometry": {
        "type": "Polygon",
        "coordinates": [
          [
            [
              78.18231059326587,
              17.06330192776458
            ],
            [
              78.18109678596701,
              17.06355113472815
            ],
            [
              78.18206606513859,
              17.06459410471096
            ],
            [
              78.18215991107148,
              17.064568529220928
            ],
            [
              78.18270867025271,
              17.064047019788454
            ],
            [
              78.1825161716905,
              17.06345028659551
            ],
            [
              78.18231059326587,
              17.06330192776458
            ]
          ]
        ]
      }
    },
    {
      "type": "Feature",
      "id": "TG-RR-FNR-BRG-0314",
      "properties": {
        "parcel_id": "TG-RR-FNR-BRG-0314",
        "survey_no": "314",
        "survey_display": "314",
        "document_id": "DOC-BRG-0314",
        "village": "Burgul",
        "mandal": "Farooqnagar",
        "district": "Rangareddy",
        "state": "Telangana",
        "owner_name": "K. Venkateshwar Rao",
        "ocr_owner": "K. Venkateshwar Rao",
        "area_acres": 5.06,
        "ocr_area_acres": 5.06,
        "area_sq_meters": 20477.1,
        "centroid_lat": 17.064594,
        "centroid_lon": 78.18911,
        "verification_status": "VERIFIED",
        "validation_issue": "",
        "confidence_score": 0.9,
        "mutation_status": "APPROVED",
        "khata_number": "KH-314",
        "ulpin": "TG17060314987X"
      },
      "geometry": {
        "type": "Polygon",
        "coordinates": [
          [
            [
              78.18821066433014,
              17.064076952929717
            ],
            [
              78.18875961568983,
              17.065420828613302
            ],
            [
              78.18916187927087,
              17.065414818829787
            ],
            [
              78.19012606476447,
              17.06442013240077
            ],
            [
              78.19004716690127,
              17.064174673532598
            ],
            [
              78.18831346836764,
              17.063940708553684
            ],
            [
              78.18821066433014,
              17.064076952929717
            ]
          ]
        ]
      }
    },
    {
      "type": "Feature",
      "id": "TG-RR-FNR-BRG-0315",
      "properties": {
        "parcel_id": "TG-RR-FNR-BRG-0315",
        "survey_no": "315",
        "survey_display": "315",
        "document_id": "DOC-BRG-0315",
        "village": "Burgul",
        "mandal": "Farooqnagar",
        "district": "Rangareddy",
        "state": "Telangana",
        "owner_name": "M. Lakshmi Bai",
        "ocr_owner": "M. Lakshmi Bai",
        "area_acres": 7.13,
        "ocr_area_acres": 7.13,
        "area_sq_meters": 28854.1,
        "centroid_lat": 17.063774,
        "centroid_lon": 78.176668,
        "verification_status": "VERIFIED",
        "validation_issue": "",
        "confidence_score": 0.96,
        "mutation_status": "APPROVED",
        "khata_number": "KH-315",
        "ulpin": "TG17060315987X"
      },
      "geometry": {
        "type": "Polygon",
        "coordinates": [
          [
            [
              78.17797499097477,
              17.063095862733704
            ],
            [
              78.17706031564109,
              17.062918037360653
            ],
            [
              78.17511522240977,
              17.064268326764513
            ],
            [
              78.17545767286096,
              17.06472279595333
            ],
            [
              78.1759434807093,
              17.06456904115397
            ],
            [
              78.17813567738091,
              17.06357991511504
            ],
            [
              78.17797499097477,
              17.063095862733704
            ]
          ]
        ]
      }
    },
    {
      "type": "Feature",
      "id": "TG-RR-FNR-BRG-0316",
      "properties": {
        "parcel_id": "TG-RR-FNR-BRG-0316",
        "survey_no": "316",
        "survey_display": "316",
        "document_id": "DOC-BRG-0316",
        "village": "Burgul",
        "mandal": "Farooqnagar",
        "district": "Rangareddy",
        "state": "Telangana",
        "owner_name": "P. Anjaneyulu",
        "ocr_owner": "P. Anjaneyulu",
        "area_acres": 2.22,
        "ocr_area_acres": 2.22,
        "area_sq_meters": 8984.0,
        "centroid_lat": 17.064107,
        "centroid_lon": 78.20244,
        "verification_status": "VERIFIED",
        "validation_issue": "",
        "confidence_score": 0.97,
        "mutation_status": "APPROVED",
        "khata_number": "KH-316",
        "ulpin": "TG17060316987X"
      },
      "geometry": {
        "type": "Polygon",
        "coordinates": [
          [
            [
              78.2023624933336,
              17.064685746178686
            ],
            [
              78.20247041875318,
              17.064682181893012
            ],
            [
              78.20281564262231,
              17.06447934971079
            ],
            [
              78.2030257486894,
              17.063776856636345
            ],
            [
              78.20172876467244,
              17.063695332811847
            ],
            [
              78.2023624933336,
              17.064685746178686
            ]
          ]
        ]
      }
    },
    {
      "type": "Feature",
      "id": "TG-RR-FNR-BRG-0317",
      "properties": {
        "parcel_id": "TG-RR-FNR-BRG-0317",
        "survey_no": "317",
        "survey_display": "317",
        "document_id": "DOC-BRG-0317",
        "village": "Burgul",
        "mandal": "Farooqnagar",
        "district": "Rangareddy",
        "state": "Telangana",
        "owner_name": "B. Satyanarayana",
        "ocr_owner": "B. Satyanarayana",
        "area_acres": 8.25,
        "ocr_area_acres": 8.25,
        "area_sq_meters": 33386.6,
        "centroid_lat": 17.06405,
        "centroid_lon": 78.186278,
        "verification_status": "VERIFIED",
        "validation_issue": "",
        "confidence_score": 0.96,
        "mutation_status": "APPROVED",
        "khata_number": "KH-317",
        "ulpin": "TG17060317987X"
      },
      "geometry": {
        "type": "Polygon",
        "coordinates": [
          [
            [
              78.18635271031492,
              17.06281587566714
            ],
            [
              78.18621650054418,
              17.062733184880578
            ],
            [
              78.18607299406247,
              17.06271674196603
            ],
            [
              78.18551446061942,
              17.063533960617423
            ],
            [
              78.18580508186527,
              17.06525220410226
            ],
            [
              78.1860942499772,
              17.065355638674625
            ],
            [
              78.1863007231444,
              17.065395455843102
            ],
            [
              78.18727452060635,
              17.063977469765618
            ],
            [
              78.18635271031492,
              17.06281587566714
            ]
          ]
        ]
      }
    },
    {
      "type": "Feature",
      "id": "TG-RR-FNR-BRG-0318",
      "properties": {
        "parcel_id": "TG-RR-FNR-BRG-0318",
        "survey_no": "318",
        "survey_display": "318",
        "document_id": "DOC-BRG-0318",
        "village": "Burgul",
        "mandal": "Farooqnagar",
        "district": "Rangareddy",
        "state": "Telangana",
        "owner_name": "T. Ramaiah",
        "ocr_owner": "T. Ramaiah",
        "area_acres": 2.14,
        "ocr_area_acres": 2.14,
        "area_sq_meters": 8660.3,
        "centroid_lat": 17.064051,
        "centroid_lon": 78.183938,
        "verification_status": "VERIFIED",
        "validation_issue": "",
        "confidence_score": 0.88,
        "mutation_status": "APPROVED",
        "khata_number": "KH-318",
        "ulpin": "TG17060318987X"
      },
      "geometry": {
        "type": "Polygon",
        "coordinates": [
          [
            [
              78.18442980138873,
              17.063886589927517
            ],
            [
              78.18394234505469,
              17.06340761459231
            ],
            [
              78.18326218430501,
              17.064342411215218
            ],
            [
              78.18433510886287,
              17.064513111762423
            ],
            [
              78.18442980138873,
              17.063886589927517
            ]
          ]
        ]
      }
    },
    {
      "type": "Feature",
      "id": "TG-RR-FNR-BRG-0319",
      "properties": {
        "parcel_id": "TG-RR-FNR-BRG-0319",
        "survey_no": "319",
        "survey_display": "319",
        "document_id": "DOC-BRG-0319",
        "village": "Burgul",
        "mandal": "Farooqnagar",
        "district": "Rangareddy",
        "state": "Telangana",
        "owner_name": "Ch. Madhava Reddy",
        "ocr_owner": "Ch. Madhava Reddy",
        "area_acres": 7.07,
        "ocr_area_acres": 7.07,
        "area_sq_meters": 28611.3,
        "centroid_lat": 17.064559,
        "centroid_lon": 78.196638,
        "verification_status": "VERIFIED",
        "validation_issue": "",
        "confidence_score": 0.97,
        "mutation_status": "APPROVED",
        "khata_number": "KH-319",
        "ulpin": "TG17060319987X"
      },
      "geometry": {
        "type": "Polygon",
        "coordinates": [
          [
            [
              78.19586945771663,
              17.06517957946482
            ],
            [
              78.19589011860207,
              17.065207420772847
            ],
            [
              78.1968808381091,
              17.06564792954861
            ],
            [
              78.1976132167447,
              17.064354535302442
            ],
            [
              78.19728498296283,
              17.063948040756312
            ],
            [
              78.19664943522064,
              17.06363637978139
            ],
            [
              78.19600793510386,
              17.063640170539834
            ],
            [
              78.19586945771663,
              17.06517957946482
            ]
          ]
        ]
      }
    },
    {
      "type": "Feature",
      "id": "TG-RR-FNR-BRG-0320",
      "properties": {
        "parcel_id": "TG-RR-FNR-BRG-0320",
        "survey_no": "320",
        "survey_display": "320",
        "document_id": "DOC-BRG-0320",
        "village": "Burgul",
        "mandal": "Farooqnagar",
        "district": "Rangareddy",
        "state": "Telangana",
        "owner_name": "V. Narsimha",
        "ocr_owner": "V. Narsimha",
        "area_acres": 9.55,
        "ocr_area_acres": 9.55,
        "area_sq_meters": 38647.5,
        "centroid_lat": 17.063991,
        "centroid_lon": 78.168,
        "verification_status": "REVIEW_REQUIRED",
        "validation_issue": "Low OCR confidence in handwritten Tippon annotation",
        "confidence_score": 0.62,
        "mutation_status": "APPROVED",
        "khata_number": "KH-320",
        "ulpin": "TG17060320987X"
      },
      "geometry": {
        "type": "Polygon",
        "coordinates": [
          [
            [
              78.16743597785363,
              17.06496773170871
            ],
            [
              78.16752920198645,
              17.06498911907402
            ],
            [
              78.16937648874112,
              17.06430359463753
            ],
            [
              78.16948430430494,
              17.06383950264556
            ],
            [
              78.1694706699004,
              17.063727961367704
            ],
            [
              78.16780604370717,
              17.063165601239163
            ],
            [
              78.16654618301396,
              17.063398315533764
            ],
            [
              78.16743597785363,
              17.06496773170871
            ]
          ]
        ]
      }
    },
    {
      "type": "Feature",
      "id": "TG-RR-FNR-BRG-0321",
      "properties": {
        "parcel_id": "TG-RR-FNR-BRG-0321",
        "survey_no": "321",
        "survey_display": "321",
        "document_id": "DOC-BRG-0321",
        "village": "Burgul",
        "mandal": "Farooqnagar",
        "district": "Rangareddy",
        "state": "Telangana",
        "owner_name": "S. Kistamma",
        "ocr_owner": "S. Kistamma",
        "area_acres": 5.19,
        "ocr_area_acres": 5.19,
        "area_sq_meters": 21003.2,
        "centroid_lat": 17.06374,
        "centroid_lon": 78.204286,
        "verification_status": "VERIFIED",
        "validation_issue": "",
        "confidence_score": 0.92,
        "mutation_status": "APPROVED",
        "khata_number": "KH-321",
        "ulpin": "TG17060321987X"
      },
      "geometry": {
        "type": "Polygon",
        "coordinates": [
          [
            [
              78.20392476176917,
              17.062764910188573
            ],
            [
              78.20387778081427,
              17.062798530343088
            ],
            [
              78.20360062983778,
              17.063505267924068
            ],
            [
              78.20371252553488,
              17.063916684784598
            ],
            [
              78.20441378195382,
              17.06488052774468
            ],
            [
              78.2049797640108,
              17.06421197141519
            ],
            [
              78.20459877269337,
              17.062936594554415
            ],
            [
              78.20392476176917,
              17.062764910188573
            ]
          ]
        ]
      }
    },
    {
      "type": "Feature",
      "id": "TG-RR-FNR-BRG-0322",
      "properties": {
        "parcel_id": "TG-RR-FNR-BRG-0322",
        "survey_no": "322",
        "survey_display": "322",
        "document_id": "DOC-BRG-0322",
        "village": "Burgul",
        "mandal": "Farooqnagar",
        "district": "Rangareddy",
        "state": "Telangana",
        "owner_name": "A. Balraj",
        "ocr_owner": "A. Balraj",
        "area_acres": 9.57,
        "ocr_area_acres": 9.57,
        "area_sq_meters": 38728.5,
        "centroid_lat": 17.064003,
        "centroid_lon": 78.193235,
        "verification_status": "VERIFIED",
        "validation_issue": "",
        "confidence_score": 0.89,
        "mutation_status": "APPROVED",
        "khata_number": "KH-322",
        "ulpin": "TG17060322987X"
      },
      "geometry": {
        "type": "Polygon",
        "coordinates": [
          [
            [
              78.19214680582063,
              17.063772299573994
            ],
            [
              78.19239181239078,
              17.06480279410378
            ],
            [
              78.19365294256221,
              17.065020932487634
            ],
            [
              78.19413615006899,
              17.064718588051633
            ],
            [
              78.19410440884946,
              17.063050796154904
            ],
            [
              78.19403820934821,
              17.062910812357565
            ],
            [
              78.19227059083619,
              17.06336399109053
            ],
            [
              78.19214680582063,
              17.063772299573994
            ]
          ]
        ]
      }
    },
    {
      "type": "Feature",
      "id": "TG-RR-FNR-BRG-0323",
      "properties": {
        "parcel_id": "TG-RR-FNR-BRG-0323",
        "survey_no": "323",
        "survey_display": "323",
        "document_id": "DOC-BRG-0323",
        "village": "Burgul",
        "mandal": "Farooqnagar",
        "district": "Rangareddy",
        "state": "Telangana",
        "owner_name": "M. Mallesh Goud",
        "ocr_owner": "M. Mallesh Goud",
        "area_acres": 3.12,
        "ocr_area_acres": 3.12,
        "area_sq_meters": 12626.2,
        "centroid_lat": 17.064097,
        "centroid_lon": 78.194514,
        "verification_status": "VERIFIED",
        "validation_issue": "",
        "confidence_score": 0.91,
        "mutation_status": "APPROVED",
        "khata_number": "KH-323",
        "ulpin": "TG17060323987X"
      },
      "geometry": {
        "type": "Polygon",
        "coordinates": [
          [
            [
              78.19413615006899,
              17.06471858805164
            ],
            [
              78.19504260015381,
              17.06474749977993
            ],
            [
              78.19501608617162,
              17.06408142063439
            ],
            [
              78.19425897140235,
              17.063163408500348
            ],
            [
              78.19410440884946,
              17.063050796154887
            ],
            [
              78.19413615006899,
              17.06471858805164
            ]
          ]
        ]
      }
    },
    {
      "type": "Feature",
      "id": "TG-RR-FNR-BRG-0324",
      "properties": {
        "parcel_id": "TG-RR-FNR-BRG-0324",
        "survey_no": "324",
        "survey_display": "324",
        "document_id": "DOC-BRG-0324",
        "village": "Burgul",
        "mandal": "Farooqnagar",
        "district": "Rangareddy",
        "state": "Telangana",
        "owner_name": "K. Chandraiah",
        "ocr_owner": "K. Chandraiah",
        "area_acres": 3.71,
        "ocr_area_acres": 3.71,
        "area_sq_meters": 15013.9,
        "centroid_lat": 17.064248,
        "centroid_lon": 78.195546,
        "verification_status": "VERIFIED",
        "validation_issue": "",
        "confidence_score": 0.92,
        "mutation_status": "APPROVED",
        "khata_number": "KH-324",
        "ulpin": "TG17060324987X"
      },
      "geometry": {
        "type": "Polygon",
        "coordinates": [
          [
            [
              78.19586945771664,
              17.065179579464825
            ],
            [
              78.19600793510386,
              17.06364017053984
            ],
            [
              78.19584315702737,
              17.06336492736369
            ],
            [
              78.19532259506515,
              17.06357458984446
            ],
            [
              78.19501608617162,
              17.064081420634373
            ],
            [
              78.19504260015381,
              17.06474749977994
            ],
            [
              78.19586945771664,
              17.065179579464825
            ]
          ]
        ]
      }
    },
    {
      "type": "Feature",
      "id": "TG-RR-FNR-BRG-0325",
      "properties": {
        "parcel_id": "TG-RR-FNR-BRG-0325",
        "survey_no": "325",
        "survey_display": "325",
        "document_id": "DOC-BRG-0325",
        "village": "Burgul",
        "mandal": "Farooqnagar",
        "district": "Rangareddy",
        "state": "Telangana",
        "owner_name": "J. Ramachandra Reddy",
        "ocr_owner": "J. Ramachandra Reddy",
        "area_acres": 3.95,
        "ocr_area_acres": 3.95,
        "area_sq_meters": 15985.1,
        "centroid_lat": 17.063586,
        "centroid_lon": 78.18927,
        "verification_status": "VERIFIED",
        "validation_issue": "",
        "confidence_score": 0.94,
        "mutation_status": "APPROVED",
        "khata_number": "KH-325",
        "ulpin": "TG17060325987X"
      },
      "geometry": {
        "type": "Polygon",
        "coordinates": [
          [
            [
              78.18854450447022,
              17.0635137023348
            ],
            [
              78.18831346836764,
              17.063940708553684
            ],
            [
              78.19004716690127,
              17.064174673532595
            ],
            [
              78.19004433488882,
              17.06410565325355
            ],
            [
              78.18957067104891,
              17.06270235866165
            ],
            [
              78.18854450447022,
              17.0635137023348
            ]
          ]
        ]
      }
    },
    {
      "type": "Feature",
      "id": "TG-RR-FNR-BRG-0326",
      "properties": {
        "parcel_id": "TG-RR-FNR-BRG-0326",
        "survey_no": "326",
        "survey_display": "326",
        "document_id": "DOC-BRG-0326",
        "village": "Burgul",
        "mandal": "Farooqnagar",
        "district": "Rangareddy",
        "state": "Telangana",
        "owner_name": "D. Gopal Rao",
        "ocr_owner": "D. Gopal Rao",
        "area_acres": 2.55,
        "ocr_area_acres": 2.55,
        "area_sq_meters": 10319.5,
        "centroid_lat": 17.064171,
        "centroid_lon": 78.208086,
        "verification_status": "VERIFIED",
        "validation_issue": "",
        "confidence_score": 0.95,
        "mutation_status": "APPROVED",
        "khata_number": "KH-326",
        "ulpin": "TG17060326987X"
      },
      "geometry": {
        "type": "Polygon",
        "coordinates": [
          [
            [
              78.20756537915891,
              17.064155282889836
            ],
            [
              78.2082272508821,
              17.065268680533183
            ],
            [
              78.20824756290064,
              17.065276808093046
            ],
            [
              78.20844902458036,
              17.06306072961602
            ],
            [
              78.20756537915891,
              17.064155282889836
            ]
          ]
        ]
      }
    },
    {
      "type": "Feature",
      "id": "TG-RR-FNR-BRG-0327",
      "properties": {
        "parcel_id": "TG-RR-FNR-BRG-0327",
        "survey_no": "327",
        "survey_display": "327",
        "document_id": "DOC-BRG-0327",
        "village": "Burgul",
        "mandal": "Farooqnagar",
        "district": "Rangareddy",
        "state": "Telangana",
        "owner_name": "R. Prabhakar",
        "ocr_owner": "R. Prabhakar",
        "area_acres": 2.75,
        "ocr_area_acres": 2.75,
        "area_sq_meters": 11128.9,
        "centroid_lat": 17.063757,
        "centroid_lon": 78.183188,
        "verification_status": "VERIFIED",
        "validation_issue": "",
        "confidence_score": 0.91,
        "mutation_status": "APPROVED",
        "khata_number": "KH-327",
        "ulpin": "TG17060327987X"
      },
      "geometry": {
        "type": "Polygon",
        "coordinates": [
          [
            [
              78.18270867025271,
              17.064047019788443
            ],
            [
              78.18297782593302,
              17.06436830666858
            ],
            [
              78.18309495527444,
              17.064401099177967
            ],
            [
              78.18326218430501,
              17.064342411215218
            ],
            [
              78.18394234505469,
              17.06340761459231
            ],
            [
              78.18386366584336,
              17.063268467451497
            ],
            [
              78.1825161716905,
              17.063450286595526
            ],
            [
              78.18270867025271,
              17.064047019788443
            ]
          ]
        ]
      }
    },
    {
      "type": "Feature",
      "id": "TG-RR-FNR-BRG-0328",
      "properties": {
        "parcel_id": "TG-RR-FNR-BRG-0328",
        "survey_no": "328",
        "survey_display": "328",
        "document_id": "DOC-BRG-0328",
        "village": "Burgul",
        "mandal": "Farooqnagar",
        "district": "Rangareddy",
        "state": "Telangana",
        "owner_name": "E. Yadagiri",
        "ocr_owner": "E. Yadagiri",
        "area_acres": 2.31,
        "ocr_area_acres": 2.31,
        "area_sq_meters": 9348.2,
        "centroid_lat": 17.06396,
        "centroid_lon": 78.190795,
        "verification_status": "VERIFIED",
        "validation_issue": "",
        "confidence_score": 0.99,
        "mutation_status": "APPROVED",
        "khata_number": "KH-328",
        "ulpin": "TG17060328987X"
      },
      "geometry": {
        "type": "Polygon",
        "coordinates": [
          [
            [
              78.19004716690128,
              17.064174673532612
            ],
            [
              78.19012606476448,
              17.064420132400777
            ],
            [
              78.19026946560139,
              17.064455355893713
            ],
            [
              78.19186198457453,
              17.063794928621743
            ],
            [
              78.19078492940355,
              17.063519807078563
            ],
            [
              78.19004433488882,
              17.06410565325355
            ],
            [
              78.19004716690128,
              17.064174673532612
            ]
          ]
        ]
      }
    },
    {
      "type": "Feature",
      "id": "TG-RR-FNR-BRG-0329",
      "properties": {
        "parcel_id": "TG-RR-FNR-BRG-0329",
        "survey_no": "329",
        "survey_display": "329",
        "document_id": "DOC-BRG-0329",
        "village": "Burgul",
        "mandal": "Farooqnagar",
        "district": "Rangareddy",
        "state": "Telangana",
        "owner_name": "N. Shankaraiah",
        "ocr_owner": "N. Shankaraiah",
        "area_acres": 2.05,
        "ocr_area_acres": 2.05,
        "area_sq_meters": 8296.1,
        "centroid_lat": 17.063865,
        "centroid_lon": 78.171614,
        "verification_status": "VERIFIED",
        "validation_issue": "",
        "confidence_score": 0.88,
        "mutation_status": "APPROVED",
        "khata_number": "KH-329",
        "ulpin": "TG17060329987X"
      },
      "geometry": {
        "type": "Polygon",
        "coordinates": [
          [
            [
              78.17158652876596,
              17.064533160113662
            ],
            [
              78.17198703917492,
              17.064211683912472
            ],
            [
              78.17196469569858,
              17.063721606873116
            ],
            [
              78.17155281789148,
              17.06298179353204
            ],
            [
              78.17152714397973,
              17.062999240677797
            ],
            [
              78.17121464215931,
              17.064226276181298
            ],
            [
              78.17158652876596,
              17.064533160113662
            ]
          ]
        ]
      }
    },
    {
      "type": "Feature",
      "id": "TG-RR-FNR-BRG-0330",
      "properties": {
        "parcel_id": "TG-RR-FNR-BRG-0330",
        "survey_no": "330",
        "survey_display": "330",
        "document_id": "DOC-BRG-0330",
        "village": "Burgul",
        "mandal": "Farooqnagar",
        "district": "Rangareddy",
        "state": "Telangana",
        "owner_name": "P. Suseela",
        "ocr_owner": "P. Suseela",
        "area_acres": 1.99,
        "ocr_area_acres": 1.99,
        "area_sq_meters": 8053.3,
        "centroid_lat": 17.06384,
        "centroid_lon": 78.172517,
        "verification_status": "VERIFIED",
        "validation_issue": "",
        "confidence_score": 0.92,
        "mutation_status": "APPROVED",
        "khata_number": "KH-330",
        "ulpin": "TG17060330987X"
      },
      "geometry": {
        "type": "Polygon",
        "coordinates": [
          [
            [
              78.17198703917492,
              17.06421168391247
            ],
            [
              78.17296925219983,
              17.064184769993275
            ],
            [
              78.17293319786813,
              17.06328531634924
            ],
            [
              78.17196469569858,
              17.063721606873138
            ],
            [
              78.17198703917492,
              17.06421168391247
            ]
          ]
        ]
      }
    },
    {
      "type": "Feature",
      "id": "TG-RR-FNR-BRG-0331",
      "properties": {
        "parcel_id": "TG-RR-FNR-BRG-0331",
        "survey_no": "331",
        "survey_display": "331",
        "document_id": "DOC-BRG-0331",
        "village": "Burgul",
        "mandal": "Farooqnagar",
        "district": "Rangareddy",
        "state": "Telangana",
        "owner_name": "B. Vittal Reddy",
        "ocr_owner": "B. Vittal Reddy",
        "area_acres": 4.78,
        "ocr_area_acres": 4.78,
        "area_sq_meters": 19344.0,
        "centroid_lat": 17.06364,
        "centroid_lon": 78.205488,
        "verification_status": "VERIFIED",
        "validation_issue": "",
        "confidence_score": 0.93,
        "mutation_status": "APPROVED",
        "khata_number": "KH-331",
        "ulpin": "TG17060331987X"
      },
      "geometry": {
        "type": "Polygon",
        "coordinates": [
          [
            [
              78.20621804729468,
              17.064132261299243
            ],
            [
              78.20644652285898,
              17.063567020214602
            ],
            [
              78.20644150240476,
              17.063546548337104
            ],
            [
              78.20609283885898,
              17.06331732807302
            ],
            [
              78.20476091634306,
              17.06290213795267
            ],
            [
              78.20459877269336,
              17.06293659455441
            ],
            [
              78.20497976401079,
              17.06421197141518
            ],
            [
              78.20582926961494,
              17.06426314227581
            ],
            [
              78.20621804729468,
              17.064132261299243
            ]
          ]
        ]
      }
    },
    {
      "type": "Feature",
      "id": "TG-RR-FNR-BRG-0332",
      "properties": {
        "parcel_id": "TG-RR-FNR-BRG-0332",
        "survey_no": "332",
        "survey_display": "332",
        "document_id": "DOC-BRG-0332",
        "village": "Burgul",
        "mandal": "Farooqnagar",
        "district": "Rangareddy",
        "state": "Telangana",
        "owner_name": "K. Padma",
        "ocr_owner": "K. Padma",
        "area_acres": 10.97,
        "ocr_area_acres": 10.97,
        "area_sq_meters": 44394.1,
        "centroid_lat": 17.063497,
        "centroid_lon": 78.200538,
        "verification_status": "VERIFIED",
        "validation_issue": "",
        "confidence_score": 0.96,
        "mutation_status": "APPROVED",
        "khata_number": "KH-332",
        "ulpin": "TG17060332987X"
      },
      "geometry": {
        "type": "Polygon",
        "coordinates": [
          [
            [
              78.20130174100707,
              17.062348880659055
            ],
            [
              78.20127373595842,
              17.06230948939433
            ],
            [
              78.20005642687956,
              17.06216474978743
            ],
            [
              78.19957772885131,
              17.064163309748817
            ],
            [
              78.20035354421505,
              17.065076287513914
            ],
            [
              78.20048299656676,
              17.06509565948299
            ],
            [
              78.20151282982307,
              17.063561840137105
            ],
            [
              78.20130174100707,
              17.062348880659055
            ]
          ]
        ]
      }
    },
    {
      "type": "Feature",
      "id": "TG-RR-FNR-BRG-0333",
      "properties": {
        "parcel_id": "TG-RR-FNR-BRG-0333",
        "survey_no": "333",
        "survey_display": "333",
        "document_id": "DOC-BRG-0333",
        "village": "Burgul",
        "mandal": "Farooqnagar",
        "district": "Rangareddy",
        "state": "Telangana",
        "owner_name": "G. Lingaiah",
        "ocr_owner": "G. Lingaiah",
        "area_acres": 10.6,
        "ocr_area_acres": 10.6,
        "area_sq_meters": 42896.7,
        "centroid_lat": 17.063491,
        "centroid_lon": 78.173754,
        "verification_status": "VERIFIED",
        "validation_issue": "",
        "confidence_score": 0.91,
        "mutation_status": "APPROVED",
        "khata_number": "KH-333",
        "ulpin": "TG17060333987X"
      },
      "geometry": {
        "type": "Polygon",
        "coordinates": [
          [
            [
              78.17382145221139,
              17.06478540008223
            ],
            [
              78.17479973639934,
              17.064151698767485
            ],
            [
              78.17437727485743,
              17.062652429743682
            ],
            [
              78.17365637307729,
              17.06208383447342
            ],
            [
              78.17311424308284,
              17.062205897846457
            ],
            [
              78.17293319786813,
              17.063285316349237
            ],
            [
              78.17296925219983,
              17.06418476999328
            ],
            [
              78.17348237908256,
              17.064833025135865
            ],
            [
              78.17382145221139,
              17.06478540008223
            ]
          ]
        ]
      }
    },
    {
      "type": "Feature",
      "id": "TG-RR-FNR-BRG-0334",
      "properties": {
        "parcel_id": "TG-RR-FNR-BRG-0334",
        "survey_no": "334",
        "survey_display": "334",
        "document_id": "DOC-BRG-0334",
        "village": "Burgul",
        "mandal": "Farooqnagar",
        "district": "Rangareddy",
        "state": "Telangana",
        "owner_name": "M. Krishna Murthy",
        "ocr_owner": "M. Krishna Murthy",
        "area_acres": 0.97,
        "ocr_area_acres": 0.97,
        "area_sq_meters": 3925.5,
        "centroid_lat": 17.063608,
        "centroid_lon": 78.194873,
        "verification_status": "VERIFIED",
        "validation_issue": "",
        "confidence_score": 0.93,
        "mutation_status": "APPROVED",
        "khata_number": "KH-334",
        "ulpin": "TG17060334987X"
      },
      "geometry": {
        "type": "Polygon",
        "coordinates": [
          [
            [
              78.19501608617162,
              17.06408142063438
            ],
            [
              78.19532259506515,
              17.06357458984446
            ],
            [
              78.19425897140233,
              17.06316340850033
            ],
            [
              78.19501608617162,
              17.06408142063438
            ]
          ]
        ]
      }
    },
    {
      "type": "Feature",
      "id": "TG-RR-FNR-BRG-0335",
      "properties": {
        "parcel_id": "TG-RR-FNR-BRG-0335",
        "survey_no": "335",
        "survey_display": "335",
        "document_id": "DOC-BRG-0335",
        "village": "Burgul",
        "mandal": "Farooqnagar",
        "district": "Rangareddy",
        "state": "Telangana",
        "owner_name": "S. Venkat Reddy",
        "ocr_owner": "T. Ramaiah",
        "area_acres": 1.59,
        "ocr_area_acres": 1.59,
        "area_sq_meters": 6434.5,
        "centroid_lat": 17.063639,
        "centroid_lon": 78.207649,
        "verification_status": "CONFLICT",
        "validation_issue": "Owner mismatch: Deed titleholder 'S. Venkat Reddy' vs Extracted 'T. Ramaiah'",
        "confidence_score": 0.44,
        "mutation_status": "APPROVED",
        "khata_number": "KH-335",
        "ulpin": "TG17060335987X"
      },
      "geometry": {
        "type": "Polygon",
        "coordinates": [
          [
            [
              78.20693188604793,
              17.06371177168742
            ],
            [
              78.20756537915891,
              17.064155282889836
            ],
            [
              78.20844902458036,
              17.06306072961602
            ],
            [
              78.20844959310283,
              17.06305447586884
            ],
            [
              78.20693188604793,
              17.06371177168742
            ]
          ]
        ]
      }
    },
    {
      "type": "Feature",
      "id": "TG-RR-FNR-BRG-0336",
      "properties": {
        "parcel_id": "TG-RR-FNR-BRG-0336",
        "survey_no": "336",
        "survey_display": "336",
        "document_id": "DOC-BRG-0336",
        "village": "Burgul",
        "mandal": "Farooqnagar",
        "district": "Rangareddy",
        "state": "Telangana",
        "owner_name": "A. Jagadeeshwar",
        "ocr_owner": "A. Jagadeeshwar",
        "area_acres": 4.3,
        "ocr_area_acres": 4.3,
        "area_sq_meters": 17401.5,
        "centroid_lat": 17.063628,
        "centroid_lon": 78.170607,
        "verification_status": "VERIFIED",
        "validation_issue": "",
        "confidence_score": 0.97,
        "mutation_status": "APPROVED",
        "khata_number": "KH-336",
        "ulpin": "TG17060336987X"
      },
      "geometry": {
        "type": "Polygon",
        "coordinates": [
          [
            [
              78.16957185822206,
              17.063479778689906
            ],
            [
              78.1694706699004,
              17.063727961367693
            ],
            [
              78.16948430430494,
              17.063839502645582
            ],
            [
              78.17121464215931,
              17.064226276181298
            ],
            [
              78.17152714397974,
              17.06299924067779
            ],
            [
              78.16973044868419,
              17.063422376041114
            ],
            [
              78.16957185822206,
              17.063479778689906
            ]
          ]
        ]
      }
    },
    {
      "type": "Feature",
      "id": "TG-RR-FNR-BRG-0337",
      "properties": {
        "parcel_id": "TG-RR-FNR-BRG-0337",
        "survey_no": "337",
        "survey_display": "337",
        "document_id": "DOC-BRG-0337",
        "village": "Burgul",
        "mandal": "Farooqnagar",
        "district": "Rangareddy",
        "state": "Telangana",
        "owner_name": "G. Srinivas Reddy",
        "ocr_owner": "G. Srinivas Reddy",
        "area_acres": 2.27,
        "ocr_area_acres": 2.27,
        "area_sq_meters": 9186.4,
        "centroid_lat": 17.063361,
        "centroid_lon": 78.190111,
        "verification_status": "VERIFIED",
        "validation_issue": "",
        "confidence_score": 0.9,
        "mutation_status": "APPROVED",
        "khata_number": "KH-337",
        "ulpin": "TG17060337987X"
      },
      "geometry": {
        "type": "Polygon",
        "coordinates": [
          [
            [
              78.18957067104891,
              17.06270235866165
            ],
            [
              78.19004433488881,
              17.06410565325355
            ],
            [
              78.19078492940355,
              17.06351980707856
            ],
            [
              78.18964905631277,
              17.06255285789169
            ],
            [
              78.18957067104891,
              17.06270235866165
            ]
          ]
        ]
      }
    },
    {
      "type": "Feature",
      "id": "TG-RR-FNR-BRG-0338",
      "properties": {
        "parcel_id": "TG-RR-FNR-BRG-0338",
        "survey_no": "338",
        "survey_display": "338",
        "document_id": "DOC-BRG-0338",
        "village": "Burgul",
        "mandal": "Farooqnagar",
        "district": "Rangareddy",
        "state": "Telangana",
        "owner_name": "K. Venkateshwar Rao",
        "ocr_owner": "K. Venkateshwar Rao",
        "area_acres": 5.16,
        "ocr_area_acres": 5.16,
        "area_sq_meters": 20881.8,
        "centroid_lat": 17.062814,
        "centroid_lon": 78.172357,
        "verification_status": "VERIFIED",
        "validation_issue": "",
        "confidence_score": 0.88,
        "mutation_status": "APPROVED",
        "khata_number": "KH-338",
        "ulpin": "TG17060338987X"
      },
      "geometry": {
        "type": "Polygon",
        "coordinates": [
          [
            [
              78.17217370310259,
              17.061962693403977
            ],
            [
              78.17155281789148,
              17.06298179353203
            ],
            [
              78.17196469569859,
              17.06372160687313
            ],
            [
              78.17293319786813,
              17.06328531634924
            ],
            [
              78.17311424308284,
              17.06220589784646
            ],
            [
              78.17217370310259,
              17.061962693403977
            ]
          ]
        ]
      }
    },
    {
      "type": "Feature",
      "id": "TG-RR-FNR-BRG-0339",
      "properties": {
        "parcel_id": "TG-RR-FNR-BRG-0339",
        "survey_no": "339",
        "survey_display": "339",
        "document_id": "DOC-BRG-0339",
        "village": "Burgul",
        "mandal": "Farooqnagar",
        "district": "Rangareddy",
        "state": "Telangana",
        "owner_name": "M. Lakshmi Bai",
        "ocr_owner": "M. Lakshmi Bai",
        "area_acres": 6.61,
        "ocr_area_acres": 6.61,
        "area_sq_meters": 26749.7,
        "centroid_lat": 17.063308,
        "centroid_lon": 78.199136,
        "verification_status": "VERIFIED",
        "validation_issue": "",
        "confidence_score": 0.97,
        "mutation_status": "APPROVED",
        "khata_number": "KH-339",
        "ulpin": "TG17060339987X"
      },
      "geometry": {
        "type": "Polygon",
        "coordinates": [
          [
            [
              78.20005102733938,
              17.062161519792944
            ],
            [
              78.19996229406244,
              17.06216075067607
            ],
            [
              78.19833982427751,
              17.063026186916275
            ],
            [
              78.19823266553671,
              17.06404910781149
            ],
            [
              78.19835828046806,
              17.064098573935212
            ],
            [
              78.19957772885131,
              17.064163309748817
            ],
            [
              78.20005642687956,
              17.062164749787435
            ],
            [
              78.20005102733938,
              17.062161519792944
            ]
          ]
        ]
      }
    },
    {
      "type": "Feature",
      "id": "TG-RR-FNR-BRG-0340",
      "properties": {
        "parcel_id": "TG-RR-FNR-BRG-0340",
        "survey_no": "340",
        "survey_display": "340",
        "document_id": "DOC-BRG-0340",
        "village": "Burgul",
        "mandal": "Farooqnagar",
        "district": "Rangareddy",
        "state": "Telangana",
        "owner_name": "P. Anjaneyulu",
        "ocr_owner": "P. Anjaneyulu",
        "area_acres": 1.44,
        "ocr_area_acres": 1.44,
        "area_sq_meters": 5827.5,
        "centroid_lat": 17.063338,
        "centroid_lon": 78.196994,
        "verification_status": "VERIFIED",
        "validation_issue": "",
        "confidence_score": 0.99,
        "mutation_status": "APPROVED",
        "khata_number": "KH-340",
        "ulpin": "TG17060340987X"
      },
      "geometry": {
        "type": "Polygon",
        "coordinates": [
          [
            [
              78.19728498296284,
              17.06394804075632
            ],
            [
              78.19714965298384,
              17.062664715753872
            ],
            [
              78.19682214706863,
              17.06286808727054
            ],
            [
              78.19664943522064,
              17.06363637978139
            ],
            [
              78.19728498296284,
              17.06394804075632
            ]
          ]
        ]
      }
    },
    {
      "type": "Feature",
      "id": "TG-RR-FNR-BRG-0341",
      "properties": {
        "parcel_id": "TG-RR-FNR-BRG-0341",
        "survey_no": "341",
        "survey_display": "341",
        "document_id": "DOC-BRG-0341",
        "village": "Burgul",
        "mandal": "Farooqnagar",
        "district": "Rangareddy",
        "state": "Telangana",
        "owner_name": "B. Satyanarayana",
        "ocr_owner": "B. Satyanarayana",
        "area_acres": 7.53,
        "ocr_area_acres": 7.53,
        "area_sq_meters": 30472.9,
        "centroid_lat": 17.063108,
        "centroid_lon": 78.202492,
        "verification_status": "VERIFIED",
        "validation_issue": "",
        "confidence_score": 0.89,
        "mutation_status": "APPROVED",
        "khata_number": "KH-341",
        "ulpin": "TG17060341987X"
      },
      "geometry": {
        "type": "Polygon",
        "coordinates": [
          [
            [
              78.20151282982307,
              17.063561840137126
            ],
            [
              78.20172876467244,
              17.063695332811847
            ],
            [
              78.2030257486894,
              17.063776856636345
            ],
            [
              78.20360062983778,
              17.06350526792407
            ],
            [
              78.20387778081427,
              17.062798530343084
            ],
            [
              78.20130174100706,
              17.062348880659012
            ],
            [
              78.20151282982307,
              17.063561840137126
            ]
          ]
        ]
      }
    },
    {
      "type": "Feature",
      "id": "TG-RR-FNR-BRG-0342",
      "properties": {
        "parcel_id": "TG-RR-FNR-BRG-0342",
        "survey_no": "342",
        "survey_display": "342",
        "document_id": "DOC-BRG-0342",
        "village": "Burgul",
        "mandal": "Farooqnagar",
        "district": "Rangareddy",
        "state": "Telangana",
        "owner_name": "T. Ramaiah",
        "ocr_owner": "T. Ramaiah",
        "area_acres": 3.57,
        "ocr_area_acres": 3.57,
        "area_sq_meters": 14447.3,
        "centroid_lat": 17.063031,
        "centroid_lon": 78.195036,
        "verification_status": "VERIFIED",
        "validation_issue": "",
        "confidence_score": 0.97,
        "mutation_status": "APPROVED",
        "khata_number": "KH-342",
        "ulpin": "TG17060342987X"
      },
      "geometry": {
        "type": "Polygon",
        "coordinates": [
          [
            [
              78.19583653982993,
              17.06301465421007
            ],
            [
              78.19571936654089,
              17.062784409456402
            ],
            [
              78.19503723863022,
              17.062527112634946
            ],
            [
              78.1941989335875,
              17.062757115916313
            ],
            [
              78.19408213384543,
              17.062831427697606
            ],
            [
              78.19403820934821,
              17.062910812357565
            ],
            [
              78.19410440884946,
              17.063050796154894
            ],
            [
              78.1942589714023,
              17.063163408500323
            ],
            [
              78.19532259506515,
              17.06357458984446
            ],
            [
              78.19584315702737,
              17.063364927363686
            ],
            [
              78.19583653982993,
              17.06301465421007
            ]
          ]
        ]
      }
    },
    {
      "type": "Feature",
      "id": "TG-RR-FNR-BRG-0343",
      "properties": {
        "parcel_id": "TG-RR-FNR-BRG-0343",
        "survey_no": "343",
        "survey_display": "343",
        "document_id": "DOC-BRG-0343",
        "village": "Burgul",
        "mandal": "Farooqnagar",
        "district": "Rangareddy",
        "state": "Telangana",
        "owner_name": "Ch. Madhava Reddy",
        "ocr_owner": "Ch. Madhava Reddy",
        "area_acres": 4.95,
        "ocr_area_acres": 4.95,
        "area_sq_meters": 20032.0,
        "centroid_lat": 17.063341,
        "centroid_lon": 78.197716,
        "verification_status": "VERIFIED",
        "validation_issue": "",
        "confidence_score": 0.92,
        "mutation_status": "APPROVED",
        "khata_number": "KH-343",
        "ulpin": "TG17060343987X"
      },
      "geometry": {
        "type": "Polygon",
        "coordinates": [
          [
            [
              78.19823266553671,
              17.06404910781148
            ],
            [
              78.19833982427751,
              17.06302618691629
            ],
            [
              78.19746212953025,
              17.06228077570006
            ],
            [
              78.19734097803128,
              17.06235656794376
            ],
            [
              78.19714965298382,
              17.06266471575389
            ],
            [
              78.19728498296283,
              17.06394804075631
            ],
            [
              78.1976132167447,
              17.06435453530244
            ],
            [
              78.19823266553671,
              17.06404910781148
            ]
          ]
        ]
      }
    },
    {
      "type": "Feature",
      "id": "TG-RR-FNR-BRG-0344",
      "properties": {
        "parcel_id": "TG-RR-FNR-BRG-0344",
        "survey_no": "344",
        "survey_display": "344",
        "document_id": "DOC-BRG-0344",
        "village": "Burgul",
        "mandal": "Farooqnagar",
        "district": "Rangareddy",
        "state": "Telangana",
        "owner_name": "V. Narsimha",
        "ocr_owner": "V. Narsimha",
        "area_acres": 1.73,
        "ocr_area_acres": 1.73,
        "area_sq_meters": 7001.1,
        "centroid_lat": 17.063267,
        "centroid_lon": 78.196316,
        "verification_status": "VERIFIED",
        "validation_issue": "",
        "confidence_score": 0.95,
        "mutation_status": "APPROVED",
        "khata_number": "KH-344",
        "ulpin": "TG17060344987X"
      },
      "geometry": {
        "type": "Polygon",
        "coordinates": [
          [
            [
              78.19584315702737,
              17.063364927363704
            ],
            [
              78.19600793510385,
              17.063640170539834
            ],
            [
              78.19664943522062,
              17.06363637978139
            ],
            [
              78.19682214706862,
              17.062868087270534
            ],
            [
              78.19583653982994,
              17.063014654210075
            ],
            [
              78.19584315702737,
              17.063364927363704
            ]
          ]
        ]
      }
    },
    {
      "type": "Feature",
      "id": "TG-RR-FNR-BRG-0345",
      "properties": {
        "parcel_id": "TG-RR-FNR-BRG-0345",
        "survey_no": "345",
        "survey_display": "345",
        "document_id": "DOC-BRG-0345",
        "village": "Burgul",
        "mandal": "Farooqnagar",
        "district": "Rangareddy",
        "state": "Telangana",
        "owner_name": "S. Kistamma",
        "ocr_owner": "S. Kistamma",
        "area_acres": 7.18,
        "ocr_area_acres": 7.18,
        "area_sq_meters": 29056.5,
        "centroid_lat": 17.062714,
        "centroid_lon": 78.207579,
        "verification_status": "VERIFIED",
        "validation_issue": "",
        "confidence_score": 0.95,
        "mutation_status": "APPROVED",
        "khata_number": "KH-345",
        "ulpin": "TG17060345987X"
      },
      "geometry": {
        "type": "Polygon",
        "coordinates": [
          [
            [
              78.20739642329035,
              17.061823334831704
            ],
            [
              78.20644150240476,
              17.0635465483371
            ],
            [
              78.20644652285898,
              17.063567020214617
            ],
            [
              78.20693188604793,
              17.063711771687423
            ],
            [
              78.20844959310283,
              17.06305447586884
            ],
            [
              78.2085,
              17.0625
            ],
            [
              78.20803056782609,
              17.061561135652177
            ],
            [
              78.20739642329035,
              17.061823334831704
            ]
          ]
        ]
      }
    },
    {
      "type": "Feature",
      "id": "TG-RR-FNR-BRG-0346",
      "properties": {
        "parcel_id": "TG-RR-FNR-BRG-0346",
        "survey_no": "346",
        "survey_display": "346",
        "document_id": "DOC-BRG-0346",
        "village": "Burgul",
        "mandal": "Farooqnagar",
        "district": "Rangareddy",
        "state": "Telangana",
        "owner_name": "A. Balraj",
        "ocr_owner": "A. Balraj",
        "area_acres": 8.44,
        "ocr_area_acres": 8.44,
        "area_sq_meters": 34155.5,
        "centroid_lat": 17.062873,
        "centroid_lon": 78.191099,
        "verification_status": "VERIFIED",
        "validation_issue": "",
        "confidence_score": 0.94,
        "mutation_status": "APPROVED",
        "khata_number": "KH-346",
        "ulpin": "TG17060346987X"
      },
      "geometry": {
        "type": "Polygon",
        "coordinates": [
          [
            [
              78.1922705908362,
              17.06336399109052
            ],
            [
              78.19176905553647,
              17.0621262726694
            ],
            [
              78.18972933291685,
              17.06222251347953
            ],
            [
              78.18964905631277,
              17.06255285789168
            ],
            [
              78.19078492940356,
              17.063519807078567
            ],
            [
              78.19186198457452,
              17.06379492862174
            ],
            [
              78.19214680582063,
              17.063772299574
            ],
            [
              78.1922705908362,
              17.06336399109052
            ]
          ]
        ]
      }
    },
    {
      "type": "Feature",
      "id": "TG-RR-FNR-BRG-0347",
      "properties": {
        "parcel_id": "TG-RR-FNR-BRG-0347",
        "survey_no": "347",
        "survey_display": "347",
        "document_id": "DOC-BRG-0347",
        "village": "Burgul",
        "mandal": "Farooqnagar",
        "district": "Rangareddy",
        "state": "Telangana",
        "owner_name": "M. Mallesh Goud",
        "ocr_owner": "M. Mallesh Goud",
        "area_acres": 6.99,
        "ocr_area_acres": 6.99,
        "area_sq_meters": 28287.6,
        "centroid_lat": 17.06302,
        "centroid_lon": 78.184876,
        "verification_status": "VERIFIED",
        "validation_issue": "",
        "confidence_score": 0.91,
        "mutation_status": "APPROVED",
        "khata_number": "KH-347",
        "ulpin": "TG17060347987X"
      },
      "geometry": {
        "type": "Polygon",
        "coordinates": [
          [
            [
              78.18607299406247,
              17.062716741966035
            ],
            [
              78.18575643575764,
              17.062390407931623
            ],
            [
              78.18404951228257,
              17.062381416168105
            ],
            [
              78.18386366584336,
              17.0632684674515
            ],
            [
              78.18394234505469,
              17.063407614592304
            ],
            [
              78.18442980138872,
              17.06388658992751
            ],
            [
              78.18551446061944,
              17.063533960617402
            ],
            [
              78.18607299406247,
              17.062716741966035
            ]
          ]
        ]
      }
    },
    {
      "type": "Feature",
      "id": "TG-RR-FNR-BRG-0348",
      "properties": {
        "parcel_id": "TG-RR-FNR-BRG-0348",
        "survey_no": "348",
        "survey_display": "348",
        "document_id": "DOC-BRG-0348",
        "village": "Burgul",
        "mandal": "Farooqnagar",
        "district": "Rangareddy",
        "state": "Telangana",
        "owner_name": "K. Chandraiah",
        "ocr_owner": "K. Chandraiah",
        "area_acres": 9.09,
        "ocr_area_acres": 9.82,
        "area_sq_meters": 36786.0,
        "centroid_lat": 17.063121,
        "centroid_lon": 78.175554,
        "verification_status": "CONFLICT",
        "validation_issue": "Area mismatch: Document states 9.82 Acres vs GIS 9.09 Acres (8.0% diff)",
        "confidence_score": 0.68,
        "mutation_status": "APPROVED",
        "khata_number": "KH-348",
        "ulpin": "TG17060348987X"
      },
      "geometry": {
        "type": "Polygon",
        "coordinates": [
          [
            [
              78.17479973639934,
              17.064151698767475
            ],
            [
              78.17511522240976,
              17.064268326764513
            ],
            [
              78.17706031564107,
              17.062918037360657
            ],
            [
              78.17634680268233,
              17.06236104444097
            ],
            [
              78.17601644688996,
              17.06221378209912
            ],
            [
              78.17437727485743,
              17.062652429743697
            ],
            [
              78.17479973639934,
              17.064151698767475
            ]
          ]
        ]
      }
    },
    {
      "type": "Feature",
      "id": "TG-RR-FNR-BRG-0349",
      "properties": {
        "parcel_id": "TG-RR-FNR-BRG-0349",
        "survey_no": "349",
        "survey_display": "349",
        "document_id": "DOC-BRG-0349",
        "village": "Burgul",
        "mandal": "Farooqnagar",
        "district": "Rangareddy",
        "state": "Telangana",
        "owner_name": "J. Ramachandra Reddy",
        "ocr_owner": "J. Ramachandra Reddy",
        "area_acres": 16.81,
        "ocr_area_acres": 16.81,
        "area_sq_meters": 68027.7,
        "centroid_lat": 17.063027,
        "centroid_lon": 78.179563,
        "verification_status": "VERIFIED",
        "validation_issue": "",
        "confidence_score": 0.97,
        "mutation_status": "APPROVED",
        "khata_number": "KH-349",
        "ulpin": "TG17060349987X"
      },
      "geometry": {
        "type": "Polygon",
        "coordinates": [
          [
            [
              78.17850260628748,
              17.06208416218549
            ],
            [
              78.17795162056831,
              17.063140675407745
            ],
            [
              78.1782181680403,
              17.063776773751144
            ],
            [
              78.17892651130057,
              17.06412387273146
            ],
            [
              78.18056681145654,
              17.064145401540017
            ],
            [
              78.18109102801272,
              17.06355113122674
            ],
            [
              78.18055364250812,
              17.061799900407944
            ],
            [
              78.17937365898699,
              17.06184414304582
            ],
            [
              78.17850260628748,
              17.06208416218549
            ]
          ]
        ]
      }
    },
    {
      "type": "Feature",
      "id": "TG-RR-FNR-BRG-0350",
      "properties": {
        "parcel_id": "TG-RR-FNR-BRG-0350",
        "survey_no": "350",
        "survey_display": "350",
        "document_id": "DOC-BRG-0350",
        "village": "Burgul",
        "mandal": "Farooqnagar",
        "district": "Rangareddy",
        "state": "Telangana",
        "owner_name": "D. Gopal Rao",
        "ocr_owner": "D. Gopal Rao",
        "area_acres": 6.03,
        "ocr_area_acres": 6.03,
        "area_sq_meters": 24402.6,
        "centroid_lat": 17.063302,
        "centroid_lon": 78.187555,
        "verification_status": "VERIFIED",
        "validation_issue": "",
        "confidence_score": 0.88,
        "mutation_status": "APPROVED",
        "khata_number": "KH-350",
        "ulpin": "TG17060350987X"
      },
      "geometry": {
        "type": "Polygon",
        "coordinates": [
          [
            [
              78.18727452060635,
              17.063977469765625
            ],
            [
              78.18821066433014,
              17.064076952929717
            ],
            [
              78.18831346836761,
              17.06394070855372
            ],
            [
              78.18854450447022,
              17.063513702334788
            ],
            [
              78.18792088741904,
              17.062590436159276
            ],
            [
              78.18689397589614,
              17.062684523785823
            ],
            [
              78.18635271031492,
              17.06281587566714
            ],
            [
              78.18727452060635,
              17.063977469765625
            ]
          ]
        ]
      }
    },
    {
      "type": "Feature",
      "id": "TG-RR-FNR-BRG-0351",
      "properties": {
        "parcel_id": "TG-RR-FNR-BRG-0351",
        "survey_no": "351",
        "survey_display": "351",
        "document_id": "DOC-BRG-0351",
        "village": "Burgul",
        "mandal": "Farooqnagar",
        "district": "Rangareddy",
        "state": "Telangana",
        "owner_name": "R. Prabhakar",
        "ocr_owner": "R. Prabhakar",
        "area_acres": 3.39,
        "ocr_area_acres": 3.39,
        "area_sq_meters": 13718.9,
        "centroid_lat": 17.062954,
        "centroid_lon": 78.183265,
        "verification_status": "VERIFIED",
        "validation_issue": "",
        "confidence_score": 0.89,
        "mutation_status": "APPROVED",
        "khata_number": "KH-351",
        "ulpin": "TG17060351987X"
      },
      "geometry": {
        "type": "Polygon",
        "coordinates": [
          [
            [
              78.18231059326587,
              17.063301927764577
            ],
            [
              78.18251617169051,
              17.063450286595522
            ],
            [
              78.18386366584336,
              17.063268467451497
            ],
            [
              78.18404951228257,
              17.0623814161681
            ],
            [
              78.18395670179856,
              17.06226179365322
            ],
            [
              78.18238190452007,
              17.06299559462812
            ],
            [
              78.18231059326587,
              17.063301927764577
            ]
          ]
        ]
      }
    },
    {
      "type": "Feature",
      "id": "TG-RR-FNR-BRG-0352",
      "properties": {
        "parcel_id": "TG-RR-FNR-BRG-0352",
        "survey_no": "352",
        "survey_display": "352",
        "document_id": "DOC-BRG-0352",
        "village": "Burgul",
        "mandal": "Farooqnagar",
        "district": "Rangareddy",
        "state": "Telangana",
        "owner_name": "E. Yadagiri",
        "ocr_owner": "E. Yadagiri",
        "area_acres": 4.54,
        "ocr_area_acres": 4.54,
        "area_sq_meters": 18372.7,
        "centroid_lat": 17.062561,
        "centroid_lon": 78.171187,
        "verification_status": "VERIFIED",
        "validation_issue": "",
        "confidence_score": 0.98,
        "mutation_status": "APPROVED",
        "khata_number": "KH-352",
        "ulpin": "TG17060352987X"
      },
      "geometry": {
        "type": "Polygon",
        "coordinates": [
          [
            [
              78.17152714397974,
              17.062999240677787
            ],
            [
              78.17155281789147,
              17.062981793532042
            ],
            [
              78.17217370310259,
              17.06196269340397
            ],
            [
              78.17179648842686,
              17.061567255468486
            ],
            [
              78.16973044868416,
              17.063422376041117
            ],
            [
              78.17152714397974,
              17.062999240677787
            ]
          ]
        ]
      }
    },
    {
      "type": "Feature",
      "id": "TG-RR-FNR-BRG-0353",
      "properties": {
        "parcel_id": "TG-RR-FNR-BRG-0353",
        "survey_no": "353",
        "survey_display": "353",
        "document_id": "DOC-BRG-0353",
        "village": "Burgul",
        "mandal": "Farooqnagar",
        "district": "Rangareddy",
        "state": "Telangana",
        "owner_name": "N. Shankaraiah",
        "ocr_owner": "N. Shankaraiah",
        "area_acres": 2.63,
        "ocr_area_acres": 2.63,
        "area_sq_meters": 10643.2,
        "centroid_lat": 17.062574,
        "centroid_lon": 78.196465,
        "verification_status": "VERIFIED",
        "validation_issue": "",
        "confidence_score": 0.93,
        "mutation_status": "APPROVED",
        "khata_number": "KH-353",
        "ulpin": "TG17060353987X"
      },
      "geometry": {
        "type": "Polygon",
        "coordinates": [
          [
            [
              78.19571936654089,
              17.0627844094564
            ],
            [
              78.19583653982994,
              17.063014654210082
            ],
            [
              78.19682214706864,
              17.062868087270534
            ],
            [
              78.19714965298382,
              17.06266471575388
            ],
            [
              78.19734097803128,
              17.062356567943766
            ],
            [
              78.19615060327911,
              17.062119388171983
            ],
            [
              78.19571936654089,
              17.0627844094564
            ]
          ]
        ]
      }
    },
    {
      "type": "Feature",
      "id": "TG-RR-FNR-BRG-0354",
      "properties": {
        "parcel_id": "TG-RR-FNR-BRG-0354",
        "survey_no": "354",
        "survey_display": "354",
        "document_id": "DOC-BRG-0354",
        "village": "Burgul",
        "mandal": "Farooqnagar",
        "district": "Rangareddy",
        "state": "Telangana",
        "owner_name": "P. Suseela",
        "ocr_owner": "P. Suseela",
        "area_acres": 2.97,
        "ocr_area_acres": 2.97,
        "area_sq_meters": 12019.2,
        "centroid_lat": 17.062636,
        "centroid_lon": 78.205548,
        "verification_status": "VERIFIED",
        "validation_issue": "",
        "confidence_score": 0.89,
        "mutation_status": "APPROVED",
        "khata_number": "KH-354",
        "ulpin": "TG17060354987X"
      },
      "geometry": {
        "type": "Polygon",
        "coordinates": [
          [
            [
              78.20476091634308,
              17.06290213795267
            ],
            [
              78.206092838859,
              17.063317328073026
            ],
            [
              78.20578466725921,
              17.061687832409476
            ],
            [
              78.20476091634308,
              17.06290213795267
            ]
          ]
        ]
      }
    },
    {
      "type": "Feature",
      "id": "TG-RR-FNR-BRG-0355",
      "properties": {
        "parcel_id": "TG-RR-FNR-BRG-0355",
        "survey_no": "355",
        "survey_display": "355",
        "document_id": "DOC-BRG-0355",
        "village": "Burgul",
        "mandal": "Farooqnagar",
        "district": "Rangareddy",
        "state": "Telangana",
        "owner_name": "B. Vittal Reddy",
        "ocr_owner": "B. Vittal Reddy",
        "area_acres": 5.15,
        "ocr_area_acres": 5.15,
        "area_sq_meters": 20841.3,
        "centroid_lat": 17.062931,
        "centroid_lon": 78.168782,
        "verification_status": "VERIFIED",
        "validation_issue": "",
        "confidence_score": 0.98,
        "mutation_status": "APPROVED",
        "khata_number": "KH-355",
        "ulpin": "TG17060355987X"
      },
      "geometry": {
        "type": "Polygon",
        "coordinates": [
          [
            [
              78.1694706699004,
              17.063727961367697
            ],
            [
              78.16957185822206,
              17.063479778689892
            ],
            [
              78.16953839415062,
              17.062921347240604
            ],
            [
              78.16896335525745,
              17.062044654462085
            ],
            [
              78.16792375738392,
              17.062672363445706
            ],
            [
              78.16780604370719,
              17.063165601239163
            ],
            [
              78.1694706699004,
              17.063727961367697
            ]
          ]
        ]
      }
    },
    {
      "type": "Feature",
      "id": "TG-RR-FNR-BRG-0356",
      "properties": {
        "parcel_id": "TG-RR-FNR-BRG-0356",
        "survey_no": "356",
        "survey_display": "356",
        "document_id": "DOC-BRG-0356",
        "village": "Burgul",
        "mandal": "Farooqnagar",
        "district": "Rangareddy",
        "state": "Telangana",
        "owner_name": "K. Padma",
        "ocr_owner": "K. Padma",
        "area_acres": 6.61,
        "ocr_area_acres": 6.61,
        "area_sq_meters": 26749.7,
        "centroid_lat": 17.062414,
        "centroid_lon": 78.188793,
        "verification_status": "VERIFIED",
        "validation_issue": "",
        "confidence_score": 0.97,
        "mutation_status": "APPROVED",
        "khata_number": "KH-356",
        "ulpin": "TG17060356987X"
      },
      "geometry": {
        "type": "Polygon",
        "coordinates": [
          [
            [
              78.18964905631276,
              17.06255285789173
            ],
            [
              78.18972933291687,
              17.062222513479515
            ],
            [
              78.18952366838212,
              17.061852673509456
            ],
            [
              78.18908871511698,
              17.061632847071667
            ],
            [
              78.18876322774994,
              17.061560955251785
            ],
            [
              78.18831967048472,
              17.06156200797369
            ],
            [
              78.18792088741904,
              17.06259043615928
            ],
            [
              78.18854450447022,
              17.06351370233479
            ],
            [
              78.18957067104891,
              17.06270235866166
            ],
            [
              78.18964905631276,
              17.06255285789173
            ]
          ]
        ]
      }
    },
    {
      "type": "Feature",
      "id": "TG-RR-FNR-BRG-0357",
      "properties": {
        "parcel_id": "TG-RR-FNR-BRG-0357",
        "survey_no": "357",
        "survey_display": "357",
        "document_id": "DOC-BRG-0357",
        "village": "Burgul",
        "mandal": "Farooqnagar",
        "district": "Rangareddy",
        "state": "Telangana",
        "owner_name": "G. Lingaiah",
        "ocr_owner": "G. Lingaiah",
        "area_acres": 3.44,
        "ocr_area_acres": 3.44,
        "area_sq_meters": 13921.2,
        "centroid_lat": 17.062248,
        "centroid_lon": 78.183108,
        "verification_status": "VERIFIED",
        "validation_issue": "",
        "confidence_score": 0.92,
        "mutation_status": "APPROVED",
        "khata_number": "KH-357",
        "ulpin": "TG17060357987X"
      },
      "geometry": {
        "type": "Polygon",
        "coordinates": [
          [
            [
              78.18358999016127,
              17.061559388092483
            ],
            [
              78.18316939189238,
              17.061691143198804
            ],
            [
              78.18239590144026,
              17.062278940563935
            ],
            [
              78.18238190452008,
              17.06299559462812
            ],
            [
              78.18395670179856,
              17.062261793653224
            ],
            [
              78.18358999016127,
              17.061559388092483
            ]
          ]
        ]
      }
    },
    {
      "type": "Feature",
      "id": "TG-RR-FNR-BRG-0358",
      "properties": {
        "parcel_id": "TG-RR-FNR-BRG-0358",
        "survey_no": "358",
        "survey_display": "358",
        "document_id": "DOC-BRG-0358",
        "village": "Burgul",
        "mandal": "Farooqnagar",
        "district": "Rangareddy",
        "state": "Telangana",
        "owner_name": "M. Krishna Murthy",
        "ocr_owner": "M. Krishna Murthy",
        "area_acres": 7.74,
        "ocr_area_acres": 7.74,
        "area_sq_meters": 31322.7,
        "centroid_lat": 17.062511,
        "centroid_lon": 78.181484,
        "verification_status": "VERIFIED",
        "validation_issue": "",
        "confidence_score": 0.88,
        "mutation_status": "APPROVED",
        "khata_number": "KH-358",
        "ulpin": "TG17060358987X"
      },
      "geometry": {
        "type": "Polygon",
        "coordinates": [
          [
            [
              78.18055364250812,
              17.061799900407948
            ],
            [
              78.1810910280127,
              17.063551131226728
            ],
            [
              78.181096785967,
              17.063551134728158
            ],
            [
              78.18231059326587,
              17.06330192776458
            ],
            [
              78.18238190452007,
              17.062995594628116
            ],
            [
              78.18239590144026,
              17.062278940563928
            ],
            [
              78.18101386239857,
              17.061332000054733
            ],
            [
              78.18055364250812,
              17.061799900407948
            ]
          ]
        ]
      }
    },
    {
      "type": "Feature",
      "id": "TG-RR-FNR-BRG-0359",
      "properties": {
        "parcel_id": "TG-RR-FNR-BRG-0359",
        "survey_no": "359",
        "survey_display": "359",
        "document_id": "DOC-BRG-0359",
        "village": "Burgul",
        "mandal": "Farooqnagar",
        "district": "Rangareddy",
        "state": "Telangana",
        "owner_name": "S. Venkat Reddy",
        "ocr_owner": "S. Venkat Reddy",
        "area_acres": 5.35,
        "ocr_area_acres": 5.35,
        "area_sq_meters": 21650.7,
        "centroid_lat": 17.062369,
        "centroid_lon": 78.206466,
        "verification_status": "VERIFIED",
        "validation_issue": "",
        "confidence_score": 0.93,
        "mutation_status": "APPROVED",
        "khata_number": "KH-359",
        "ulpin": "TG17060359987X"
      },
      "geometry": {
        "type": "Polygon",
        "coordinates": [
          [
            [
              78.2058589363298,
              17.06152233441473
            ],
            [
              78.20578466725921,
              17.06168783240947
            ],
            [
              78.206092838859,
              17.063317328073037
            ],
            [
              78.20644150240476,
              17.063546548337104
            ],
            [
              78.20739642329035,
              17.061823334831704
            ],
            [
              78.2058589363298,
              17.06152233441473
            ]
          ]
        ]
      }
    },
    {
      "type": "Feature",
      "id": "TG-RR-FNR-BRG-0360",
      "properties": {
        "parcel_id": "TG-RR-FNR-BRG-0360",
        "survey_no": "360",
        "survey_display": "360",
        "document_id": "DOC-BRG-0360",
        "village": "Burgul",
        "mandal": "Farooqnagar",
        "district": "Rangareddy",
        "state": "Telangana",
        "owner_name": "A. Jagadeeshwar",
        "ocr_owner": "A. Jagadeeshwar",
        "area_acres": 6.17,
        "ocr_area_acres": 6.17,
        "area_sq_meters": 24969.1,
        "centroid_lat": 17.062094,
        "centroid_lon": 78.17062,
        "verification_status": "VERIFIED",
        "validation_issue": "",
        "confidence_score": 0.9,
        "mutation_status": "APPROVED",
        "khata_number": "KH-360",
        "ulpin": "TG17060360987X"
      },
      "geometry": {
        "type": "Polygon",
        "coordinates": [
          [
            [
              78.17140721951262,
              17.061056084838675
            ],
            [
              78.17082298899498,
              17.06106214977088
            ],
            [
              78.16953839415062,
              17.0629213472406
            ],
            [
              78.16957185822206,
              17.063479778689903
            ],
            [
              78.16973044868416,
              17.06342237604112
            ],
            [
              78.17179648842686,
              17.061567255468493
            ],
            [
              78.17140721951262,
              17.061056084838675
            ]
          ]
        ]
      }
    },
    {
      "type": "Feature",
      "id": "TG-RR-FNR-BRG-0361",
      "properties": {
        "parcel_id": "TG-RR-FNR-BRG-0361",
        "survey_no": "361",
        "survey_display": "361",
        "document_id": "DOC-BRG-0361",
        "village": "Burgul",
        "mandal": "Farooqnagar",
        "district": "Rangareddy",
        "state": "Telangana",
        "owner_name": "G. Srinivas Reddy",
        "ocr_owner": "G. Srinivas Reddy",
        "area_acres": 11.95,
        "ocr_area_acres": 11.95,
        "area_sq_meters": 48360.0,
        "centroid_lat": 17.062076,
        "centroid_lon": 78.167069,
        "verification_status": "VERIFIED",
        "validation_issue": "",
        "confidence_score": 0.94,
        "mutation_status": "APPROVED",
        "khata_number": "KH-361",
        "ulpin": "TG17060361987X"
      },
      "geometry": {
        "type": "Polygon",
        "coordinates": [
          [
            [
              78.16654618301396,
              17.063398315533764
            ],
            [
              78.16780604370719,
              17.06316560123916
            ],
            [
              78.16792375738392,
              17.062672363445742
            ],
            [
              78.16789624197611,
              17.0609359833801
            ],
            [
              78.16676467575398,
              17.060451080820087
            ],
            [
              78.166,
              17.063000000000002
            ],
            [
              78.16601362488484,
              17.063149873733295
            ],
            [
              78.16654618301396,
              17.063398315533764
            ]
          ]
        ]
      }
    },
    {
      "type": "Feature",
      "id": "TG-RR-FNR-BRG-0362",
      "properties": {
        "parcel_id": "TG-RR-FNR-BRG-0362",
        "survey_no": "362",
        "survey_display": "362",
        "document_id": "DOC-BRG-0362",
        "village": "Burgul",
        "mandal": "Farooqnagar",
        "district": "Rangareddy",
        "state": "Telangana",
        "owner_name": "K. Venkateshwar Rao",
        "ocr_owner": "K. Venkateshwar Rao",
        "area_acres": 3.49,
        "ocr_area_acres": 3.49,
        "area_sq_meters": 14123.5,
        "centroid_lat": 17.061753,
        "centroid_lon": 78.168306,
        "verification_status": "VERIFIED",
        "validation_issue": "",
        "confidence_score": 0.97,
        "mutation_status": "APPROVED",
        "khata_number": "KH-362",
        "ulpin": "TG17060362987X"
      },
      "geometry": {
        "type": "Polygon",
        "coordinates": [
          [
            [
              78.16851208978598,
              17.061037055884444
            ],
            [
              78.16789624197611,
              17.060935983380105
            ],
            [
              78.16792375738392,
              17.06267236344571
            ],
            [
              78.16896335525745,
              17.062044654462085
            ],
            [
              78.16851208978598,
              17.061037055884444
            ]
          ]
        ]
      }
    },
    {
      "type": "Feature",
      "id": "TG-RR-FNR-BRG-0363",
      "properties": {
        "parcel_id": "TG-RR-FNR-BRG-0363",
        "survey_no": "363",
        "survey_display": "363",
        "document_id": "DOC-BRG-0363",
        "village": "Burgul",
        "mandal": "Farooqnagar",
        "district": "Rangareddy",
        "state": "Telangana",
        "owner_name": "M. Lakshmi Bai",
        "ocr_owner": "M. Lakshmi Bai",
        "area_acres": 1.51,
        "ocr_area_acres": 1.51,
        "area_sq_meters": 6110.8,
        "centroid_lat": 17.062272,
        "centroid_lon": 78.18771,
        "verification_status": "VERIFIED",
        "validation_issue": "",
        "confidence_score": 0.92,
        "mutation_status": "APPROVED",
        "khata_number": "KH-363",
        "ulpin": "TG17060363987X"
      },
      "geometry": {
        "type": "Polygon",
        "coordinates": [
          [
            [
              78.1883196704847,
              17.0615620079737
            ],
            [
              78.18830932071265,
              17.06155755215887
            ],
            [
              78.18689397589617,
              17.062684523785823
            ],
            [
              78.18792088741904,
              17.062590436159276
            ],
            [
              78.1883196704847,
              17.0615620079737
            ]
          ]
        ]
      }
    },
    {
      "type": "Feature",
      "id": "TG-RR-FNR-BRG-0364",
      "properties": {
        "parcel_id": "TG-RR-FNR-BRG-0364",
        "survey_no": "364",
        "survey_display": "364",
        "document_id": "DOC-BRG-0364",
        "village": "Burgul",
        "mandal": "Farooqnagar",
        "district": "Rangareddy",
        "state": "Telangana",
        "owner_name": "P. Anjaneyulu",
        "ocr_owner": "P. Anjaneyulu",
        "area_acres": 6.1,
        "ocr_area_acres": 6.1,
        "area_sq_meters": 24685.8,
        "centroid_lat": 17.062211,
        "centroid_lon": 78.198567,
        "verification_status": "VERIFIED",
        "validation_issue": "",
        "confidence_score": 0.88,
        "mutation_status": "APPROVED",
        "khata_number": "KH-364",
        "ulpin": "TG17060364987X"
      },
      "geometry": {
        "type": "Polygon",
        "coordinates": [
          [
            [
              78.19746212953025,
              17.06228077570006
            ],
            [
              78.1983398242775,
              17.063026186916286
            ],
            [
              78.19996229406244,
              17.06216075067607
            ],
            [
              78.1987489545043,
              17.061522904438046
            ],
            [
              78.19755309596667,
              17.06184871608739
            ],
            [
              78.19746212953025,
              17.06228077570006
            ]
          ]
        ]
      }
    },
    {
      "type": "Feature",
      "id": "TG-RR-FNR-BRG-0365",
      "properties": {
        "parcel_id": "TG-RR-FNR-BRG-0365",
        "survey_no": "365",
        "survey_display": "365",
        "document_id": "DOC-BRG-0365",
        "village": "Burgul",
        "mandal": "Farooqnagar",
        "district": "Rangareddy",
        "state": "Telangana",
        "owner_name": "B. Satyanarayana",
        "ocr_owner": "B. Satyanarayana",
        "area_acres": 7.21,
        "ocr_area_acres": 7.21,
        "area_sq_meters": 29177.9,
        "centroid_lat": 17.062503,
        "centroid_lon": 78.192796,
        "verification_status": "REVIEW_REQUIRED",
        "validation_issue": "Low OCR confidence in handwritten Tippon annotation",
        "confidence_score": 0.62,
        "mutation_status": "APPROVED",
        "khata_number": "KH-365",
        "ulpin": "TG17060365987X"
      },
      "geometry": {
        "type": "Polygon",
        "coordinates": [
          [
            [
              78.19176905553647,
              17.062126272669417
            ],
            [
              78.19227059083619,
              17.06336399109053
            ],
            [
              78.19403820934821,
              17.06291081235756
            ],
            [
              78.19408213384541,
              17.062831427697613
            ],
            [
              78.19380727187743,
              17.062268846160325
            ],
            [
              78.19199699522788,
              17.061543001332442
            ],
            [
              78.19176905553647,
              17.062126272669417
            ]
          ]
        ]
      }
    },
    {
      "type": "Feature",
      "id": "TG-RR-FNR-BRG-0366",
      "properties": {
        "parcel_id": "TG-RR-FNR-BRG-0366",
        "survey_no": "366",
        "survey_display": "366",
        "document_id": "DOC-BRG-0366",
        "village": "Burgul",
        "mandal": "Farooqnagar",
        "district": "Rangareddy",
        "state": "Telangana",
        "owner_name": "T. Ramaiah",
        "ocr_owner": "T. Ramaiah",
        "area_acres": 3.51,
        "ocr_area_acres": 3.51,
        "area_sq_meters": 14204.5,
        "centroid_lat": 17.062034,
        "centroid_lon": 78.187216,
        "verification_status": "VERIFIED",
        "validation_issue": "",
        "confidence_score": 0.96,
        "mutation_status": "APPROVED",
        "khata_number": "KH-366",
        "ulpin": "TG17060366987X"
      },
      "geometry": {
        "type": "Polygon",
        "coordinates": [
          [
            [
              78.18816487762267,
              17.061471572678332
            ],
            [
              78.1872115350451,
              17.061418402161266
            ],
            [
              78.18621650054418,
              17.06273318488058
            ],
            [
              78.18635271031492,
              17.062815875667145
            ],
            [
              78.18689397589617,
              17.062684523785816
            ],
            [
              78.18830932071265,
              17.061557552158867
            ],
            [
              78.18816487762267,
              17.061471572678332
            ]
          ]
        ]
      }
    },
    {
      "type": "Feature",
      "id": "TG-RR-FNR-BRG-0367",
      "properties": {
        "parcel_id": "TG-RR-FNR-BRG-0367",
        "survey_no": "367",
        "survey_display": "367",
        "document_id": "DOC-BRG-0367",
        "village": "Burgul",
        "mandal": "Farooqnagar",
        "district": "Rangareddy",
        "state": "Telangana",
        "owner_name": "Ch. Madhava Reddy",
        "ocr_owner": "Ch. Madhava Reddy",
        "area_acres": 1.92,
        "ocr_area_acres": 1.92,
        "area_sq_meters": 7770.0,
        "centroid_lat": 17.062282,
        "centroid_lon": 78.195624,
        "verification_status": "VERIFIED",
        "validation_issue": "",
        "confidence_score": 0.9,
        "mutation_status": "APPROVED",
        "khata_number": "KH-367",
        "ulpin": "TG17060367987X"
      },
      "geometry": {
        "type": "Polygon",
        "coordinates": [
          [
            [
              78.19571936654089,
              17.062784409456395
            ],
            [
              78.19615060327911,
              17.062119388171993
            ],
            [
              78.19606381075506,
              17.06174063968051
            ],
            [
              78.19511531692864,
              17.062174536980248
            ],
            [
              78.19503723863022,
              17.062527112634942
            ],
            [
              78.19571936654089,
              17.062784409456395
            ]
          ]
        ]
      }
    },
    {
      "type": "Feature",
      "id": "TG-RR-FNR-BRG-0368",
      "properties": {
        "parcel_id": "TG-RR-FNR-BRG-0368",
        "survey_no": "368",
        "survey_display": "368",
        "document_id": "DOC-BRG-0368",
        "village": "Burgul",
        "mandal": "Farooqnagar",
        "district": "Rangareddy",
        "state": "Telangana",
        "owner_name": "V. Narsimha",
        "ocr_owner": "V. Narsimha",
        "area_acres": 6.78,
        "ocr_area_acres": 6.78,
        "area_sq_meters": 27437.7,
        "centroid_lat": 17.061982,
        "centroid_lon": 78.204726,
        "verification_status": "VERIFIED",
        "validation_issue": "",
        "confidence_score": 0.9,
        "mutation_status": "APPROVED",
        "khata_number": "KH-368",
        "ulpin": "TG17060368987X"
      },
      "geometry": {
        "type": "Polygon",
        "coordinates": [
          [
            [
              78.20392476176919,
              17.062764910188573
            ],
            [
              78.20459877269336,
              17.06293659455441
            ],
            [
              78.20476091634308,
              17.062902137952666
            ],
            [
              78.2057846672592,
              17.061687832409497
            ],
            [
              78.2058589363298,
              17.06152233441474
            ],
            [
              78.20565152011615,
              17.061239585417226
            ],
            [
              78.20393332648307,
              17.061352826096087
            ],
            [
              78.20392476176919,
              17.062764910188573
            ]
          ]
        ]
      }
    },
    {
      "type": "Feature",
      "id": "TG-RR-FNR-BRG-0369",
      "properties": {
        "parcel_id": "TG-RR-FNR-BRG-0369",
        "survey_no": "369",
        "survey_display": "369",
        "document_id": "DOC-BRG-0369",
        "village": "Burgul",
        "mandal": "Farooqnagar",
        "district": "Rangareddy",
        "state": "Telangana",
        "owner_name": "S. Kistamma",
        "ocr_owner": "S. Kistamma",
        "area_acres": 3.62,
        "ocr_area_acres": 3.62,
        "area_sq_meters": 14649.6,
        "centroid_lat": 17.061242,
        "centroid_lon": 78.19557,
        "verification_status": "VERIFIED",
        "validation_issue": "",
        "confidence_score": 0.9,
        "mutation_status": "APPROVED",
        "khata_number": "KH-369",
        "ulpin": "TG17060369987X"
      },
      "geometry": {
        "type": "Polygon",
        "coordinates": [
          [
            [
              78.1959459447224,
              17.060514665840632
            ],
            [
              78.19528518934821,
              17.060369993373595
            ],
            [
              78.19524543584306,
              17.060437882465102
            ],
            [
              78.19511531692865,
              17.062174536980244
            ],
            [
              78.19606381075508,
              17.061740639680508
            ],
            [
              78.1959459447224,
              17.060514665840632
            ]
          ]
        ]
      }
    },
    {
      "type": "Feature",
      "id": "TG-RR-FNR-BRG-0370",
      "properties": {
        "parcel_id": "TG-RR-FNR-BRG-0370",
        "survey_no": "370",
        "survey_display": "370",
        "document_id": "DOC-BRG-0370",
        "village": "Burgul",
        "mandal": "Farooqnagar",
        "district": "Rangareddy",
        "state": "Telangana",
        "owner_name": "A. Balraj",
        "ocr_owner": "A. Balraj",
        "area_acres": 9.93,
        "ocr_area_acres": 9.93,
        "area_sq_meters": 40185.3,
        "centroid_lat": 17.061876,
        "centroid_lon": 78.202892,
        "verification_status": "VERIFIED",
        "validation_issue": "",
        "confidence_score": 0.91,
        "mutation_status": "APPROVED",
        "khata_number": "KH-370",
        "ulpin": "TG17060370987X"
      },
      "geometry": {
        "type": "Polygon",
        "coordinates": [
          [
            [
              78.20392476176919,
              17.062764910188562
            ],
            [
              78.20393332648307,
              17.061352826096105
            ],
            [
              78.20353773563214,
              17.060724430638565
            ],
            [
              78.20269413866215,
              17.061099337953774
            ],
            [
              78.20151269489301,
              17.061861948044356
            ],
            [
              78.20127373595844,
              17.06230948939434
            ],
            [
              78.20130174100704,
              17.062348880659012
            ],
            [
              78.20387778081428,
              17.062798530343084
            ],
            [
              78.20392476176919,
              17.062764910188562
            ]
          ]
        ]
      }
    },
    {
      "type": "Feature",
      "id": "TG-RR-FNR-BRG-0371",
      "properties": {
        "parcel_id": "TG-RR-FNR-BRG-0371",
        "survey_no": "371",
        "survey_display": "371",
        "document_id": "DOC-BRG-0371",
        "village": "Burgul",
        "mandal": "Farooqnagar",
        "district": "Rangareddy",
        "state": "Telangana",
        "owner_name": "M. Mallesh Goud",
        "ocr_owner": "M. Mallesh Goud",
        "area_acres": 4.06,
        "ocr_area_acres": 4.06,
        "area_sq_meters": 16430.3,
        "centroid_lat": 17.061477,
        "centroid_lon": 78.192877,
        "verification_status": "VERIFIED",
        "validation_issue": "",
        "confidence_score": 0.98,
        "mutation_status": "APPROVED",
        "khata_number": "KH-371",
        "ulpin": "TG17060371987X"
      },
      "geometry": {
        "type": "Polygon",
        "coordinates": [
          [
            [
              78.19222563471945,
              17.060667395780712
            ],
            [
              78.19199699522788,
              17.06154300133244
            ],
            [
              78.19380727187745,
              17.06226884616033
            ],
            [
              78.19362364738487,
              17.061437136255996
            ],
            [
              78.19226265470594,
              17.06067376647781
            ],
            [
              78.19222563471945,
              17.060667395780712
            ]
          ]
        ]
      }
    },
    {
      "type": "Feature",
      "id": "TG-RR-FNR-BRG-0372",
      "properties": {
        "parcel_id": "TG-RR-FNR-BRG-0372",
        "survey_no": "372",
        "survey_display": "372",
        "document_id": "DOC-BRG-0372",
        "village": "Burgul",
        "mandal": "Farooqnagar",
        "district": "Rangareddy",
        "state": "Telangana",
        "owner_name": "K. Chandraiah",
        "ocr_owner": "K. Chandraiah",
        "area_acres": 3.81,
        "ocr_area_acres": 3.81,
        "area_sq_meters": 15418.5,
        "centroid_lat": 17.061745,
        "centroid_lon": 78.194791,
        "verification_status": "VERIFIED",
        "validation_issue": "",
        "confidence_score": 0.88,
        "mutation_status": "APPROVED",
        "khata_number": "KH-372",
        "ulpin": "TG17060372987X"
      },
      "geometry": {
        "type": "Polygon",
        "coordinates": [
          [
            [
              78.19503723863022,
              17.062527112634946
            ],
            [
              78.19511531692865,
              17.062174536980166
            ],
            [
              78.19524543584306,
              17.060437882465127
            ],
            [
              78.19460799990735,
              17.061056958102125
            ],
            [
              78.19419893358749,
              17.062757115916316
            ],
            [
              78.19503723863022,
              17.062527112634946
            ]
          ]
        ]
      }
    },
    {
      "type": "Feature",
      "id": "TG-RR-FNR-BRG-0373",
      "properties": {
        "parcel_id": "TG-RR-FNR-BRG-0373",
        "survey_no": "373",
        "survey_display": "373",
        "document_id": "DOC-BRG-0373",
        "village": "Burgul",
        "mandal": "Farooqnagar",
        "district": "Rangareddy",
        "state": "Telangana",
        "owner_name": "J. Ramachandra Reddy",
        "ocr_owner": "J. Ramachandra Reddy",
        "area_acres": 6.19,
        "ocr_area_acres": 6.19,
        "area_sq_meters": 25050.1,
        "centroid_lat": 17.061453,
        "centroid_lon": 78.196689,
        "verification_status": "VERIFIED",
        "validation_issue": "",
        "confidence_score": 0.95,
        "mutation_status": "APPROVED",
        "khata_number": "KH-373",
        "ulpin": "TG17060373987X"
      },
      "geometry": {
        "type": "Polygon",
        "coordinates": [
          [
            [
              78.19746212953025,
              17.06228077570006
            ],
            [
              78.19755309596667,
              17.061848716087372
            ],
            [
              78.1971788165926,
              17.061014863960718
            ],
            [
              78.19644069984786,
              17.06043103133557
            ],
            [
              78.1959459447224,
              17.060514665840635
            ],
            [
              78.19606381075508,
              17.0617406396806
            ],
            [
              78.1961506032791,
              17.06211938817198
            ],
            [
              78.19734097803126,
              17.062356567943766
            ],
            [
              78.19746212953025,
              17.06228077570006
            ]
          ]
        ]
      }
    },
    {
      "type": "Feature",
      "id": "TG-RR-FNR-BRG-0374",
      "properties": {
        "parcel_id": "TG-RR-FNR-BRG-0374",
        "survey_no": "374",
        "survey_display": "374",
        "document_id": "DOC-BRG-0374",
        "village": "Burgul",
        "mandal": "Farooqnagar",
        "district": "Rangareddy",
        "state": "Telangana",
        "owner_name": "D. Gopal Rao",
        "ocr_owner": "D. Gopal Rao",
        "area_acres": 8.35,
        "ocr_area_acres": 8.35,
        "area_sq_meters": 33791.3,
        "centroid_lat": 17.061513,
        "centroid_lon": 78.169611,
        "verification_status": "VERIFIED",
        "validation_issue": "",
        "confidence_score": 0.91,
        "mutation_status": "APPROVED",
        "khata_number": "KH-374",
        "ulpin": "TG17060374987X"
      },
      "geometry": {
        "type": "Polygon",
        "coordinates": [
          [
            [
              78.17007639284105,
              17.060697572676883
            ],
            [
              78.16949199193196,
              17.060565149610472
            ],
            [
              78.16851208978599,
              17.06103705588444
            ],
            [
              78.16896335525746,
              17.06204465446212
            ],
            [
              78.16953839415062,
              17.06292134724061
            ],
            [
              78.17082298899498,
              17.06106214977088
            ],
            [
              78.17007639284105,
              17.060697572676883
            ]
          ]
        ]
      }
    },
    {
      "type": "Feature",
      "id": "TG-RR-FNR-BRG-0375",
      "properties": {
        "parcel_id": "TG-RR-FNR-BRG-0375",
        "survey_no": "375",
        "survey_display": "375",
        "document_id": "DOC-BRG-0375",
        "village": "Burgul",
        "mandal": "Farooqnagar",
        "district": "Rangareddy",
        "state": "Telangana",
        "owner_name": "R. Prabhakar",
        "ocr_owner": "R. Prabhakar",
        "area_acres": 2.68,
        "ocr_area_acres": 2.68,
        "area_sq_meters": 10845.6,
        "centroid_lat": 17.061844,
        "centroid_lon": 78.194107,
        "verification_status": "VERIFIED",
        "validation_issue": "",
        "confidence_score": 0.91,
        "mutation_status": "APPROVED",
        "khata_number": "KH-375",
        "ulpin": "TG17060375987X"
      },
      "geometry": {
        "type": "Polygon",
        "coordinates": [
          [
            [
              78.19380727187745,
              17.062268846160354
            ],
            [
              78.19408213384543,
              17.062831427697603
            ],
            [
              78.19419893358749,
              17.062757115916316
            ],
            [
              78.19460799990735,
              17.061056958102125
            ],
            [
              78.19362364738487,
              17.061437136255993
            ],
            [
              78.19380727187745,
              17.062268846160354
            ]
          ]
        ]
      }
    },
    {
      "type": "Feature",
      "id": "TG-RR-FNR-BRG-0376",
      "properties": {
        "parcel_id": "TG-RR-FNR-BRG-0376",
        "survey_no": "376",
        "survey_display": "376",
        "document_id": "DOC-BRG-0376",
        "village": "Burgul",
        "mandal": "Farooqnagar",
        "district": "Rangareddy",
        "state": "Telangana",
        "owner_name": "E. Yadagiri",
        "ocr_owner": "E. Yadagiri",
        "area_acres": 10.35,
        "ocr_area_acres": 10.35,
        "area_sq_meters": 41885.0,
        "centroid_lat": 17.061421,
        "centroid_lon": 78.184637,
        "verification_status": "VERIFIED",
        "validation_issue": "",
        "confidence_score": 0.93,
        "mutation_status": "APPROVED",
        "khata_number": "KH-376",
        "ulpin": "TG17060376987X"
      },
      "geometry": {
        "type": "Polygon",
        "coordinates": [
          [
            [
              78.18456540254614,
              17.06023682805121
            ],
            [
              78.18455068497708,
              17.060233521332776
            ],
            [
              78.18393024106588,
              17.060251551815885
            ],
            [
              78.18358999016125,
              17.061559388092483
            ],
            [
              78.18395670179855,
              17.062261793653207
            ],
            [
              78.18404951228258,
              17.062381416168105
            ],
            [
              78.18575643575765,
              17.062390407931627
            ],
            [
              78.18551250335643,
              17.060948233337395
            ],
            [
              78.18456540254614,
              17.06023682805121
            ]
          ]
        ]
      }
    },
    {
      "type": "Feature",
      "id": "TG-RR-FNR-BRG-0377",
      "properties": {
        "parcel_id": "TG-RR-FNR-BRG-0377",
        "survey_no": "377",
        "survey_display": "377",
        "document_id": "DOC-BRG-0377",
        "village": "Burgul",
        "mandal": "Farooqnagar",
        "district": "Rangareddy",
        "state": "Telangana",
        "owner_name": "N. Shankaraiah",
        "ocr_owner": "N. Shankaraiah",
        "area_acres": 8.72,
        "ocr_area_acres": 8.72,
        "area_sq_meters": 35288.6,
        "centroid_lat": 17.061712,
        "centroid_lon": 78.174891,
        "verification_status": "VERIFIED",
        "validation_issue": "",
        "confidence_score": 0.94,
        "mutation_status": "APPROVED",
        "khata_number": "KH-377",
        "ulpin": "TG17060377987X"
      },
      "geometry": {
        "type": "Polygon",
        "coordinates": [
          [
            [
              78.17512149637486,
              17.06056574702731
            ],
            [
              78.17386950350536,
              17.061582373539675
            ],
            [
              78.17365637307729,
              17.062083834473423
            ],
            [
              78.17437727485745,
              17.062652429743693
            ],
            [
              78.17601644688996,
              17.062213782099125
            ],
            [
              78.1756259557808,
              17.060860131559835
            ],
            [
              78.17512149637486,
              17.06056574702731
            ]
          ]
        ]
      }
    },
    {
      "type": "Feature",
      "id": "TG-RR-FNR-BRG-0378",
      "properties": {
        "parcel_id": "TG-RR-FNR-BRG-0378",
        "survey_no": "378",
        "survey_display": "378",
        "document_id": "DOC-BRG-0378",
        "village": "Burgul",
        "mandal": "Farooqnagar",
        "district": "Rangareddy",
        "state": "Telangana",
        "owner_name": "P. Suseela",
        "ocr_owner": "P. Suseela",
        "area_acres": 4.18,
        "ocr_area_acres": 4.18,
        "area_sq_meters": 16915.9,
        "centroid_lat": 17.061532,
        "centroid_lon": 78.182014,
        "verification_status": "VERIFIED",
        "validation_issue": "",
        "confidence_score": 0.89,
        "mutation_status": "APPROVED",
        "khata_number": "KH-378",
        "ulpin": "TG17060378987X"
      },
      "geometry": {
        "type": "Polygon",
        "coordinates": [
          [
            [
              78.18101386239856,
              17.06133200005473
            ],
            [
              78.18239590144026,
              17.062278940563928
            ],
            [
              78.18316939189236,
              17.061691143198804
            ],
            [
              78.18124270866919,
              17.060753963727024
            ],
            [
              78.18101386239856,
              17.06133200005473
            ]
          ]
        ]
      }
    },
    {
      "type": "Feature",
      "id": "TG-RR-FNR-BRG-0379",
      "properties": {
        "parcel_id": "TG-RR-FNR-BRG-0379",
        "survey_no": "379",
        "survey_display": "379",
        "document_id": "DOC-BRG-0379",
        "village": "Burgul",
        "mandal": "Farooqnagar",
        "district": "Rangareddy",
        "state": "Telangana",
        "owner_name": "B. Vittal Reddy",
        "ocr_owner": "B. Vittal Reddy",
        "area_acres": 10.16,
        "ocr_area_acres": 10.16,
        "area_sq_meters": 41116.1,
        "centroid_lat": 17.061938,
        "centroid_lon": 78.177441,
        "verification_status": "VERIFIED",
        "validation_issue": "",
        "confidence_score": 0.91,
        "mutation_status": "APPROVED",
        "khata_number": "KH-379",
        "ulpin": "TG17060379987X"
      },
      "geometry": {
        "type": "Polygon",
        "coordinates": [
          [
            [
              78.17797499097476,
              17.0630958627337
            ],
            [
              78.17850260628748,
              17.06208416218548
            ],
            [
              78.17806382906804,
              17.06095321211102
            ],
            [
              78.17682942342832,
              17.06079347087919
            ],
            [
              78.17634680268235,
              17.06236104444099
            ],
            [
              78.17706031564106,
              17.062918037360646
            ],
            [
              78.17797499097476,
              17.0630958627337
            ]
          ]
        ]
      }
    },
    {
      "type": "Feature",
      "id": "TG-RR-FNR-BRG-0380",
      "properties": {
        "parcel_id": "TG-RR-FNR-BRG-0380",
        "survey_no": "380",
        "survey_display": "380",
        "document_id": "DOC-BRG-0380",
        "village": "Burgul",
        "mandal": "Farooqnagar",
        "district": "Rangareddy",
        "state": "Telangana",
        "owner_name": "K. Padma",
        "ocr_owner": "M. Lakshmi Bai",
        "area_acres": 6.9,
        "ocr_area_acres": 6.9,
        "area_sq_meters": 27923.3,
        "centroid_lat": 17.061519,
        "centroid_lon": 78.186303,
        "verification_status": "CONFLICT",
        "validation_issue": "Owner mismatch: Deed titleholder 'K. Padma' vs Extracted 'M. Lakshmi Bai'",
        "confidence_score": 0.44,
        "mutation_status": "APPROVED",
        "khata_number": "KH-380",
        "ulpin": "TG17060380987X"
      },
      "geometry": {
        "type": "Polygon",
        "coordinates": [
          [
            [
              78.18575643575765,
              17.062390407931634
            ],
            [
              78.18607299406249,
              17.06271674196603
            ],
            [
              78.18621650054418,
              17.062733184880578
            ],
            [
              78.18721153504508,
              17.06141840216127
            ],
            [
              78.18672112820929,
              17.060446764705237
            ],
            [
              78.18671620950356,
              17.06044458879434
            ],
            [
              78.18551250335643,
              17.060948233337385
            ],
            [
              78.18575643575765,
              17.062390407931634
            ]
          ]
        ]
      }
    },
    {
      "type": "Feature",
      "id": "TG-RR-FNR-BRG-0381",
      "properties": {
        "parcel_id": "TG-RR-FNR-BRG-0381",
        "survey_no": "381",
        "survey_display": "381",
        "document_id": "DOC-BRG-0381",
        "village": "Burgul",
        "mandal": "Farooqnagar",
        "district": "Rangareddy",
        "state": "Telangana",
        "owner_name": "G. Lingaiah",
        "ocr_owner": "G. Lingaiah",
        "area_acres": 3.59,
        "ocr_area_acres": 3.59,
        "area_sq_meters": 14528.2,
        "centroid_lat": 17.06136,
        "centroid_lon": 78.17623,
        "verification_status": "VERIFIED",
        "validation_issue": "",
        "confidence_score": 0.9,
        "mutation_status": "APPROVED",
        "khata_number": "KH-381",
        "ulpin": "TG17060381987X"
      },
      "geometry": {
        "type": "Polygon",
        "coordinates": [
          [
            [
              78.17601644688995,
              17.06221378209912
            ],
            [
              78.17634680268235,
              17.062361044440983
            ],
            [
              78.17682942342832,
              17.06079347087919
            ],
            [
              78.17653901647849,
              17.060621901105304
            ],
            [
              78.17562595578079,
              17.060860131559824
            ],
            [
              78.17601644688995,
              17.06221378209912
            ]
          ]
        ]
      }
    },
    {
      "type": "Feature",
      "id": "TG-RR-FNR-BRG-0382",
      "properties": {
        "parcel_id": "TG-RR-FNR-BRG-0382",
        "survey_no": "382",
        "survey_display": "382",
        "document_id": "DOC-BRG-0382",
        "village": "Burgul",
        "mandal": "Farooqnagar",
        "district": "Rangareddy",
        "state": "Telangana",
        "owner_name": "M. Krishna Murthy",
        "ocr_owner": "M. Krishna Murthy",
        "area_acres": 10.37,
        "ocr_area_acres": 10.37,
        "area_sq_meters": 41965.9,
        "centroid_lat": 17.061374,
        "centroid_lon": 78.190947,
        "verification_status": "VERIFIED",
        "validation_issue": "",
        "confidence_score": 0.9,
        "mutation_status": "APPROVED",
        "khata_number": "KH-382",
        "ulpin": "TG17060382987X"
      },
      "geometry": {
        "type": "Polygon",
        "coordinates": [
          [
            [
              78.18952366838212,
              17.061852673509435
            ],
            [
              78.18972933291687,
              17.06222251347953
            ],
            [
              78.19176905553648,
              17.0621262726694
            ],
            [
              78.19199699522785,
              17.06154300133252
            ],
            [
              78.19222563471945,
              17.060667395780705
            ],
            [
              78.19220948391781,
              17.06063275146478
            ],
            [
              78.19198048567081,
              17.06033641981214
            ],
            [
              78.19007125685944,
              17.06082111506791
            ],
            [
              78.18952366838212,
              17.061852673509435
            ]
          ]
        ]
      }
    },
    {
      "type": "Feature",
      "id": "TG-RR-FNR-BRG-0383",
      "properties": {
        "parcel_id": "TG-RR-FNR-BRG-0383",
        "survey_no": "383",
        "survey_display": "383",
        "document_id": "DOC-BRG-0383",
        "village": "Burgul",
        "mandal": "Farooqnagar",
        "district": "Rangareddy",
        "state": "Telangana",
        "owner_name": "S. Venkat Reddy",
        "ocr_owner": "S. Venkat Reddy",
        "area_acres": 3.71,
        "ocr_area_acres": 3.71,
        "area_sq_meters": 15013.9,
        "centroid_lat": 17.061218,
        "centroid_lon": 78.197999,
        "verification_status": "VERIFIED",
        "validation_issue": "",
        "confidence_score": 0.98,
        "mutation_status": "APPROVED",
        "khata_number": "KH-383",
        "ulpin": "TG17060383987X"
      },
      "geometry": {
        "type": "Polygon",
        "coordinates": [
          [
            [
              78.19755309596668,
              17.061848716087386
            ],
            [
              78.1987489545043,
              17.061522904438046
            ],
            [
              78.19861739580037,
              17.060957757374737
            ],
            [
              78.1983748010302,
              17.060541652355354
            ],
            [
              78.1971788165926,
              17.061014863960704
            ],
            [
              78.19755309596668,
              17.061848716087386
            ]
          ]
        ]
      }
    },
    {
      "type": "Feature",
      "id": "TG-RR-FNR-BRG-0384",
      "properties": {
        "parcel_id": "TG-RR-FNR-BRG-0384",
        "survey_no": "384",
        "survey_display": "384",
        "document_id": "DOC-BRG-0384",
        "village": "Burgul",
        "mandal": "Farooqnagar",
        "district": "Rangareddy",
        "state": "Telangana",
        "owner_name": "A. Jagadeeshwar",
        "ocr_owner": "A. Jagadeeshwar",
        "area_acres": 13.44,
        "ocr_area_acres": 13.44,
        "area_sq_meters": 54389.8,
        "centroid_lat": 17.060376,
        "centroid_lon": 78.182582,
        "verification_status": "VERIFIED",
        "validation_issue": "",
        "confidence_score": 0.94,
        "mutation_status": "APPROVED",
        "khata_number": "KH-384",
        "ulpin": "TG17060384987X"
      },
      "geometry": {
        "type": "Polygon",
        "coordinates": [
          [
            [
              78.18277360885331,
              17.05923445066237
            ],
            [
              78.18203482237057,
              17.05918032926876
            ],
            [
              78.18149391345739,
              17.059333387657613
            ],
            [
              78.18124270866919,
              17.06075396372703
            ],
            [
              78.18316939189236,
              17.061691143198804
            ],
            [
              78.18358999016127,
              17.06155938809248
            ],
            [
              78.1839302410659,
              17.06025155181589
            ],
            [
              78.18277360885331,
              17.05923445066237
            ]
          ]
        ]
      }
    },
    {
      "type": "Feature",
      "id": "TG-RR-FNR-BRG-0385",
      "properties": {
        "parcel_id": "TG-RR-FNR-BRG-0385",
        "survey_no": "385",
        "survey_display": "385",
        "document_id": "DOC-BRG-0385",
        "village": "Burgul",
        "mandal": "Farooqnagar",
        "district": "Rangareddy",
        "state": "Telangana",
        "owner_name": "G. Srinivas Reddy",
        "ocr_owner": "G. Srinivas Reddy",
        "area_acres": 5.8,
        "ocr_area_acres": 5.8,
        "area_sq_meters": 23471.8,
        "centroid_lat": 17.060747,
        "centroid_lon": 78.193914,
        "verification_status": "VERIFIED",
        "validation_issue": "",
        "confidence_score": 0.95,
        "mutation_status": "APPROVED",
        "khata_number": "KH-385",
        "ulpin": "TG17060385987X"
      },
      "geometry": {
        "type": "Polygon",
        "coordinates": [
          [
            [
              78.19362364738485,
              17.061437136255993
            ],
            [
              78.19460799990736,
              17.061056958102117
            ],
            [
              78.19524543584303,
              17.06043788246516
            ],
            [
              78.19528518934821,
              17.060369993373598
            ],
            [
              78.19508528610595,
              17.06011433051935
            ],
            [
              78.19226265470594,
              17.06067376647781
            ],
            [
              78.19362364738485,
              17.061437136255993
            ]
          ]
        ]
      }
    },
    {
      "type": "Feature",
      "id": "TG-RR-FNR-BRG-0386",
      "properties": {
        "parcel_id": "TG-RR-FNR-BRG-0386",
        "survey_no": "386",
        "survey_display": "386",
        "document_id": "DOC-BRG-0386",
        "village": "Burgul",
        "mandal": "Farooqnagar",
        "district": "Rangareddy",
        "state": "Telangana",
        "owner_name": "K. Venkateshwar Rao",
        "ocr_owner": "K. Venkateshwar Rao",
        "area_acres": 3.67,
        "ocr_area_acres": 3.67,
        "area_sq_meters": 14852.0,
        "centroid_lat": 17.061371,
        "centroid_lon": 78.199383,
        "verification_status": "VERIFIED",
        "validation_issue": "",
        "confidence_score": 0.97,
        "mutation_status": "APPROVED",
        "khata_number": "KH-386",
        "ulpin": "TG17060386987X"
      },
      "geometry": {
        "type": "Polygon",
        "coordinates": [
          [
            [
              78.20005102733938,
              17.06216151979294
            ],
            [
              78.19994134897304,
              17.061112022128977
            ],
            [
              78.19919202821877,
              17.06068804811375
            ],
            [
              78.19861739580038,
              17.060957757374744
            ],
            [
              78.19874895450431,
              17.061522904438053
            ],
            [
              78.19996229406244,
              17.06216075067607
            ],
            [
              78.20005102733938,
              17.06216151979294
            ]
          ]
        ]
      }
    },
    {
      "type": "Feature",
      "id": "TG-RR-FNR-BRG-0387",
      "properties": {
        "parcel_id": "TG-RR-FNR-BRG-0387",
        "survey_no": "387",
        "survey_display": "387",
        "document_id": "DOC-BRG-0387",
        "village": "Burgul",
        "mandal": "Farooqnagar",
        "district": "Rangareddy",
        "state": "Telangana",
        "owner_name": "M. Lakshmi Bai",
        "ocr_owner": "M. Lakshmi Bai",
        "area_acres": 2.78,
        "ocr_area_acres": 2.78,
        "area_sq_meters": 11250.3,
        "centroid_lat": 17.060932,
        "centroid_lon": 78.187425,
        "verification_status": "VERIFIED",
        "validation_issue": "",
        "confidence_score": 0.97,
        "mutation_status": "APPROVED",
        "khata_number": "KH-387",
        "ulpin": "TG17060387987X"
      },
      "geometry": {
        "type": "Polygon",
        "coordinates": [
          [
            [
              78.1867211282093,
              17.060446764705247
            ],
            [
              78.18721153504508,
              17.061418402161266
            ],
            [
              78.18816487762268,
              17.061471572678336
            ],
            [
              78.18807772582782,
              17.061157460593453
            ],
            [
              78.18731861759865,
              17.060281668828072
            ],
            [
              78.1867211282093,
              17.060446764705247
            ]
          ]
        ]
      }
    },
    {
      "type": "Feature",
      "id": "TG-RR-FNR-BRG-0388",
      "properties": {
        "parcel_id": "TG-RR-FNR-BRG-0388",
        "survey_no": "388",
        "survey_display": "388",
        "document_id": "DOC-BRG-0388",
        "village": "Burgul",
        "mandal": "Farooqnagar",
        "district": "Rangareddy",
        "state": "Telangana",
        "owner_name": "P. Anjaneyulu",
        "ocr_owner": "P. Anjaneyulu",
        "area_acres": 9.17,
        "ocr_area_acres": 9.17,
        "area_sq_meters": 37109.7,
        "centroid_lat": 17.060917,
        "centroid_lon": 78.206769,
        "verification_status": "VERIFIED",
        "validation_issue": "",
        "confidence_score": 0.99,
        "mutation_status": "APPROVED",
        "khata_number": "KH-388",
        "ulpin": "TG17060388987X"
      },
      "geometry": {
        "type": "Polygon",
        "coordinates": [
          [
            [
              78.2063728066788,
              17.059950854787747
            ],
            [
              78.20625686456434,
              17.059972029357105
            ],
            [
              78.20569025019067,
              17.06064609410381
            ],
            [
              78.20565152011615,
              17.061239585417237
            ],
            [
              78.2058589363298,
              17.06152233441473
            ],
            [
              78.20739642329035,
              17.061823334831704
            ],
            [
              78.20803056782609,
              17.061561135652173
            ],
            [
              78.20723015638175,
              17.059960312763497
            ],
            [
              78.2063728066788,
              17.059950854787747
            ]
          ]
        ]
      }
    },
    {
      "type": "Feature",
      "id": "TG-RR-FNR-BRG-0389",
      "properties": {
        "parcel_id": "TG-RR-FNR-BRG-0389",
        "survey_no": "389",
        "survey_display": "389",
        "document_id": "DOC-BRG-0389",
        "village": "Burgul",
        "mandal": "Farooqnagar",
        "district": "Rangareddy",
        "state": "Telangana",
        "owner_name": "B. Satyanarayana",
        "ocr_owner": "B. Satyanarayana",
        "area_acres": 10.5,
        "ocr_area_acres": 10.5,
        "area_sq_meters": 42492.0,
        "centroid_lat": 17.060959,
        "centroid_lon": 78.200725,
        "verification_status": "VERIFIED",
        "validation_issue": "",
        "confidence_score": 0.97,
        "mutation_status": "APPROVED",
        "khata_number": "KH-389",
        "ulpin": "TG17060389987X"
      },
      "geometry": {
        "type": "Polygon",
        "coordinates": [
          [
            [
              78.2001359336194,
              17.05979291869776
            ],
            [
              78.19994134897304,
              17.061112022128988
            ],
            [
              78.20005102733938,
              17.062161519792944
            ],
            [
              78.20005642687956,
              17.06216474978743
            ],
            [
              78.20127373595842,
              17.06230948939433
            ],
            [
              78.20151269489301,
              17.06186194804435
            ],
            [
              78.20138183126173,
              17.060667968760043
            ],
            [
              78.20116616153281,
              17.059327673964273
            ],
            [
              78.2001359336194,
              17.05979291869776
            ]
          ]
        ]
      }
    },
    {
      "type": "Feature",
      "id": "TG-RR-FNR-BRG-0390",
      "properties": {
        "parcel_id": "TG-RR-FNR-BRG-0390",
        "survey_no": "390",
        "survey_display": "390",
        "document_id": "DOC-BRG-0390",
        "village": "Burgul",
        "mandal": "Farooqnagar",
        "district": "Rangareddy",
        "state": "Telangana",
        "owner_name": "T. Ramaiah",
        "ocr_owner": "T. Ramaiah",
        "area_acres": 14.7,
        "ocr_area_acres": 14.7,
        "area_sq_meters": 59488.8,
        "centroid_lat": 17.060768,
        "centroid_lon": 78.172669,
        "verification_status": "VERIFIED",
        "validation_issue": "",
        "confidence_score": 0.92,
        "mutation_status": "APPROVED",
        "khata_number": "KH-390",
        "ulpin": "TG17060390987X"
      },
      "geometry": {
        "type": "Polygon",
        "coordinates": [
          [
            [
              78.17179648842682,
              17.061567255468436
            ],
            [
              78.17217370310262,
              17.061962693403984
            ],
            [
              78.17311424308284,
              17.06220589784646
            ],
            [
              78.1736563730773,
              17.06208383447342
            ],
            [
              78.17386950350536,
              17.061582373539668
            ],
            [
              78.17304721842021,
              17.059140159078815
            ],
            [
              78.17234097233383,
              17.05913124785345
            ],
            [
              78.1721805495012,
              17.059159762620286
            ],
            [
              78.17140721951262,
              17.06105608483868
            ],
            [
              78.17179648842682,
              17.061567255468436
            ]
          ]
        ]
      }
    },
    {
      "type": "Feature",
      "id": "TG-RR-FNR-BRG-0391",
      "properties": {
        "parcel_id": "TG-RR-FNR-BRG-0391",
        "survey_no": "391",
        "survey_display": "391",
        "document_id": "DOC-BRG-0391",
        "village": "Burgul",
        "mandal": "Farooqnagar",
        "district": "Rangareddy",
        "state": "Telangana",
        "owner_name": "Ch. Madhava Reddy",
        "ocr_owner": "Ch. Madhava Reddy",
        "area_acres": 7.0,
        "ocr_area_acres": 7.0,
        "area_sq_meters": 28328.0,
        "centroid_lat": 17.060655,
        "centroid_lon": 78.204569,
        "verification_status": "VERIFIED",
        "validation_issue": "",
        "confidence_score": 0.94,
        "mutation_status": "APPROVED",
        "khata_number": "KH-391",
        "ulpin": "TG17060391987X"
      },
      "geometry": {
        "type": "Polygon",
        "coordinates": [
          [
            [
              78.20355830981944,
              17.060518561170493
            ],
            [
              78.20353773563214,
              17.060724430638576
            ],
            [
              78.20393332648305,
              17.06135282609609
            ],
            [
              78.20565152011615,
              17.061239585417226
            ],
            [
              78.20569025019067,
              17.060646094103806
            ],
            [
              78.20423921457028,
              17.059632202929965
            ],
            [
              78.20355830981944,
              17.060518561170493
            ]
          ]
        ]
      }
    },
    {
      "type": "Feature",
      "id": "TG-RR-FNR-BRG-0392",
      "properties": {
        "parcel_id": "TG-RR-FNR-BRG-0392",
        "survey_no": "392",
        "survey_display": "392",
        "document_id": "DOC-BRG-0392",
        "village": "Burgul",
        "mandal": "Farooqnagar",
        "district": "Rangareddy",
        "state": "Telangana",
        "owner_name": "V. Narsimha",
        "ocr_owner": "V. Narsimha",
        "area_acres": 1.91,
        "ocr_area_acres": 1.91,
        "area_sq_meters": 7729.5,
        "centroid_lat": 17.060341,
        "centroid_lon": 78.198772,
        "verification_status": "VERIFIED",
        "validation_issue": "",
        "confidence_score": 0.93,
        "mutation_status": "APPROVED",
        "khata_number": "KH-392",
        "ulpin": "TG17060392987X"
      },
      "geometry": {
        "type": "Polygon",
        "coordinates": [
          [
            [
              78.19856070611432,
              17.059893186084334
            ],
            [
              78.1983748010302,
              17.060541652355358
            ],
            [
              78.19861739580037,
              17.060957757374737
            ],
            [
              78.19919202821876,
              17.06068804811375
            ],
            [
              78.19883327599354,
              17.059519754188802
            ],
            [
              78.19856070611432,
              17.059893186084334
            ]
          ]
        ]
      }
    },
    {
      "type": "Feature",
      "id": "TG-RR-FNR-BRG-0393",
      "properties": {
        "parcel_id": "TG-RR-FNR-BRG-0393",
        "survey_no": "393",
        "survey_display": "393",
        "document_id": "DOC-BRG-0393",
        "village": "Burgul",
        "mandal": "Farooqnagar",
        "district": "Rangareddy",
        "state": "Telangana",
        "owner_name": "S. Kistamma",
        "ocr_owner": "S. Kistamma",
        "area_acres": 11.75,
        "ocr_area_acres": 11.75,
        "area_sq_meters": 47550.6,
        "centroid_lat": 17.060511,
        "centroid_lon": 78.180443,
        "verification_status": "VERIFIED",
        "validation_issue": "",
        "confidence_score": 0.98,
        "mutation_status": "APPROVED",
        "khata_number": "KH-393",
        "ulpin": "TG17060393987X"
      },
      "geometry": {
        "type": "Polygon",
        "coordinates": [
          [
            [
              78.1812427086692,
              17.060753963726963
            ],
            [
              78.18149391345739,
              17.059333387657617
            ],
            [
              78.18098784056258,
              17.059084993071853
            ],
            [
              78.18062649346548,
              17.059017015321913
            ],
            [
              78.17961427496343,
              17.060156095825185
            ],
            [
              78.17937365898702,
              17.061844143045818
            ],
            [
              78.18055364250812,
              17.061799900407944
            ],
            [
              78.18101386239856,
              17.06133200005474
            ],
            [
              78.1812427086692,
              17.060753963726963
            ]
          ]
        ]
      }
    },
    {
      "type": "Feature",
      "id": "TG-RR-FNR-BRG-0394",
      "properties": {
        "parcel_id": "TG-RR-FNR-BRG-0394",
        "survey_no": "394",
        "survey_display": "394",
        "document_id": "DOC-BRG-0394",
        "village": "Burgul",
        "mandal": "Farooqnagar",
        "district": "Rangareddy",
        "state": "Telangana",
        "owner_name": "A. Balraj",
        "ocr_owner": "A. Balraj",
        "area_acres": 1.94,
        "ocr_area_acres": 1.94,
        "area_sq_meters": 7850.9,
        "centroid_lat": 17.060955,
        "centroid_lon": 78.188358,
        "verification_status": "VERIFIED",
        "validation_issue": "",
        "confidence_score": 0.94,
        "mutation_status": "APPROVED",
        "khata_number": "KH-394",
        "ulpin": "TG17060394987X"
      },
      "geometry": {
        "type": "Polygon",
        "coordinates": [
          [
            [
              78.18807772582781,
              17.061157460593442
            ],
            [
              78.18816487762268,
              17.06147157267834
            ],
            [
              78.18830932071265,
              17.06155755215887
            ],
            [
              78.1883196704847,
              17.06156200797369
            ],
            [
              78.18876322774993,
              17.061560955251785
            ],
            [
              78.18862531650946,
              17.060806083130082
            ],
            [
              78.18808881993877,
              17.059957037123592
            ],
            [
              78.18807772582781,
              17.061157460593442
            ]
          ]
        ]
      }
    },
    {
      "type": "Feature",
      "id": "TG-RR-FNR-BRG-0395",
      "properties": {
        "parcel_id": "TG-RR-FNR-BRG-0395",
        "survey_no": "395",
        "survey_display": "395",
        "document_id": "DOC-BRG-0395",
        "village": "Burgul",
        "mandal": "Farooqnagar",
        "district": "Rangareddy",
        "state": "Telangana",
        "owner_name": "M. Mallesh Goud",
        "ocr_owner": "M. Mallesh Goud",
        "area_acres": 1.52,
        "ocr_area_acres": 1.52,
        "area_sq_meters": 6151.2,
        "centroid_lat": 17.06041,
        "centroid_lon": 78.187824,
        "verification_status": "VERIFIED",
        "validation_issue": "",
        "confidence_score": 0.92,
        "mutation_status": "APPROVED",
        "khata_number": "KH-395",
        "ulpin": "TG17060395987X"
      },
      "geometry": {
        "type": "Polygon",
        "coordinates": [
          [
            [
              78.18802382120911,
              17.059826280396805
            ],
            [
              78.18731861759865,
              17.06028166882807
            ],
            [
              78.18807772582782,
              17.061157460593453
            ],
            [
              78.18808881993878,
              17.059957037123638
            ],
            [
              78.18806723580384,
              17.059823268897755
            ],
            [
              78.18802382120911,
              17.059826280396805
            ]
          ]
        ]
      }
    },
    {
      "type": "Feature",
      "id": "TG-RR-FNR-BRG-0396",
      "properties": {
        "parcel_id": "TG-RR-FNR-BRG-0396",
        "survey_no": "396",
        "survey_display": "396",
        "document_id": "DOC-BRG-0396",
        "village": "Burgul",
        "mandal": "Farooqnagar",
        "district": "Rangareddy",
        "state": "Telangana",
        "owner_name": "K. Chandraiah",
        "ocr_owner": "K. Chandraiah",
        "area_acres": 2.98,
        "ocr_area_acres": 2.98,
        "area_sq_meters": 12059.6,
        "centroid_lat": 17.061091,
        "centroid_lon": 78.20192,
        "verification_status": "VERIFIED",
        "validation_issue": "",
        "confidence_score": 0.9,
        "mutation_status": "APPROVED",
        "khata_number": "KH-396",
        "ulpin": "TG17060396987X"
      },
      "geometry": {
        "type": "Polygon",
        "coordinates": [
          [
            [
              78.20151269489301,
              17.061861948044363
            ],
            [
              78.20269413866215,
              17.061099337953774
            ],
            [
              78.20217403039806,
              17.060515993593786
            ],
            [
              78.2013818312617,
              17.0606679687599
            ],
            [
              78.20151269489301,
              17.061861948044363
            ]
          ]
        ]
      }
    },
    {
      "type": "Feature",
      "id": "TG-RR-FNR-BRG-0397",
      "properties": {
        "parcel_id": "TG-RR-FNR-BRG-0397",
        "survey_no": "397",
        "survey_display": "397",
        "document_id": "DOC-BRG-0397",
        "village": "Burgul",
        "mandal": "Farooqnagar",
        "district": "Rangareddy",
        "state": "Telangana",
        "owner_name": "J. Ramachandra Reddy",
        "ocr_owner": "J. Ramachandra Reddy",
        "area_acres": 6.0,
        "ocr_area_acres": 6.0,
        "area_sq_meters": 24281.2,
        "centroid_lat": 17.061087,
        "centroid_lon": 78.178864,
        "verification_status": "VERIFIED",
        "validation_issue": "",
        "confidence_score": 0.92,
        "mutation_status": "APPROVED",
        "khata_number": "KH-397",
        "ulpin": "TG17060397987X"
      },
      "geometry": {
        "type": "Polygon",
        "coordinates": [
          [
            [
              78.17806382906804,
              17.060953212111002
            ],
            [
              78.17850260628748,
              17.06208416218548
            ],
            [
              78.17937365898702,
              17.06184414304581
            ],
            [
              78.17961427496343,
              17.06015609582517
            ],
            [
              78.1783567954219,
              17.060439037680837
            ],
            [
              78.17810163087961,
              17.060715533548287
            ],
            [
              78.17806382906804,
              17.060953212111002
            ]
          ]
        ]
      }
    },
    {
      "type": "Feature",
      "id": "TG-RR-FNR-BRG-0398",
      "properties": {
        "parcel_id": "TG-RR-FNR-BRG-0398",
        "survey_no": "398",
        "survey_display": "398",
        "document_id": "DOC-BRG-0398",
        "village": "Burgul",
        "mandal": "Farooqnagar",
        "district": "Rangareddy",
        "state": "Telangana",
        "owner_name": "D. Gopal Rao",
        "ocr_owner": "D. Gopal Rao",
        "area_acres": 3.79,
        "ocr_area_acres": 3.79,
        "area_sq_meters": 15337.6,
        "centroid_lat": 17.0602,
        "centroid_lon": 78.199534,
        "verification_status": "VERIFIED",
        "validation_issue": "",
        "confidence_score": 0.9,
        "mutation_status": "APPROVED",
        "khata_number": "KH-398",
        "ulpin": "TG17060398987X"
      },
      "geometry": {
        "type": "Polygon",
        "coordinates": [
          [
            [
              78.19887355696737,
              17.0594409036519
            ],
            [
              78.19883327599355,
              17.05951975418879
            ],
            [
              78.19919202821877,
              17.06068804811375
            ],
            [
              78.19994134897304,
              17.061112022128977
            ],
            [
              78.20013593361939,
              17.05979291869776
            ],
            [
              78.19887355696737,
              17.0594409036519
            ]
          ]
        ]
      }
    },
    {
      "type": "Feature",
      "id": "TG-RR-FNR-BRG-0399",
      "properties": {
        "parcel_id": "TG-RR-FNR-BRG-0399",
        "survey_no": "399",
        "survey_display": "399",
        "document_id": "DOC-BRG-0399",
        "village": "Burgul",
        "mandal": "Farooqnagar",
        "district": "Rangareddy",
        "state": "Telangana",
        "owner_name": "R. Prabhakar",
        "ocr_owner": "R. Prabhakar",
        "area_acres": 4.02,
        "ocr_area_acres": 4.02,
        "area_sq_meters": 16268.4,
        "centroid_lat": 17.060826,
        "centroid_lon": 78.189494,
        "verification_status": "VERIFIED",
        "validation_issue": "",
        "confidence_score": 0.98,
        "mutation_status": "APPROVED",
        "khata_number": "KH-399",
        "ulpin": "TG17060399987X"
      },
      "geometry": {
        "type": "Polygon",
        "coordinates": [
          [
            [
              78.18952366838211,
              17.061852673509442
            ],
            [
              78.19007125685944,
              17.060821115067903
            ],
            [
              78.18980806553762,
              17.060013838416758
            ],
            [
              78.18909316299279,
              17.059967782541502
            ],
            [
              78.18908871511701,
              17.061632847071674
            ],
            [
              78.18952366838211,
              17.061852673509442
            ]
          ]
        ]
      }
    },
    {
      "type": "Feature",
      "id": "TG-RR-FNR-BRG-0400",
      "properties": {
        "parcel_id": "TG-RR-FNR-BRG-0400",
        "survey_no": "400",
        "survey_display": "400",
        "document_id": "DOC-BRG-0400",
        "village": "Burgul",
        "mandal": "Farooqnagar",
        "district": "Rangareddy",
        "state": "Telangana",
        "owner_name": "E. Yadagiri",
        "ocr_owner": "E. Yadagiri",
        "area_acres": 1.97,
        "ocr_area_acres": 1.97,
        "area_sq_meters": 7972.3,
        "centroid_lat": 17.060739,
        "centroid_lon": 78.188891,
        "verification_status": "VERIFIED",
        "validation_issue": "",
        "confidence_score": 0.97,
        "mutation_status": "APPROVED",
        "khata_number": "KH-400",
        "ulpin": "TG17060400987X"
      },
      "geometry": {
        "type": "Polygon",
        "coordinates": [
          [
            [
              78.18908871511701,
              17.061632847071674
            ],
            [
              78.18909316299279,
              17.059967782541502
            ],
            [
              78.18879050302654,
              17.05978151448108
            ],
            [
              78.18862531650946,
              17.06080608313014
            ],
            [
              78.18876322774994,
              17.061560955251785
            ],
            [
              78.18908871511701,
              17.061632847071674
            ]
          ]
        ]
      }
    },
    {
      "type": "Feature",
      "id": "TG-RR-FNR-BRG-0401",
      "properties": {
        "parcel_id": "TG-RR-FNR-BRG-0401",
        "survey_no": "401",
        "survey_display": "401",
        "document_id": "DOC-BRG-0401",
        "village": "Burgul",
        "mandal": "Farooqnagar",
        "district": "Rangareddy",
        "state": "Telangana",
        "owner_name": "N. Shankaraiah",
        "ocr_owner": "N. Shankaraiah",
        "area_acres": 2.48,
        "ocr_area_acres": 2.48,
        "area_sq_meters": 10036.2,
        "centroid_lat": 17.059972,
        "centroid_lon": 78.201574,
        "verification_status": "VERIFIED",
        "validation_issue": "",
        "confidence_score": 0.89,
        "mutation_status": "APPROVED",
        "khata_number": "KH-401",
        "ulpin": "TG17060401987X"
      },
      "geometry": {
        "type": "Polygon",
        "coordinates": [
          [
            [
              78.20116616153281,
              17.05932767396429
            ],
            [
              78.2013818312617,
              17.060667968759905
            ],
            [
              78.20217403039806,
              17.06051599359379
            ],
            [
              78.20141423691133,
              17.05901296216956
            ],
            [
              78.20116616153281,
              17.05932767396429
            ]
          ]
        ]
      }
    },
    {
      "type": "Feature",
      "id": "TG-RR-FNR-BRG-0402",
      "properties": {
        "parcel_id": "TG-RR-FNR-BRG-0402",
        "survey_no": "402",
        "survey_display": "402",
        "document_id": "DOC-BRG-0402",
        "village": "Burgul",
        "mandal": "Farooqnagar",
        "district": "Rangareddy",
        "state": "Telangana",
        "owner_name": "P. Suseela",
        "ocr_owner": "P. Suseela",
        "area_acres": 1.4,
        "ocr_area_acres": 1.4,
        "area_sq_meters": 5665.6,
        "centroid_lat": 17.060064,
        "centroid_lon": 78.188471,
        "verification_status": "VERIFIED",
        "validation_issue": "",
        "confidence_score": 0.99,
        "mutation_status": "APPROVED",
        "khata_number": "KH-402",
        "ulpin": "TG17060402987X"
      },
      "geometry": {
        "type": "Polygon",
        "coordinates": [
          [
            [
              78.18861948977968,
              17.059628308247667
            ],
            [
              78.18846655325248,
              17.05957809262894
            ],
            [
              78.18806723580383,
              17.059823268897755
            ],
            [
              78.18808881993877,
              17.0599570371236
            ],
            [
              78.18862531650947,
              17.060806083130114
            ],
            [
              78.18879050302654,
              17.059781514481084
            ],
            [
              78.18861948977968,
              17.059628308247667
            ]
          ]
        ]
      }
    },
    {
      "type": "Feature",
      "id": "TG-RR-FNR-BRG-0403",
      "properties": {
        "parcel_id": "TG-RR-FNR-BRG-0403",
        "survey_no": "403",
        "survey_display": "403",
        "document_id": "DOC-BRG-0403",
        "village": "Burgul",
        "mandal": "Farooqnagar",
        "district": "Rangareddy",
        "state": "Telangana",
        "owner_name": "B. Vittal Reddy",
        "ocr_owner": "B. Vittal Reddy",
        "area_acres": 4.74,
        "ocr_area_acres": 4.74,
        "area_sq_meters": 19182.1,
        "centroid_lat": 17.060193,
        "centroid_lon": 78.202516,
        "verification_status": "VERIFIED",
        "validation_issue": "",
        "confidence_score": 0.94,
        "mutation_status": "APPROVED",
        "khata_number": "KH-403",
        "ulpin": "TG17060403987X"
      },
      "geometry": {
        "type": "Polygon",
        "coordinates": [
          [
            [
              78.20353773563214,
              17.06072443063856
            ],
            [
              78.20355830981944,
              17.060518561170497
            ],
            [
              78.201459230568,
              17.058946774794023
            ],
            [
              78.20141423691133,
              17.05901296216957
            ],
            [
              78.20217403039803,
              17.06051599359376
            ],
            [
              78.20269413866214,
              17.061099337953774
            ],
            [
              78.20353773563214,
              17.06072443063856
            ]
          ]
        ]
      }
    },
    {
      "type": "Feature",
      "id": "TG-RR-FNR-BRG-0404",
      "properties": {
        "parcel_id": "TG-RR-FNR-BRG-0404",
        "survey_no": "404",
        "survey_display": "404",
        "document_id": "DOC-BRG-0404",
        "village": "Burgul",
        "mandal": "Farooqnagar",
        "district": "Rangareddy",
        "state": "Telangana",
        "owner_name": "K. Padma",
        "ocr_owner": "K. Padma",
        "area_acres": 4.1,
        "ocr_area_acres": 4.1,
        "area_sq_meters": 16592.1,
        "centroid_lat": 17.060404,
        "centroid_lon": 78.197519,
        "verification_status": "VERIFIED",
        "validation_issue": "",
        "confidence_score": 0.96,
        "mutation_status": "APPROVED",
        "khata_number": "KH-404",
        "ulpin": "TG17060404987X"
      },
      "geometry": {
        "type": "Polygon",
        "coordinates": [
          [
            [
              78.19644069984786,
              17.060431031335575
            ],
            [
              78.19717881659258,
              17.061014863960708
            ],
            [
              78.1983748010302,
              17.060541652355358
            ],
            [
              78.19856070611432,
              17.05989318608434
            ],
            [
              78.19664955275483,
              17.060142877967092
            ],
            [
              78.19644069984786,
              17.060431031335575
            ]
          ]
        ]
      }
    },
    {
      "type": "Feature",
      "id": "TG-RR-FNR-BRG-0405",
      "properties": {
        "parcel_id": "TG-RR-FNR-BRG-0405",
        "survey_no": "405",
        "survey_display": "405",
        "document_id": "DOC-BRG-0405",
        "village": "Burgul",
        "mandal": "Farooqnagar",
        "district": "Rangareddy",
        "state": "Telangana",
        "owner_name": "G. Lingaiah",
        "ocr_owner": "G. Lingaiah",
        "area_acres": 7.66,
        "ocr_area_acres": 7.66,
        "area_sq_meters": 30998.9,
        "centroid_lat": 17.06025,
        "centroid_lon": 78.174055,
        "verification_status": "VERIFIED",
        "validation_issue": "",
        "confidence_score": 0.99,
        "mutation_status": "APPROVED",
        "khata_number": "KH-405",
        "ulpin": "TG17060405987X"
      },
      "geometry": {
        "type": "Polygon",
        "coordinates": [
          [
            [
              78.17512149637487,
              17.060565747027304
            ],
            [
              78.1750856505208,
              17.060141607292085
            ],
            [
              78.17333868056693,
              17.05901544772321
            ],
            [
              78.17304721842021,
              17.059140159078815
            ],
            [
              78.17386950350536,
              17.06158237353967
            ],
            [
              78.17512149637487,
              17.060565747027304
            ]
          ]
        ]
      }
    },
    {
      "type": "Feature",
      "id": "TG-RR-FNR-BRG-0406",
      "properties": {
        "parcel_id": "TG-RR-FNR-BRG-0406",
        "survey_no": "406",
        "survey_display": "406",
        "document_id": "DOC-BRG-0406",
        "village": "Burgul",
        "mandal": "Farooqnagar",
        "district": "Rangareddy",
        "state": "Telangana",
        "owner_name": "M. Krishna Murthy",
        "ocr_owner": "M. Krishna Murthy",
        "area_acres": 4.73,
        "ocr_area_acres": 4.73,
        "area_sq_meters": 19141.6,
        "centroid_lat": 17.060252,
        "centroid_lon": 78.177227,
        "verification_status": "VERIFIED",
        "validation_issue": "",
        "confidence_score": 0.99,
        "mutation_status": "APPROVED",
        "khata_number": "KH-406",
        "ulpin": "TG17060406987X"
      },
      "geometry": {
        "type": "Polygon",
        "coordinates": [
          [
            [
              78.17810163087961,
              17.060715533548304
            ],
            [
              78.17750218375106,
              17.05964029195795
            ],
            [
              78.17664071116869,
              17.059390222275674
            ],
            [
              78.17653901647849,
              17.060621901105304
            ],
            [
              78.1768294234283,
              17.06079347087919
            ],
            [
              78.17806382906804,
              17.060953212111027
            ],
            [
              78.17810163087961,
              17.060715533548304
            ]
          ]
        ]
      }
    },
    {
      "type": "Feature",
      "id": "TG-RR-FNR-BRG-0407",
      "properties": {
        "parcel_id": "TG-RR-FNR-BRG-0407",
        "survey_no": "407",
        "survey_display": "407",
        "document_id": "DOC-BRG-0407",
        "village": "Burgul",
        "mandal": "Farooqnagar",
        "district": "Rangareddy",
        "state": "Telangana",
        "owner_name": "S. Venkat Reddy",
        "ocr_owner": "S. Venkat Reddy",
        "area_acres": 9.43,
        "ocr_area_acres": 9.43,
        "area_sq_meters": 38161.9,
        "centroid_lat": 17.059706,
        "centroid_lon": 78.190907,
        "verification_status": "VERIFIED",
        "validation_issue": "",
        "confidence_score": 0.89,
        "mutation_status": "APPROVED",
        "khata_number": "KH-407",
        "ulpin": "TG17060407987X"
      },
      "geometry": {
        "type": "Polygon",
        "coordinates": [
          [
            [
              78.19134976838002,
              17.058270560800235
            ],
            [
              78.19093255156002,
              17.058397667857147
            ],
            [
              78.18980806553762,
              17.060013838416765
            ],
            [
              78.19007125685944,
              17.06082111506791
            ],
            [
              78.19198048567081,
              17.06033641981214
            ],
            [
              78.19134976838002,
              17.058270560800235
            ]
          ]
        ]
      }
    },
    {
      "type": "Feature",
      "id": "TG-RR-FNR-BRG-0408",
      "properties": {
        "parcel_id": "TG-RR-FNR-BRG-0408",
        "survey_no": "408",
        "survey_display": "408",
        "document_id": "DOC-BRG-0408",
        "village": "Burgul",
        "mandal": "Farooqnagar",
        "district": "Rangareddy",
        "state": "Telangana",
        "owner_name": "A. Jagadeeshwar",
        "ocr_owner": "A. Jagadeeshwar",
        "area_acres": 6.18,
        "ocr_area_acres": 6.18,
        "area_sq_meters": 25009.6,
        "centroid_lat": 17.059955,
        "centroid_lon": 78.175938,
        "verification_status": "VERIFIED",
        "validation_issue": "",
        "confidence_score": 0.95,
        "mutation_status": "APPROVED",
        "khata_number": "KH-408",
        "ulpin": "TG17060408987X"
      },
      "geometry": {
        "type": "Polygon",
        "coordinates": [
          [
            [
              78.17611203297793,
              17.058782992156175
            ],
            [
              78.17605343887321,
              17.058778346675027
            ],
            [
              78.1750856505208,
              17.060141607292074
            ],
            [
              78.17512149637487,
              17.06056574702731
            ],
            [
              78.17562595578079,
              17.060860131559828
            ],
            [
              78.17653901647849,
              17.060621901105307
            ],
            [
              78.17664071116867,
              17.05939022227567
            ],
            [
              78.17611203297793,
              17.058782992156175
            ]
          ]
        ]
      }
    },
    {
      "type": "Feature",
      "id": "TG-RR-FNR-BRG-0409",
      "properties": {
        "parcel_id": "TG-RR-FNR-BRG-0409",
        "survey_no": "409",
        "survey_display": "409",
        "document_id": "DOC-BRG-0409",
        "village": "Burgul",
        "mandal": "Farooqnagar",
        "district": "Rangareddy",
        "state": "Telangana",
        "owner_name": "G. Srinivas Reddy",
        "ocr_owner": "G. Srinivas Reddy",
        "area_acres": 6.6,
        "ocr_area_acres": 6.6,
        "area_sq_meters": 26709.3,
        "centroid_lat": 17.059424,
        "centroid_lon": 78.179455,
        "verification_status": "VERIFIED",
        "validation_issue": "",
        "confidence_score": 0.91,
        "mutation_status": "APPROVED",
        "khata_number": "KH-409",
        "ulpin": "TG17060409987X"
      },
      "geometry": {
        "type": "Polygon",
        "coordinates": [
          [
            [
              78.17941212322238,
              17.05841156517895
            ],
            [
              78.17926831604397,
              17.058412870842524
            ],
            [
              78.1783567954219,
              17.060439037680833
            ],
            [
              78.17961427496344,
              17.060156095825167
            ],
            [
              78.18062649346548,
              17.05901701532191
            ],
            [
              78.17941212322238,
              17.05841156517895
            ]
          ]
        ]
      }
    },
    {
      "type": "Feature",
      "id": "TG-RR-FNR-BRG-0410",
      "properties": {
        "parcel_id": "TG-RR-FNR-BRG-0410",
        "survey_no": "410",
        "survey_display": "410",
        "document_id": "DOC-BRG-0410",
        "village": "Burgul",
        "mandal": "Farooqnagar",
        "district": "Rangareddy",
        "state": "Telangana",
        "owner_name": "K. Venkateshwar Rao",
        "ocr_owner": "K. Venkateshwar Rao",
        "area_acres": 6.4,
        "ocr_area_acres": 6.4,
        "area_sq_meters": 25899.9,
        "centroid_lat": 17.060098,
        "centroid_lon": 78.185793,
        "verification_status": "REVIEW_REQUIRED",
        "validation_issue": "Low OCR confidence in handwritten Tippon annotation",
        "confidence_score": 0.62,
        "mutation_status": "APPROVED",
        "khata_number": "KH-410",
        "ulpin": "TG17060410987X"
      },
      "geometry": {
        "type": "Polygon",
        "coordinates": [
          [
            [
              78.18551250335643,
              17.06094823333739
            ],
            [
              78.18671620950356,
              17.06044458879434
            ],
            [
              78.18649350685946,
              17.05930287614824
            ],
            [
              78.18604028251762,
              17.059179445295698
            ],
            [
              78.18456540254616,
              17.06023682805121
            ],
            [
              78.18551250335643,
              17.06094823333739
            ]
          ]
        ]
      }
    },
    {
      "type": "Feature",
      "id": "TG-RR-FNR-BRG-0411",
      "properties": {
        "parcel_id": "TG-RR-FNR-BRG-0411",
        "survey_no": "411",
        "survey_display": "411",
        "document_id": "DOC-BRG-0411",
        "village": "Burgul",
        "mandal": "Farooqnagar",
        "district": "Rangareddy",
        "state": "Telangana",
        "owner_name": "M. Lakshmi Bai",
        "ocr_owner": "M. Lakshmi Bai",
        "area_acres": 5.89,
        "ocr_area_acres": 5.89,
        "area_sq_meters": 23836.0,
        "centroid_lat": 17.059657,
        "centroid_lon": 78.205216,
        "verification_status": "VERIFIED",
        "validation_issue": "",
        "confidence_score": 0.97,
        "mutation_status": "APPROVED",
        "khata_number": "KH-411",
        "ulpin": "TG17060411987X"
      },
      "geometry": {
        "type": "Polygon",
        "coordinates": [
          [
            [
              78.20436174134088,
              17.05913337319059
            ],
            [
              78.20423921457028,
              17.059632202929958
            ],
            [
              78.20569025019067,
              17.060646094103806
            ],
            [
              78.20625686456434,
              17.059972029357105
            ],
            [
              78.20502613121965,
              17.058662652106182
            ],
            [
              78.20436174134088,
              17.05913337319059
            ]
          ]
        ]
      }
    },
    {
      "type": "Feature",
      "id": "TG-RR-FNR-BRG-0412",
      "properties": {
        "parcel_id": "TG-RR-FNR-BRG-0412",
        "survey_no": "412",
        "survey_display": "412",
        "document_id": "DOC-BRG-0412",
        "village": "Burgul",
        "mandal": "Farooqnagar",
        "district": "Rangareddy",
        "state": "Telangana",
        "owner_name": "P. Anjaneyulu",
        "ocr_owner": "P. Anjaneyulu",
        "area_acres": 5.68,
        "ocr_area_acres": 6.13,
        "area_sq_meters": 22986.2,
        "centroid_lat": 17.05994,
        "centroid_lon": 78.193779,
        "verification_status": "CONFLICT",
        "validation_issue": "Area mismatch: Document states 6.13 Acres vs GIS 5.68 Acres (8.0% diff)",
        "confidence_score": 0.68,
        "mutation_status": "APPROVED",
        "khata_number": "KH-412",
        "ulpin": "TG17060412987X"
      },
      "geometry": {
        "type": "Polygon",
        "coordinates": [
          [
            [
              78.19504512277301,
              17.05998479287967
            ],
            [
              78.19404339637143,
              17.05902692656216
            ],
            [
              78.1922094839178,
              17.06063275146474
            ],
            [
              78.19222563471946,
              17.060667395780712
            ],
            [
              78.19226265470594,
              17.06067376647781
            ],
            [
              78.19508528610596,
              17.06011433051935
            ],
            [
              78.19504512277301,
              17.05998479287967
            ]
          ]
        ]
      }
    },
    {
      "type": "Feature",
      "id": "TG-RR-FNR-BRG-0413",
      "properties": {
        "parcel_id": "TG-RR-FNR-BRG-0413",
        "survey_no": "413",
        "survey_display": "413",
        "document_id": "DOC-BRG-0413",
        "village": "Burgul",
        "mandal": "Farooqnagar",
        "district": "Rangareddy",
        "state": "Telangana",
        "owner_name": "B. Satyanarayana",
        "ocr_owner": "B. Satyanarayana",
        "area_acres": 13.89,
        "ocr_area_acres": 13.89,
        "area_sq_meters": 56210.9,
        "centroid_lat": 17.05987,
        "centroid_lon": 78.168197,
        "verification_status": "VERIFIED",
        "validation_issue": "",
        "confidence_score": 0.98,
        "mutation_status": "APPROVED",
        "khata_number": "KH-413",
        "ulpin": "TG17060413987X"
      },
      "geometry": {
        "type": "Polygon",
        "coordinates": [
          [
            [
              78.16789624197612,
              17.06093598338011
            ],
            [
              78.16851208978598,
              17.061037055884444
            ],
            [
              78.16949199193196,
              17.06056514961047
            ],
            [
              78.16942325743841,
              17.05986054431339
            ],
            [
              78.16902663860867,
              17.058715490593983
            ],
            [
              78.16823487048468,
              17.058711198348668
            ],
            [
              78.16720712838067,
              17.05897623873113
            ],
            [
              78.16676467575398,
              17.060451080820087
            ],
            [
              78.16789624197612,
              17.06093598338011
            ]
          ]
        ]
      }
    },
    {
      "type": "Feature",
      "id": "TG-RR-FNR-BRG-0414",
      "properties": {
        "parcel_id": "TG-RR-FNR-BRG-0414",
        "survey_no": "414",
        "survey_display": "414",
        "document_id": "DOC-BRG-0414",
        "village": "Burgul",
        "mandal": "Farooqnagar",
        "district": "Rangareddy",
        "state": "Telangana",
        "owner_name": "T. Ramaiah",
        "ocr_owner": "T. Ramaiah",
        "area_acres": 10.32,
        "ocr_area_acres": 10.32,
        "area_sq_meters": 41763.6,
        "centroid_lat": 17.05979,
        "centroid_lon": 78.171102,
        "verification_status": "VERIFIED",
        "validation_issue": "",
        "confidence_score": 0.89,
        "mutation_status": "APPROVED",
        "khata_number": "KH-414",
        "ulpin": "TG17060414987X"
      },
      "geometry": {
        "type": "Polygon",
        "coordinates": [
          [
            [
              78.17082298899498,
              17.06106214977088
            ],
            [
              78.17140721951262,
              17.061056084838675
            ],
            [
              78.17218054950122,
              17.059159762620283
            ],
            [
              78.17103574763293,
              17.05827204230596
            ],
            [
              78.17051588033486,
              17.05911312463425
            ],
            [
              78.17007639284108,
              17.060697572676894
            ],
            [
              78.17082298899498,
              17.06106214977088
            ]
          ]
        ]
      }
    },
    {
      "type": "Feature",
      "id": "TG-RR-FNR-BRG-0415",
      "properties": {
        "parcel_id": "TG-RR-FNR-BRG-0415",
        "survey_no": "415",
        "survey_display": "415",
        "document_id": "DOC-BRG-0415",
        "village": "Burgul",
        "mandal": "Farooqnagar",
        "district": "Rangareddy",
        "state": "Telangana",
        "owner_name": "Ch. Madhava Reddy",
        "ocr_owner": "Ch. Madhava Reddy",
        "area_acres": 7.56,
        "ocr_area_acres": 7.56,
        "area_sq_meters": 30594.3,
        "centroid_lat": 17.059287,
        "centroid_lon": 78.197776,
        "verification_status": "VERIFIED",
        "validation_issue": "",
        "confidence_score": 0.99,
        "mutation_status": "APPROVED",
        "khata_number": "KH-415",
        "ulpin": "TG17060415987X"
      },
      "geometry": {
        "type": "Polygon",
        "coordinates": [
          [
            [
              78.19859057626326,
              17.058825819440717
            ],
            [
              78.19744135134879,
              17.05814170763614
            ],
            [
              78.19664955275482,
              17.060142877967095
            ],
            [
              78.19856070611432,
              17.05989318608434
            ],
            [
              78.19883327599354,
              17.05951975418882
            ],
            [
              78.19887355696737,
              17.059440903651904
            ],
            [
              78.19859057626326,
              17.058825819440717
            ]
          ]
        ]
      }
    },
    {
      "type": "Feature",
      "id": "TG-RR-FNR-BRG-0416",
      "properties": {
        "parcel_id": "TG-RR-FNR-BRG-0416",
        "survey_no": "416",
        "survey_display": "416",
        "document_id": "DOC-BRG-0416",
        "village": "Burgul",
        "mandal": "Farooqnagar",
        "district": "Rangareddy",
        "state": "Telangana",
        "owner_name": "V. Narsimha",
        "ocr_owner": "V. Narsimha",
        "area_acres": 3.65,
        "ocr_area_acres": 3.65,
        "area_sq_meters": 14771.0,
        "centroid_lat": 17.05974,
        "centroid_lon": 78.187114,
        "verification_status": "VERIFIED",
        "validation_issue": "",
        "confidence_score": 0.9,
        "mutation_status": "APPROVED",
        "khata_number": "KH-416",
        "ulpin": "TG17060416987X"
      },
      "geometry": {
        "type": "Polygon",
        "coordinates": [
          [
            [
              78.18649350685946,
              17.059302876148234
            ],
            [
              78.18671620950356,
              17.06044458879434
            ],
            [
              78.1867211282093,
              17.060446764705244
            ],
            [
              78.18731861759865,
              17.060281668828072
            ],
            [
              78.18802382120913,
              17.059826280396802
            ],
            [
              78.18693679197109,
              17.05898652575821
            ],
            [
              78.18649350685946,
              17.059302876148234
            ]
          ]
        ]
      }
    },
    {
      "type": "Feature",
      "id": "TG-RR-FNR-BRG-0417",
      "properties": {
        "parcel_id": "TG-RR-FNR-BRG-0417",
        "survey_no": "417",
        "survey_display": "417",
        "document_id": "DOC-BRG-0417",
        "village": "Burgul",
        "mandal": "Farooqnagar",
        "district": "Rangareddy",
        "state": "Telangana",
        "owner_name": "S. Kistamma",
        "ocr_owner": "S. Kistamma",
        "area_acres": 2.62,
        "ocr_area_acres": 2.62,
        "area_sq_meters": 10602.8,
        "centroid_lat": 17.059998,
        "centroid_lon": 78.169927,
        "verification_status": "VERIFIED",
        "validation_issue": "",
        "confidence_score": 0.97,
        "mutation_status": "APPROVED",
        "khata_number": "KH-417",
        "ulpin": "TG17060417987X"
      },
      "geometry": {
        "type": "Polygon",
        "coordinates": [
          [
            [
              78.16949199193198,
              17.060565149610472
            ],
            [
              78.17007639284108,
              17.060697572676887
            ],
            [
              78.17051588033486,
              17.059113124634255
            ],
            [
              78.16942325743841,
              17.059860544313334
            ],
            [
              78.16949199193198,
              17.060565149610472
            ]
          ]
        ]
      }
    },
    {
      "type": "Feature",
      "id": "TG-RR-FNR-BRG-0418",
      "properties": {
        "parcel_id": "TG-RR-FNR-BRG-0418",
        "survey_no": "418",
        "survey_display": "418",
        "document_id": "DOC-BRG-0418",
        "village": "Burgul",
        "mandal": "Farooqnagar",
        "district": "Rangareddy",
        "state": "Telangana",
        "owner_name": "A. Balraj",
        "ocr_owner": "A. Balraj",
        "area_acres": 5.91,
        "ocr_area_acres": 5.91,
        "area_sq_meters": 23916.9,
        "centroid_lat": 17.059366,
        "centroid_lon": 78.178361,
        "verification_status": "VERIFIED",
        "validation_issue": "",
        "confidence_score": 0.97,
        "mutation_status": "APPROVED",
        "khata_number": "KH-418",
        "ulpin": "TG17060418987X"
      },
      "geometry": {
        "type": "Polygon",
        "coordinates": [
          [
            [
              78.17810163087961,
              17.06071553354829
            ],
            [
              78.17835679542193,
              17.06043903768081
            ],
            [
              78.17926831604399,
              17.05841287084253
            ],
            [
              78.17862758711176,
              17.058197016631233
            ],
            [
              78.17750218375107,
              17.05964029195797
            ],
            [
              78.17810163087961,
              17.06071553354829
            ]
          ]
        ]
      }
    },
    {
      "type": "Feature",
      "id": "TG-RR-FNR-BRG-0419",
      "properties": {
        "parcel_id": "TG-RR-FNR-BRG-0419",
        "survey_no": "419",
        "survey_display": "419",
        "document_id": "DOC-BRG-0419",
        "village": "Burgul",
        "mandal": "Farooqnagar",
        "district": "Rangareddy",
        "state": "Telangana",
        "owner_name": "M. Mallesh Goud",
        "ocr_owner": "M. Mallesh Goud",
        "area_acres": 4.75,
        "ocr_area_acres": 4.75,
        "area_sq_meters": 19222.6,
        "centroid_lat": 17.059271,
        "centroid_lon": 78.189784,
        "verification_status": "VERIFIED",
        "validation_issue": "",
        "confidence_score": 0.92,
        "mutation_status": "APPROVED",
        "khata_number": "KH-419",
        "ulpin": "TG17060419987X"
      },
      "geometry": {
        "type": "Polygon",
        "coordinates": [
          [
            [
              78.19093255156002,
              17.05839766785715
            ],
            [
              78.19042321456213,
              17.058375273447098
            ],
            [
              78.18861948977967,
              17.059628308247653
            ],
            [
              78.18879050302655,
              17.0597815144811
            ],
            [
              78.18909316299279,
              17.0599677825415
            ],
            [
              78.18980806553762,
              17.060013838416754
            ],
            [
              78.19093255156002,
              17.05839766785715
            ]
          ]
        ]
      }
    },
    {
      "type": "Feature",
      "id": "TG-RR-FNR-BRG-0420",
      "properties": {
        "parcel_id": "TG-RR-FNR-BRG-0420",
        "survey_no": "420",
        "survey_display": "420",
        "document_id": "DOC-BRG-0420",
        "village": "Burgul",
        "mandal": "Farooqnagar",
        "district": "Rangareddy",
        "state": "Telangana",
        "owner_name": "K. Chandraiah",
        "ocr_owner": "K. Chandraiah",
        "area_acres": 17.01,
        "ocr_area_acres": 17.01,
        "area_sq_meters": 68837.1,
        "centroid_lat": 17.058686,
        "centroid_lon": 78.19261,
        "verification_status": "VERIFIED",
        "validation_issue": "",
        "confidence_score": 0.97,
        "mutation_status": "APPROVED",
        "khata_number": "KH-420",
        "ulpin": "TG17060420987X"
      },
      "geometry": {
        "type": "Polygon",
        "coordinates": [
          [
            [
              78.19311361571098,
              17.057070565980396
            ],
            [
              78.19297915056171,
              17.05702245481486
            ],
            [
              78.19188025153342,
              17.057372918128788
            ],
            [
              78.19134976838004,
              17.058270560800246
            ],
            [
              78.19198048567083,
              17.06033641981216
            ],
            [
              78.19220948391778,
              17.060632751464752
            ],
            [
              78.19404339637143,
              17.05902692656216
            ],
            [
              78.19318790440916,
              17.057127849992725
            ],
            [
              78.19311361571098,
              17.057070565980396
            ]
          ]
        ]
      }
    },
    {
      "type": "Feature",
      "id": "TG-RR-FNR-BRG-0421",
      "properties": {
        "parcel_id": "TG-RR-FNR-BRG-0421",
        "survey_no": "421",
        "survey_display": "421",
        "document_id": "DOC-BRG-0421",
        "village": "Burgul",
        "mandal": "Farooqnagar",
        "district": "Rangareddy",
        "state": "Telangana",
        "owner_name": "J. Ramachandra Reddy",
        "ocr_owner": "J. Ramachandra Reddy",
        "area_acres": 6.33,
        "ocr_area_acres": 6.33,
        "area_sq_meters": 25616.6,
        "centroid_lat": 17.058751,
        "centroid_lon": 78.169979,
        "verification_status": "VERIFIED",
        "validation_issue": "",
        "confidence_score": 0.97,
        "mutation_status": "APPROVED",
        "khata_number": "KH-421",
        "ulpin": "TG17060421987X"
      },
      "geometry": {
        "type": "Polygon",
        "coordinates": [
          [
            [
              78.17093565948824,
              17.058138565873374
            ],
            [
              78.17031539460699,
              17.057845683407287
            ],
            [
              78.17017279379682,
              17.057847881940564
            ],
            [
              78.16902663860868,
              17.05871549059399
            ],
            [
              78.1694232574384,
              17.059860544313334
            ],
            [
              78.17051588033485,
              17.059113124634255
            ],
            [
              78.17103574763291,
              17.058272042305962
            ],
            [
              78.17093565948824,
              17.058138565873374
            ]
          ]
        ]
      }
    },
    {
      "type": "Feature",
      "id": "TG-RR-FNR-BRG-0422",
      "properties": {
        "parcel_id": "TG-RR-FNR-BRG-0422",
        "survey_no": "422",
        "survey_display": "422",
        "document_id": "DOC-BRG-0422",
        "village": "Burgul",
        "mandal": "Farooqnagar",
        "district": "Rangareddy",
        "state": "Telangana",
        "owner_name": "D. Gopal Rao",
        "ocr_owner": "D. Gopal Rao",
        "area_acres": 10.68,
        "ocr_area_acres": 10.68,
        "area_sq_meters": 43220.5,
        "centroid_lat": 17.059213,
        "centroid_lon": 78.203025,
        "verification_status": "VERIFIED",
        "validation_issue": "",
        "confidence_score": 0.9,
        "mutation_status": "APPROVED",
        "khata_number": "KH-422",
        "ulpin": "TG17060422987X"
      },
      "geometry": {
        "type": "Polygon",
        "coordinates": [
          [
            [
              78.20423921457026,
              17.059632202929983
            ],
            [
              78.20436174134086,
              17.059133373190594
            ],
            [
              78.20301615838972,
              17.058229583966284
            ],
            [
              78.20259710066092,
              17.058170587265813
            ],
            [
              78.20148906342837,
              17.05876612605059
            ],
            [
              78.201459230568,
              17.058946774794023
            ],
            [
              78.20355830981944,
              17.060518561170504
            ],
            [
              78.20423921457026,
              17.059632202929983
            ]
          ]
        ]
      }
    },
    {
      "type": "Feature",
      "id": "TG-RR-FNR-BRG-0423",
      "properties": {
        "parcel_id": "TG-RR-FNR-BRG-0423",
        "survey_no": "423",
        "survey_display": "423",
        "document_id": "DOC-BRG-0423",
        "village": "Burgul",
        "mandal": "Farooqnagar",
        "district": "Rangareddy",
        "state": "Telangana",
        "owner_name": "R. Prabhakar",
        "ocr_owner": "R. Prabhakar",
        "area_acres": 10.57,
        "ocr_area_acres": 10.57,
        "area_sq_meters": 42775.3,
        "centroid_lat": 17.058852,
        "centroid_lon": 78.174745,
        "verification_status": "VERIFIED",
        "validation_issue": "",
        "confidence_score": 0.95,
        "mutation_status": "APPROVED",
        "khata_number": "KH-423",
        "ulpin": "TG17060423987X"
      },
      "geometry": {
        "type": "Polygon",
        "coordinates": [
          [
            [
              78.17333868056693,
              17.059015447723212
            ],
            [
              78.17508565052078,
              17.06014160729208
            ],
            [
              78.17605343887323,
              17.058778346675023
            ],
            [
              78.17462223689697,
              17.05750298470137
            ],
            [
              78.17333868056693,
              17.059015447723212
            ]
          ]
        ]
      }
    },
    {
      "type": "Feature",
      "id": "TG-RR-FNR-BRG-0424",
      "properties": {
        "parcel_id": "TG-RR-FNR-BRG-0424",
        "survey_no": "424",
        "survey_display": "424",
        "document_id": "DOC-BRG-0424",
        "village": "Burgul",
        "mandal": "Farooqnagar",
        "district": "Rangareddy",
        "state": "Telangana",
        "owner_name": "E. Yadagiri",
        "ocr_owner": "E. Yadagiri",
        "area_acres": 5.75,
        "ocr_area_acres": 5.75,
        "area_sq_meters": 23269.4,
        "centroid_lat": 17.058643,
        "centroid_lon": 78.20585,
        "verification_status": "VERIFIED",
        "validation_issue": "",
        "confidence_score": 0.97,
        "mutation_status": "APPROVED",
        "khata_number": "KH-424",
        "ulpin": "TG17060424987X"
      },
      "geometry": {
        "type": "Polygon",
        "coordinates": [
          [
            [
              78.20564738064922,
              17.057578778440647
            ],
            [
              78.20502613121965,
              17.058662652106182
            ],
            [
              78.20625686456434,
              17.059972029357105
            ],
            [
              78.2063728066788,
              17.059950854787747
            ],
            [
              78.20635038106164,
              17.058200762123285
            ],
            [
              78.206,
              17.0575
            ],
            [
              78.20594901427701,
              17.05743201903601
            ],
            [
              78.20564738064922,
              17.057578778440647
            ]
          ]
        ]
      }
    },
    {
      "type": "Feature",
      "id": "TG-RR-FNR-BRG-0425",
      "properties": {
        "parcel_id": "TG-RR-FNR-BRG-0425",
        "survey_no": "425",
        "survey_display": "425",
        "document_id": "DOC-BRG-0425",
        "village": "Burgul",
        "mandal": "Farooqnagar",
        "district": "Rangareddy",
        "state": "Telangana",
        "owner_name": "N. Shankaraiah",
        "ocr_owner": "A. Jagadeeshwar",
        "area_acres": 2.18,
        "ocr_area_acres": 2.18,
        "area_sq_meters": 8822.2,
        "centroid_lat": 17.05937,
        "centroid_lon": 78.206649,
        "verification_status": "CONFLICT",
        "validation_issue": "Owner mismatch: Deed titleholder 'N. Shankaraiah' vs Extracted 'A. Jagadeeshwar'",
        "confidence_score": 0.44,
        "mutation_status": "APPROVED",
        "khata_number": "KH-425",
        "ulpin": "TG17060425987X"
      },
      "geometry": {
        "type": "Polygon",
        "coordinates": [
          [
            [
              78.2063728066788,
              17.059950854787743
            ],
            [
              78.20723015638174,
              17.059960312763497
            ],
            [
              78.20635038106164,
              17.058200762123285
            ],
            [
              78.2063728066788,
              17.059950854787743
            ]
          ]
        ]
      }
    },
    {
      "type": "Feature",
      "id": "TG-RR-FNR-BRG-0426",
      "properties": {
        "parcel_id": "TG-RR-FNR-BRG-0426",
        "survey_no": "426",
        "survey_display": "426",
        "document_id": "DOC-BRG-0426",
        "village": "Burgul",
        "mandal": "Farooqnagar",
        "district": "Rangareddy",
        "state": "Telangana",
        "owner_name": "P. Suseela",
        "ocr_owner": "P. Suseela",
        "area_acres": 4.9,
        "ocr_area_acres": 4.9,
        "area_sq_meters": 19829.6,
        "centroid_lat": 17.058929,
        "centroid_lon": 78.187795,
        "verification_status": "VERIFIED",
        "validation_issue": "",
        "confidence_score": 0.96,
        "mutation_status": "APPROVED",
        "khata_number": "KH-426",
        "ulpin": "TG17060426987X"
      },
      "geometry": {
        "type": "Polygon",
        "coordinates": [
          [
            [
              78.18727263128054,
              17.05827630438732
            ],
            [
              78.18693679197109,
              17.05898652575821
            ],
            [
              78.18802382120913,
              17.059826280396805
            ],
            [
              78.18806723580381,
              17.05982326889776
            ],
            [
              78.18846655325248,
              17.059578092628932
            ],
            [
              78.18826366114666,
              17.058152619689565
            ],
            [
              78.18727263128054,
              17.05827630438732
            ]
          ]
        ]
      }
    },
    {
      "type": "Feature",
      "id": "TG-RR-FNR-BRG-0427",
      "properties": {
        "parcel_id": "TG-RR-FNR-BRG-0427",
        "survey_no": "427",
        "survey_display": "427",
        "document_id": "DOC-BRG-0427",
        "village": "Burgul",
        "mandal": "Farooqnagar",
        "district": "Rangareddy",
        "state": "Telangana",
        "owner_name": "B. Vittal Reddy",
        "ocr_owner": "B. Vittal Reddy",
        "area_acres": 12.6,
        "ocr_area_acres": 12.6,
        "area_sq_meters": 50990.4,
        "centroid_lat": 17.059085,
        "centroid_lon": 78.196237,
        "verification_status": "VERIFIED",
        "validation_issue": "",
        "confidence_score": 0.98,
        "mutation_status": "APPROVED",
        "khata_number": "KH-427",
        "ulpin": "TG17060427987X"
      },
      "geometry": {
        "type": "Polygon",
        "coordinates": [
          [
            [
              78.19725771245346,
              17.057780334984862
            ],
            [
              78.19607584172319,
              17.057695424979553
            ],
            [
              78.19594133283546,
              17.05773972334286
            ],
            [
              78.195045122773,
              17.059984792879632
            ],
            [
              78.19508528610596,
              17.06011433051937
            ],
            [
              78.19528518934821,
              17.060369993373595
            ],
            [
              78.19594594472241,
              17.060514665840632
            ],
            [
              78.19644069984786,
              17.06043103133557
            ],
            [
              78.19664955275479,
              17.06014287796714
            ],
            [
              78.19744135134877,
              17.058141707636132
            ],
            [
              78.19725771245346,
              17.057780334984862
            ]
          ]
        ]
      }
    },
    {
      "type": "Feature",
      "id": "TG-RR-FNR-BRG-0428",
      "properties": {
        "parcel_id": "TG-RR-FNR-BRG-0428",
        "survey_no": "428",
        "survey_display": "428",
        "document_id": "DOC-BRG-0428",
        "village": "Burgul",
        "mandal": "Farooqnagar",
        "district": "Rangareddy",
        "state": "Telangana",
        "owner_name": "K. Padma",
        "ocr_owner": "K. Padma",
        "area_acres": 4.35,
        "ocr_area_acres": 4.35,
        "area_sq_meters": 17603.8,
        "centroid_lat": 17.059048,
        "centroid_lon": 78.185292,
        "verification_status": "VERIFIED",
        "validation_issue": "",
        "confidence_score": 0.88,
        "mutation_status": "APPROVED",
        "khata_number": "KH-428",
        "ulpin": "TG17060428987X"
      },
      "geometry": {
        "type": "Polygon",
        "coordinates": [
          [
            [
              78.18530189085575,
              17.057734216822045
            ],
            [
              78.18528455670291,
              17.057734900022897
            ],
            [
              78.18455068497708,
              17.060233521332773
            ],
            [
              78.18456540254616,
              17.06023682805121
            ],
            [
              78.18604028251764,
              17.0591794452957
            ],
            [
              78.18530189085575,
              17.057734216822045
            ]
          ]
        ]
      }
    },
    {
      "type": "Feature",
      "id": "TG-RR-FNR-BRG-0429",
      "properties": {
        "parcel_id": "TG-RR-FNR-BRG-0429",
        "survey_no": "429",
        "survey_display": "429",
        "document_id": "DOC-BRG-0429",
        "village": "Burgul",
        "mandal": "Farooqnagar",
        "district": "Rangareddy",
        "state": "Telangana",
        "owner_name": "G. Lingaiah",
        "ocr_owner": "G. Lingaiah",
        "area_acres": 8.1,
        "ocr_area_acres": 8.1,
        "area_sq_meters": 32779.6,
        "centroid_lat": 17.05862,
        "centroid_lon": 78.177404,
        "verification_status": "VERIFIED",
        "validation_issue": "",
        "confidence_score": 0.96,
        "mutation_status": "APPROVED",
        "khata_number": "KH-429",
        "ulpin": "TG17060429987X"
      },
      "geometry": {
        "type": "Polygon",
        "coordinates": [
          [
            [
              78.17777938690425,
              17.057515124241153
            ],
            [
              78.17611203297793,
              17.05878299215617
            ],
            [
              78.17664071116869,
              17.059390222275677
            ],
            [
              78.17750218375107,
              17.059640291957958
            ],
            [
              78.17862758711176,
              17.058197016631233
            ],
            [
              78.17777938690425,
              17.057515124241153
            ]
          ]
        ]
      }
    },
    {
      "type": "Feature",
      "id": "TG-RR-FNR-BRG-0430",
      "properties": {
        "parcel_id": "TG-RR-FNR-BRG-0430",
        "survey_no": "430",
        "survey_display": "430",
        "document_id": "DOC-BRG-0430",
        "village": "Burgul",
        "mandal": "Farooqnagar",
        "district": "Rangareddy",
        "state": "Telangana",
        "owner_name": "M. Krishna Murthy",
        "ocr_owner": "M. Krishna Murthy",
        "area_acres": 5.88,
        "ocr_area_acres": 5.88,
        "area_sq_meters": 23795.5,
        "centroid_lat": 17.058633,
        "centroid_lon": 78.189066,
        "verification_status": "VERIFIED",
        "validation_issue": "",
        "confidence_score": 0.98,
        "mutation_status": "APPROVED",
        "khata_number": "KH-430",
        "ulpin": "TG17060430987X"
      },
      "geometry": {
        "type": "Polygon",
        "coordinates": [
          [
            [
              78.18856491389296,
              17.05784652638556
            ],
            [
              78.18826366114665,
              17.058152619689572
            ],
            [
              78.18846655325247,
              17.05957809262894
            ],
            [
              78.18861948977967,
              17.05962830824766
            ],
            [
              78.19042321456213,
              17.058375273447094
            ],
            [
              78.18856491389296,
              17.05784652638556
            ]
          ]
        ]
      }
    },
    {
      "type": "Feature",
      "id": "TG-RR-FNR-BRG-0431",
      "properties": {
        "parcel_id": "TG-RR-FNR-BRG-0431",
        "survey_no": "431",
        "survey_display": "431",
        "document_id": "DOC-BRG-0431",
        "village": "Burgul",
        "mandal": "Farooqnagar",
        "district": "Rangareddy",
        "state": "Telangana",
        "owner_name": "S. Venkat Reddy",
        "ocr_owner": "S. Venkat Reddy",
        "area_acres": 10.95,
        "ocr_area_acres": 10.95,
        "area_sq_meters": 44313.1,
        "centroid_lat": 17.05896,
        "centroid_lon": 78.184126,
        "verification_status": "VERIFIED",
        "validation_issue": "",
        "confidence_score": 0.94,
        "mutation_status": "APPROVED",
        "khata_number": "KH-431",
        "ulpin": "TG17060431987X"
      },
      "geometry": {
        "type": "Polygon",
        "coordinates": [
          [
            [
              78.18277360885331,
              17.059234450662373
            ],
            [
              78.1839302410659,
              17.060251551815888
            ],
            [
              78.18455068497708,
              17.060233521332776
            ],
            [
              78.18528455670291,
              17.057734900022893
            ],
            [
              78.18496945428211,
              17.05765852043254
            ],
            [
              78.18377498175101,
              17.05804220272294
            ],
            [
              78.18277360885331,
              17.059234450662373
            ]
          ]
        ]
      }
    },
    {
      "type": "Feature",
      "id": "TG-RR-FNR-BRG-0432",
      "properties": {
        "parcel_id": "TG-RR-FNR-BRG-0432",
        "survey_no": "432",
        "survey_display": "432",
        "document_id": "DOC-BRG-0432",
        "village": "Burgul",
        "mandal": "Farooqnagar",
        "district": "Rangareddy",
        "state": "Telangana",
        "owner_name": "A. Jagadeeshwar",
        "ocr_owner": "A. Jagadeeshwar",
        "area_acres": 11.8,
        "ocr_area_acres": 11.8,
        "area_sq_meters": 47752.9,
        "centroid_lat": 17.058752,
        "centroid_lon": 78.200104,
        "verification_status": "VERIFIED",
        "validation_issue": "",
        "confidence_score": 0.94,
        "mutation_status": "APPROVED",
        "khata_number": "KH-432",
        "ulpin": "TG17060432987X"
      },
      "geometry": {
        "type": "Polygon",
        "coordinates": [
          [
            [
              78.20141423691138,
              17.059012962169504
            ],
            [
              78.201459230568,
              17.05894677479402
            ],
            [
              78.20148906342835,
              17.05876612605061
            ],
            [
              78.20044019208706,
              17.05738172612552
            ],
            [
              78.19859057626324,
              17.05882581944071
            ],
            [
              78.19887355696737,
              17.059440903651904
            ],
            [
              78.20013593361939,
              17.059792918697763
            ],
            [
              78.20116616153283,
              17.05932767396427
            ],
            [
              78.20141423691138,
              17.059012962169504
            ]
          ]
        ]
      }
    },
    {
      "type": "Feature",
      "id": "TG-RR-FNR-BRG-0433",
      "properties": {
        "parcel_id": "TG-RR-FNR-BRG-0433",
        "survey_no": "433",
        "survey_display": "433",
        "document_id": "DOC-BRG-0433",
        "village": "Burgul",
        "mandal": "Farooqnagar",
        "district": "Rangareddy",
        "state": "Telangana",
        "owner_name": "G. Srinivas Reddy",
        "ocr_owner": "G. Srinivas Reddy",
        "area_acres": 11.36,
        "ocr_area_acres": 11.36,
        "area_sq_meters": 45972.3,
        "centroid_lat": 17.058344,
        "centroid_lon": 78.194637,
        "verification_status": "VERIFIED",
        "validation_issue": "",
        "confidence_score": 0.9,
        "mutation_status": "APPROVED",
        "khata_number": "KH-433",
        "ulpin": "TG17060433987X"
      },
      "geometry": {
        "type": "Polygon",
        "coordinates": [
          [
            [
              78.19318790440916,
              17.05712784999272
            ],
            [
              78.19404339637143,
              17.059026926562154
            ],
            [
              78.195045122773,
              17.05998479287965
            ],
            [
              78.19594133283546,
              17.057739723342852
            ],
            [
              78.19318790440916,
              17.05712784999272
            ]
          ]
        ]
      }
    },
    {
      "type": "Feature",
      "id": "TG-RR-FNR-BRG-0434",
      "properties": {
        "parcel_id": "TG-RR-FNR-BRG-0434",
        "survey_no": "434",
        "survey_display": "434",
        "document_id": "DOC-BRG-0434",
        "village": "Burgul",
        "mandal": "Farooqnagar",
        "district": "Rangareddy",
        "state": "Telangana",
        "owner_name": "K. Venkateshwar Rao",
        "ocr_owner": "K. Venkateshwar Rao",
        "area_acres": 6.68,
        "ocr_area_acres": 6.68,
        "area_sq_meters": 27033.0,
        "centroid_lat": 17.058298,
        "centroid_lon": 78.186305,
        "verification_status": "VERIFIED",
        "validation_issue": "",
        "confidence_score": 0.99,
        "mutation_status": "APPROVED",
        "khata_number": "KH-434",
        "ulpin": "TG17060434987X"
      },
      "geometry": {
        "type": "Polygon",
        "coordinates": [
          [
            [
              78.18660283858547,
              17.057580259513895
            ],
            [
              78.18589696507208,
              17.057382564347204
            ],
            [
              78.18530189085575,
              17.057734216822045
            ],
            [
              78.18604028251762,
              17.059179445295698
            ],
            [
              78.18649350685946,
              17.059302876148237
            ],
            [
              78.18693679197109,
              17.058986525758215
            ],
            [
              78.18727263128054,
              17.058276304387316
            ],
            [
              78.18660283858547,
              17.057580259513895
            ]
          ]
        ]
      }
    },
    {
      "type": "Feature",
      "id": "TG-RR-FNR-BRG-0435",
      "properties": {
        "parcel_id": "TG-RR-FNR-BRG-0435",
        "survey_no": "435",
        "survey_display": "435",
        "document_id": "DOC-BRG-0435",
        "village": "Burgul",
        "mandal": "Farooqnagar",
        "district": "Rangareddy",
        "state": "Telangana",
        "owner_name": "M. Lakshmi Bai",
        "ocr_owner": "M. Lakshmi Bai",
        "area_acres": 8.93,
        "ocr_area_acres": 8.93,
        "area_sq_meters": 36138.5,
        "centroid_lat": 17.058036,
        "centroid_lon": 78.204377,
        "verification_status": "VERIFIED",
        "validation_issue": "",
        "confidence_score": 0.98,
        "mutation_status": "APPROVED",
        "khata_number": "KH-435",
        "ulpin": "TG17060435987X"
      },
      "geometry": {
        "type": "Polygon",
        "coordinates": [
          [
            [
              78.20564738064922,
              17.057578778440647
            ],
            [
              78.20427573168557,
              17.05698132992632
            ],
            [
              78.20301615838973,
              17.058229583966288
            ],
            [
              78.20436174134088,
              17.05913337319059
            ],
            [
              78.20502613121965,
              17.058662652106182
            ],
            [
              78.20564738064922,
              17.057578778440647
            ]
          ]
        ]
      }
    },
    {
      "type": "Feature",
      "id": "TG-RR-FNR-BRG-0436",
      "properties": {
        "parcel_id": "TG-RR-FNR-BRG-0436",
        "survey_no": "436",
        "survey_display": "436",
        "document_id": "DOC-BRG-0436",
        "village": "Burgul",
        "mandal": "Farooqnagar",
        "district": "Rangareddy",
        "state": "Telangana",
        "owner_name": "P. Anjaneyulu",
        "ocr_owner": "P. Anjaneyulu",
        "area_acres": 5.77,
        "ocr_area_acres": 5.77,
        "area_sq_meters": 23350.4,
        "centroid_lat": 17.057902,
        "centroid_lon": 78.169105,
        "verification_status": "VERIFIED",
        "validation_issue": "",
        "confidence_score": 0.93,
        "mutation_status": "APPROVED",
        "khata_number": "KH-436",
        "ulpin": "TG17060436987X"
      },
      "geometry": {
        "type": "Polygon",
        "coordinates": [
          [
            [
              78.1690266386087,
              17.058715490593983
            ],
            [
              78.17017279379682,
              17.05784788194057
            ],
            [
              78.16901184863057,
              17.05679262354576
            ],
            [
              78.16832313498104,
              17.05819822819147
            ],
            [
              78.16823487048467,
              17.058711198348668
            ],
            [
              78.1690266386087,
              17.058715490593983
            ]
          ]
        ]
      }
    },
    {
      "type": "Feature",
      "id": "TG-RR-FNR-BRG-0437",
      "properties": {
        "parcel_id": "TG-RR-FNR-BRG-0437",
        "survey_no": "437",
        "survey_display": "437",
        "document_id": "DOC-BRG-0437",
        "village": "Burgul",
        "mandal": "Farooqnagar",
        "district": "Rangareddy",
        "state": "Telangana",
        "owner_name": "B. Satyanarayana",
        "ocr_owner": "B. Satyanarayana",
        "area_acres": 10.92,
        "ocr_area_acres": 10.92,
        "area_sq_meters": 44191.7,
        "centroid_lat": 17.057686,
        "centroid_lon": 78.198629,
        "verification_status": "VERIFIED",
        "validation_issue": "",
        "confidence_score": 0.91,
        "mutation_status": "APPROVED",
        "khata_number": "KH-437",
        "ulpin": "TG17060437987X"
      },
      "geometry": {
        "type": "Polygon",
        "coordinates": [
          [
            [
              78.19725771245346,
              17.057780334984876
            ],
            [
              78.19744135134877,
              17.058141707636132
            ],
            [
              78.19859057626324,
              17.058825819440713
            ],
            [
              78.20044019208706,
              17.057381726125527
            ],
            [
              78.2004299421879,
              17.057321389752644
            ],
            [
              78.19780258183752,
              17.056704059673265
            ],
            [
              78.19725771245346,
              17.057780334984876
            ]
          ]
        ]
      }
    },
    {
      "type": "Feature",
      "id": "TG-RR-FNR-BRG-0438",
      "properties": {
        "parcel_id": "TG-RR-FNR-BRG-0438",
        "survey_no": "438",
        "survey_display": "438",
        "document_id": "DOC-BRG-0438",
        "village": "Burgul",
        "mandal": "Farooqnagar",
        "district": "Rangareddy",
        "state": "Telangana",
        "owner_name": "T. Ramaiah",
        "ocr_owner": "T. Ramaiah",
        "area_acres": 11.3,
        "ocr_area_acres": 11.3,
        "area_sq_meters": 45729.5,
        "centroid_lat": 17.057754,
        "centroid_lon": 78.173383,
        "verification_status": "VERIFIED",
        "validation_issue": "",
        "confidence_score": 0.93,
        "mutation_status": "APPROVED",
        "khata_number": "KH-438",
        "ulpin": "TG17060438987X"
      },
      "geometry": {
        "type": "Polygon",
        "coordinates": [
          [
            [
              78.1730472184202,
              17.059140159078815
            ],
            [
              78.17333868056693,
              17.05901544772321
            ],
            [
              78.17462223689697,
              17.057502984701376
            ],
            [
              78.1746110093654,
              17.05721493814173
            ],
            [
              78.17385079185537,
              17.05653718386332
            ],
            [
              78.1728418822552,
              17.0565125817056
            ],
            [
              78.17234097233383,
              17.059131247853447
            ],
            [
              78.1730472184202,
              17.059140159078815
            ]
          ]
        ]
      }
    },
    {
      "type": "Feature",
      "id": "TG-RR-FNR-BRG-0439",
      "properties": {
        "parcel_id": "TG-RR-FNR-BRG-0439",
        "survey_no": "439",
        "survey_display": "439",
        "document_id": "DOC-BRG-0439",
        "village": "Burgul",
        "mandal": "Farooqnagar",
        "district": "Rangareddy",
        "state": "Telangana",
        "owner_name": "Ch. Madhava Reddy",
        "ocr_owner": "Ch. Madhava Reddy",
        "area_acres": 3.81,
        "ocr_area_acres": 3.81,
        "area_sq_meters": 15418.5,
        "centroid_lat": 17.058067,
        "centroid_lon": 78.167897,
        "verification_status": "VERIFIED",
        "validation_issue": "",
        "confidence_score": 0.89,
        "mutation_status": "APPROVED",
        "khata_number": "KH-439",
        "ulpin": "TG17060439987X"
      },
      "geometry": {
        "type": "Polygon",
        "coordinates": [
          [
            [
              78.16823487048467,
              17.05871119834867
            ],
            [
              78.16832313498105,
              17.058198228191387
            ],
            [
              78.16830138006385,
              17.056664366560263
            ],
            [
              78.1675,
              17.058
            ],
            [
              78.16720712838067,
              17.05897623873113
            ],
            [
              78.16823487048467,
              17.05871119834867
            ]
          ]
        ]
      }
    },
    {
      "type": "Feature",
      "id": "TG-RR-FNR-BRG-0440",
      "properties": {
        "parcel_id": "TG-RR-FNR-BRG-0440",
        "survey_no": "440",
        "survey_display": "440",
        "document_id": "DOC-BRG-0440",
        "village": "Burgul",
        "mandal": "Farooqnagar",
        "district": "Rangareddy",
        "state": "Telangana",
        "owner_name": "V. Narsimha",
        "ocr_owner": "V. Narsimha",
        "area_acres": 2.05,
        "ocr_area_acres": 2.05,
        "area_sq_meters": 8296.1,
        "centroid_lat": 17.05707,
        "centroid_lon": 78.168564,
        "verification_status": "VERIFIED",
        "validation_issue": "",
        "confidence_score": 0.91,
        "mutation_status": "APPROVED",
        "khata_number": "KH-440",
        "ulpin": "TG17060440987X"
      },
      "geometry": {
        "type": "Polygon",
        "coordinates": [
          [
            [
              78.16832313498105,
              17.058198228191447
            ],
            [
              78.16901184863059,
              17.05679262354576
            ],
            [
              78.16854767624127,
              17.056253872931226
            ],
            [
              78.16830138006385,
              17.056664366560263
            ],
            [
              78.16832313498105,
              17.058198228191447
            ]
          ]
        ]
      }
    },
    {
      "type": "Feature",
      "id": "TG-RR-FNR-BRG-0441",
      "properties": {
        "parcel_id": "TG-RR-FNR-BRG-0441",
        "survey_no": "441",
        "survey_display": "441",
        "document_id": "DOC-BRG-0441",
        "village": "Burgul",
        "mandal": "Farooqnagar",
        "district": "Rangareddy",
        "state": "Telangana",
        "owner_name": "S. Kistamma",
        "ocr_owner": "S. Kistamma",
        "area_acres": 7.95,
        "ocr_area_acres": 7.95,
        "area_sq_meters": 32172.5,
        "centroid_lat": 17.057806,
        "centroid_lon": 78.172013,
        "verification_status": "VERIFIED",
        "validation_issue": "",
        "confidence_score": 0.9,
        "mutation_status": "APPROVED",
        "khata_number": "KH-441",
        "ulpin": "TG17060441987X"
      },
      "geometry": {
        "type": "Polygon",
        "coordinates": [
          [
            [
              78.1710357476329,
              17.058272042305944
            ],
            [
              78.17218054950122,
              17.059159762620283
            ],
            [
              78.17234097233381,
              17.05913124785345
            ],
            [
              78.1728418822552,
              17.056512581705604
            ],
            [
              78.17269863461928,
              17.056467201090705
            ],
            [
              78.17206858626284,
              17.0566623242096
            ],
            [
              78.17093565948825,
              17.058138565873396
            ],
            [
              78.1710357476329,
              17.058272042305944
            ]
          ]
        ]
      }
    },
    {
      "type": "Feature",
      "id": "TG-RR-FNR-BRG-0442",
      "properties": {
        "parcel_id": "TG-RR-FNR-BRG-0442",
        "survey_no": "442",
        "survey_display": "442",
        "document_id": "DOC-BRG-0442",
        "village": "Burgul",
        "mandal": "Farooqnagar",
        "district": "Rangareddy",
        "state": "Telangana",
        "owner_name": "A. Balraj",
        "ocr_owner": "A. Balraj",
        "area_acres": 13.52,
        "ocr_area_acres": 13.52,
        "area_sq_meters": 54713.5,
        "centroid_lat": 17.057448,
        "centroid_lon": 78.176185,
        "verification_status": "VERIFIED",
        "validation_issue": "",
        "confidence_score": 0.94,
        "mutation_status": "APPROVED",
        "khata_number": "KH-442",
        "ulpin": "TG17060442987X"
      },
      "geometry": {
        "type": "Polygon",
        "coordinates": [
          [
            [
              78.1746110093654,
              17.05721493814174
            ],
            [
              78.17462223689697,
              17.05750298470137
            ],
            [
              78.17605343887323,
              17.05877834667503
            ],
            [
              78.17611203297793,
              17.058782992156175
            ],
            [
              78.17777938690425,
              17.05751512424115
            ],
            [
              78.17765093952926,
              17.05693660257822
            ],
            [
              78.1776051155221,
              17.056864183250187
            ],
            [
              78.17579281017125,
              17.056317623276634
            ],
            [
              78.1746110093654,
              17.05721493814174
            ]
          ]
        ]
      }
    },
    {
      "type": "Feature",
      "id": "TG-RR-FNR-BRG-0443",
      "properties": {
        "parcel_id": "TG-RR-FNR-BRG-0443",
        "survey_no": "443",
        "survey_display": "443",
        "document_id": "DOC-BRG-0443",
        "village": "Burgul",
        "mandal": "Farooqnagar",
        "district": "Rangareddy",
        "state": "Telangana",
        "owner_name": "M. Mallesh Goud",
        "ocr_owner": "M. Mallesh Goud",
        "area_acres": 7.37,
        "ocr_area_acres": 7.37,
        "area_sq_meters": 29825.4,
        "centroid_lat": 17.057381,
        "centroid_lon": 78.187758,
        "verification_status": "VERIFIED",
        "validation_issue": "",
        "confidence_score": 0.88,
        "mutation_status": "APPROVED",
        "khata_number": "KH-443",
        "ulpin": "TG17060443987X"
      },
      "geometry": {
        "type": "Polygon",
        "coordinates": [
          [
            [
              78.18856491389296,
              17.057846526385568
            ],
            [
              78.188450178305,
              17.056420719215158
            ],
            [
              78.1879869767301,
              17.05625089464178
            ],
            [
              78.18660283858549,
              17.0575802595139
            ],
            [
              78.18727263128054,
              17.058276304387316
            ],
            [
              78.18826366114666,
              17.058152619689565
            ],
            [
              78.18856491389296,
              17.057846526385568
            ]
          ]
        ]
      }
    },
    {
      "type": "Feature",
      "id": "TG-RR-FNR-BRG-0444",
      "properties": {
        "parcel_id": "TG-RR-FNR-BRG-0444",
        "survey_no": "444",
        "survey_display": "444",
        "document_id": "DOC-BRG-0444",
        "village": "Burgul",
        "mandal": "Farooqnagar",
        "district": "Rangareddy",
        "state": "Telangana",
        "owner_name": "K. Chandraiah",
        "ocr_owner": "K. Chandraiah",
        "area_acres": 9.39,
        "ocr_area_acres": 9.39,
        "area_sq_meters": 38000.0,
        "centroid_lat": 17.057907,
        "centroid_lon": 78.182791,
        "verification_status": "VERIFIED",
        "validation_issue": "",
        "confidence_score": 0.98,
        "mutation_status": "APPROVED",
        "khata_number": "KH-444",
        "ulpin": "TG17060444987X"
      },
      "geometry": {
        "type": "Polygon",
        "coordinates": [
          [
            [
              78.18203482237055,
              17.05918032926876
            ],
            [
              78.18277360885331,
              17.05923445066237
            ],
            [
              78.183774981751,
              17.058042202722948
            ],
            [
              78.18328644000111,
              17.056768374463708
            ],
            [
              78.1822462313557,
              17.05657359064615
            ],
            [
              78.18203482237055,
              17.05918032926876
            ]
          ]
        ]
      }
    },
    {
      "type": "Feature",
      "id": "TG-RR-FNR-BRG-0445",
      "properties": {
        "parcel_id": "TG-RR-FNR-BRG-0445",
        "survey_no": "445",
        "survey_display": "445",
        "document_id": "DOC-BRG-0445",
        "village": "Burgul",
        "mandal": "Farooqnagar",
        "district": "Rangareddy",
        "state": "Telangana",
        "owner_name": "J. Ramachandra Reddy",
        "ocr_owner": "J. Ramachandra Reddy",
        "area_acres": 11.31,
        "ocr_area_acres": 11.31,
        "area_sq_meters": 45770.0,
        "centroid_lat": 17.057496,
        "centroid_lon": 78.181547,
        "verification_status": "VERIFIED",
        "validation_issue": "",
        "confidence_score": 0.9,
        "mutation_status": "APPROVED",
        "khata_number": "KH-445",
        "ulpin": "TG17060445987X"
      },
      "geometry": {
        "type": "Polygon",
        "coordinates": [
          [
            [
              78.1816991594032,
              17.055834521649043
            ],
            [
              78.18118411921462,
              17.055540932898545
            ],
            [
              78.18100484138863,
              17.05557206744916
            ],
            [
              78.18098784056258,
              17.059084993071853
            ],
            [
              78.18149391345739,
              17.059333387657613
            ],
            [
              78.18203482237055,
              17.05918032926876
            ],
            [
              78.1822462313557,
              17.05657359064615
            ],
            [
              78.1816991594032,
              17.055834521649043
            ]
          ]
        ]
      }
    },
    {
      "type": "Feature",
      "id": "TG-RR-FNR-BRG-0446",
      "properties": {
        "parcel_id": "TG-RR-FNR-BRG-0446",
        "survey_no": "446",
        "survey_display": "446",
        "document_id": "DOC-BRG-0446",
        "village": "Burgul",
        "mandal": "Farooqnagar",
        "district": "Rangareddy",
        "state": "Telangana",
        "owner_name": "D. Gopal Rao",
        "ocr_owner": "D. Gopal Rao",
        "area_acres": 10.82,
        "ocr_area_acres": 10.82,
        "area_sq_meters": 43787.0,
        "centroid_lat": 17.057475,
        "centroid_lon": 78.180399,
        "verification_status": "VERIFIED",
        "validation_issue": "",
        "confidence_score": 0.89,
        "mutation_status": "APPROVED",
        "khata_number": "KH-446",
        "ulpin": "TG17060446987X"
      },
      "geometry": {
        "type": "Polygon",
        "coordinates": [
          [
            [
              78.180772486884,
              17.055543469508017
            ],
            [
              78.17994923620759,
              17.05650284589307
            ],
            [
              78.17941212322236,
              17.058411565178947
            ],
            [
              78.18062649346548,
              17.059017015321913
            ],
            [
              78.18098784056258,
              17.059084993071853
            ],
            [
              78.18100484138863,
              17.055572067449162
            ],
            [
              78.180772486884,
              17.055543469508017
            ]
          ]
        ]
      }
    },
    {
      "type": "Feature",
      "id": "TG-RR-FNR-BRG-0447",
      "properties": {
        "parcel_id": "TG-RR-FNR-BRG-0447",
        "survey_no": "447",
        "survey_display": "447",
        "document_id": "DOC-BRG-0447",
        "village": "Burgul",
        "mandal": "Farooqnagar",
        "district": "Rangareddy",
        "state": "Telangana",
        "owner_name": "R. Prabhakar",
        "ocr_owner": "R. Prabhakar",
        "area_acres": 4.42,
        "ocr_area_acres": 4.42,
        "area_sq_meters": 17887.1,
        "centroid_lat": 17.057357,
        "centroid_lon": 78.203324,
        "verification_status": "VERIFIED",
        "validation_issue": "",
        "confidence_score": 0.96,
        "mutation_status": "APPROVED",
        "khata_number": "KH-447",
        "ulpin": "TG17060447987X"
      },
      "geometry": {
        "type": "Polygon",
        "coordinates": [
          [
            [
              78.2040225803278,
              17.056643789653023
            ],
            [
              78.20379256139313,
              17.056527869282583
            ],
            [
              78.20264726501199,
              17.05721583549845
            ],
            [
              78.20259710066092,
              17.058170587265813
            ],
            [
              78.20301615838973,
              17.058229583966284
            ],
            [
              78.20427573168557,
              17.056981329926312
            ],
            [
              78.2040225803278,
              17.056643789653023
            ]
          ]
        ]
      }
    },
    {
      "type": "Feature",
      "id": "TG-RR-FNR-BRG-0448",
      "properties": {
        "parcel_id": "TG-RR-FNR-BRG-0448",
        "survey_no": "448",
        "survey_display": "448",
        "document_id": "DOC-BRG-0448",
        "village": "Burgul",
        "mandal": "Farooqnagar",
        "district": "Rangareddy",
        "state": "Telangana",
        "owner_name": "E. Yadagiri",
        "ocr_owner": "E. Yadagiri",
        "area_acres": 18.84,
        "ocr_area_acres": 18.84,
        "area_sq_meters": 76242.8,
        "centroid_lat": 17.057116,
        "centroid_lon": 78.190049,
        "verification_status": "VERIFIED",
        "validation_issue": "",
        "confidence_score": 0.98,
        "mutation_status": "APPROVED",
        "khata_number": "KH-448",
        "ulpin": "TG17060448987X"
      },
      "geometry": {
        "type": "Polygon",
        "coordinates": [
          [
            [
              78.19188025153342,
              17.057372918128795
            ],
            [
              78.19011499910795,
              17.055551910604315
            ],
            [
              78.1900426642803,
              17.055510994432577
            ],
            [
              78.188450178305,
              17.056420719215158
            ],
            [
              78.18856491389296,
              17.05784652638556
            ],
            [
              78.19042321456214,
              17.058375273447098
            ],
            [
              78.19093255156002,
              17.05839766785715
            ],
            [
              78.19134976838005,
              17.05827056080023
            ],
            [
              78.19188025153342,
              17.057372918128795
            ]
          ]
        ]
      }
    },
    {
      "type": "Feature",
      "id": "TG-RR-FNR-BRG-0449",
      "properties": {
        "parcel_id": "TG-RR-FNR-BRG-0449",
        "survey_no": "449",
        "survey_display": "449",
        "document_id": "DOC-BRG-0449",
        "village": "Burgul",
        "mandal": "Farooqnagar",
        "district": "Rangareddy",
        "state": "Telangana",
        "owner_name": "N. Shankaraiah",
        "ocr_owner": "N. Shankaraiah",
        "area_acres": 12.42,
        "ocr_area_acres": 12.42,
        "area_sq_meters": 50262.0,
        "centroid_lat": 17.057294,
        "centroid_lon": 78.201587,
        "verification_status": "VERIFIED",
        "validation_issue": "",
        "confidence_score": 0.97,
        "mutation_status": "APPROVED",
        "khata_number": "KH-449",
        "ulpin": "TG17060449987X"
      },
      "geometry": {
        "type": "Polygon",
        "coordinates": [
          [
            [
              78.2004299421879,
              17.057321389752637
            ],
            [
              78.20044019208706,
              17.057381726125538
            ],
            [
              78.20148906342835,
              17.05876612605059
            ],
            [
              78.20259710066092,
              17.058170587265813
            ],
            [
              78.20264726501199,
              17.057215835498447
            ],
            [
              78.20193352583625,
              17.055920490908516
            ],
            [
              78.20075437947092,
              17.05621764090551
            ],
            [
              78.2004299421879,
              17.057321389752637
            ]
          ]
        ]
      }
    },
    {
      "type": "Feature",
      "id": "TG-RR-FNR-BRG-0450",
      "properties": {
        "parcel_id": "TG-RR-FNR-BRG-0450",
        "survey_no": "450",
        "survey_display": "450",
        "document_id": "DOC-BRG-0450",
        "village": "Burgul",
        "mandal": "Farooqnagar",
        "district": "Rangareddy",
        "state": "Telangana",
        "owner_name": "P. Suseela",
        "ocr_owner": "P. Suseela",
        "area_acres": 5.37,
        "ocr_area_acres": 5.8,
        "area_sq_meters": 21731.6,
        "centroid_lat": 17.057146,
        "centroid_lon": 78.184074,
        "verification_status": "CONFLICT",
        "validation_issue": "Area mismatch: Document states 5.8 Acres vs GIS 5.37 Acres (8.0% diff)",
        "confidence_score": 0.68,
        "mutation_status": "APPROVED",
        "khata_number": "KH-450",
        "ulpin": "TG17060450987X"
      },
      "geometry": {
        "type": "Polygon",
        "coordinates": [
          [
            [
              78.18393214997444,
              17.05611065117735
            ],
            [
              78.18328644000111,
              17.056768374463715
            ],
            [
              78.183774981751,
              17.05804220272294
            ],
            [
              78.18496945428211,
              17.057658520432536
            ],
            [
              78.18472005060003,
              17.057035128420303
            ],
            [
              78.18398749930292,
              17.056123986234415
            ],
            [
              78.18393214997444,
              17.05611065117735
            ]
          ]
        ]
      }
    },
    {
      "type": "Feature",
      "id": "TG-RR-FNR-BRG-0451",
      "properties": {
        "parcel_id": "TG-RR-FNR-BRG-0451",
        "survey_no": "451",
        "survey_display": "451",
        "document_id": "DOC-BRG-0451",
        "village": "Burgul",
        "mandal": "Farooqnagar",
        "district": "Rangareddy",
        "state": "Telangana",
        "owner_name": "B. Vittal Reddy",
        "ocr_owner": "B. Vittal Reddy",
        "area_acres": 8.69,
        "ocr_area_acres": 8.69,
        "area_sq_meters": 35167.2,
        "centroid_lat": 17.057314,
        "centroid_lon": 78.17886,
        "verification_status": "VERIFIED",
        "validation_issue": "",
        "confidence_score": 0.92,
        "mutation_status": "APPROVED",
        "khata_number": "KH-451",
        "ulpin": "TG17060451987X"
      },
      "geometry": {
        "type": "Polygon",
        "coordinates": [
          [
            [
              78.17777938690425,
              17.057515124241156
            ],
            [
              78.17862758711175,
              17.058197016631226
            ],
            [
              78.17926831604397,
              17.058412870842528
            ],
            [
              78.17941212322236,
              17.05841156517895
            ],
            [
              78.1799492362076,
              17.05650284589304
            ],
            [
              78.17878353970755,
              17.056456912022913
            ],
            [
              78.17765093952926,
              17.05693660257822
            ],
            [
              78.17777938690425,
              17.057515124241156
            ]
          ]
        ]
      }
    },
    {
      "type": "Feature",
      "id": "TG-RR-FNR-BRG-0452",
      "properties": {
        "parcel_id": "TG-RR-FNR-BRG-0452",
        "survey_no": "452",
        "survey_display": "452",
        "document_id": "DOC-BRG-0452",
        "village": "Burgul",
        "mandal": "Farooqnagar",
        "district": "Rangareddy",
        "state": "Telangana",
        "owner_name": "K. Padma",
        "ocr_owner": "K. Padma",
        "area_acres": 7.29,
        "ocr_area_acres": 7.29,
        "area_sq_meters": 29501.6,
        "centroid_lat": 17.056536,
        "centroid_lon": 78.186759,
        "verification_status": "VERIFIED",
        "validation_issue": "",
        "confidence_score": 0.88,
        "mutation_status": "APPROVED",
        "khata_number": "KH-452",
        "ulpin": "TG17060452987X"
      },
      "geometry": {
        "type": "Polygon",
        "coordinates": [
          [
            [
              78.18760248110962,
              17.055898959394423
            ],
            [
              78.18614850607364,
              17.055622020710523
            ],
            [
              78.18589696507209,
              17.057382564347204
            ],
            [
              78.18660283858549,
              17.0575802595139
            ],
            [
              78.1879869767301,
              17.05625089464178
            ],
            [
              78.18760248110962,
              17.055898959394423
            ]
          ]
        ]
      }
    },
    {
      "type": "Feature",
      "id": "TG-RR-FNR-BRG-0453",
      "properties": {
        "parcel_id": "TG-RR-FNR-BRG-0453",
        "survey_no": "453",
        "survey_display": "453",
        "document_id": "DOC-BRG-0453",
        "village": "Burgul",
        "mandal": "Farooqnagar",
        "district": "Rangareddy",
        "state": "Telangana",
        "owner_name": "G. Lingaiah",
        "ocr_owner": "G. Lingaiah",
        "area_acres": 6.91,
        "ocr_area_acres": 6.91,
        "area_sq_meters": 27963.8,
        "centroid_lat": 17.056926,
        "centroid_lon": 78.171048,
        "verification_status": "VERIFIED",
        "validation_issue": "",
        "confidence_score": 0.94,
        "mutation_status": "APPROVED",
        "khata_number": "KH-453",
        "ulpin": "TG17060453987X"
      },
      "geometry": {
        "type": "Polygon",
        "coordinates": [
          [
            [
              78.17093565948825,
              17.058138565873385
            ],
            [
              78.17206858626282,
              17.056662324209608
            ],
            [
              78.17089923143071,
              17.055732677639014
            ],
            [
              78.17065985642067,
              17.055755303036335
            ],
            [
              78.17031539460697,
              17.05784568340728
            ],
            [
              78.17093565948825,
              17.058138565873385
            ]
          ]
        ]
      }
    },
    {
      "type": "Feature",
      "id": "TG-RR-FNR-BRG-0454",
      "properties": {
        "parcel_id": "TG-RR-FNR-BRG-0454",
        "survey_no": "454",
        "survey_display": "454",
        "document_id": "DOC-BRG-0454",
        "village": "Burgul",
        "mandal": "Farooqnagar",
        "district": "Rangareddy",
        "state": "Telangana",
        "owner_name": "M. Krishna Murthy",
        "ocr_owner": "M. Krishna Murthy",
        "area_acres": 5.35,
        "ocr_area_acres": 5.35,
        "area_sq_meters": 21650.7,
        "centroid_lat": 17.056267,
        "centroid_lon": 78.202832,
        "verification_status": "VERIFIED",
        "validation_issue": "",
        "confidence_score": 0.98,
        "mutation_status": "APPROVED",
        "khata_number": "KH-454",
        "ulpin": "TG17060454987X"
      },
      "geometry": {
        "type": "Polygon",
        "coordinates": [
          [
            [
              78.20209087899143,
              17.055772523622583
            ],
            [
              78.20193352583625,
              17.05592049090852
            ],
            [
              78.20264726501199,
              17.05721583549845
            ],
            [
              78.20379256139313,
              17.05652786928258
            ],
            [
              78.20297640150406,
              17.055382134528546
            ],
            [
              78.20209087899143,
              17.055772523622583
            ]
          ]
        ]
      }
    },
    {
      "type": "Feature",
      "id": "TG-RR-FNR-BRG-0455",
      "properties": {
        "parcel_id": "TG-RR-FNR-BRG-0455",
        "survey_no": "455",
        "survey_display": "455",
        "document_id": "DOC-BRG-0455",
        "village": "Burgul",
        "mandal": "Farooqnagar",
        "district": "Rangareddy",
        "state": "Telangana",
        "owner_name": "S. Venkat Reddy",
        "ocr_owner": "S. Venkat Reddy",
        "area_acres": 9.13,
        "ocr_area_acres": 9.13,
        "area_sq_meters": 36947.8,
        "centroid_lat": 17.056836,
        "centroid_lon": 78.194911,
        "verification_status": "REVIEW_REQUIRED",
        "validation_issue": "Low OCR confidence in handwritten Tippon annotation",
        "confidence_score": 0.62,
        "mutation_status": "APPROVED",
        "khata_number": "KH-455",
        "ulpin": "TG17060455987X"
      },
      "geometry": {
        "type": "Polygon",
        "coordinates": [
          [
            [
              78.19318790440914,
              17.05712784999272
            ],
            [
              78.19594133283547,
              17.057739723342856
            ],
            [
              78.19607584172317,
              17.057695424979553
            ],
            [
              78.19574398100201,
              17.055972626550425
            ],
            [
              78.19513137685249,
              17.055827618061763
            ],
            [
              78.19311361571098,
              17.057070565980407
            ],
            [
              78.19318790440914,
              17.05712784999272
            ]
          ]
        ]
      }
    },
    {
      "type": "Feature",
      "id": "TG-RR-FNR-BRG-0456",
      "properties": {
        "parcel_id": "TG-RR-FNR-BRG-0456",
        "survey_no": "456",
        "survey_display": "456",
        "document_id": "DOC-BRG-0456",
        "village": "Burgul",
        "mandal": "Farooqnagar",
        "district": "Rangareddy",
        "state": "Telangana",
        "owner_name": "A. Jagadeeshwar",
        "ocr_owner": "A. Jagadeeshwar",
        "area_acres": 6.58,
        "ocr_area_acres": 6.58,
        "area_sq_meters": 26628.3,
        "centroid_lat": 17.05657,
        "centroid_lon": 78.185477,
        "verification_status": "VERIFIED",
        "validation_issue": "",
        "confidence_score": 0.97,
        "mutation_status": "APPROVED",
        "khata_number": "KH-456",
        "ulpin": "TG17060456987X"
      },
      "geometry": {
        "type": "Polygon",
        "coordinates": [
          [
            [
              78.18528455670291,
              17.057734900022897
            ],
            [
              78.18530189085575,
              17.057734216822045
            ],
            [
              78.18589696507208,
              17.057382564347208
            ],
            [
              78.18614850607362,
              17.055622020710523
            ],
            [
              78.18594165719503,
              17.055357035501654
            ],
            [
              78.18535319725198,
              17.055480940479057
            ],
            [
              78.18530892639869,
              17.055515176447003
            ],
            [
              78.18472005060002,
              17.057035128420274
            ],
            [
              78.18496945428211,
              17.05765852043254
            ],
            [
              78.18528455670291,
              17.057734900022897
            ]
          ]
        ]
      }
    },
    {
      "type": "Feature",
      "id": "TG-RR-FNR-BRG-0457",
      "properties": {
        "parcel_id": "TG-RR-FNR-BRG-0457",
        "survey_no": "457",
        "survey_display": "457",
        "document_id": "DOC-BRG-0457",
        "village": "Burgul",
        "mandal": "Farooqnagar",
        "district": "Rangareddy",
        "state": "Telangana",
        "owner_name": "G. Srinivas Reddy",
        "ocr_owner": "G. Srinivas Reddy",
        "area_acres": 9.97,
        "ocr_area_acres": 9.97,
        "area_sq_meters": 40347.2,
        "centroid_lat": 17.056344,
        "centroid_lon": 78.169724,
        "verification_status": "VERIFIED",
        "validation_issue": "",
        "confidence_score": 0.97,
        "mutation_status": "APPROVED",
        "khata_number": "KH-457",
        "ulpin": "TG17060457987X"
      },
      "geometry": {
        "type": "Polygon",
        "coordinates": [
          [
            [
              78.1690118486306,
              17.05679262354578
            ],
            [
              78.17017279379682,
              17.057847881940564
            ],
            [
              78.17031539460699,
              17.057845683407287
            ],
            [
              78.17065985642068,
              17.055755303036328
            ],
            [
              78.17001216743131,
              17.055286536751808
            ],
            [
              78.1691811586479,
              17.05519806892016
            ],
            [
              78.16854767624127,
              17.056253872931222
            ],
            [
              78.1690118486306,
              17.05679262354578
            ]
          ]
        ]
      }
    },
    {
      "type": "Feature",
      "id": "TG-RR-FNR-BRG-0458",
      "properties": {
        "parcel_id": "TG-RR-FNR-BRG-0458",
        "survey_no": "458",
        "survey_display": "458",
        "document_id": "DOC-BRG-0458",
        "village": "Burgul",
        "mandal": "Farooqnagar",
        "district": "Rangareddy",
        "state": "Telangana",
        "owner_name": "K. Venkateshwar Rao",
        "ocr_owner": "K. Venkateshwar Rao",
        "area_acres": 9.41,
        "ocr_area_acres": 9.41,
        "area_sq_meters": 38081.0,
        "centroid_lat": 17.056445,
        "centroid_lon": 78.199348,
        "verification_status": "VERIFIED",
        "validation_issue": "",
        "confidence_score": 0.97,
        "mutation_status": "APPROVED",
        "khata_number": "KH-458",
        "ulpin": "TG17060458987X"
      },
      "geometry": {
        "type": "Polygon",
        "coordinates": [
          [
            [
              78.19780414356447,
              17.056563527080826
            ],
            [
              78.19780258183752,
              17.056704059673265
            ],
            [
              78.2004299421879,
              17.057321389752644
            ],
            [
              78.20075437947092,
              17.056217640905505
            ],
            [
              78.2005744859973,
              17.055972322595654
            ],
            [
              78.19824425609403,
              17.05568596645029
            ],
            [
              78.19780414356447,
              17.056563527080826
            ]
          ]
        ]
      }
    },
    {
      "type": "Feature",
      "id": "TG-RR-FNR-BRG-0459",
      "properties": {
        "parcel_id": "TG-RR-FNR-BRG-0459",
        "survey_no": "459",
        "survey_display": "459",
        "document_id": "DOC-BRG-0459",
        "village": "Burgul",
        "mandal": "Farooqnagar",
        "district": "Rangareddy",
        "state": "Telangana",
        "owner_name": "M. Lakshmi Bai",
        "ocr_owner": "M. Lakshmi Bai",
        "area_acres": 8.93,
        "ocr_area_acres": 8.93,
        "area_sq_meters": 36138.5,
        "centroid_lat": 17.056749,
        "centroid_lon": 78.196693,
        "verification_status": "VERIFIED",
        "validation_issue": "",
        "confidence_score": 0.99,
        "mutation_status": "APPROVED",
        "khata_number": "KH-459",
        "ulpin": "TG17060459987X"
      },
      "geometry": {
        "type": "Polygon",
        "coordinates": [
          [
            [
              78.19725771245346,
              17.057780334984862
            ],
            [
              78.19780258183752,
              17.05670405967326
            ],
            [
              78.19780414356447,
              17.05656352708085
            ],
            [
              78.19635100665595,
              17.055548466923977
            ],
            [
              78.19574398100201,
              17.055972626550428
            ],
            [
              78.19607584172319,
              17.057695424979553
            ],
            [
              78.19725771245346,
              17.057780334984862
            ]
          ]
        ]
      }
    },
    {
      "type": "Feature",
      "id": "TG-RR-FNR-BRG-0460",
      "properties": {
        "parcel_id": "TG-RR-FNR-BRG-0460",
        "survey_no": "460",
        "survey_display": "460",
        "document_id": "DOC-BRG-0460",
        "village": "Burgul",
        "mandal": "Farooqnagar",
        "district": "Rangareddy",
        "state": "Telangana",
        "owner_name": "P. Anjaneyulu",
        "ocr_owner": "P. Anjaneyulu",
        "area_acres": 2.4,
        "ocr_area_acres": 2.4,
        "area_sq_meters": 9712.5,
        "centroid_lat": 17.056224,
        "centroid_lon": 78.184669,
        "verification_status": "VERIFIED",
        "validation_issue": "",
        "confidence_score": 0.92,
        "mutation_status": "APPROVED",
        "khata_number": "KH-460",
        "ulpin": "TG17060460987X"
      },
      "geometry": {
        "type": "Polygon",
        "coordinates": [
          [
            [
              78.18472005060002,
              17.057035128420278
            ],
            [
              78.18530892639869,
              17.05551517644701
            ],
            [
              78.18398749930293,
              17.056123986234415
            ],
            [
              78.18472005060002,
              17.057035128420278
            ]
          ]
        ]
      }
    },
    {
      "type": "Feature",
      "id": "TG-RR-FNR-BRG-0461",
      "properties": {
        "parcel_id": "TG-RR-FNR-BRG-0461",
        "survey_no": "461",
        "survey_display": "461",
        "document_id": "DOC-BRG-0461",
        "village": "Burgul",
        "mandal": "Farooqnagar",
        "district": "Rangareddy",
        "state": "Telangana",
        "owner_name": "B. Satyanarayana",
        "ocr_owner": "B. Satyanarayana",
        "area_acres": 4.64,
        "ocr_area_acres": 4.64,
        "area_sq_meters": 18777.4,
        "centroid_lat": 17.056733,
        "centroid_lon": 78.204901,
        "verification_status": "VERIFIED",
        "validation_issue": "",
        "confidence_score": 0.98,
        "mutation_status": "APPROVED",
        "khata_number": "KH-461",
        "ulpin": "TG17060461987X"
      },
      "geometry": {
        "type": "Polygon",
        "coordinates": [
          [
            [
              78.20402258032779,
              17.056643789653013
            ],
            [
              78.20427573168557,
              17.056981329926323
            ],
            [
              78.20564738064922,
              17.057578778440647
            ],
            [
              78.20594901427701,
              17.05743201903601
            ],
            [
              78.20462441554463,
              17.05566588739284
            ],
            [
              78.20402258032779,
              17.056643789653013
            ]
          ]
        ]
      }
    },
    {
      "type": "Feature",
      "id": "TG-RR-FNR-BRG-0462",
      "properties": {
        "parcel_id": "TG-RR-FNR-BRG-0462",
        "survey_no": "462",
        "survey_display": "462",
        "document_id": "DOC-BRG-0462",
        "village": "Burgul",
        "mandal": "Farooqnagar",
        "district": "Rangareddy",
        "state": "Telangana",
        "owner_name": "T. Ramaiah",
        "ocr_owner": "T. Ramaiah",
        "area_acres": 5.17,
        "ocr_area_acres": 5.17,
        "area_sq_meters": 20922.3,
        "centroid_lat": 17.055843,
        "centroid_lon": 78.179736,
        "verification_status": "VERIFIED",
        "validation_issue": "",
        "confidence_score": 0.92,
        "mutation_status": "APPROVED",
        "khata_number": "KH-462",
        "ulpin": "TG17060462987X"
      },
      "geometry": {
        "type": "Polygon",
        "coordinates": [
          [
            [
              78.180772486884,
              17.055543469508024
            ],
            [
              78.1802089573916,
              17.055100463462814
            ],
            [
              78.17910793693642,
              17.055445205227517
            ],
            [
              78.17878353970757,
              17.056456912022913
            ],
            [
              78.17994923620762,
              17.05650284589304
            ],
            [
              78.180772486884,
              17.055543469508024
            ]
          ]
        ]
      }
    },
    {
      "type": "Feature",
      "id": "TG-RR-FNR-BRG-0463",
      "properties": {
        "parcel_id": "TG-RR-FNR-BRG-0463",
        "survey_no": "463",
        "survey_display": "463",
        "document_id": "DOC-BRG-0463",
        "village": "Burgul",
        "mandal": "Farooqnagar",
        "district": "Rangareddy",
        "state": "Telangana",
        "owner_name": "Ch. Madhava Reddy",
        "ocr_owner": "Ch. Madhava Reddy",
        "area_acres": 5.65,
        "ocr_area_acres": 5.65,
        "area_sq_meters": 22864.8,
        "centroid_lat": 17.056073,
        "centroid_lon": 78.182909,
        "verification_status": "VERIFIED",
        "validation_issue": "",
        "confidence_score": 0.89,
        "mutation_status": "APPROVED",
        "khata_number": "KH-463",
        "ulpin": "TG17060463987X"
      },
      "geometry": {
        "type": "Polygon",
        "coordinates": [
          [
            [
              78.1822462313557,
              17.05657359064615
            ],
            [
              78.18328644000113,
              17.056768374463708
            ],
            [
              78.18393214997444,
              17.056110651177356
            ],
            [
              78.18353709661515,
              17.055355425933676
            ],
            [
              78.1816991594032,
              17.055834521649032
            ],
            [
              78.1822462313557,
              17.05657359064615
            ]
          ]
        ]
      }
    },
    {
      "type": "Feature",
      "id": "TG-RR-FNR-BRG-0464",
      "properties": {
        "parcel_id": "TG-RR-FNR-BRG-0464",
        "survey_no": "464",
        "survey_display": "464",
        "document_id": "DOC-BRG-0464",
        "village": "Burgul",
        "mandal": "Farooqnagar",
        "district": "Rangareddy",
        "state": "Telangana",
        "owner_name": "V. Narsimha",
        "ocr_owner": "V. Narsimha",
        "area_acres": 4.35,
        "ocr_area_acres": 4.35,
        "area_sq_meters": 17603.8,
        "centroid_lat": 17.056059,
        "centroid_lon": 78.178291,
        "verification_status": "VERIFIED",
        "validation_issue": "",
        "confidence_score": 0.91,
        "mutation_status": "APPROVED",
        "khata_number": "KH-464",
        "ulpin": "TG17060464987X"
      },
      "geometry": {
        "type": "Polygon",
        "coordinates": [
          [
            [
              78.1776051155221,
              17.05686418325018
            ],
            [
              78.17765093952927,
              17.056936602578215
            ],
            [
              78.17878353970757,
              17.056456912022906
            ],
            [
              78.1791079369364,
              17.05544520522752
            ],
            [
              78.1781120182746,
              17.055401052077308
            ],
            [
              78.17783899925864,
              17.055496311277487
            ],
            [
              78.1776051155221,
              17.05686418325018
            ]
          ]
        ]
      }
    },
    {
      "type": "Feature",
      "id": "TG-RR-FNR-BRG-0465",
      "properties": {
        "parcel_id": "TG-RR-FNR-BRG-0465",
        "survey_no": "465",
        "survey_display": "465",
        "document_id": "DOC-BRG-0465",
        "village": "Burgul",
        "mandal": "Farooqnagar",
        "district": "Rangareddy",
        "state": "Telangana",
        "owner_name": "S. Kistamma",
        "ocr_owner": "S. Kistamma",
        "area_acres": 3.1,
        "ocr_area_acres": 3.1,
        "area_sq_meters": 12545.3,
        "centroid_lat": 17.056068,
        "centroid_lon": 78.171908,
        "verification_status": "VERIFIED",
        "validation_issue": "",
        "confidence_score": 0.9,
        "mutation_status": "APPROVED",
        "khata_number": "KH-465",
        "ulpin": "TG17060465987X"
      },
      "geometry": {
        "type": "Polygon",
        "coordinates": [
          [
            [
              78.1708992314307,
              17.055732677639014
            ],
            [
              78.17206858626281,
              17.056662324209604
            ],
            [
              78.17269863461928,
              17.0564672010907
            ],
            [
              78.1725029860036,
              17.05589249695424
            ],
            [
              78.17177132694047,
              17.055586549825495
            ],
            [
              78.17100510126797,
              17.055648875724895
            ],
            [
              78.1708992314307,
              17.055732677639014
            ]
          ]
        ]
      }
    },
    {
      "type": "Feature",
      "id": "TG-RR-FNR-BRG-0466",
      "properties": {
        "parcel_id": "TG-RR-FNR-BRG-0466",
        "survey_no": "466",
        "survey_display": "466",
        "document_id": "DOC-BRG-0466",
        "village": "Burgul",
        "mandal": "Farooqnagar",
        "district": "Rangareddy",
        "state": "Telangana",
        "owner_name": "A. Balraj",
        "ocr_owner": "A. Balraj",
        "area_acres": 5.65,
        "ocr_area_acres": 5.65,
        "area_sq_meters": 22864.8,
        "centroid_lat": 17.055523,
        "centroid_lon": 78.203794,
        "verification_status": "VERIFIED",
        "validation_issue": "",
        "confidence_score": 0.9,
        "mutation_status": "APPROVED",
        "khata_number": "KH-466",
        "ulpin": "TG17060466987X"
      },
      "geometry": {
        "type": "Polygon",
        "coordinates": [
          [
            [
              78.20297640150406,
              17.055382134528546
            ],
            [
              78.20379256139314,
              17.05652786928259
            ],
            [
              78.20402258032779,
              17.05664378965302
            ],
            [
              78.20462441554463,
              17.05566588739284
            ],
            [
              78.20361132169725,
              17.05431509559633
            ],
            [
              78.20297640150406,
              17.055382134528546
            ]
          ]
        ]
      }
    },
    {
      "type": "Feature",
      "id": "TG-RR-FNR-BRG-0467",
      "properties": {
        "parcel_id": "TG-RR-FNR-BRG-0467",
        "survey_no": "467",
        "survey_display": "467",
        "document_id": "DOC-BRG-0467",
        "village": "Burgul",
        "mandal": "Farooqnagar",
        "district": "Rangareddy",
        "state": "Telangana",
        "owner_name": "M. Mallesh Goud",
        "ocr_owner": "M. Mallesh Goud",
        "area_acres": 12.49,
        "ocr_area_acres": 12.49,
        "area_sq_meters": 50545.3,
        "centroid_lat": 17.055427,
        "centroid_lon": 78.176723,
        "verification_status": "VERIFIED",
        "validation_issue": "",
        "confidence_score": 0.98,
        "mutation_status": "APPROVED",
        "khata_number": "KH-467",
        "ulpin": "TG17060467987X"
      },
      "geometry": {
        "type": "Polygon",
        "coordinates": [
          [
            [
              78.1762459433104,
              17.053804595431618
            ],
            [
              78.17593912060221,
              17.053785335192437
            ],
            [
              78.17579281017125,
              17.056317623276634
            ],
            [
              78.1776051155221,
              17.056864183250187
            ],
            [
              78.17783899925864,
              17.05549631127749
            ],
            [
              78.17682880826929,
              17.054149177363076
            ],
            [
              78.1762459433104,
              17.053804595431618
            ]
          ]
        ]
      }
    },
    {
      "type": "Feature",
      "id": "TG-RR-FNR-BRG-0468",
      "properties": {
        "parcel_id": "TG-RR-FNR-BRG-0468",
        "survey_no": "468",
        "survey_display": "468",
        "document_id": "DOC-BRG-0468",
        "village": "Burgul",
        "mandal": "Farooqnagar",
        "district": "Rangareddy",
        "state": "Telangana",
        "owner_name": "K. Chandraiah",
        "ocr_owner": "K. Chandraiah",
        "area_acres": 16.84,
        "ocr_area_acres": 16.84,
        "area_sq_meters": 68149.1,
        "centroid_lat": 17.055291,
        "centroid_lon": 78.174926,
        "verification_status": "VERIFIED",
        "validation_issue": "",
        "confidence_score": 0.97,
        "mutation_status": "APPROVED",
        "khata_number": "KH-468",
        "ulpin": "TG17060468987X"
      },
      "geometry": {
        "type": "Polygon",
        "coordinates": [
          [
            [
              78.1746110093654,
              17.057214938141733
            ],
            [
              78.17579281017125,
              17.056317623276634
            ],
            [
              78.1759391206022,
              17.05378533519243
            ],
            [
              78.17543532826646,
              17.053453352849214
            ],
            [
              78.1753010991685,
              17.053416236938705
            ],
            [
              78.17444116222957,
              17.053843354201238
            ],
            [
              78.17391778866026,
              17.05521565390053
            ],
            [
              78.17385079185536,
              17.056537183863306
            ],
            [
              78.1746110093654,
              17.057214938141733
            ]
          ]
        ]
      }
    },
    {
      "type": "Feature",
      "id": "TG-RR-FNR-BRG-0469",
      "properties": {
        "parcel_id": "TG-RR-FNR-BRG-0469",
        "survey_no": "469",
        "survey_display": "469",
        "document_id": "DOC-BRG-0469",
        "village": "Burgul",
        "mandal": "Farooqnagar",
        "district": "Rangareddy",
        "state": "Telangana",
        "owner_name": "J. Ramachandra Reddy",
        "ocr_owner": "J. Ramachandra Reddy",
        "area_acres": 1.23,
        "ocr_area_acres": 1.23,
        "area_sq_meters": 4977.6,
        "centroid_lat": 17.055422,
        "centroid_lon": 78.172218,
        "verification_status": "VERIFIED",
        "validation_issue": "",
        "confidence_score": 0.99,
        "mutation_status": "APPROVED",
        "khata_number": "KH-469",
        "ulpin": "TG17060469987X"
      },
      "geometry": {
        "type": "Polygon",
        "coordinates": [
          [
            [
              78.17250298600361,
              17.055892496954243
            ],
            [
              78.17247424208726,
              17.05508162850001
            ],
            [
              78.17241854929611,
              17.054984311118947
            ],
            [
              78.17211254489396,
              17.05501094679749
            ],
            [
              78.17177132694046,
              17.055586549825488
            ],
            [
              78.17250298600361,
              17.055892496954243
            ]
          ]
        ]
      }
    },
    {
      "type": "Feature",
      "id": "TG-RR-FNR-BRG-0470",
      "properties": {
        "parcel_id": "TG-RR-FNR-BRG-0470",
        "survey_no": "470",
        "survey_display": "470",
        "document_id": "DOC-BRG-0470",
        "village": "Burgul",
        "mandal": "Farooqnagar",
        "district": "Rangareddy",
        "state": "Telangana",
        "owner_name": "D. Gopal Rao",
        "ocr_owner": "G. Lingaiah",
        "area_acres": 5.35,
        "ocr_area_acres": 5.35,
        "area_sq_meters": 21650.7,
        "centroid_lat": 17.055809,
        "centroid_lon": 78.173203,
        "verification_status": "CONFLICT",
        "validation_issue": "Owner mismatch: Deed titleholder 'D. Gopal Rao' vs Extracted 'G. Lingaiah'",
        "confidence_score": 0.44,
        "mutation_status": "APPROVED",
        "khata_number": "KH-470",
        "ulpin": "TG17060470987X"
      },
      "geometry": {
        "type": "Polygon",
        "coordinates": [
          [
            [
              78.17250298600361,
              17.055892496954254
            ],
            [
              78.17269863461928,
              17.056467201090705
            ],
            [
              78.17284188225518,
              17.0565125817056
            ],
            [
              78.17385079185536,
              17.05653718386332
            ],
            [
              78.17391778866026,
              17.055215653900532
            ],
            [
              78.17247424208726,
              17.055081628500016
            ],
            [
              78.17250298600361,
              17.055892496954254
            ]
          ]
        ]
      }
    },
    {
      "type": "Feature",
      "id": "TG-RR-FNR-BRG-0471",
      "properties": {
        "parcel_id": "TG-RR-FNR-BRG-0471",
        "survey_no": "471",
        "survey_display": "471",
        "document_id": "DOC-BRG-0471",
        "village": "Burgul",
        "mandal": "Farooqnagar",
        "district": "Rangareddy",
        "state": "Telangana",
        "owner_name": "R. Prabhakar",
        "ocr_owner": "R. Prabhakar",
        "area_acres": 4.03,
        "ocr_area_acres": 4.03,
        "area_sq_meters": 16308.8,
        "centroid_lat": 17.055411,
        "centroid_lon": 78.184269,
        "verification_status": "VERIFIED",
        "validation_issue": "",
        "confidence_score": 0.95,
        "mutation_status": "APPROVED",
        "khata_number": "KH-471",
        "ulpin": "TG17060471987X"
      },
      "geometry": {
        "type": "Polygon",
        "coordinates": [
          [
            [
              78.18390640459316,
              17.054681675094905
            ],
            [
              78.18364242308384,
              17.055005450629277
            ],
            [
              78.18353709661517,
              17.055355425933673
            ],
            [
              78.18393214997444,
              17.056110651177345
            ],
            [
              78.18398749930292,
              17.056123986234415
            ],
            [
              78.18530892639866,
              17.055515176447024
            ],
            [
              78.185353197252,
              17.055480940479047
            ],
            [
              78.18396050912737,
              17.05467844229886
            ],
            [
              78.18390640459316,
              17.054681675094905
            ]
          ]
        ]
      }
    },
    {
      "type": "Feature",
      "id": "TG-RR-FNR-BRG-0472",
      "properties": {
        "parcel_id": "TG-RR-FNR-BRG-0472",
        "survey_no": "472",
        "survey_display": "472",
        "document_id": "DOC-BRG-0472",
        "village": "Burgul",
        "mandal": "Farooqnagar",
        "district": "Rangareddy",
        "state": "Telangana",
        "owner_name": "E. Yadagiri",
        "ocr_owner": "E. Yadagiri",
        "area_acres": 1.27,
        "ocr_area_acres": 1.27,
        "area_sq_meters": 5139.5,
        "centroid_lat": 17.055305,
        "centroid_lon": 78.17158,
        "verification_status": "VERIFIED",
        "validation_issue": "",
        "confidence_score": 0.9,
        "mutation_status": "APPROVED",
        "khata_number": "KH-472",
        "ulpin": "TG17060472987X"
      },
      "geometry": {
        "type": "Polygon",
        "coordinates": [
          [
            [
              78.17137365382607,
              17.055123408676614
            ],
            [
              78.17100510126798,
              17.055648875724895
            ],
            [
              78.17177132694046,
              17.055586549825495
            ],
            [
              78.17211254489396,
              17.055010946797495
            ],
            [
              78.17164535487882,
              17.054939250488697
            ],
            [
              78.17137365382607,
              17.055123408676614
            ]
          ]
        ]
      }
    },
    {
      "type": "Feature",
      "id": "TG-RR-FNR-BRG-0473",
      "properties": {
        "parcel_id": "TG-RR-FNR-BRG-0473",
        "survey_no": "473",
        "survey_display": "473",
        "document_id": "DOC-BRG-0473",
        "village": "Burgul",
        "mandal": "Farooqnagar",
        "district": "Rangareddy",
        "state": "Telangana",
        "owner_name": "N. Shankaraiah",
        "ocr_owner": "N. Shankaraiah",
        "area_acres": 11.62,
        "ocr_area_acres": 11.62,
        "area_sq_meters": 47024.5,
        "centroid_lat": 17.055515,
        "centroid_lon": 78.194026,
        "verification_status": "VERIFIED",
        "validation_issue": "",
        "confidence_score": 0.99,
        "mutation_status": "APPROVED",
        "khata_number": "KH-473",
        "ulpin": "TG17060473987X"
      },
      "geometry": {
        "type": "Polygon",
        "coordinates": [
          [
            [
              78.19321611372744,
              17.054890610151336
            ],
            [
              78.19297915056171,
              17.05702245481486
            ],
            [
              78.193113615711,
              17.0570705659804
            ],
            [
              78.19513137685249,
              17.055827618061763
            ],
            [
              78.19503494722804,
              17.054358418530317
            ],
            [
              78.19369460989965,
              17.05436565876314
            ],
            [
              78.19321611372744,
              17.054890610151336
            ]
          ]
        ]
      }
    },
    {
      "type": "Feature",
      "id": "TG-RR-FNR-BRG-0474",
      "properties": {
        "parcel_id": "TG-RR-FNR-BRG-0474",
        "survey_no": "474",
        "survey_display": "474",
        "document_id": "DOC-BRG-0474",
        "village": "Burgul",
        "mandal": "Farooqnagar",
        "district": "Rangareddy",
        "state": "Telangana",
        "owner_name": "P. Suseela",
        "ocr_owner": "P. Suseela",
        "area_acres": 3.78,
        "ocr_area_acres": 3.78,
        "area_sq_meters": 15297.1,
        "centroid_lat": 17.055279,
        "centroid_lon": 78.195598,
        "verification_status": "VERIFIED",
        "validation_issue": "",
        "confidence_score": 0.96,
        "mutation_status": "APPROVED",
        "khata_number": "KH-474",
        "ulpin": "TG17060474987X"
      },
      "geometry": {
        "type": "Polygon",
        "coordinates": [
          [
            [
              78.19503494722804,
              17.054358418530317
            ],
            [
              78.19513137685249,
              17.055827618061763
            ],
            [
              78.19574398100201,
              17.055972626550425
            ],
            [
              78.19635100665595,
              17.05554846692397
            ],
            [
              78.19635096090497,
              17.0552446793277
            ],
            [
              78.19505413970177,
              17.054347918583787
            ],
            [
              78.19503494722804,
              17.054358418530317
            ]
          ]
        ]
      }
    },
    {
      "type": "Feature",
      "id": "TG-RR-FNR-BRG-0475",
      "properties": {
        "parcel_id": "TG-RR-FNR-BRG-0475",
        "survey_no": "475",
        "survey_display": "475",
        "document_id": "DOC-BRG-0475",
        "village": "Burgul",
        "mandal": "Farooqnagar",
        "district": "Rangareddy",
        "state": "Telangana",
        "owner_name": "B. Vittal Reddy",
        "ocr_owner": "B. Vittal Reddy",
        "area_acres": 7.38,
        "ocr_area_acres": 7.38,
        "area_sq_meters": 29865.8,
        "centroid_lat": 17.055386,
        "centroid_lon": 78.197337,
        "verification_status": "VERIFIED",
        "validation_issue": "",
        "confidence_score": 0.98,
        "mutation_status": "APPROVED",
        "khata_number": "KH-475",
        "ulpin": "TG17060475987X"
      },
      "geometry": {
        "type": "Polygon",
        "coordinates": [
          [
            [
              78.19824425609404,
              17.055685966450255
            ],
            [
              78.19824345302713,
              17.055401601481947
            ],
            [
              78.19719805165956,
              17.05413029315293
            ],
            [
              78.19635096090497,
              17.055244679327707
            ],
            [
              78.19635100665595,
              17.055548466923984
            ],
            [
              78.19780414356445,
              17.056563527080854
            ],
            [
              78.19824425609404,
              17.055685966450255
            ]
          ]
        ]
      }
    },
    {
      "type": "Feature",
      "id": "TG-RR-FNR-BRG-0476",
      "properties": {
        "parcel_id": "TG-RR-FNR-BRG-0476",
        "survey_no": "476",
        "survey_display": "476",
        "document_id": "DOC-BRG-0476",
        "village": "Burgul",
        "mandal": "Farooqnagar",
        "district": "Rangareddy",
        "state": "Telangana",
        "owner_name": "K. Padma",
        "ocr_owner": "K. Padma",
        "area_acres": 6.0,
        "ocr_area_acres": 6.0,
        "area_sq_meters": 24281.2,
        "centroid_lat": 17.055345,
        "centroid_lon": 78.199427,
        "verification_status": "VERIFIED",
        "validation_issue": "",
        "confidence_score": 0.97,
        "mutation_status": "APPROVED",
        "khata_number": "KH-476",
        "ulpin": "TG17060476987X"
      },
      "geometry": {
        "type": "Polygon",
        "coordinates": [
          [
            [
              78.19824345302713,
              17.05540160148192
            ],
            [
              78.19824425609404,
              17.055685966450284
            ],
            [
              78.20057448599731,
              17.05597232259565
            ],
            [
              78.20039602034626,
              17.055167092448016
            ],
            [
              78.20027870761814,
              17.055080956669336
            ],
            [
              78.19908151947023,
              17.054542314939738
            ],
            [
              78.19824345302713,
              17.05540160148192
            ]
          ]
        ]
      }
    },
    {
      "type": "Feature",
      "id": "TG-RR-FNR-BRG-0477",
      "properties": {
        "parcel_id": "TG-RR-FNR-BRG-0477",
        "survey_no": "477",
        "survey_display": "477",
        "document_id": "DOC-BRG-0477",
        "village": "Burgul",
        "mandal": "Farooqnagar",
        "district": "Rangareddy",
        "state": "Telangana",
        "owner_name": "G. Lingaiah",
        "ocr_owner": "G. Lingaiah",
        "area_acres": 10.05,
        "ocr_area_acres": 10.05,
        "area_sq_meters": 40670.9,
        "centroid_lat": 17.055328,
        "centroid_lon": 78.188695,
        "verification_status": "VERIFIED",
        "validation_issue": "",
        "confidence_score": 0.9,
        "mutation_status": "APPROVED",
        "khata_number": "KH-477",
        "ulpin": "TG17060477987X"
      },
      "geometry": {
        "type": "Polygon",
        "coordinates": [
          [
            [
              78.188450178305,
              17.056420719215158
            ],
            [
              78.1900426642803,
              17.055510994432574
            ],
            [
              78.1898897008917,
              17.054998015588378
            ],
            [
              78.18919596055086,
              17.054484815360816
            ],
            [
              78.1886653903877,
              17.054356246860895
            ],
            [
              78.1883619225744,
              17.05432240961627
            ],
            [
              78.18807852161235,
              17.054409267854886
            ],
            [
              78.1878215673847,
              17.05465923789187
            ],
            [
              78.18760248110962,
              17.055898959394415
            ],
            [
              78.1879869767301,
              17.056250894641785
            ],
            [
              78.188450178305,
              17.056420719215158
            ]
          ]
        ]
      }
    },
    {
      "type": "Feature",
      "id": "TG-RR-FNR-BRG-0478",
      "properties": {
        "parcel_id": "TG-RR-FNR-BRG-0478",
        "survey_no": "478",
        "survey_display": "478",
        "document_id": "DOC-BRG-0478",
        "village": "Burgul",
        "mandal": "Farooqnagar",
        "district": "Rangareddy",
        "state": "Telangana",
        "owner_name": "M. Krishna Murthy",
        "ocr_owner": "M. Krishna Murthy",
        "area_acres": 17.22,
        "ocr_area_acres": 17.22,
        "area_sq_meters": 69686.9,
        "centroid_lat": 17.055787,
        "centroid_lon": 78.191936,
        "verification_status": "VERIFIED",
        "validation_issue": "",
        "confidence_score": 0.94,
        "mutation_status": "APPROVED",
        "khata_number": "KH-478",
        "ulpin": "TG17060478987X"
      },
      "geometry": {
        "type": "Polygon",
        "coordinates": [
          [
            [
              78.19188025153342,
              17.057372918128788
            ],
            [
              78.19297915056171,
              17.05702245481486
            ],
            [
              78.19321611372744,
              17.054890610151336
            ],
            [
              78.19209396952989,
              17.05423551466877
            ],
            [
              78.19011499910793,
              17.055551910604297
            ],
            [
              78.19188025153342,
              17.057372918128788
            ]
          ]
        ]
      }
    },
    {
      "type": "Feature",
      "id": "TG-RR-FNR-BRG-0479",
      "properties": {
        "parcel_id": "TG-RR-FNR-BRG-0479",
        "survey_no": "479",
        "survey_display": "479",
        "document_id": "DOC-BRG-0479",
        "village": "Burgul",
        "mandal": "Farooqnagar",
        "district": "Rangareddy",
        "state": "Telangana",
        "owner_name": "S. Venkat Reddy",
        "ocr_owner": "S. Venkat Reddy",
        "area_acres": 4.88,
        "ocr_area_acres": 4.88,
        "area_sq_meters": 19748.7,
        "centroid_lat": 17.055224,
        "centroid_lon": 78.182465,
        "verification_status": "VERIFIED",
        "validation_issue": "",
        "confidence_score": 0.9,
        "mutation_status": "APPROVED",
        "khata_number": "KH-479",
        "ulpin": "TG17060479987X"
      },
      "geometry": {
        "type": "Polygon",
        "coordinates": [
          [
            [
              78.18118411921462,
              17.05554093289855
            ],
            [
              78.18169915940318,
              17.055834521649032
            ],
            [
              78.18353709661517,
              17.055355425933673
            ],
            [
              78.18364242308385,
              17.055005450629253
            ],
            [
              78.18269300432395,
              17.054529882376713
            ],
            [
              78.18123962082382,
              17.055446581586818
            ],
            [
              78.18118411921462,
              17.05554093289855
            ]
          ]
        ]
      }
    },
    {
      "type": "Feature",
      "id": "TG-RR-FNR-BRG-0480",
      "properties": {
        "parcel_id": "TG-RR-FNR-BRG-0480",
        "survey_no": "480",
        "survey_display": "480",
        "document_id": "DOC-BRG-0480",
        "village": "Burgul",
        "mandal": "Farooqnagar",
        "district": "Rangareddy",
        "state": "Telangana",
        "owner_name": "A. Jagadeeshwar",
        "ocr_owner": "A. Jagadeeshwar",
        "area_acres": 5.08,
        "ocr_area_acres": 5.08,
        "area_sq_meters": 20558.0,
        "centroid_lat": 17.054854,
        "centroid_lon": 78.179174,
        "verification_status": "VERIFIED",
        "validation_issue": "",
        "confidence_score": 0.91,
        "mutation_status": "APPROVED",
        "khata_number": "KH-480",
        "ulpin": "TG17060480987X"
      },
      "geometry": {
        "type": "Polygon",
        "coordinates": [
          [
            [
              78.1791079369364,
              17.05544520522752
            ],
            [
              78.18020895739161,
              17.05510046346281
            ],
            [
              78.17986541485169,
              17.054421419185818
            ],
            [
              78.1789295120344,
              17.05404513653695
            ],
            [
              78.17811201827459,
              17.055401052077308
            ],
            [
              78.1791079369364,
              17.05544520522752
            ]
          ]
        ]
      }
    },
    {
      "type": "Feature",
      "id": "TG-RR-FNR-BRG-0481",
      "properties": {
        "parcel_id": "TG-RR-FNR-BRG-0481",
        "survey_no": "481",
        "survey_display": "481",
        "document_id": "DOC-BRG-0481",
        "village": "Burgul",
        "mandal": "Farooqnagar",
        "district": "Rangareddy",
        "state": "Telangana",
        "owner_name": "G. Srinivas Reddy",
        "ocr_owner": "G. Srinivas Reddy",
        "area_acres": 6.29,
        "ocr_area_acres": 6.29,
        "area_sq_meters": 25454.7,
        "centroid_lat": 17.055104,
        "centroid_lon": 78.186901,
        "verification_status": "VERIFIED",
        "validation_issue": "",
        "confidence_score": 0.96,
        "mutation_status": "APPROVED",
        "khata_number": "KH-481",
        "ulpin": "TG17060481987X"
      },
      "geometry": {
        "type": "Polygon",
        "coordinates": [
          [
            [
              78.18597132109991,
              17.055033291173523
            ],
            [
              78.18594165719503,
              17.055357035501668
            ],
            [
              78.18614850607362,
              17.055622020710523
            ],
            [
              78.18760248110962,
              17.055898959394423
            ],
            [
              78.1878215673847,
              17.054659237891862
            ],
            [
              78.1864749611869,
              17.054263173709163
            ],
            [
              78.18597132109991,
              17.055033291173523
            ]
          ]
        ]
      }
    },
    {
      "type": "Feature",
      "id": "TG-RR-FNR-BRG-0482",
      "properties": {
        "parcel_id": "TG-RR-FNR-BRG-0482",
        "survey_no": "482",
        "survey_display": "482",
        "document_id": "DOC-BRG-0482",
        "village": "Burgul",
        "mandal": "Farooqnagar",
        "district": "Rangareddy",
        "state": "Telangana",
        "owner_name": "K. Venkateshwar Rao",
        "ocr_owner": "K. Venkateshwar Rao",
        "area_acres": 6.65,
        "ocr_area_acres": 6.65,
        "area_sq_meters": 26911.6,
        "centroid_lat": 17.054444,
        "centroid_lon": 78.173383,
        "verification_status": "VERIFIED",
        "validation_issue": "",
        "confidence_score": 0.89,
        "mutation_status": "APPROVED",
        "khata_number": "KH-482",
        "ulpin": "TG17060482987X"
      },
      "geometry": {
        "type": "Polygon",
        "coordinates": [
          [
            [
              78.17316583697175,
              17.053687302631545
            ],
            [
              78.1726466470207,
              17.053932034508794
            ],
            [
              78.17241854929611,
              17.054984311118936
            ],
            [
              78.17247424208726,
              17.055081628500012
            ],
            [
              78.17391778866026,
              17.05521565390053
            ],
            [
              78.17444116222957,
              17.053843354201234
            ],
            [
              78.17316583697175,
              17.053687302631545
            ]
          ]
        ]
      }
    },
    {
      "type": "Feature",
      "id": "TG-RR-FNR-BRG-0483",
      "properties": {
        "parcel_id": "TG-RR-FNR-BRG-0483",
        "survey_no": "483",
        "survey_display": "483",
        "document_id": "DOC-BRG-0483",
        "village": "Burgul",
        "mandal": "Farooqnagar",
        "district": "Rangareddy",
        "state": "Telangana",
        "owner_name": "M. Lakshmi Bai",
        "ocr_owner": "M. Lakshmi Bai",
        "area_acres": 7.38,
        "ocr_area_acres": 7.38,
        "area_sq_meters": 29865.8,
        "centroid_lat": 17.055155,
        "centroid_lon": 78.201207,
        "verification_status": "VERIFIED",
        "validation_issue": "",
        "confidence_score": 0.96,
        "mutation_status": "APPROVED",
        "khata_number": "KH-483",
        "ulpin": "TG17060483987X"
      },
      "geometry": {
        "type": "Polygon",
        "coordinates": [
          [
            [
              78.20125036355428,
              17.05367186790472
            ],
            [
              78.20039602034626,
              17.055167092447995
            ],
            [
              78.2005744859973,
              17.055972322595665
            ],
            [
              78.20075437947092,
              17.056217640905512
            ],
            [
              78.20193352583625,
              17.05592049090852
            ],
            [
              78.20209087899141,
              17.05577252362259
            ],
            [
              78.20135560061048,
              17.053655788314266
            ],
            [
              78.20125036355428,
              17.05367186790472
            ]
          ]
        ]
      }
    },
    {
      "type": "Feature",
      "id": "TG-RR-FNR-BRG-0484",
      "properties": {
        "parcel_id": "TG-RR-FNR-BRG-0484",
        "survey_no": "484",
        "survey_display": "484",
        "document_id": "DOC-BRG-0484",
        "village": "Burgul",
        "mandal": "Farooqnagar",
        "district": "Rangareddy",
        "state": "Telangana",
        "owner_name": "P. Anjaneyulu",
        "ocr_owner": "P. Anjaneyulu",
        "area_acres": 3.46,
        "ocr_area_acres": 3.46,
        "area_sq_meters": 14002.1,
        "centroid_lat": 17.055057,
        "centroid_lon": 78.170741,
        "verification_status": "VERIFIED",
        "validation_issue": "",
        "confidence_score": 0.98,
        "mutation_status": "APPROVED",
        "khata_number": "KH-484",
        "ulpin": "TG17060484987X"
      },
      "geometry": {
        "type": "Polygon",
        "coordinates": [
          [
            [
              78.17065985642068,
              17.05575530303633
            ],
            [
              78.1708992314307,
              17.055732677639014
            ],
            [
              78.171005101268,
              17.05564887572487
            ],
            [
              78.17137365382607,
              17.05512340867663
            ],
            [
              78.17085606942953,
              17.05412677135278
            ],
            [
              78.1708007286083,
              17.054163264158316
            ],
            [
              78.1700121674313,
              17.0552865367518
            ],
            [
              78.17065985642068,
              17.05575530303633
            ]
          ]
        ]
      }
    },
    {
      "type": "Feature",
      "id": "TG-RR-FNR-BRG-0485",
      "properties": {
        "parcel_id": "TG-RR-FNR-BRG-0485",
        "survey_no": "485",
        "survey_display": "485",
        "document_id": "DOC-BRG-0485",
        "village": "Burgul",
        "mandal": "Farooqnagar",
        "district": "Rangareddy",
        "state": "Telangana",
        "owner_name": "B. Satyanarayana",
        "ocr_owner": "B. Satyanarayana",
        "area_acres": 1.97,
        "ocr_area_acres": 1.97,
        "area_sq_meters": 7972.3,
        "centroid_lat": 17.054342,
        "centroid_lon": 78.171314,
        "verification_status": "VERIFIED",
        "validation_issue": "",
        "confidence_score": 0.98,
        "mutation_status": "APPROVED",
        "khata_number": "KH-485",
        "ulpin": "TG17060485987X"
      },
      "geometry": {
        "type": "Polygon",
        "coordinates": [
          [
            [
              78.17133206387814,
              17.053615746013506
            ],
            [
              78.17085606942953,
              17.05412677135278
            ],
            [
              78.17137365382605,
              17.05512340867663
            ],
            [
              78.17164535487882,
              17.054939250488705
            ],
            [
              78.17150756544375,
              17.053711356774897
            ],
            [
              78.17133206387814,
              17.053615746013506
            ]
          ]
        ]
      }
    },
    {
      "type": "Feature",
      "id": "TG-RR-FNR-BRG-0486",
      "properties": {
        "parcel_id": "TG-RR-FNR-BRG-0486",
        "survey_no": "486",
        "survey_display": "486",
        "document_id": "DOC-BRG-0486",
        "village": "Burgul",
        "mandal": "Farooqnagar",
        "district": "Rangareddy",
        "state": "Telangana",
        "owner_name": "T. Ramaiah",
        "ocr_owner": "T. Ramaiah",
        "area_acres": 4.42,
        "ocr_area_acres": 4.42,
        "area_sq_meters": 17887.1,
        "centroid_lat": 17.054796,
        "centroid_lon": 78.185063,
        "verification_status": "VERIFIED",
        "validation_issue": "",
        "confidence_score": 0.92,
        "mutation_status": "APPROVED",
        "khata_number": "KH-486",
        "ulpin": "TG17060486987X"
      },
      "geometry": {
        "type": "Polygon",
        "coordinates": [
          [
            [
              78.18594165719504,
              17.055357035501647
            ],
            [
              78.18597132109991,
              17.055033291173554
            ],
            [
              78.18495119804474,
              17.053991539777435
            ],
            [
              78.18396050912736,
              17.054678442298854
            ],
            [
              78.185353197252,
              17.055480940479054
            ],
            [
              78.18594165719504,
              17.055357035501647
            ]
          ]
        ]
      }
    },
    {
      "type": "Feature",
      "id": "TG-RR-FNR-BRG-0487",
      "properties": {
        "parcel_id": "TG-RR-FNR-BRG-0487",
        "survey_no": "487",
        "survey_display": "487",
        "document_id": "DOC-BRG-0487",
        "village": "Burgul",
        "mandal": "Farooqnagar",
        "district": "Rangareddy",
        "state": "Telangana",
        "owner_name": "Ch. Madhava Reddy",
        "ocr_owner": "Ch. Madhava Reddy",
        "area_acres": 4.93,
        "ocr_area_acres": 4.93,
        "area_sq_meters": 19951.0,
        "centroid_lat": 17.054575,
        "centroid_lon": 78.177921,
        "verification_status": "VERIFIED",
        "validation_issue": "",
        "confidence_score": 0.99,
        "mutation_status": "APPROVED",
        "khata_number": "KH-487",
        "ulpin": "TG17060487987X"
      },
      "geometry": {
        "type": "Polygon",
        "coordinates": [
          [
            [
              78.17783899925864,
              17.055496311277487
            ],
            [
              78.17811201827459,
              17.05540105207731
            ],
            [
              78.1789295120344,
              17.05404513653695
            ],
            [
              78.17884596697391,
              17.05396963617497
            ],
            [
              78.17682880826928,
              17.054149177363072
            ],
            [
              78.17783899925864,
              17.055496311277487
            ]
          ]
        ]
      }
    },
    {
      "type": "Feature",
      "id": "TG-RR-FNR-BRG-0488",
      "properties": {
        "parcel_id": "TG-RR-FNR-BRG-0488",
        "survey_no": "488",
        "survey_display": "488",
        "document_id": "DOC-BRG-0488",
        "village": "Burgul",
        "mandal": "Farooqnagar",
        "district": "Rangareddy",
        "state": "Telangana",
        "owner_name": "V. Narsimha",
        "ocr_owner": "V. Narsimha",
        "area_acres": 3.24,
        "ocr_area_acres": 3.24,
        "area_sq_meters": 13111.8,
        "centroid_lat": 17.054364,
        "centroid_lon": 78.172049,
        "verification_status": "VERIFIED",
        "validation_issue": "",
        "confidence_score": 0.99,
        "mutation_status": "APPROVED",
        "khata_number": "KH-488",
        "ulpin": "TG17060488987X"
      },
      "geometry": {
        "type": "Polygon",
        "coordinates": [
          [
            [
              78.17150756544375,
              17.053711356774905
            ],
            [
              78.17164535487882,
              17.054939250488697
            ],
            [
              78.17211254489396,
              17.055010946797495
            ],
            [
              78.17241854929611,
              17.05498431111895
            ],
            [
              78.17264664702071,
              17.05393203450879
            ],
            [
              78.17150756544375,
              17.053711356774905
            ]
          ]
        ]
      }
    },
    {
      "type": "Feature",
      "id": "TG-RR-FNR-BRG-0489",
      "properties": {
        "parcel_id": "TG-RR-FNR-BRG-0489",
        "survey_no": "489",
        "survey_display": "489",
        "document_id": "DOC-BRG-0489",
        "village": "Burgul",
        "mandal": "Farooqnagar",
        "district": "Rangareddy",
        "state": "Telangana",
        "owner_name": "S. Kistamma",
        "ocr_owner": "S. Kistamma",
        "area_acres": 10.46,
        "ocr_area_acres": 11.3,
        "area_sq_meters": 42330.2,
        "centroid_lat": 17.054361,
        "centroid_lon": 78.202455,
        "verification_status": "CONFLICT",
        "validation_issue": "Area mismatch: Document states 11.3 Acres vs GIS 10.46 Acres (8.0% diff)",
        "confidence_score": 0.68,
        "mutation_status": "APPROVED",
        "khata_number": "KH-489",
        "ulpin": "TG17060489987X"
      },
      "geometry": {
        "type": "Polygon",
        "coordinates": [
          [
            [
              78.20135560061048,
              17.05365578831427
            ],
            [
              78.20209087899141,
              17.055772523622586
            ],
            [
              78.20297640150406,
              17.055382134528543
            ],
            [
              78.20361132169725,
              17.05431509559633
            ],
            [
              78.203,
              17.0535
            ],
            [
              78.20241050770778,
              17.053087355395448
            ],
            [
              78.20135560061048,
              17.05365578831427
            ]
          ]
        ]
      }
    },
    {
      "type": "Feature",
      "id": "TG-RR-FNR-BRG-0490",
      "properties": {
        "parcel_id": "TG-RR-FNR-BRG-0490",
        "survey_no": "490",
        "survey_display": "490",
        "document_id": "DOC-BRG-0490",
        "village": "Burgul",
        "mandal": "Farooqnagar",
        "district": "Rangareddy",
        "state": "Telangana",
        "owner_name": "A. Balraj",
        "ocr_owner": "A. Balraj",
        "area_acres": 4.9,
        "ocr_area_acres": 4.9,
        "area_sq_meters": 19829.6,
        "centroid_lat": 17.0544,
        "centroid_lon": 78.196235,
        "verification_status": "VERIFIED",
        "validation_issue": "",
        "confidence_score": 0.88,
        "mutation_status": "APPROVED",
        "khata_number": "KH-490",
        "ulpin": "TG17060490987X"
      },
      "geometry": {
        "type": "Polygon",
        "coordinates": [
          [
            [
              78.19719805165956,
              17.054130293152934
            ],
            [
              78.19714438695526,
              17.053727825911505
            ],
            [
              78.19518982243554,
              17.054167575697125
            ],
            [
              78.19505413970177,
              17.05434791858379
            ],
            [
              78.19635096090498,
              17.055244679327703
            ],
            [
              78.19719805165956,
              17.054130293152934
            ]
          ]
        ]
      }
    },
    {
      "type": "Feature",
      "id": "TG-RR-FNR-BRG-0491",
      "properties": {
        "parcel_id": "TG-RR-FNR-BRG-0491",
        "survey_no": "491",
        "survey_display": "491",
        "document_id": "DOC-BRG-0491",
        "village": "Burgul",
        "mandal": "Farooqnagar",
        "district": "Rangareddy",
        "state": "Telangana",
        "owner_name": "M. Mallesh Goud",
        "ocr_owner": "M. Mallesh Goud",
        "area_acres": 4.05,
        "ocr_area_acres": 4.05,
        "area_sq_meters": 16389.8,
        "centroid_lat": 17.054074,
        "centroid_lon": 78.183257,
        "verification_status": "VERIFIED",
        "validation_issue": "",
        "confidence_score": 0.95,
        "mutation_status": "APPROVED",
        "khata_number": "KH-491",
        "ulpin": "TG17060491987X"
      },
      "geometry": {
        "type": "Polygon",
        "coordinates": [
          [
            [
              78.18390640459315,
              17.05468167509492
            ],
            [
              78.18307265351552,
              17.0526409757506
            ],
            [
              78.18269300432395,
              17.054529882376713
            ],
            [
              78.18364242308387,
              17.055005450629256
            ],
            [
              78.18390640459315,
              17.05468167509492
            ]
          ]
        ]
      }
    },
    {
      "type": "Feature",
      "id": "TG-RR-FNR-BRG-0492",
      "properties": {
        "parcel_id": "TG-RR-FNR-BRG-0492",
        "survey_no": "492",
        "survey_display": "492",
        "document_id": "DOC-BRG-0492",
        "village": "Burgul",
        "mandal": "Farooqnagar",
        "district": "Rangareddy",
        "state": "Telangana",
        "owner_name": "K. Chandraiah",
        "ocr_owner": "K. Chandraiah",
        "area_acres": 3.28,
        "ocr_area_acres": 3.28,
        "area_sq_meters": 13273.7,
        "centroid_lat": 17.054216,
        "centroid_lon": 78.199629,
        "verification_status": "VERIFIED",
        "validation_issue": "",
        "confidence_score": 0.98,
        "mutation_status": "APPROVED",
        "khata_number": "KH-492",
        "ulpin": "TG17060492987X"
      },
      "geometry": {
        "type": "Polygon",
        "coordinates": [
          [
            [
              78.19942717535277,
              17.05337960433114
            ],
            [
              78.19939023734979,
              17.05344505211295
            ],
            [
              78.19909250160882,
              17.054209445437596
            ],
            [
              78.19908151947021,
              17.054542314939734
            ],
            [
              78.20027870761817,
              17.055080956669354
            ],
            [
              78.19972892081923,
              17.053317071408237
            ],
            [
              78.19942717535277,
              17.05337960433114
            ]
          ]
        ]
      }
    },
    {
      "type": "Feature",
      "id": "TG-RR-FNR-BRG-0493",
      "properties": {
        "parcel_id": "TG-RR-FNR-BRG-0493",
        "survey_no": "493",
        "survey_display": "493",
        "document_id": "DOC-BRG-0493",
        "village": "Burgul",
        "mandal": "Farooqnagar",
        "district": "Rangareddy",
        "state": "Telangana",
        "owner_name": "J. Ramachandra Reddy",
        "ocr_owner": "J. Ramachandra Reddy",
        "area_acres": 5.08,
        "ocr_area_acres": 5.08,
        "area_sq_meters": 20558.0,
        "centroid_lat": 17.054443,
        "centroid_lon": 78.198139,
        "verification_status": "VERIFIED",
        "validation_issue": "",
        "confidence_score": 0.99,
        "mutation_status": "APPROVED",
        "khata_number": "KH-493",
        "ulpin": "TG17060493987X"
      },
      "geometry": {
        "type": "Polygon",
        "coordinates": [
          [
            [
              78.19714438695526,
              17.053727825911526
            ],
            [
              78.19719805165957,
              17.05413029315294
            ],
            [
              78.19824345302712,
              17.055401601481933
            ],
            [
              78.19908151947021,
              17.054542314939752
            ],
            [
              78.19909250160882,
              17.054209445437547
            ],
            [
              78.19769649934192,
              17.053792392025407
            ],
            [
              78.19714454493845,
              17.053727346528913
            ],
            [
              78.19714438695526,
              17.053727825911526
            ]
          ]
        ]
      }
    },
    {
      "type": "Feature",
      "id": "TG-RR-FNR-BRG-0494",
      "properties": {
        "parcel_id": "TG-RR-FNR-BRG-0494",
        "survey_no": "494",
        "survey_display": "494",
        "document_id": "DOC-BRG-0494",
        "village": "Burgul",
        "mandal": "Farooqnagar",
        "district": "Rangareddy",
        "state": "Telangana",
        "owner_name": "D. Gopal Rao",
        "ocr_owner": "D. Gopal Rao",
        "area_acres": 3.76,
        "ocr_area_acres": 3.76,
        "area_sq_meters": 15216.2,
        "centroid_lat": 17.054193,
        "centroid_lon": 78.182316,
        "verification_status": "VERIFIED",
        "validation_issue": "",
        "confidence_score": 0.9,
        "mutation_status": "APPROVED",
        "khata_number": "KH-494",
        "ulpin": "TG17060494987X"
      },
      "geometry": {
        "type": "Polygon",
        "coordinates": [
          [
            [
              78.18123962082383,
              17.055446581586803
            ],
            [
              78.18269300432395,
              17.05452988237671
            ],
            [
              78.18307265351552,
              17.052640975750617
            ],
            [
              78.18306602560361,
              17.052602971383862
            ],
            [
              78.18126687750336,
              17.055350345850208
            ],
            [
              78.18123962082383,
              17.055446581586803
            ]
          ]
        ]
      }
    },
    {
      "type": "Feature",
      "id": "TG-RR-FNR-BRG-0495",
      "properties": {
        "parcel_id": "TG-RR-FNR-BRG-0495",
        "survey_no": "495",
        "survey_display": "495",
        "document_id": "DOC-BRG-0495",
        "village": "Burgul",
        "mandal": "Farooqnagar",
        "district": "Rangareddy",
        "state": "Telangana",
        "owner_name": "R. Prabhakar",
        "ocr_owner": "R. Prabhakar",
        "area_acres": 8.59,
        "ocr_area_acres": 8.59,
        "area_sq_meters": 34762.5,
        "centroid_lat": 17.054216,
        "centroid_lon": 78.190926,
        "verification_status": "VERIFIED",
        "validation_issue": "",
        "confidence_score": 0.94,
        "mutation_status": "APPROVED",
        "khata_number": "KH-495",
        "ulpin": "TG17060495987X"
      },
      "geometry": {
        "type": "Polygon",
        "coordinates": [
          [
            [
              78.19114576209303,
              17.05308163835479
            ],
            [
              78.19096033549168,
              17.05302231107847
            ],
            [
              78.19067242477868,
              17.053143572909445
            ],
            [
              78.18988970089171,
              17.054998015588406
            ],
            [
              78.19004266428031,
              17.055510994432588
            ],
            [
              78.19011499910793,
              17.055551910604308
            ],
            [
              78.1920939695299,
              17.054235514668765
            ],
            [
              78.1917078429005,
              17.05339291328384
            ],
            [
              78.19114576209303,
              17.05308163835479
            ]
          ]
        ]
      }
    },
    {
      "type": "Feature",
      "id": "TG-RR-FNR-BRG-0496",
      "properties": {
        "parcel_id": "TG-RR-FNR-BRG-0496",
        "survey_no": "496",
        "survey_display": "496",
        "document_id": "DOC-BRG-0496",
        "village": "Burgul",
        "mandal": "Farooqnagar",
        "district": "Rangareddy",
        "state": "Telangana",
        "owner_name": "E. Yadagiri",
        "ocr_owner": "E. Yadagiri",
        "area_acres": 4.59,
        "ocr_area_acres": 4.59,
        "area_sq_meters": 18575.1,
        "centroid_lat": 17.053986,
        "centroid_lon": 78.20043,
        "verification_status": "VERIFIED",
        "validation_issue": "",
        "confidence_score": 0.98,
        "mutation_status": "APPROVED",
        "khata_number": "KH-496",
        "ulpin": "TG17060496987X"
      },
      "geometry": {
        "type": "Polygon",
        "coordinates": [
          [
            [
              78.200148619159,
              17.053140962603365
            ],
            [
              78.19972892081924,
              17.05331707140824
            ],
            [
              78.20027870761817,
              17.05508095666936
            ],
            [
              78.20039602034626,
              17.05516709244801
            ],
            [
              78.2012503635543,
              17.053671867904715
            ],
            [
              78.200148619159,
              17.053140962603365
            ]
          ]
        ]
      }
    },
    {
      "type": "Feature",
      "id": "TG-RR-FNR-BRG-0497",
      "properties": {
        "parcel_id": "TG-RR-FNR-BRG-0497",
        "survey_no": "497",
        "survey_display": "497",
        "document_id": "DOC-BRG-0497",
        "village": "Burgul",
        "mandal": "Farooqnagar",
        "district": "Rangareddy",
        "state": "Telangana",
        "owner_name": "N. Shankaraiah",
        "ocr_owner": "N. Shankaraiah",
        "area_acres": 3.41,
        "ocr_area_acres": 3.41,
        "area_sq_meters": 13799.8,
        "centroid_lat": 17.054609,
        "centroid_lon": 78.169991,
        "verification_status": "VERIFIED",
        "validation_issue": "",
        "confidence_score": 0.9,
        "mutation_status": "APPROVED",
        "khata_number": "KH-497",
        "ulpin": "TG17060497987X"
      },
      "geometry": {
        "type": "Polygon",
        "coordinates": [
          [
            [
              78.1700121674313,
              17.055286536751808
            ],
            [
              78.1708007286083,
              17.054163264158312
            ],
            [
              78.16998663624265,
              17.05385560626226
            ],
            [
              78.16918115864792,
              17.05519806892016
            ],
            [
              78.1700121674313,
              17.055286536751808
            ]
          ]
        ]
      }
    },
    {
      "type": "Feature",
      "id": "TG-RR-FNR-BRG-0498",
      "properties": {
        "parcel_id": "TG-RR-FNR-BRG-0498",
        "survey_no": "498",
        "survey_display": "498",
        "document_id": "DOC-BRG-0498",
        "village": "Burgul",
        "mandal": "Farooqnagar",
        "district": "Rangareddy",
        "state": "Telangana",
        "owner_name": "P. Suseela",
        "ocr_owner": "P. Suseela",
        "area_acres": 3.42,
        "ocr_area_acres": 3.42,
        "area_sq_meters": 13840.3,
        "centroid_lat": 17.054044,
        "centroid_lon": 78.187216,
        "verification_status": "VERIFIED",
        "validation_issue": "",
        "confidence_score": 0.96,
        "mutation_status": "APPROVED",
        "khata_number": "KH-498",
        "ulpin": "TG17060498987X"
      },
      "geometry": {
        "type": "Polygon",
        "coordinates": [
          [
            [
              78.18658683916337,
              17.053780638693848
            ],
            [
              78.18653749558462,
              17.05387418099988
            ],
            [
              78.1864749611869,
              17.05426317370917
            ],
            [
              78.1878215673847,
              17.054659237891865
            ],
            [
              78.18807852161235,
              17.054409267854894
            ],
            [
              78.1870855806234,
              17.053245650790945
            ],
            [
              78.18658683916337,
              17.053780638693848
            ]
          ]
        ]
      }
    },
    {
      "type": "Feature",
      "id": "TG-RR-FNR-BRG-0499",
      "properties": {
        "parcel_id": "TG-RR-FNR-BRG-0499",
        "survey_no": "499",
        "survey_display": "499",
        "document_id": "DOC-BRG-0499",
        "village": "Burgul",
        "mandal": "Farooqnagar",
        "district": "Rangareddy",
        "state": "Telangana",
        "owner_name": "B. Vittal Reddy",
        "ocr_owner": "B. Vittal Reddy",
        "area_acres": 7.86,
        "ocr_area_acres": 7.86,
        "area_sq_meters": 31808.3,
        "centroid_lat": 17.05339,
        "centroid_lon": 78.184021,
        "verification_status": "VERIFIED",
        "validation_issue": "",
        "confidence_score": 0.91,
        "mutation_status": "APPROVED",
        "khata_number": "KH-499",
        "ulpin": "TG17060499987X"
      },
      "geometry": {
        "type": "Polygon",
        "coordinates": [
          [
            [
              78.184393692129,
              17.052703731854198
            ],
            [
              78.18313994761519,
              17.052156699329057
            ],
            [
              78.18306705701167,
              17.052418867946024
            ],
            [
              78.18306602560362,
              17.052602971383905
            ],
            [
              78.18307265351552,
              17.052640975750588
            ],
            [
              78.18390640459315,
              17.054681675094905
            ],
            [
              78.18396050912735,
              17.05467844229886
            ],
            [
              78.18495119804476,
              17.053991539777428
            ],
            [
              78.18492327719936,
              17.053327629600652
            ],
            [
              78.184393692129,
              17.052703731854198
            ]
          ]
        ]
      }
    },
    {
      "type": "Feature",
      "id": "TG-RR-FNR-BRG-0500",
      "properties": {
        "parcel_id": "TG-RR-FNR-BRG-0500",
        "survey_no": "500",
        "survey_display": "500",
        "document_id": "DOC-BRG-0500",
        "village": "Burgul",
        "mandal": "Farooqnagar",
        "district": "Rangareddy",
        "state": "Telangana",
        "owner_name": "K. Padma",
        "ocr_owner": "K. Padma",
        "area_acres": 4.52,
        "ocr_area_acres": 4.52,
        "area_sq_meters": 18291.8,
        "centroid_lat": 17.053753,
        "centroid_lon": 78.181971,
        "verification_status": "REVIEW_REQUIRED",
        "validation_issue": "Low OCR confidence in handwritten Tippon annotation",
        "confidence_score": 0.62,
        "mutation_status": "APPROVED",
        "khata_number": "KH-500",
        "ulpin": "TG17060500987X"
      },
      "geometry": {
        "type": "Polygon",
        "coordinates": [
          [
            [
              78.18306705701167,
              17.052418867946034
            ],
            [
              78.18139751539947,
              17.053593202558016
            ],
            [
              78.18126687750333,
              17.055350345850233
            ],
            [
              78.18306602560362,
              17.05260297138383
            ],
            [
              78.18306705701167,
              17.052418867946034
            ]
          ]
        ]
      }
    },
    {
      "type": "Feature",
      "id": "TG-RR-FNR-BRG-0501",
      "properties": {
        "parcel_id": "TG-RR-FNR-BRG-0501",
        "survey_no": "501",
        "survey_display": "501",
        "document_id": "DOC-BRG-0501",
        "village": "Burgul",
        "mandal": "Farooqnagar",
        "district": "Rangareddy",
        "state": "Telangana",
        "owner_name": "G. Lingaiah",
        "ocr_owner": "G. Lingaiah",
        "area_acres": 4.44,
        "ocr_area_acres": 4.44,
        "area_sq_meters": 17968.1,
        "centroid_lat": 17.054088,
        "centroid_lon": 78.185715,
        "verification_status": "VERIFIED",
        "validation_issue": "",
        "confidence_score": 0.99,
        "mutation_status": "APPROVED",
        "khata_number": "KH-501",
        "ulpin": "TG17060501987X"
      },
      "geometry": {
        "type": "Polygon",
        "coordinates": [
          [
            [
              78.18495119804476,
              17.05399153977745
            ],
            [
              78.1859713210999,
              17.055033291173544
            ],
            [
              78.18647496118692,
              17.054263173709163
            ],
            [
              78.18653749558462,
              17.053874180999866
            ],
            [
              78.18505281822057,
              17.05332490246012
            ],
            [
              78.18492327719936,
              17.05332762960065
            ],
            [
              78.18495119804476,
              17.05399153977745
            ]
          ]
        ]
      }
    },
    {
      "type": "Feature",
      "id": "TG-RR-FNR-BRG-0502",
      "properties": {
        "parcel_id": "TG-RR-FNR-BRG-0502",
        "survey_no": "502",
        "survey_display": "502",
        "document_id": "DOC-BRG-0502",
        "village": "Burgul",
        "mandal": "Farooqnagar",
        "district": "Rangareddy",
        "state": "Telangana",
        "owner_name": "M. Krishna Murthy",
        "ocr_owner": "M. Krishna Murthy",
        "area_acres": 7.72,
        "ocr_area_acres": 7.72,
        "area_sq_meters": 31241.8,
        "centroid_lat": 17.054348,
        "centroid_lon": 78.180694,
        "verification_status": "VERIFIED",
        "validation_issue": "",
        "confidence_score": 0.9,
        "mutation_status": "APPROVED",
        "khata_number": "KH-502",
        "ulpin": "TG17060502987X"
      },
      "geometry": {
        "type": "Polygon",
        "coordinates": [
          [
            [
              78.17986541485168,
              17.054421419185797
            ],
            [
              78.18020895739161,
              17.05510046346283
            ],
            [
              78.18077248688397,
              17.055543469508013
            ],
            [
              78.18100484138861,
              17.055572067449162
            ],
            [
              78.1811841192146,
              17.05554093289855
            ],
            [
              78.18123962082385,
              17.05544658158676
            ],
            [
              78.18126687750333,
              17.055350345850297
            ],
            [
              78.18139751539947,
              17.05359320255801
            ],
            [
              78.18032377537497,
              17.0530805486814
            ],
            [
              78.17986541485168,
              17.054421419185797
            ]
          ]
        ]
      }
    },
    {
      "type": "Feature",
      "id": "TG-RR-FNR-BRG-0503",
      "properties": {
        "parcel_id": "TG-RR-FNR-BRG-0503",
        "survey_no": "503",
        "survey_display": "503",
        "document_id": "DOC-BRG-0503",
        "village": "Burgul",
        "mandal": "Farooqnagar",
        "district": "Rangareddy",
        "state": "Telangana",
        "owner_name": "S. Venkat Reddy",
        "ocr_owner": "S. Venkat Reddy",
        "area_acres": 1.73,
        "ocr_area_acres": 1.73,
        "area_sq_meters": 7001.1,
        "centroid_lat": 17.053815,
        "centroid_lon": 78.198724,
        "verification_status": "VERIFIED",
        "validation_issue": "",
        "confidence_score": 0.98,
        "mutation_status": "APPROVED",
        "khata_number": "KH-503",
        "ulpin": "TG17060503987X"
      },
      "geometry": {
        "type": "Polygon",
        "coordinates": [
          [
            [
              78.19909250160883,
              17.05420944543755
            ],
            [
              78.19939023734976,
              17.053445052113023
            ],
            [
              78.19769649934192,
              17.053792392025407
            ],
            [
              78.19909250160883,
              17.05420944543755
            ]
          ]
        ]
      }
    },
    {
      "type": "Feature",
      "id": "TG-RR-FNR-BRG-0504",
      "properties": {
        "parcel_id": "TG-RR-FNR-BRG-0504",
        "survey_no": "504",
        "survey_display": "504",
        "document_id": "DOC-BRG-0504",
        "village": "Burgul",
        "mandal": "Farooqnagar",
        "district": "Rangareddy",
        "state": "Telangana",
        "owner_name": "A. Jagadeeshwar",
        "ocr_owner": "A. Jagadeeshwar",
        "area_acres": 2.86,
        "ocr_area_acres": 2.86,
        "area_sq_meters": 11574.0,
        "centroid_lat": 17.053582,
        "centroid_lon": 78.187801,
        "verification_status": "VERIFIED",
        "validation_issue": "",
        "confidence_score": 0.89,
        "mutation_status": "APPROVED",
        "khata_number": "KH-504",
        "ulpin": "TG17060504987X"
      },
      "geometry": {
        "type": "Polygon",
        "coordinates": [
          [
            [
              78.18718128851279,
              17.05301841313621
            ],
            [
              78.1870855806234,
              17.05324565079095
            ],
            [
              78.18807852161235,
              17.05440926785489
            ],
            [
              78.1883619225744,
              17.05432240961627
            ],
            [
              78.18806224709591,
              17.05301204178284
            ],
            [
              78.18718128851279,
              17.05301841313621
            ]
          ]
        ]
      }
    },
    {
      "type": "Feature",
      "id": "TG-RR-FNR-BRG-0505",
      "properties": {
        "parcel_id": "TG-RR-FNR-BRG-0505",
        "survey_no": "505",
        "survey_display": "505",
        "document_id": "DOC-BRG-0505",
        "village": "Burgul",
        "mandal": "Farooqnagar",
        "district": "Rangareddy",
        "state": "Telangana",
        "owner_name": "G. Srinivas Reddy",
        "ocr_owner": "G. Srinivas Reddy",
        "area_acres": 3.07,
        "ocr_area_acres": 3.07,
        "area_sq_meters": 12423.9,
        "centroid_lat": 17.053522,
        "centroid_lon": 78.170698,
        "verification_status": "VERIFIED",
        "validation_issue": "",
        "confidence_score": 0.96,
        "mutation_status": "APPROVED",
        "khata_number": "KH-505",
        "ulpin": "TG17060505987X"
      },
      "geometry": {
        "type": "Polygon",
        "coordinates": [
          [
            [
              78.1708007286083,
              17.054163264158312
            ],
            [
              78.17085606942955,
              17.054126771352777
            ],
            [
              78.17133206387814,
              17.053615746013513
            ],
            [
              78.17126749473697,
              17.053429584578243
            ],
            [
              78.17076851633202,
              17.052693124191983
            ],
            [
              78.1705,
              17.053
            ],
            [
              78.16998663624265,
              17.05385560626226
            ],
            [
              78.1708007286083,
              17.054163264158312
            ]
          ]
        ]
      }
    },
    {
      "type": "Feature",
      "id": "TG-RR-FNR-BRG-0506",
      "properties": {
        "parcel_id": "TG-RR-FNR-BRG-0506",
        "survey_no": "506",
        "survey_display": "506",
        "document_id": "DOC-BRG-0506",
        "village": "Burgul",
        "mandal": "Farooqnagar",
        "district": "Rangareddy",
        "state": "Telangana",
        "owner_name": "K. Venkateshwar Rao",
        "ocr_owner": "K. Venkateshwar Rao",
        "area_acres": 1.69,
        "ocr_area_acres": 1.69,
        "area_sq_meters": 6839.2,
        "centroid_lat": 17.053557,
        "centroid_lon": 78.188407,
        "verification_status": "VERIFIED",
        "validation_issue": "",
        "confidence_score": 0.95,
        "mutation_status": "APPROVED",
        "khata_number": "KH-506",
        "ulpin": "TG17060506987X"
      },
      "geometry": {
        "type": "Polygon",
        "coordinates": [
          [
            [
              78.18806224709591,
              17.053012041782836
            ],
            [
              78.1883619225744,
              17.05432240961627
            ],
            [
              78.1886653903877,
              17.054356246860895
            ],
            [
              78.18853608515914,
              17.052788130369933
            ],
            [
              78.18806224709591,
              17.053012041782836
            ]
          ]
        ]
      }
    },
    {
      "type": "Feature",
      "id": "TG-RR-FNR-BRG-0507",
      "properties": {
        "parcel_id": "TG-RR-FNR-BRG-0507",
        "survey_no": "507",
        "survey_display": "507",
        "document_id": "DOC-BRG-0507",
        "village": "Burgul",
        "mandal": "Farooqnagar",
        "district": "Rangareddy",
        "state": "Telangana",
        "owner_name": "M. Lakshmi Bai",
        "ocr_owner": "M. Lakshmi Bai",
        "area_acres": 5.9,
        "ocr_area_acres": 5.9,
        "area_sq_meters": 23876.5,
        "centroid_lat": 17.05394,
        "centroid_lon": 78.192727,
        "verification_status": "VERIFIED",
        "validation_issue": "",
        "confidence_score": 0.98,
        "mutation_status": "APPROVED",
        "khata_number": "KH-507",
        "ulpin": "TG17060507987X"
      },
      "geometry": {
        "type": "Polygon",
        "coordinates": [
          [
            [
              78.19209396952992,
              17.054235514668786
            ],
            [
              78.19321611372744,
              17.05489061015134
            ],
            [
              78.19369460989964,
              17.054365658763153
            ],
            [
              78.19366353050518,
              17.05405853309078
            ],
            [
              78.19250705272732,
              17.053011862130614
            ],
            [
              78.1917078429005,
              17.05339291328383
            ],
            [
              78.19209396952992,
              17.054235514668786
            ]
          ]
        ]
      }
    },
    {
      "type": "Feature",
      "id": "TG-RR-FNR-BRG-0508",
      "properties": {
        "parcel_id": "TG-RR-FNR-BRG-0508",
        "survey_no": "508",
        "survey_display": "508",
        "document_id": "DOC-BRG-0508",
        "village": "Burgul",
        "mandal": "Farooqnagar",
        "district": "Rangareddy",
        "state": "Telangana",
        "owner_name": "P. Anjaneyulu",
        "ocr_owner": "P. Anjaneyulu",
        "area_acres": 2.64,
        "ocr_area_acres": 2.64,
        "area_sq_meters": 10683.7,
        "centroid_lat": 17.053531,
        "centroid_lon": 78.188858,
        "verification_status": "VERIFIED",
        "validation_issue": "",
        "confidence_score": 0.93,
        "mutation_status": "APPROVED",
        "khata_number": "KH-508",
        "ulpin": "TG17060508987X"
      },
      "geometry": {
        "type": "Polygon",
        "coordinates": [
          [
            [
              78.18853608515914,
              17.052788130369933
            ],
            [
              78.1886653903877,
              17.054356246860895
            ],
            [
              78.18919596055085,
              17.054484815360812
            ],
            [
              78.1890096690064,
              17.052485189722013
            ],
            [
              78.18853608515914,
              17.052788130369933
            ]
          ]
        ]
      }
    },
    {
      "type": "Feature",
      "id": "TG-RR-FNR-BRG-0509",
      "properties": {
        "parcel_id": "TG-RR-FNR-BRG-0509",
        "survey_no": "509",
        "survey_display": "509",
        "document_id": "DOC-BRG-0509",
        "village": "Burgul",
        "mandal": "Farooqnagar",
        "district": "Rangareddy",
        "state": "Telangana",
        "owner_name": "B. Satyanarayana",
        "ocr_owner": "B. Satyanarayana",
        "area_acres": 5.97,
        "ocr_area_acres": 5.97,
        "area_sq_meters": 24159.8,
        "centroid_lat": 17.053166,
        "centroid_lon": 78.198101,
        "verification_status": "VERIFIED",
        "validation_issue": "",
        "confidence_score": 0.91,
        "mutation_status": "APPROVED",
        "khata_number": "KH-509",
        "ulpin": "TG17060509987X"
      },
      "geometry": {
        "type": "Polygon",
        "coordinates": [
          [
            [
              78.19772574809801,
              17.052504979008454
            ],
            [
              78.19716675679926,
              17.052939241474203
            ],
            [
              78.19714454493845,
              17.05372734652891
            ],
            [
              78.19769649934193,
              17.053792392025407
            ],
            [
              78.19939023734975,
              17.053445052113027
            ],
            [
              78.19942717535278,
              17.053379604331127
            ],
            [
              78.19857563435194,
              17.052617949038716
            ],
            [
              78.19797677723011,
              17.052423251554174
            ],
            [
              78.19772574809801,
              17.052504979008454
            ]
          ]
        ]
      }
    },
    {
      "type": "Feature",
      "id": "TG-RR-FNR-BRG-0510",
      "properties": {
        "parcel_id": "TG-RR-FNR-BRG-0510",
        "survey_no": "510",
        "survey_display": "510",
        "document_id": "DOC-BRG-0510",
        "village": "Burgul",
        "mandal": "Farooqnagar",
        "district": "Rangareddy",
        "state": "Telangana",
        "owner_name": "T. Ramaiah",
        "ocr_owner": "T. Ramaiah",
        "area_acres": 7.61,
        "ocr_area_acres": 7.61,
        "area_sq_meters": 30796.6,
        "centroid_lat": 17.053595,
        "centroid_lon": 78.189719,
        "verification_status": "VERIFIED",
        "validation_issue": "",
        "confidence_score": 0.91,
        "mutation_status": "APPROVED",
        "khata_number": "KH-510",
        "ulpin": "TG17060510987X"
      },
      "geometry": {
        "type": "Polygon",
        "coordinates": [
          [
            [
              78.1898897008917,
              17.05499801558839
            ],
            [
              78.19067242477867,
              17.053143572909455
            ],
            [
              78.18912562943278,
              17.052325872626014
            ],
            [
              78.1890096690064,
              17.052485189722034
            ],
            [
              78.18919596055083,
              17.054484815360798
            ],
            [
              78.1898897008917,
              17.05499801558839
            ]
          ]
        ]
      }
    },
    {
      "type": "Feature",
      "id": "TG-RR-FNR-BRG-0511",
      "properties": {
        "parcel_id": "TG-RR-FNR-BRG-0511",
        "survey_no": "511",
        "survey_display": "511",
        "document_id": "DOC-BRG-0511",
        "village": "Burgul",
        "mandal": "Farooqnagar",
        "district": "Rangareddy",
        "state": "Telangana",
        "owner_name": "Ch. Madhava Reddy",
        "ocr_owner": "Ch. Madhava Reddy",
        "area_acres": 6.03,
        "ocr_area_acres": 6.03,
        "area_sq_meters": 24402.6,
        "centroid_lat": 17.053597,
        "centroid_lon": 78.177761,
        "verification_status": "VERIFIED",
        "validation_issue": "",
        "confidence_score": 0.89,
        "mutation_status": "APPROVED",
        "khata_number": "KH-511",
        "ulpin": "TG17060511987X"
      },
      "geometry": {
        "type": "Polygon",
        "coordinates": [
          [
            [
              78.1762459433104,
              17.05380459543162
            ],
            [
              78.17682880826928,
              17.054149177363072
            ],
            [
              78.17884596697391,
              17.053969636174973
            ],
            [
              78.1787021064263,
              17.052781853045197
            ],
            [
              78.17658142048377,
              17.053549382408814
            ],
            [
              78.1762459433104,
              17.05380459543162
            ]
          ]
        ]
      }
    },
    {
      "type": "Feature",
      "id": "TG-RR-FNR-BRG-0512",
      "properties": {
        "parcel_id": "TG-RR-FNR-BRG-0512",
        "survey_no": "512",
        "survey_display": "512",
        "document_id": "DOC-BRG-0512",
        "village": "Burgul",
        "mandal": "Farooqnagar",
        "district": "Rangareddy",
        "state": "Telangana",
        "owner_name": "V. Narsimha",
        "ocr_owner": "V. Narsimha",
        "area_acres": 8.49,
        "ocr_area_acres": 8.49,
        "area_sq_meters": 34357.8,
        "centroid_lat": 17.053174,
        "centroid_lon": 78.196056,
        "verification_status": "VERIFIED",
        "validation_issue": "",
        "confidence_score": 0.91,
        "mutation_status": "APPROVED",
        "khata_number": "KH-512",
        "ulpin": "TG17060512987X"
      },
      "geometry": {
        "type": "Polygon",
        "coordinates": [
          [
            [
              78.19714454493845,
              17.053727346528923
            ],
            [
              78.19716675679926,
              17.052939241474213
            ],
            [
              78.19560056358468,
              17.052042874247814
            ],
            [
              78.1952691943515,
              17.052261509657956
            ],
            [
              78.19518982243552,
              17.05416757569713
            ],
            [
              78.19714438695527,
              17.0537278259115
            ],
            [
              78.19714454493845,
              17.053727346528923
            ]
          ]
        ]
      }
    },
    {
      "type": "Feature",
      "id": "TG-RR-FNR-BRG-0513",
      "properties": {
        "parcel_id": "TG-RR-FNR-BRG-0513",
        "survey_no": "513",
        "survey_display": "513",
        "document_id": "DOC-BRG-0513",
        "village": "Burgul",
        "mandal": "Farooqnagar",
        "district": "Rangareddy",
        "state": "Telangana",
        "owner_name": "S. Kistamma",
        "ocr_owner": "S. Kistamma",
        "area_acres": 8.4,
        "ocr_area_acres": 8.4,
        "area_sq_meters": 33993.6,
        "centroid_lat": 17.053364,
        "centroid_lon": 78.194515,
        "verification_status": "VERIFIED",
        "validation_issue": "",
        "confidence_score": 0.89,
        "mutation_status": "APPROVED",
        "khata_number": "KH-513",
        "ulpin": "TG17060513987X"
      },
      "geometry": {
        "type": "Polygon",
        "coordinates": [
          [
            [
              78.19406807055624,
              17.052340761232262
            ],
            [
              78.19396712822024,
              17.052498626587813
            ],
            [
              78.19366353050518,
              17.054058533090743
            ],
            [
              78.19369460989965,
              17.05436565876314
            ],
            [
              78.19503494722804,
              17.054358418530317
            ],
            [
              78.19505413970178,
              17.054347918583787
            ],
            [
              78.19518982243554,
              17.054167575697132
            ],
            [
              78.19526919435151,
              17.05226150965796
            ],
            [
              78.19406807055624,
              17.052340761232262
            ]
          ]
        ]
      }
    },
    {
      "type": "Feature",
      "id": "TG-RR-FNR-BRG-0514",
      "properties": {
        "parcel_id": "TG-RR-FNR-BRG-0514",
        "survey_no": "514",
        "survey_display": "514",
        "document_id": "DOC-BRG-0514",
        "village": "Burgul",
        "mandal": "Farooqnagar",
        "district": "Rangareddy",
        "state": "Telangana",
        "owner_name": "A. Balraj",
        "ocr_owner": "A. Balraj",
        "area_acres": 8.55,
        "ocr_area_acres": 8.55,
        "area_sq_meters": 34600.7,
        "centroid_lat": 17.053127,
        "centroid_lon": 78.17953,
        "verification_status": "VERIFIED",
        "validation_issue": "",
        "confidence_score": 0.88,
        "mutation_status": "APPROVED",
        "khata_number": "KH-514",
        "ulpin": "TG17060514987X"
      },
      "geometry": {
        "type": "Polygon",
        "coordinates": [
          [
            [
              78.1801764361523,
              17.051927494970585
            ],
            [
              78.178927458389,
              17.05226991030525
            ],
            [
              78.1787021064263,
              17.05278185304519
            ],
            [
              78.17884596697391,
              17.053969636174966
            ],
            [
              78.1789295120344,
              17.05404513653695
            ],
            [
              78.17986541485168,
              17.05442141918581
            ],
            [
              78.18032377537499,
              17.053080548681383
            ],
            [
              78.1801764361523,
              17.051927494970585
            ]
          ]
        ]
      }
    },
    {
      "type": "Feature",
      "id": "TG-RR-FNR-BRG-0515",
      "properties": {
        "parcel_id": "TG-RR-FNR-BRG-0515",
        "survey_no": "515",
        "survey_display": "515",
        "document_id": "DOC-BRG-0515",
        "village": "Burgul",
        "mandal": "Farooqnagar",
        "district": "Rangareddy",
        "state": "Telangana",
        "owner_name": "M. Mallesh Goud",
        "ocr_owner": "P. Suseela",
        "area_acres": 1.55,
        "ocr_area_acres": 1.55,
        "area_sq_meters": 6272.6,
        "centroid_lat": 17.053409,
        "centroid_lon": 78.185872,
        "verification_status": "CONFLICT",
        "validation_issue": "Owner mismatch: Deed titleholder 'M. Mallesh Goud' vs Extracted 'P. Suseela'",
        "confidence_score": 0.44,
        "mutation_status": "APPROVED",
        "khata_number": "KH-515",
        "ulpin": "TG17060515987X"
      },
      "geometry": {
        "type": "Polygon",
        "coordinates": [
          [
            [
              78.18653749558462,
              17.053874180999866
            ],
            [
              78.18658683916335,
              17.05378063869388
            ],
            [
              78.18585187330525,
              17.052976980660283
            ],
            [
              78.18505281822056,
              17.053324902460115
            ],
            [
              78.18653749558462,
              17.053874180999866
            ]
          ]
        ]
      }
    },
    {
      "type": "Feature",
      "id": "TG-RR-FNR-BRG-0516",
      "properties": {
        "parcel_id": "TG-RR-FNR-BRG-0516",
        "survey_no": "516",
        "survey_display": "516",
        "document_id": "DOC-BRG-0516",
        "village": "Burgul",
        "mandal": "Farooqnagar",
        "district": "Rangareddy",
        "state": "Telangana",
        "owner_name": "K. Chandraiah",
        "ocr_owner": "K. Chandraiah",
        "area_acres": 3.48,
        "ocr_area_acres": 3.48,
        "area_sq_meters": 14083.1,
        "centroid_lat": 17.05314,
        "centroid_lon": 78.193339,
        "verification_status": "VERIFIED",
        "validation_issue": "",
        "confidence_score": 0.92,
        "mutation_status": "APPROVED",
        "khata_number": "KH-516",
        "ulpin": "TG17060516987X"
      },
      "geometry": {
        "type": "Polygon",
        "coordinates": [
          [
            [
              78.19396712822025,
              17.052498626587774
            ],
            [
              78.19264163772193,
              17.05277589098595
            ],
            [
              78.19250705272732,
              17.053011862130614
            ],
            [
              78.19366353050518,
              17.05405853309077
            ],
            [
              78.19396712822025,
              17.052498626587774
            ]
          ]
        ]
      }
    },
    {
      "type": "Feature",
      "id": "TG-RR-FNR-BRG-0517",
      "properties": {
        "parcel_id": "TG-RR-FNR-BRG-0517",
        "survey_no": "517",
        "survey_display": "517",
        "document_id": "DOC-BRG-0517",
        "village": "Burgul",
        "mandal": "Farooqnagar",
        "district": "Rangareddy",
        "state": "Telangana",
        "owner_name": "J. Ramachandra Reddy",
        "ocr_owner": "J. Ramachandra Reddy",
        "area_acres": 11.78,
        "ocr_area_acres": 11.78,
        "area_sq_meters": 47672.0,
        "centroid_lat": 17.052426,
        "centroid_lon": 78.181426,
        "verification_status": "VERIFIED",
        "validation_issue": "",
        "confidence_score": 0.96,
        "mutation_status": "APPROVED",
        "khata_number": "KH-517",
        "ulpin": "TG17060517987X"
      },
      "geometry": {
        "type": "Polygon",
        "coordinates": [
          [
            [
              78.18310243085526,
              17.052291637394998
            ],
            [
              78.1822232536191,
              17.05176575163994
            ],
            [
              78.18103981615725,
              17.051344399713297
            ],
            [
              78.18030924486435,
              17.051759003520914
            ],
            [
              78.18017643615231,
              17.051927494970577
            ],
            [
              78.18032377537499,
              17.053080548681407
            ],
            [
              78.18139751539947,
              17.053593202558012
            ],
            [
              78.18306705701167,
              17.052418867946034
            ],
            [
              78.18310243085526,
              17.052291637394998
            ]
          ]
        ]
      }
    },
    {
      "type": "Feature",
      "id": "TG-RR-FNR-BRG-0518",
      "properties": {
        "parcel_id": "TG-RR-FNR-BRG-0518",
        "survey_no": "518",
        "survey_display": "518",
        "document_id": "DOC-BRG-0518",
        "village": "Burgul",
        "mandal": "Farooqnagar",
        "district": "Rangareddy",
        "state": "Telangana",
        "owner_name": "D. Gopal Rao",
        "ocr_owner": "D. Gopal Rao",
        "area_acres": 4.63,
        "ocr_area_acres": 4.63,
        "area_sq_meters": 18737.0,
        "centroid_lat": 17.053317,
        "centroid_lon": 78.172294,
        "verification_status": "VERIFIED",
        "validation_issue": "",
        "confidence_score": 0.99,
        "mutation_status": "APPROVED",
        "khata_number": "KH-518",
        "ulpin": "TG17060518987X"
      },
      "geometry": {
        "type": "Polygon",
        "coordinates": [
          [
            [
              78.17133206387814,
              17.053615746013502
            ],
            [
              78.17150756544376,
              17.053711356774908
            ],
            [
              78.1726466470207,
              17.053932034508794
            ],
            [
              78.17316583697175,
              17.053687302631545
            ],
            [
              78.17259721334317,
              17.05240418033547
            ],
            [
              78.171267494737,
              17.053429584578286
            ],
            [
              78.17133206387814,
              17.053615746013502
            ]
          ]
        ]
      }
    },
    {
      "type": "Feature",
      "id": "TG-RR-FNR-BRG-0519",
      "properties": {
        "parcel_id": "TG-RR-FNR-BRG-0519",
        "survey_no": "519",
        "survey_display": "519",
        "document_id": "DOC-BRG-0519",
        "village": "Burgul",
        "mandal": "Farooqnagar",
        "district": "Rangareddy",
        "state": "Telangana",
        "owner_name": "R. Prabhakar",
        "ocr_owner": "R. Prabhakar",
        "area_acres": 2.54,
        "ocr_area_acres": 2.54,
        "area_sq_meters": 10279.0,
        "centroid_lat": 17.053112,
        "centroid_lon": 78.186509,
        "verification_status": "VERIFIED",
        "validation_issue": "",
        "confidence_score": 0.98,
        "mutation_status": "APPROVED",
        "khata_number": "KH-519",
        "ulpin": "TG17060519987X"
      },
      "geometry": {
        "type": "Polygon",
        "coordinates": [
          [
            [
              78.1870855806234,
              17.05324565079095
            ],
            [
              78.18718128851278,
              17.053018413136215
            ],
            [
              78.18713822843351,
              17.052906279426225
            ],
            [
              78.1859898361842,
              17.052581956206154
            ],
            [
              78.18585187330527,
              17.052976980660286
            ],
            [
              78.18658683916335,
              17.05378063869387
            ],
            [
              78.1870855806234,
              17.05324565079095
            ]
          ]
        ]
      }
    },
    {
      "type": "Feature",
      "id": "TG-RR-FNR-BRG-0520",
      "properties": {
        "parcel_id": "TG-RR-FNR-BRG-0520",
        "survey_no": "520",
        "survey_display": "520",
        "document_id": "DOC-BRG-0520",
        "village": "Burgul",
        "mandal": "Farooqnagar",
        "district": "Rangareddy",
        "state": "Telangana",
        "owner_name": "E. Yadagiri",
        "ocr_owner": "E. Yadagiri",
        "area_acres": 3.12,
        "ocr_area_acres": 3.12,
        "area_sq_meters": 12626.2,
        "centroid_lat": 17.052757,
        "centroid_lon": 78.185266,
        "verification_status": "VERIFIED",
        "validation_issue": "",
        "confidence_score": 0.93,
        "mutation_status": "APPROVED",
        "khata_number": "KH-520",
        "ulpin": "TG17060520987X"
      },
      "geometry": {
        "type": "Polygon",
        "coordinates": [
          [
            [
              78.18492327719936,
              17.05332762960065
            ],
            [
              78.18505281822056,
              17.05332490246012
            ],
            [
              78.18585187330527,
              17.052976980660276
            ],
            [
              78.1859898361842,
              17.05258195620616
            ],
            [
              78.18573659939929,
              17.05214557598726
            ],
            [
              78.184393692129,
              17.052703731854198
            ],
            [
              78.18492327719936,
              17.05332762960065
            ]
          ]
        ]
      }
    },
    {
      "type": "Feature",
      "id": "TG-RR-FNR-BRG-0521",
      "properties": {
        "parcel_id": "TG-RR-FNR-BRG-0521",
        "survey_no": "521",
        "survey_display": "521",
        "document_id": "DOC-BRG-0521",
        "village": "Burgul",
        "mandal": "Farooqnagar",
        "district": "Rangareddy",
        "state": "Telangana",
        "owner_name": "N. Shankaraiah",
        "ocr_owner": "N. Shankaraiah",
        "area_acres": 6.18,
        "ocr_area_acres": 6.67,
        "area_sq_meters": 25009.6,
        "centroid_lat": 17.05232,
        "centroid_lon": 78.171775,
        "verification_status": "CONFLICT",
        "validation_issue": "Area mismatch: Document states 6.67 Acres vs GIS 6.18 Acres (8.0% diff)",
        "confidence_score": 0.68,
        "mutation_status": "APPROVED",
        "khata_number": "KH-521",
        "ulpin": "TG17060521987X"
      },
      "geometry": {
        "type": "Polygon",
        "coordinates": [
          [
            [
              78.171267494737,
              17.053429584578282
            ],
            [
              78.17259721334318,
              17.05240418033546
            ],
            [
              78.1725521840646,
              17.05165266853366
            ],
            [
              78.17214204412899,
              17.051123378138296
            ],
            [
              78.17076851633202,
              17.05269312419198
            ],
            [
              78.171267494737,
              17.053429584578282
            ]
          ]
        ]
      }
    },
    {
      "type": "Feature",
      "id": "TG-RR-FNR-BRG-0522",
      "properties": {
        "parcel_id": "TG-RR-FNR-BRG-0522",
        "survey_no": "522",
        "survey_display": "522",
        "document_id": "DOC-BRG-0522",
        "village": "Burgul",
        "mandal": "Farooqnagar",
        "district": "Rangareddy",
        "state": "Telangana",
        "owner_name": "P. Suseela",
        "ocr_owner": "P. Suseela",
        "area_acres": 4.68,
        "ocr_area_acres": 4.68,
        "area_sq_meters": 18939.3,
        "centroid_lat": 17.052663,
        "centroid_lon": 78.177873,
        "verification_status": "VERIFIED",
        "validation_issue": "",
        "confidence_score": 0.92,
        "mutation_status": "APPROVED",
        "khata_number": "KH-522",
        "ulpin": "TG17060522987X"
      },
      "geometry": {
        "type": "Polygon",
        "coordinates": [
          [
            [
              78.17892745838901,
              17.05226991030525
            ],
            [
              78.17851001146131,
              17.051996636327587
            ],
            [
              78.17761797544378,
              17.05212681097696
            ],
            [
              78.1765814204838,
              17.053549382408807
            ],
            [
              78.1787021064263,
              17.052781853045197
            ],
            [
              78.17892745838901,
              17.05226991030525
            ]
          ]
        ]
      }
    },
    {
      "type": "Feature",
      "id": "TG-RR-FNR-BRG-0523",
      "properties": {
        "parcel_id": "TG-RR-FNR-BRG-0523",
        "survey_no": "523",
        "survey_display": "523",
        "document_id": "DOC-BRG-0523",
        "village": "Burgul",
        "mandal": "Farooqnagar",
        "district": "Rangareddy",
        "state": "Telangana",
        "owner_name": "B. Vittal Reddy",
        "ocr_owner": "B. Vittal Reddy",
        "area_acres": 2.44,
        "ocr_area_acres": 2.44,
        "area_sq_meters": 9874.3,
        "centroid_lat": 17.052883,
        "centroid_lon": 78.191949,
        "verification_status": "VERIFIED",
        "validation_issue": "",
        "confidence_score": 0.94,
        "mutation_status": "APPROVED",
        "khata_number": "KH-523",
        "ulpin": "TG17060523987X"
      },
      "geometry": {
        "type": "Polygon",
        "coordinates": [
          [
            [
              78.19170784290048,
              17.053392913283833
            ],
            [
              78.19250705272732,
              17.053011862130614
            ],
            [
              78.19264163772193,
              17.05277589098594
            ],
            [
              78.19259967976951,
              17.05264278533391
            ],
            [
              78.19209744592234,
              17.052319925635945
            ],
            [
              78.19114576209302,
              17.053081638354787
            ],
            [
              78.19170784290048,
              17.053392913283833
            ]
          ]
        ]
      }
    },
    {
      "type": "Feature",
      "id": "TG-RR-FNR-BRG-0524",
      "properties": {
        "parcel_id": "TG-RR-FNR-BRG-0524",
        "survey_no": "524",
        "survey_display": "524",
        "document_id": "DOC-BRG-0524",
        "village": "Burgul",
        "mandal": "Farooqnagar",
        "district": "Rangareddy",
        "state": "Telangana",
        "owner_name": "K. Padma",
        "ocr_owner": "K. Padma",
        "area_acres": 11.39,
        "ocr_area_acres": 11.39,
        "area_sq_meters": 46093.7,
        "centroid_lat": 17.052825,
        "centroid_lon": 78.173835,
        "verification_status": "VERIFIED",
        "validation_issue": "",
        "confidence_score": 0.89,
        "mutation_status": "APPROVED",
        "khata_number": "KH-524",
        "ulpin": "TG17060524987X"
      },
      "geometry": {
        "type": "Polygon",
        "coordinates": [
          [
            [
              78.17444116222957,
              17.053843354201234
            ],
            [
              78.1753010991685,
              17.05341623693871
            ],
            [
              78.17490793929197,
              17.05253638196238
            ],
            [
              78.17447895910902,
              17.052141062011575
            ],
            [
              78.17255218406459,
              17.05165266853364
            ],
            [
              78.17259721334318,
              17.05240418033548
            ],
            [
              78.17316583697176,
              17.05368730263155
            ],
            [
              78.17444116222957,
              17.053843354201234
            ]
          ]
        ]
      }
    },
    {
      "type": "Feature",
      "id": "TG-RR-FNR-BRG-0525",
      "properties": {
        "parcel_id": "TG-RR-FNR-BRG-0525",
        "survey_no": "525",
        "survey_display": "525",
        "document_id": "DOC-BRG-0525",
        "village": "Burgul",
        "mandal": "Farooqnagar",
        "district": "Rangareddy",
        "state": "Telangana",
        "owner_name": "G. Lingaiah",
        "ocr_owner": "G. Lingaiah",
        "area_acres": 6.51,
        "ocr_area_acres": 6.51,
        "area_sq_meters": 26345.1,
        "centroid_lat": 17.052854,
        "centroid_lon": 78.201084,
        "verification_status": "VERIFIED",
        "validation_issue": "",
        "confidence_score": 0.93,
        "mutation_status": "APPROVED",
        "khata_number": "KH-525",
        "ulpin": "TG17060525987X"
      },
      "geometry": {
        "type": "Polygon",
        "coordinates": [
          [
            [
              78.20029321457216,
              17.052307751678597
            ],
            [
              78.20019198321326,
              17.052697056238525
            ],
            [
              78.200148619159,
              17.053140962603365
            ],
            [
              78.2012503635543,
              17.053671867904715
            ],
            [
              78.2013556006105,
              17.053655788314266
            ],
            [
              78.20241050770778,
              17.053087355395448
            ],
            [
              78.20060505522409,
              17.051823538656866
            ],
            [
              78.20029321457216,
              17.052307751678597
            ]
          ]
        ]
      }
    },
    {
      "type": "Feature",
      "id": "TG-RR-FNR-BRG-0526",
      "properties": {
        "parcel_id": "TG-RR-FNR-BRG-0526",
        "survey_no": "526",
        "survey_display": "526",
        "document_id": "DOC-BRG-0526",
        "village": "Burgul",
        "mandal": "Farooqnagar",
        "district": "Rangareddy",
        "state": "Telangana",
        "owner_name": "M. Krishna Murthy",
        "ocr_owner": "M. Krishna Murthy",
        "area_acres": 3.5,
        "ocr_area_acres": 3.5,
        "area_sq_meters": 14164.0,
        "centroid_lat": 17.052765,
        "centroid_lon": 78.199451,
        "verification_status": "VERIFIED",
        "validation_issue": "",
        "confidence_score": 0.98,
        "mutation_status": "APPROVED",
        "khata_number": "KH-526",
        "ulpin": "TG17060526987X"
      },
      "geometry": {
        "type": "Polygon",
        "coordinates": [
          [
            [
              78.19857563435194,
              17.052617949038712
            ],
            [
              78.1994271753528,
              17.053379604331138
            ],
            [
              78.19972892081925,
              17.05331707140823
            ],
            [
              78.20014861915901,
              17.053140962603365
            ],
            [
              78.20019198321326,
              17.05269705623856
            ],
            [
              78.19921950711381,
              17.052089568656168
            ],
            [
              78.19857563435194,
              17.052617949038712
            ]
          ]
        ]
      }
    },
    {
      "type": "Feature",
      "id": "TG-RR-FNR-BRG-0527",
      "properties": {
        "parcel_id": "TG-RR-FNR-BRG-0527",
        "survey_no": "527",
        "survey_display": "527",
        "document_id": "DOC-BRG-0527",
        "village": "Burgul",
        "mandal": "Farooqnagar",
        "district": "Rangareddy",
        "state": "Telangana",
        "owner_name": "S. Venkat Reddy",
        "ocr_owner": "S. Venkat Reddy",
        "area_acres": 3.48,
        "ocr_area_acres": 3.48,
        "area_sq_meters": 14083.1,
        "centroid_lat": 17.052258,
        "centroid_lon": 78.186499,
        "verification_status": "VERIFIED",
        "validation_issue": "",
        "confidence_score": 0.95,
        "mutation_status": "APPROVED",
        "khata_number": "KH-527",
        "ulpin": "TG17060527987X"
      },
      "geometry": {
        "type": "Polygon",
        "coordinates": [
          [
            [
              78.18712258856306,
              17.05194545514396
            ],
            [
              78.18596852691071,
              17.051648658660863
            ],
            [
              78.18573659939929,
              17.05214557598726
            ],
            [
              78.1859898361842,
              17.05258195620615
            ],
            [
              78.18713822843351,
              17.05290627942622
            ],
            [
              78.18712258856306,
              17.05194545514396
            ]
          ]
        ]
      }
    },
    {
      "type": "Feature",
      "id": "TG-RR-FNR-BRG-0528",
      "properties": {
        "parcel_id": "TG-RR-FNR-BRG-0528",
        "survey_no": "528",
        "survey_display": "528",
        "document_id": "DOC-BRG-0528",
        "village": "Burgul",
        "mandal": "Farooqnagar",
        "district": "Rangareddy",
        "state": "Telangana",
        "owner_name": "A. Jagadeeshwar",
        "ocr_owner": "A. Jagadeeshwar",
        "area_acres": 4.07,
        "ocr_area_acres": 4.07,
        "area_sq_meters": 16470.7,
        "centroid_lat": 17.052097,
        "centroid_lon": 78.193229,
        "verification_status": "VERIFIED",
        "validation_issue": "",
        "confidence_score": 0.96,
        "mutation_status": "APPROVED",
        "khata_number": "KH-528",
        "ulpin": "TG17060528987X"
      },
      "geometry": {
        "type": "Polygon",
        "coordinates": [
          [
            [
              78.19406807055624,
              17.052340761232255
            ],
            [
              78.19326529124469,
              17.051203964408824
            ],
            [
              78.19267118753169,
              17.051739987495893
            ],
            [
              78.1925996797695,
              17.052642785333894
            ],
            [
              78.19264163772193,
              17.05277589098595
            ],
            [
              78.19396712822027,
              17.05249862658777
            ],
            [
              78.19406807055624,
              17.052340761232255
            ]
          ]
        ]
      }
    },
    {
      "type": "Feature",
      "id": "TG-RR-FNR-BRG-0529",
      "properties": {
        "parcel_id": "TG-RR-FNR-BRG-0529",
        "survey_no": "529",
        "survey_display": "529",
        "document_id": "DOC-BRG-0529",
        "village": "Burgul",
        "mandal": "Farooqnagar",
        "district": "Rangareddy",
        "state": "Telangana",
        "owner_name": "G. Srinivas Reddy",
        "ocr_owner": "G. Srinivas Reddy",
        "area_acres": 9.54,
        "ocr_area_acres": 9.54,
        "area_sq_meters": 38607.0,
        "centroid_lat": 17.052011,
        "centroid_lon": 78.188117,
        "verification_status": "VERIFIED",
        "validation_issue": "",
        "confidence_score": 0.9,
        "mutation_status": "APPROVED",
        "khata_number": "KH-529",
        "ulpin": "TG17060529987X"
      },
      "geometry": {
        "type": "Polygon",
        "coordinates": [
          [
            [
              78.18896276070774,
              17.051114735869323
            ],
            [
              78.18895091928272,
              17.05108673725485
            ],
            [
              78.18811849279318,
              17.05080964096918
            ],
            [
              78.1880940328924,
              17.05081435685599
            ],
            [
              78.18712258856306,
              17.05194545514398
            ],
            [
              78.18713822843351,
              17.05290627942621
            ],
            [
              78.18718128851278,
              17.05301841313621
            ],
            [
              78.18806224709593,
              17.05301204178284
            ],
            [
              78.18853608515911,
              17.052788130369954
            ],
            [
              78.18900966900641,
              17.052485189722006
            ],
            [
              78.18912562943278,
              17.052325872626007
            ],
            [
              78.18896276070774,
              17.051114735869323
            ]
          ]
        ]
      }
    },
    {
      "type": "Feature",
      "id": "TG-RR-FNR-BRG-0530",
      "properties": {
        "parcel_id": "TG-RR-FNR-BRG-0530",
        "survey_no": "530",
        "survey_display": "530",
        "document_id": "DOC-BRG-0530",
        "village": "Burgul",
        "mandal": "Farooqnagar",
        "district": "Rangareddy",
        "state": "Telangana",
        "owner_name": "K. Venkateshwar Rao",
        "ocr_owner": "K. Venkateshwar Rao",
        "area_acres": 1.02,
        "ocr_area_acres": 1.02,
        "area_sq_meters": 4127.8,
        "centroid_lat": 17.052152,
        "centroid_lon": 78.192408,
        "verification_status": "VERIFIED",
        "validation_issue": "",
        "confidence_score": 0.89,
        "mutation_status": "APPROVED",
        "khata_number": "KH-530",
        "ulpin": "TG17060530987X"
      },
      "geometry": {
        "type": "Polygon",
        "coordinates": [
          [
            [
              78.19215460594314,
              17.05187360634122
            ],
            [
              78.19209744592234,
              17.052319925635945
            ],
            [
              78.19259967976951,
              17.052642785333905
            ],
            [
              78.1926711875317,
              17.05173998749589
            ],
            [
              78.19215460594314,
              17.05187360634122
            ]
          ]
        ]
      }
    },
    {
      "type": "Feature",
      "id": "TG-RR-FNR-BRG-0531",
      "properties": {
        "parcel_id": "TG-RR-FNR-BRG-0531",
        "survey_no": "531",
        "survey_display": "531",
        "document_id": "DOC-BRG-0531",
        "village": "Burgul",
        "mandal": "Farooqnagar",
        "district": "Rangareddy",
        "state": "Telangana",
        "owner_name": "M. Lakshmi Bai",
        "ocr_owner": "M. Lakshmi Bai",
        "area_acres": 2.58,
        "ocr_area_acres": 2.58,
        "area_sq_meters": 10440.9,
        "centroid_lat": 17.052369,
        "centroid_lon": 78.191512,
        "verification_status": "VERIFIED",
        "validation_issue": "",
        "confidence_score": 0.97,
        "mutation_status": "APPROVED",
        "khata_number": "KH-531",
        "ulpin": "TG17060531987X"
      },
      "geometry": {
        "type": "Polygon",
        "coordinates": [
          [
            [
              78.19096033549168,
              17.053022311078468
            ],
            [
              78.19114576209302,
              17.053081638354783
            ],
            [
              78.19209744592234,
              17.052319925635942
            ],
            [
              78.19215460594314,
              17.051873606341218
            ],
            [
              78.19191757591871,
              17.051798960861586
            ],
            [
              78.19109358467975,
              17.052071426383428
            ],
            [
              78.19096033549168,
              17.053022311078468
            ]
          ]
        ]
      }
    },
    {
      "type": "Feature",
      "id": "TG-RR-FNR-BRG-0532",
      "properties": {
        "parcel_id": "TG-RR-FNR-BRG-0532",
        "survey_no": "532",
        "survey_display": "532",
        "document_id": "DOC-BRG-0532",
        "village": "Burgul",
        "mandal": "Farooqnagar",
        "district": "Rangareddy",
        "state": "Telangana",
        "owner_name": "P. Anjaneyulu",
        "ocr_owner": "P. Anjaneyulu",
        "area_acres": 1.16,
        "ocr_area_acres": 1.16,
        "area_sq_meters": 4694.4,
        "centroid_lat": 17.052227,
        "centroid_lon": 78.199771,
        "verification_status": "VERIFIED",
        "validation_issue": "",
        "confidence_score": 0.91,
        "mutation_status": "APPROVED",
        "khata_number": "KH-532",
        "ulpin": "TG17060532987X"
      },
      "geometry": {
        "type": "Polygon",
        "coordinates": [
          [
            [
              78.20029321457216,
              17.05230775167864
            ],
            [
              78.1993911511231,
              17.051791287466642
            ],
            [
              78.19921950711381,
              17.052089568656164
            ],
            [
              78.20019198321326,
              17.052697056238557
            ],
            [
              78.20029321457216,
              17.05230775167864
            ]
          ]
        ]
      }
    },
    {
      "type": "Feature",
      "id": "TG-RR-FNR-BRG-0533",
      "properties": {
        "parcel_id": "TG-RR-FNR-BRG-0533",
        "survey_no": "533",
        "survey_display": "533",
        "document_id": "DOC-BRG-0533",
        "village": "Burgul",
        "mandal": "Farooqnagar",
        "district": "Rangareddy",
        "state": "Telangana",
        "owner_name": "B. Satyanarayana",
        "ocr_owner": "B. Satyanarayana",
        "area_acres": 7.55,
        "ocr_area_acres": 7.55,
        "area_sq_meters": 30553.8,
        "centroid_lat": 17.052632,
        "centroid_lon": 78.176556,
        "verification_status": "VERIFIED",
        "validation_issue": "",
        "confidence_score": 0.92,
        "mutation_status": "APPROVED",
        "khata_number": "KH-533",
        "ulpin": "TG17060533987X"
      },
      "geometry": {
        "type": "Polygon",
        "coordinates": [
          [
            [
              78.17668073825504,
              17.051461354193297
            ],
            [
              78.17543532826646,
              17.053453352849214
            ],
            [
              78.1759391206022,
              17.053785335192433
            ],
            [
              78.17624594331042,
              17.053804595431618
            ],
            [
              78.17658142048381,
              17.05354938240879
            ],
            [
              78.17761797544378,
              17.052126810976965
            ],
            [
              78.17696171805329,
              17.051288588267468
            ],
            [
              78.17668073825504,
              17.051461354193297
            ]
          ]
        ]
      }
    },
    {
      "type": "Feature",
      "id": "TG-RR-FNR-BRG-0534",
      "properties": {
        "parcel_id": "TG-RR-FNR-BRG-0534",
        "survey_no": "534",
        "survey_display": "534",
        "document_id": "DOC-BRG-0534",
        "village": "Burgul",
        "mandal": "Farooqnagar",
        "district": "Rangareddy",
        "state": "Telangana",
        "owner_name": "T. Ramaiah",
        "ocr_owner": "T. Ramaiah",
        "area_acres": 7.59,
        "ocr_area_acres": 7.59,
        "area_sq_meters": 30715.7,
        "centroid_lat": 17.052123,
        "centroid_lon": 78.190068,
        "verification_status": "VERIFIED",
        "validation_issue": "",
        "confidence_score": 0.98,
        "mutation_status": "APPROVED",
        "khata_number": "KH-534",
        "ulpin": "TG17060534987X"
      },
      "geometry": {
        "type": "Polygon",
        "coordinates": [
          [
            [
              78.18912562943278,
              17.052325872626014
            ],
            [
              78.19067242477867,
              17.053143572909455
            ],
            [
              78.19096033549168,
              17.05302231107847
            ],
            [
              78.19109358467975,
              17.05207142638344
            ],
            [
              78.19098029485055,
              17.05176938116088
            ],
            [
              78.18896276070774,
              17.05111473586933
            ],
            [
              78.18912562943278,
              17.052325872626014
            ]
          ]
        ]
      }
    },
    {
      "type": "Feature",
      "id": "TG-RR-FNR-BRG-0535",
      "properties": {
        "parcel_id": "TG-RR-FNR-BRG-0535",
        "survey_no": "535",
        "survey_display": "535",
        "document_id": "DOC-BRG-0535",
        "village": "Burgul",
        "mandal": "Farooqnagar",
        "district": "Rangareddy",
        "state": "Telangana",
        "owner_name": "Ch. Madhava Reddy",
        "ocr_owner": "Ch. Madhava Reddy",
        "area_acres": 3.98,
        "ocr_area_acres": 3.98,
        "area_sq_meters": 16106.5,
        "centroid_lat": 17.051828,
        "centroid_lon": 78.198766,
        "verification_status": "VERIFIED",
        "validation_issue": "",
        "confidence_score": 0.89,
        "mutation_status": "APPROVED",
        "khata_number": "KH-535",
        "ulpin": "TG17060535987X"
      },
      "geometry": {
        "type": "Polygon",
        "coordinates": [
          [
            [
              78.19797677723011,
              17.052423251554174
            ],
            [
              78.19857563435193,
              17.05261794903871
            ],
            [
              78.1992195071138,
              17.05208956865617
            ],
            [
              78.1993911511231,
              17.05179128746663
            ],
            [
              78.19933276682598,
              17.050932936778192
            ],
            [
              78.19927124684949,
              17.050889872794652
            ],
            [
              78.19835580121958,
              17.051524572280453
            ],
            [
              78.19797677723011,
              17.052423251554174
            ]
          ]
        ]
      }
    },
    {
      "type": "Feature",
      "id": "TG-RR-FNR-BRG-0536",
      "properties": {
        "parcel_id": "TG-RR-FNR-BRG-0536",
        "survey_no": "536",
        "survey_display": "536",
        "document_id": "DOC-BRG-0536",
        "village": "Burgul",
        "mandal": "Farooqnagar",
        "district": "Rangareddy",
        "state": "Telangana",
        "owner_name": "V. Narsimha",
        "ocr_owner": "V. Narsimha",
        "area_acres": 9.46,
        "ocr_area_acres": 9.46,
        "area_sq_meters": 38283.3,
        "centroid_lat": 17.051747,
        "centroid_lon": 78.184683,
        "verification_status": "VERIFIED",
        "validation_issue": "",
        "confidence_score": 0.9,
        "mutation_status": "APPROVED",
        "khata_number": "KH-536",
        "ulpin": "TG17060536987X"
      },
      "geometry": {
        "type": "Polygon",
        "coordinates": [
          [
            [
              78.18408538882352,
              17.051086063903558
            ],
            [
              78.1838663609981,
              17.05134138414374
            ],
            [
              78.18328883791187,
              17.05222166299117
            ],
            [
              78.184393692129,
              17.052703731854198
            ],
            [
              78.1857365993993,
              17.052145575987257
            ],
            [
              78.18596852691073,
              17.05164865866087
            ],
            [
              78.18584922830416,
              17.051344247937795
            ],
            [
              78.18568688911756,
              17.051184445514018
            ],
            [
              78.18475994119278,
              17.050712255889646
            ],
            [
              78.18408538882352,
              17.051086063903558
            ]
          ]
        ]
      }
    },
    {
      "type": "Feature",
      "id": "TG-RR-FNR-BRG-0537",
      "properties": {
        "parcel_id": "TG-RR-FNR-BRG-0537",
        "survey_no": "537",
        "survey_display": "537",
        "document_id": "DOC-BRG-0537",
        "village": "Burgul",
        "mandal": "Farooqnagar",
        "district": "Rangareddy",
        "state": "Telangana",
        "owner_name": "S. Kistamma",
        "ocr_owner": "S. Kistamma",
        "area_acres": 2.38,
        "ocr_area_acres": 2.38,
        "area_sq_meters": 9631.5,
        "centroid_lat": 17.051684,
        "centroid_lon": 78.199897,
        "verification_status": "VERIFIED",
        "validation_issue": "",
        "confidence_score": 0.92,
        "mutation_status": "APPROVED",
        "khata_number": "KH-537",
        "ulpin": "TG17060537987X"
      },
      "geometry": {
        "type": "Polygon",
        "coordinates": [
          [
            [
              78.1993911511231,
              17.051791287466646
            ],
            [
              78.20029321457214,
              17.05230775167864
            ],
            [
              78.20060505522409,
              17.051823538656866
            ],
            [
              78.19933276682598,
              17.05093293677819
            ],
            [
              78.1993911511231,
              17.051791287466646
            ]
          ]
        ]
      }
    },
    {
      "type": "Feature",
      "id": "TG-RR-FNR-BRG-0538",
      "properties": {
        "parcel_id": "TG-RR-FNR-BRG-0538",
        "survey_no": "538",
        "survey_display": "538",
        "document_id": "DOC-BRG-0538",
        "village": "Burgul",
        "mandal": "Farooqnagar",
        "district": "Rangareddy",
        "state": "Telangana",
        "owner_name": "A. Balraj",
        "ocr_owner": "A. Balraj",
        "area_acres": 3.28,
        "ocr_area_acres": 3.28,
        "area_sq_meters": 13273.7,
        "centroid_lat": 17.051515,
        "centroid_lon": 78.177686,
        "verification_status": "VERIFIED",
        "validation_issue": "",
        "confidence_score": 0.96,
        "mutation_status": "APPROVED",
        "khata_number": "KH-538",
        "ulpin": "TG17060538987X"
      },
      "geometry": {
        "type": "Polygon",
        "coordinates": [
          [
            [
              78.17721816462584,
              17.050830339195166
            ],
            [
              78.17696171805328,
              17.051288588267465
            ],
            [
              78.17761797544378,
              17.05212681097696
            ],
            [
              78.1785100114613,
              17.051996636327587
            ],
            [
              78.17837198559462,
              17.051660906842915
            ],
            [
              78.17746442384221,
              17.050782178635007
            ],
            [
              78.17721816462584,
              17.050830339195166
            ]
          ]
        ]
      }
    },
    {
      "type": "Feature",
      "id": "TG-RR-FNR-BRG-0539",
      "properties": {
        "parcel_id": "TG-RR-FNR-BRG-0539",
        "survey_no": "539",
        "survey_display": "539",
        "document_id": "DOC-BRG-0539",
        "village": "Burgul",
        "mandal": "Farooqnagar",
        "district": "Rangareddy",
        "state": "Telangana",
        "owner_name": "M. Mallesh Goud",
        "ocr_owner": "M. Mallesh Goud",
        "area_acres": 6.51,
        "ocr_area_acres": 6.51,
        "area_sq_meters": 26345.1,
        "centroid_lat": 17.051995,
        "centroid_lon": 78.196784,
        "verification_status": "VERIFIED",
        "validation_issue": "",
        "confidence_score": 0.94,
        "mutation_status": "APPROVED",
        "khata_number": "KH-539",
        "ulpin": "TG17060539987X"
      },
      "geometry": {
        "type": "Polygon",
        "coordinates": [
          [
            [
              78.19560056358468,
              17.052042874247817
            ],
            [
              78.19716675679925,
              17.05293924147421
            ],
            [
              78.19772574809802,
              17.05250497900845
            ],
            [
              78.19714362267963,
              17.050952859822022
            ],
            [
              78.19562535304553,
              17.05185226942003
            ],
            [
              78.19560056358468,
              17.052042874247817
            ]
          ]
        ]
      }
    },
    {
      "type": "Feature",
      "id": "TG-RR-FNR-BRG-0540",
      "properties": {
        "parcel_id": "TG-RR-FNR-BRG-0540",
        "survey_no": "540",
        "survey_display": "540",
        "document_id": "DOC-BRG-0540",
        "village": "Burgul",
        "mandal": "Farooqnagar",
        "district": "Rangareddy",
        "state": "Telangana",
        "owner_name": "K. Chandraiah",
        "ocr_owner": "K. Chandraiah",
        "area_acres": 2.96,
        "ocr_area_acres": 2.96,
        "area_sq_meters": 11978.7,
        "centroid_lat": 17.051315,
        "centroid_lon": 78.191476,
        "verification_status": "VERIFIED",
        "validation_issue": "",
        "confidence_score": 0.98,
        "mutation_status": "APPROVED",
        "khata_number": "KH-540",
        "ulpin": "TG17060540987X"
      },
      "geometry": {
        "type": "Polygon",
        "coordinates": [
          [
            [
              78.19133878098279,
              17.050484043794338
            ],
            [
              78.19098029485055,
              17.05176938116087
            ],
            [
              78.19109358467975,
              17.052071426383428
            ],
            [
              78.1919175759187,
              17.05179896086159
            ],
            [
              78.1917763426483,
              17.050541521640167
            ],
            [
              78.19133878098279,
              17.050484043794338
            ]
          ]
        ]
      }
    },
    {
      "type": "Feature",
      "id": "TG-RR-FNR-BRG-0541",
      "properties": {
        "parcel_id": "TG-RR-FNR-BRG-0541",
        "survey_no": "541",
        "survey_display": "541",
        "document_id": "DOC-BRG-0541",
        "village": "Burgul",
        "mandal": "Farooqnagar",
        "district": "Rangareddy",
        "state": "Telangana",
        "owner_name": "J. Ramachandra Reddy",
        "ocr_owner": "J. Ramachandra Reddy",
        "area_acres": 3.94,
        "ocr_area_acres": 3.94,
        "area_sq_meters": 15944.6,
        "centroid_lat": 17.051174,
        "centroid_lon": 78.192388,
        "verification_status": "VERIFIED",
        "validation_issue": "",
        "confidence_score": 0.89,
        "mutation_status": "APPROVED",
        "khata_number": "KH-541",
        "ulpin": "TG17060541987X"
      },
      "geometry": {
        "type": "Polygon",
        "coordinates": [
          [
            [
              78.19326287975197,
              17.051174386722263
            ],
            [
              78.19232375579352,
              17.050472335877718
            ],
            [
              78.19177634264831,
              17.050541521640167
            ],
            [
              78.1919175759187,
              17.051798960861586
            ],
            [
              78.19215460594314,
              17.05187360634122
            ],
            [
              78.19267118753169,
              17.051739987495893
            ],
            [
              78.19326529124469,
              17.05120396440883
            ],
            [
              78.19326287975197,
              17.051174386722263
            ]
          ]
        ]
      }
    },
    {
      "type": "Feature",
      "id": "TG-RR-FNR-BRG-0542",
      "properties": {
        "parcel_id": "TG-RR-FNR-BRG-0542",
        "survey_no": "542",
        "survey_display": "542",
        "document_id": "DOC-BRG-0542",
        "village": "Burgul",
        "mandal": "Farooqnagar",
        "district": "Rangareddy",
        "state": "Telangana",
        "owner_name": "D. Gopal Rao",
        "ocr_owner": "D. Gopal Rao",
        "area_acres": 6.78,
        "ocr_area_acres": 6.78,
        "area_sq_meters": 27437.7,
        "centroid_lat": 17.05207,
        "centroid_lon": 78.175687,
        "verification_status": "VERIFIED",
        "validation_issue": "",
        "confidence_score": 0.95,
        "mutation_status": "APPROVED",
        "khata_number": "KH-542",
        "ulpin": "TG17060542987X"
      },
      "geometry": {
        "type": "Polygon",
        "coordinates": [
          [
            [
              78.17536671990914,
              17.05356309000957
            ],
            [
              78.17668073825504,
              17.0514613541933
            ],
            [
              78.17589585193086,
              17.050931559803573
            ],
            [
              78.17533850676482,
              17.05126051902344
            ],
            [
              78.17490793929198,
              17.052536381962398
            ],
            [
              78.17536671990914,
              17.05356309000957
            ]
          ]
        ]
      }
    },
    {
      "type": "Feature",
      "id": "TG-RR-FNR-BRG-0543",
      "properties": {
        "parcel_id": "TG-RR-FNR-BRG-0543",
        "survey_no": "543",
        "survey_display": "543",
        "document_id": "DOC-BRG-0543",
        "village": "Burgul",
        "mandal": "Farooqnagar",
        "district": "Rangareddy",
        "state": "Telangana",
        "owner_name": "R. Prabhakar",
        "ocr_owner": "R. Prabhakar",
        "area_acres": 3.97,
        "ocr_area_acres": 3.97,
        "area_sq_meters": 16066.0,
        "centroid_lat": 17.051425,
        "centroid_lon": 78.197723,
        "verification_status": "VERIFIED",
        "validation_issue": "",
        "confidence_score": 0.95,
        "mutation_status": "APPROVED",
        "khata_number": "KH-543",
        "ulpin": "TG17060543987X"
      },
      "geometry": {
        "type": "Polygon",
        "coordinates": [
          [
            [
              78.19714362267962,
              17.050952859822008
            ],
            [
              78.19772574809801,
              17.052504979008457
            ],
            [
              78.19797677723011,
              17.052423251554174
            ],
            [
              78.19835580121959,
              17.05152457228044
            ],
            [
              78.19739857325489,
              17.05025754160821
            ],
            [
              78.19714362267962,
              17.050952859822008
            ]
          ]
        ]
      }
    },
    {
      "type": "Feature",
      "id": "TG-RR-FNR-BRG-0544",
      "properties": {
        "parcel_id": "TG-RR-FNR-BRG-0544",
        "survey_no": "544",
        "survey_display": "544",
        "document_id": "DOC-BRG-0544",
        "village": "Burgul",
        "mandal": "Farooqnagar",
        "district": "Rangareddy",
        "state": "Telangana",
        "owner_name": "E. Yadagiri",
        "ocr_owner": "E. Yadagiri",
        "area_acres": 12.21,
        "ocr_area_acres": 12.21,
        "area_sq_meters": 49412.2,
        "centroid_lat": 17.051133,
        "centroid_lon": 78.194599,
        "verification_status": "VERIFIED",
        "validation_issue": "",
        "confidence_score": 0.93,
        "mutation_status": "APPROVED",
        "khata_number": "KH-544",
        "ulpin": "TG17060544987X"
      },
      "geometry": {
        "type": "Polygon",
        "coordinates": [
          [
            [
              78.1952691943515,
              17.052261509657964
            ],
            [
              78.19560056358468,
              17.05204287424781
            ],
            [
              78.19562535304553,
              17.051852269420028
            ],
            [
              78.19512303622324,
              17.049317557845626
            ],
            [
              78.19326287975197,
              17.051174386722273
            ],
            [
              78.19326529124469,
              17.05120396440881
            ],
            [
              78.19406807055624,
              17.052340761232262
            ],
            [
              78.1952691943515,
              17.052261509657964
            ]
          ]
        ]
      }
    },
    {
      "type": "Feature",
      "id": "TG-RR-FNR-BRG-0545",
      "properties": {
        "parcel_id": "TG-RR-FNR-BRG-0545",
        "survey_no": "545",
        "survey_display": "545",
        "document_id": "DOC-BRG-0545",
        "village": "Burgul",
        "mandal": "Farooqnagar",
        "district": "Rangareddy",
        "state": "Telangana",
        "owner_name": "N. Shankaraiah",
        "ocr_owner": "N. Shankaraiah",
        "area_acres": 5.15,
        "ocr_area_acres": 5.15,
        "area_sq_meters": 20841.3,
        "centroid_lat": 17.051351,
        "centroid_lon": 78.173202,
        "verification_status": "REVIEW_REQUIRED",
        "validation_issue": "Low OCR confidence in handwritten Tippon annotation",
        "confidence_score": 0.62,
        "mutation_status": "APPROVED",
        "khata_number": "KH-545",
        "ulpin": "TG17060545987X"
      },
      "geometry": {
        "type": "Polygon",
        "coordinates": [
          [
            [
              78.17255218406459,
              17.051652668533645
            ],
            [
              78.17447895910904,
              17.052141062011582
            ],
            [
              78.17439201513645,
              17.051792142847976
            ],
            [
              78.17275777367325,
              17.050419687230566
            ],
            [
              78.17214204412899,
              17.0511233781383
            ],
            [
              78.17255218406459,
              17.051652668533645
            ]
          ]
        ]
      }
    },
    {
      "type": "Feature",
      "id": "TG-RR-FNR-BRG-0546",
      "properties": {
        "parcel_id": "TG-RR-FNR-BRG-0546",
        "survey_no": "546",
        "survey_display": "546",
        "document_id": "DOC-BRG-0546",
        "village": "Burgul",
        "mandal": "Farooqnagar",
        "district": "Rangareddy",
        "state": "Telangana",
        "owner_name": "P. Suseela",
        "ocr_owner": "P. Suseela",
        "area_acres": 5.21,
        "ocr_area_acres": 5.21,
        "area_sq_meters": 21084.1,
        "centroid_lat": 17.051221,
        "centroid_lon": 78.186971,
        "verification_status": "VERIFIED",
        "validation_issue": "",
        "confidence_score": 0.88,
        "mutation_status": "APPROVED",
        "khata_number": "KH-546",
        "ulpin": "TG17060546987X"
      },
      "geometry": {
        "type": "Polygon",
        "coordinates": [
          [
            [
              78.18596852691071,
              17.05164865866086
            ],
            [
              78.18712258856307,
              17.05194545514396
            ],
            [
              78.18809403289238,
              17.050814356855998
            ],
            [
              78.18724347884172,
              17.05046194331149
            ],
            [
              78.18584922830418,
              17.051344247937806
            ],
            [
              78.18596852691071,
              17.05164865866086
            ]
          ]
        ]
      }
    },
    {
      "type": "Feature",
      "id": "TG-RR-FNR-BRG-0547",
      "properties": {
        "parcel_id": "TG-RR-FNR-BRG-0547",
        "survey_no": "547",
        "survey_display": "547",
        "document_id": "DOC-BRG-0547",
        "village": "Burgul",
        "mandal": "Farooqnagar",
        "district": "Rangareddy",
        "state": "Telangana",
        "owner_name": "B. Vittal Reddy",
        "ocr_owner": "B. Vittal Reddy",
        "area_acres": 6.33,
        "ocr_area_acres": 6.33,
        "area_sq_meters": 25616.6,
        "centroid_lat": 17.050949,
        "centroid_lon": 78.19032,
        "verification_status": "VERIFIED",
        "validation_issue": "",
        "confidence_score": 0.98,
        "mutation_status": "APPROVED",
        "khata_number": "KH-547",
        "ulpin": "TG17060547987X"
      },
      "geometry": {
        "type": "Polygon",
        "coordinates": [
          [
            [
              78.19107150934222,
              17.050262675976622
            ],
            [
              78.1895423556111,
              17.050495724436228
            ],
            [
              78.1889509192827,
              17.051086737254828
            ],
            [
              78.18896276070774,
              17.051114735869337
            ],
            [
              78.19098029485055,
              17.05176938116088
            ],
            [
              78.19133878098279,
              17.050484043794327
            ],
            [
              78.19107150934222,
              17.050262675976622
            ]
          ]
        ]
      }
    },
    {
      "type": "Feature",
      "id": "TG-RR-FNR-BRG-0548",
      "properties": {
        "parcel_id": "TG-RR-FNR-BRG-0548",
        "survey_no": "548",
        "survey_display": "548",
        "document_id": "DOC-BRG-0548",
        "village": "Burgul",
        "mandal": "Farooqnagar",
        "district": "Rangareddy",
        "state": "Telangana",
        "owner_name": "K. Padma",
        "ocr_owner": "K. Padma",
        "area_acres": 5.3,
        "ocr_area_acres": 5.3,
        "area_sq_meters": 21448.4,
        "centroid_lat": 17.050452,
        "centroid_lon": 78.173678,
        "verification_status": "VERIFIED",
        "validation_issue": "",
        "confidence_score": 0.9,
        "mutation_status": "APPROVED",
        "khata_number": "KH-548",
        "ulpin": "TG17060548987X"
      },
      "geometry": {
        "type": "Polygon",
        "coordinates": [
          [
            [
              78.17439201513645,
              17.051792142847976
            ],
            [
              78.1739305959375,
              17.049354148924806
            ],
            [
              78.17382822772291,
              17.04919631117382
            ],
            [
              78.17275777367325,
              17.050419687230566
            ],
            [
              78.17439201513645,
              17.051792142847976
            ]
          ]
        ]
      }
    },
    {
      "type": "Feature",
      "id": "TG-RR-FNR-BRG-0549",
      "properties": {
        "parcel_id": "TG-RR-FNR-BRG-0549",
        "survey_no": "549",
        "survey_display": "549",
        "document_id": "DOC-BRG-0549",
        "village": "Burgul",
        "mandal": "Farooqnagar",
        "district": "Rangareddy",
        "state": "Telangana",
        "owner_name": "G. Lingaiah",
        "ocr_owner": "G. Lingaiah",
        "area_acres": 5.85,
        "ocr_area_acres": 5.85,
        "area_sq_meters": 23674.1,
        "centroid_lat": 17.051489,
        "centroid_lon": 78.17919,
        "verification_status": "VERIFIED",
        "validation_issue": "",
        "confidence_score": 0.98,
        "mutation_status": "APPROVED",
        "khata_number": "KH-549",
        "ulpin": "TG17060549987X"
      },
      "geometry": {
        "type": "Polygon",
        "coordinates": [
          [
            [
              78.17892745838901,
              17.052269910305245
            ],
            [
              78.1801764361523,
              17.051927494970585
            ],
            [
              78.18030924486433,
              17.051759003520925
            ],
            [
              78.17917876108189,
              17.050633951564347
            ],
            [
              78.1786903004374,
              17.05055819218041
            ],
            [
              78.17837198559461,
              17.05166090684288
            ],
            [
              78.1785100114613,
              17.05199663632758
            ],
            [
              78.17892745838901,
              17.052269910305245
            ]
          ]
        ]
      }
    },
    {
      "type": "Feature",
      "id": "TG-RR-FNR-BRG-0550",
      "properties": {
        "parcel_id": "TG-RR-FNR-BRG-0550",
        "survey_no": "550",
        "survey_display": "550",
        "document_id": "DOC-BRG-0550",
        "village": "Burgul",
        "mandal": "Farooqnagar",
        "district": "Rangareddy",
        "state": "Telangana",
        "owner_name": "M. Krishna Murthy",
        "ocr_owner": "B. Satyanarayana",
        "area_acres": 2.74,
        "ocr_area_acres": 2.74,
        "area_sq_meters": 11088.4,
        "centroid_lat": 17.050841,
        "centroid_lon": 78.178155,
        "verification_status": "CONFLICT",
        "validation_issue": "Owner mismatch: Deed titleholder 'M. Krishna Murthy' vs Extracted 'B. Satyanarayana'",
        "confidence_score": 0.44,
        "mutation_status": "APPROVED",
        "khata_number": "KH-550",
        "ulpin": "TG17060550987X"
      },
      "geometry": {
        "type": "Polygon",
        "coordinates": [
          [
            [
              78.17746442384221,
              17.050782178635007
            ],
            [
              78.17837198559461,
              17.0516609068429
            ],
            [
              78.17869030043741,
              17.050558192180407
            ],
            [
              78.17816207281447,
              17.050164151170268
            ],
            [
              78.17746442384221,
              17.050782178635007
            ]
          ]
        ]
      }
    },
    {
      "type": "Feature",
      "id": "TG-RR-FNR-BRG-0551",
      "properties": {
        "parcel_id": "TG-RR-FNR-BRG-0551",
        "survey_no": "551",
        "survey_display": "551",
        "document_id": "DOC-BRG-0551",
        "village": "Burgul",
        "mandal": "Farooqnagar",
        "district": "Rangareddy",
        "state": "Telangana",
        "owner_name": "S. Venkat Reddy",
        "ocr_owner": "S. Venkat Reddy",
        "area_acres": 6.34,
        "ocr_area_acres": 6.34,
        "area_sq_meters": 25657.1,
        "centroid_lat": 17.050987,
        "centroid_lon": 78.174653,
        "verification_status": "VERIFIED",
        "validation_issue": "",
        "confidence_score": 0.9,
        "mutation_status": "APPROVED",
        "khata_number": "KH-551",
        "ulpin": "TG17060551987X"
      },
      "geometry": {
        "type": "Polygon",
        "coordinates": [
          [
            [
              78.1739305959375,
              17.049354148924802
            ],
            [
              78.17439201513646,
              17.051792142848054
            ],
            [
              78.17447895910902,
              17.052141062011582
            ],
            [
              78.17490793929198,
              17.052536381962387
            ],
            [
              78.17533850676482,
              17.051260519023444
            ],
            [
              78.17491288384582,
              17.050176776066227
            ],
            [
              78.1739305959375,
              17.049354148924802
            ]
          ]
        ]
      }
    },
    {
      "type": "Feature",
      "id": "TG-RR-FNR-BRG-0552",
      "properties": {
        "parcel_id": "TG-RR-FNR-BRG-0552",
        "survey_no": "552",
        "survey_display": "552",
        "document_id": "DOC-BRG-0552",
        "village": "Burgul",
        "mandal": "Farooqnagar",
        "district": "Rangareddy",
        "state": "Telangana",
        "owner_name": "A. Jagadeeshwar",
        "ocr_owner": "A. Jagadeeshwar",
        "area_acres": 13.6,
        "ocr_area_acres": 13.6,
        "area_sq_meters": 55037.3,
        "centroid_lat": 17.050161,
        "centroid_lon": 78.1962,
        "verification_status": "VERIFIED",
        "validation_issue": "",
        "confidence_score": 0.89,
        "mutation_status": "APPROVED",
        "khata_number": "KH-552",
        "ulpin": "TG17060552987X"
      },
      "geometry": {
        "type": "Polygon",
        "coordinates": [
          [
            [
              78.19514054063013,
              17.049248052733155
            ],
            [
              78.19512303622322,
              17.049317557845622
            ],
            [
              78.19562535304551,
              17.051852269420028
            ],
            [
              78.19714362267962,
              17.050952859822026
            ],
            [
              78.19739857325489,
              17.050257541608225
            ],
            [
              78.19739805648057,
              17.04963883388834
            ],
            [
              78.19567089809989,
              17.048602538859935
            ],
            [
              78.19514054063013,
              17.049248052733155
            ]
          ]
        ]
      }
    },
    {
      "type": "Feature",
      "id": "TG-RR-FNR-BRG-0553",
      "properties": {
        "parcel_id": "TG-RR-FNR-BRG-0553",
        "survey_no": "553",
        "survey_display": "553",
        "document_id": "DOC-BRG-0553",
        "village": "Burgul",
        "mandal": "Farooqnagar",
        "district": "Rangareddy",
        "state": "Telangana",
        "owner_name": "G. Srinivas Reddy",
        "ocr_owner": "G. Srinivas Reddy",
        "area_acres": 4.36,
        "ocr_area_acres": 4.36,
        "area_sq_meters": 17644.3,
        "centroid_lat": 17.05063,
        "centroid_lon": 78.198214,
        "verification_status": "VERIFIED",
        "validation_issue": "",
        "confidence_score": 0.9,
        "mutation_status": "APPROVED",
        "khata_number": "KH-553",
        "ulpin": "TG17060553987X"
      },
      "geometry": {
        "type": "Polygon",
        "coordinates": [
          [
            [
              78.19739857325489,
              17.050257541608204
            ],
            [
              78.19835580121959,
              17.051524572280442
            ],
            [
              78.19927124684949,
              17.05088987279465
            ],
            [
              78.198,
              17.05
            ],
            [
              78.19739805648057,
              17.049638833888345
            ],
            [
              78.19739857325489,
              17.050257541608204
            ]
          ]
        ]
      }
    },
    {
      "type": "Feature",
      "id": "TG-RR-FNR-BRG-0554",
      "properties": {
        "parcel_id": "TG-RR-FNR-BRG-0554",
        "survey_no": "554",
        "survey_display": "554",
        "document_id": "DOC-BRG-0554",
        "village": "Burgul",
        "mandal": "Farooqnagar",
        "district": "Rangareddy",
        "state": "Telangana",
        "owner_name": "K. Venkateshwar Rao",
        "ocr_owner": "K. Venkateshwar Rao",
        "area_acres": 3.03,
        "ocr_area_acres": 3.03,
        "area_sq_meters": 12262.0,
        "centroid_lat": 17.05081,
        "centroid_lon": 78.17653,
        "verification_status": "VERIFIED",
        "validation_issue": "",
        "confidence_score": 0.9,
        "mutation_status": "APPROVED",
        "khata_number": "KH-554",
        "ulpin": "TG17060554987X"
      },
      "geometry": {
        "type": "Polygon",
        "coordinates": [
          [
            [
              78.17696171805328,
              17.05128858826748
            ],
            [
              78.17721816462584,
              17.05083033919517
            ],
            [
              78.17683559375472,
              17.050377277318013
            ],
            [
              78.17650623906393,
              17.05027899923482
            ],
            [
              78.1761414362003,
              17.05026429797471
            ],
            [
              78.17601693270906,
              17.050352733006836
            ],
            [
              78.17589585193086,
              17.050931559803573
            ],
            [
              78.17668073825504,
              17.0514613541933
            ],
            [
              78.17696171805328,
              17.05128858826748
            ]
          ]
        ]
      }
    },
    {
      "type": "Feature",
      "id": "TG-RR-FNR-BRG-0555",
      "properties": {
        "parcel_id": "TG-RR-FNR-BRG-0555",
        "survey_no": "555",
        "survey_display": "555",
        "document_id": "DOC-BRG-0555",
        "village": "Burgul",
        "mandal": "Farooqnagar",
        "district": "Rangareddy",
        "state": "Telangana",
        "owner_name": "M. Lakshmi Bai",
        "ocr_owner": "M. Lakshmi Bai",
        "area_acres": 2.68,
        "ocr_area_acres": 2.68,
        "area_sq_meters": 10845.6,
        "centroid_lat": 17.050594,
        "centroid_lon": 78.186448,
        "verification_status": "VERIFIED",
        "validation_issue": "",
        "confidence_score": 0.96,
        "mutation_status": "APPROVED",
        "khata_number": "KH-555",
        "ulpin": "TG17060555987X"
      },
      "geometry": {
        "type": "Polygon",
        "coordinates": [
          [
            [
              78.1865478474697,
              17.049835944837167
            ],
            [
              78.18568688911756,
              17.051184445514018
            ],
            [
              78.18584922830416,
              17.0513442479378
            ],
            [
              78.18724347884171,
              17.050461943311486
            ],
            [
              78.1865478474697,
              17.049835944837167
            ]
          ]
        ]
      }
    },
    {
      "type": "Feature",
      "id": "TG-RR-FNR-BRG-0556",
      "properties": {
        "parcel_id": "TG-RR-FNR-BRG-0556",
        "survey_no": "556",
        "survey_display": "556",
        "document_id": "DOC-BRG-0556",
        "village": "Burgul",
        "mandal": "Farooqnagar",
        "district": "Rangareddy",
        "state": "Telangana",
        "owner_name": "P. Anjaneyulu",
        "ocr_owner": "P. Anjaneyulu",
        "area_acres": 2.04,
        "ocr_area_acres": 2.04,
        "area_sq_meters": 8255.6,
        "centroid_lat": 17.050647,
        "centroid_lon": 78.175487,
        "verification_status": "VERIFIED",
        "validation_issue": "",
        "confidence_score": 0.96,
        "mutation_status": "APPROVED",
        "khata_number": "KH-556",
        "ulpin": "TG17060556987X"
      },
      "geometry": {
        "type": "Polygon",
        "coordinates": [
          [
            [
              78.17533850676482,
              17.051260519023444
            ],
            [
              78.17589585193087,
              17.05093155980357
            ],
            [
              78.17601693270908,
              17.05035273300682
            ],
            [
              78.1749128838458,
              17.050176776066213
            ],
            [
              78.17533850676482,
              17.051260519023444
            ]
          ]
        ]
      }
    },
    {
      "type": "Feature",
      "id": "TG-RR-FNR-BRG-0557",
      "properties": {
        "parcel_id": "TG-RR-FNR-BRG-0557",
        "survey_no": "557",
        "survey_display": "557",
        "document_id": "DOC-BRG-0557",
        "village": "Burgul",
        "mandal": "Farooqnagar",
        "district": "Rangareddy",
        "state": "Telangana",
        "owner_name": "B. Satyanarayana",
        "ocr_owner": "B. Satyanarayana",
        "area_acres": 5.34,
        "ocr_area_acres": 5.34,
        "area_sq_meters": 21610.2,
        "centroid_lat": 17.050246,
        "centroid_lon": 78.185601,
        "verification_status": "VERIFIED",
        "validation_issue": "",
        "confidence_score": 0.96,
        "mutation_status": "APPROVED",
        "khata_number": "KH-557",
        "ulpin": "TG17060557987X"
      },
      "geometry": {
        "type": "Polygon",
        "coordinates": [
          [
            [
              78.186459943208,
              17.049697256276048
            ],
            [
              78.18521222938149,
              17.04944745584771
            ],
            [
              78.18475994119278,
              17.050712255889646
            ],
            [
              78.18568688911758,
              17.051184445514018
            ],
            [
              78.18654784746971,
              17.049835944837177
            ],
            [
              78.186459943208,
              17.049697256276048
            ]
          ]
        ]
      }
    },
    {
      "type": "Feature",
      "id": "TG-RR-FNR-BRG-0558",
      "properties": {
        "parcel_id": "TG-RR-FNR-BRG-0558",
        "survey_no": "558",
        "survey_display": "558",
        "document_id": "DOC-BRG-0558",
        "village": "Burgul",
        "mandal": "Farooqnagar",
        "district": "Rangareddy",
        "state": "Telangana",
        "owner_name": "T. Ramaiah",
        "ocr_owner": "T. Ramaiah",
        "area_acres": 6.5,
        "ocr_area_acres": 6.5,
        "area_sq_meters": 26304.6,
        "centroid_lat": 17.051211,
        "centroid_lon": 78.182986,
        "verification_status": "VERIFIED",
        "validation_issue": "",
        "confidence_score": 0.91,
        "mutation_status": "APPROVED",
        "khata_number": "KH-558",
        "ulpin": "TG17060558987X"
      },
      "geometry": {
        "type": "Polygon",
        "coordinates": [
          [
            [
              78.1822232536191,
              17.051765751639948
            ],
            [
              78.18310243085526,
              17.052291637394994
            ],
            [
              78.18328883791187,
              17.052221662991176
            ],
            [
              78.18386636099812,
              17.051341384143704
            ],
            [
              78.18273959071038,
              17.049737405591486
            ],
            [
              78.1822232536191,
              17.051765751639948
            ]
          ]
        ]
      }
    },
    {
      "type": "Feature",
      "id": "TG-RR-FNR-BRG-0559",
      "properties": {
        "parcel_id": "TG-RR-FNR-BRG-0559",
        "survey_no": "559",
        "survey_display": "559",
        "document_id": "DOC-BRG-0559",
        "village": "Burgul",
        "mandal": "Farooqnagar",
        "district": "Rangareddy",
        "state": "Telangana",
        "owner_name": "Ch. Madhava Reddy",
        "ocr_owner": "Ch. Madhava Reddy",
        "area_acres": 6.71,
        "ocr_area_acres": 6.71,
        "area_sq_meters": 27154.4,
        "centroid_lat": 17.050722,
        "centroid_lon": 78.180139,
        "verification_status": "VERIFIED",
        "validation_issue": "",
        "confidence_score": 0.91,
        "mutation_status": "APPROVED",
        "khata_number": "KH-559",
        "ulpin": "TG17060559987X"
      },
      "geometry": {
        "type": "Polygon",
        "coordinates": [
          [
            [
              78.18103981615724,
              17.051344399713305
            ],
            [
              78.1810052912044,
              17.050530105669036
            ],
            [
              78.17949513024992,
              17.04961277896326
            ],
            [
              78.1791787610819,
              17.05063395156435
            ],
            [
              78.18030924486433,
              17.051759003520917
            ],
            [
              78.18103981615724,
              17.051344399713305
            ]
          ]
        ]
      }
    },
    {
      "type": "Feature",
      "id": "TG-RR-FNR-BRG-0560",
      "properties": {
        "parcel_id": "TG-RR-FNR-BRG-0560",
        "survey_no": "560",
        "survey_display": "560",
        "document_id": "DOC-BRG-0560",
        "village": "Burgul",
        "mandal": "Farooqnagar",
        "district": "Rangareddy",
        "state": "Telangana",
        "owner_name": "V. Narsimha",
        "ocr_owner": "V. Narsimha",
        "area_acres": 10.98,
        "ocr_area_acres": 11.86,
        "area_sq_meters": 44434.5,
        "centroid_lat": 17.050217,
        "centroid_lon": 78.18187,
        "verification_status": "CONFLICT",
        "validation_issue": "Area mismatch: Document states 11.86 Acres vs GIS 10.98 Acres (8.0% diff)",
        "confidence_score": 0.68,
        "mutation_status": "APPROVED",
        "khata_number": "KH-560",
        "ulpin": "TG17060560987X"
      },
      "geometry": {
        "type": "Polygon",
        "coordinates": [
          [
            [
              78.1816103097153,
              17.048610678140307
            ],
            [
              78.1810052912044,
              17.050530105669026
            ],
            [
              78.18103981615724,
              17.051344399713297
            ],
            [
              78.1822232536191,
              17.051765751639945
            ],
            [
              78.18273959071038,
              17.049737405591486
            ],
            [
              78.18270962888256,
              17.049195337532066
            ],
            [
              78.1816599807887,
              17.048575724937443
            ],
            [
              78.1816103097153,
              17.048610678140307
            ]
          ]
        ]
      }
    },
    {
      "type": "Feature",
      "id": "TG-RR-FNR-BRG-0561",
      "properties": {
        "parcel_id": "TG-RR-FNR-BRG-0561",
        "survey_no": "561",
        "survey_display": "561",
        "document_id": "DOC-BRG-0561",
        "village": "Burgul",
        "mandal": "Farooqnagar",
        "district": "Rangareddy",
        "state": "Telangana",
        "owner_name": "S. Kistamma",
        "ocr_owner": "S. Kistamma",
        "area_acres": 3.48,
        "ocr_area_acres": 3.48,
        "area_sq_meters": 14083.1,
        "centroid_lat": 17.050152,
        "centroid_lon": 78.183385,
        "verification_status": "VERIFIED",
        "validation_issue": "",
        "confidence_score": 0.91,
        "mutation_status": "APPROVED",
        "khata_number": "KH-561",
        "ulpin": "TG17060561987X"
      },
      "geometry": {
        "type": "Polygon",
        "coordinates": [
          [
            [
              78.1840853888235,
              17.051086063903572
            ],
            [
              78.18346443678392,
              17.049477555379333
            ],
            [
              78.18283382452731,
              17.049205306367433
            ],
            [
              78.18270962888258,
              17.049195337532062
            ],
            [
              78.18273959071038,
              17.04973740559149
            ],
            [
              78.18386636099812,
              17.05134138414371
            ],
            [
              78.1840853888235,
              17.051086063903572
            ]
          ]
        ]
      }
    },
    {
      "type": "Feature",
      "id": "TG-RR-FNR-BRG-0562",
      "properties": {
        "parcel_id": "TG-RR-FNR-BRG-0562",
        "survey_no": "562",
        "survey_display": "562",
        "document_id": "DOC-BRG-0562",
        "village": "Burgul",
        "mandal": "Farooqnagar",
        "district": "Rangareddy",
        "state": "Telangana",
        "owner_name": "A. Balraj",
        "ocr_owner": "A. Balraj",
        "area_acres": 5.27,
        "ocr_area_acres": 5.27,
        "area_sq_meters": 21327.0,
        "centroid_lat": 17.04971,
        "centroid_lon": 78.178807,
        "verification_status": "VERIFIED",
        "validation_issue": "",
        "confidence_score": 0.89,
        "mutation_status": "APPROVED",
        "khata_number": "KH-562",
        "ulpin": "TG17060562987X"
      },
      "geometry": {
        "type": "Polygon",
        "coordinates": [
          [
            [
              78.1790576580631,
              17.048780098577858
            ],
            [
              78.17823261699465,
              17.049040324877275
            ],
            [
              78.17816207281447,
              17.05016415117028
            ],
            [
              78.17869030043741,
              17.05055819218041
            ],
            [
              78.1791787610819,
              17.050633951564343
            ],
            [
              78.17949513024992,
              17.049612778963265
            ],
            [
              78.17909039746753,
              17.04878318129294
            ],
            [
              78.1790576580631,
              17.048780098577858
            ]
          ]
        ]
      }
    },
    {
      "type": "Feature",
      "id": "TG-RR-FNR-BRG-0563",
      "properties": {
        "parcel_id": "TG-RR-FNR-BRG-0563",
        "survey_no": "563",
        "survey_display": "563",
        "document_id": "DOC-BRG-0563",
        "village": "Burgul",
        "mandal": "Farooqnagar",
        "district": "Rangareddy",
        "state": "Telangana",
        "owner_name": "M. Mallesh Goud",
        "ocr_owner": "M. Mallesh Goud",
        "area_acres": 9.59,
        "ocr_area_acres": 9.59,
        "area_sq_meters": 38809.4,
        "centroid_lat": 17.049935,
        "centroid_lon": 78.193504,
        "verification_status": "VERIFIED",
        "validation_issue": "",
        "confidence_score": 0.94,
        "mutation_status": "APPROVED",
        "khata_number": "KH-563",
        "ulpin": "TG17060563987X"
      },
      "geometry": {
        "type": "Polygon",
        "coordinates": [
          [
            [
              78.19514054063013,
              17.049248052733155
            ],
            [
              78.19276876224549,
              17.049080779862233
            ],
            [
              78.19232375579351,
              17.050472335877714
            ],
            [
              78.19326287975197,
              17.051174386722263
            ],
            [
              78.19512303622322,
              17.049317557845622
            ],
            [
              78.19514054063013,
              17.049248052733155
            ]
          ]
        ]
      }
    },
    {
      "type": "Feature",
      "id": "TG-RR-FNR-BRG-0564",
      "properties": {
        "parcel_id": "TG-RR-FNR-BRG-0564",
        "survey_no": "564",
        "survey_display": "564",
        "document_id": "DOC-BRG-0564",
        "village": "Burgul",
        "mandal": "Farooqnagar",
        "district": "Rangareddy",
        "state": "Telangana",
        "owner_name": "K. Chandraiah",
        "ocr_owner": "K. Chandraiah",
        "area_acres": 5.62,
        "ocr_area_acres": 5.62,
        "area_sq_meters": 22743.4,
        "centroid_lat": 17.049794,
        "centroid_lon": 78.177575,
        "verification_status": "VERIFIED",
        "validation_issue": "",
        "confidence_score": 0.97,
        "mutation_status": "APPROVED",
        "khata_number": "KH-564",
        "ulpin": "TG17060564987X"
      },
      "geometry": {
        "type": "Polygon",
        "coordinates": [
          [
            [
              78.17823261699465,
              17.049040324877282
            ],
            [
              78.17777918764529,
              17.048851377677877
            ],
            [
              78.17733872324423,
              17.04880146250641
            ],
            [
              78.17683559375472,
              17.05037727731801
            ],
            [
              78.17721816462584,
              17.050830339195166
            ],
            [
              78.1774644238422,
              17.05078217863501
            ],
            [
              78.17816207281447,
              17.050164151170257
            ],
            [
              78.17823261699465,
              17.049040324877282
            ]
          ]
        ]
      }
    },
    {
      "type": "Feature",
      "id": "TG-RR-FNR-BRG-0565",
      "properties": {
        "parcel_id": "TG-RR-FNR-BRG-0565",
        "survey_no": "565",
        "survey_display": "565",
        "document_id": "DOC-BRG-0565",
        "village": "Burgul",
        "mandal": "Farooqnagar",
        "district": "Rangareddy",
        "state": "Telangana",
        "owner_name": "J. Ramachandra Reddy",
        "ocr_owner": "J. Ramachandra Reddy",
        "area_acres": 5.45,
        "ocr_area_acres": 5.45,
        "area_sq_meters": 22055.4,
        "centroid_lat": 17.049641,
        "centroid_lon": 78.175148,
        "verification_status": "VERIFIED",
        "validation_issue": "",
        "confidence_score": 0.9,
        "mutation_status": "APPROVED",
        "khata_number": "KH-565",
        "ulpin": "TG17060565987X"
      },
      "geometry": {
        "type": "Polygon",
        "coordinates": [
          [
            [
              78.1739305959375,
              17.049354148924802
            ],
            [
              78.1749128838458,
              17.050176776066213
            ],
            [
              78.17601693270908,
              17.050352733006825
            ],
            [
              78.1761414362003,
              17.05026429797471
            ],
            [
              78.17582068811917,
              17.049098104554634
            ],
            [
              78.17387189986434,
              17.049146400155035
            ],
            [
              78.17382822772291,
              17.049196311173816
            ],
            [
              78.1739305959375,
              17.049354148924802
            ]
          ]
        ]
      }
    },
    {
      "type": "Feature",
      "id": "TG-RR-FNR-BRG-0566",
      "properties": {
        "parcel_id": "TG-RR-FNR-BRG-0566",
        "survey_no": "566",
        "survey_display": "566",
        "document_id": "DOC-BRG-0566",
        "village": "Burgul",
        "mandal": "Farooqnagar",
        "district": "Rangareddy",
        "state": "Telangana",
        "owner_name": "D. Gopal Rao",
        "ocr_owner": "D. Gopal Rao",
        "area_acres": 6.42,
        "ocr_area_acres": 6.42,
        "area_sq_meters": 25980.8,
        "centroid_lat": 17.049922,
        "centroid_lon": 78.184383,
        "verification_status": "VERIFIED",
        "validation_issue": "",
        "confidence_score": 0.92,
        "mutation_status": "APPROVED",
        "khata_number": "KH-566",
        "ulpin": "TG17060566987X"
      },
      "geometry": {
        "type": "Polygon",
        "coordinates": [
          [
            [
              78.18475994119278,
              17.050712255889643
            ],
            [
              78.18521222938149,
              17.049447455847698
            ],
            [
              78.18498304875644,
              17.04893710922892
            ],
            [
              78.18346443678391,
              17.04947755537933
            ],
            [
              78.18408538882349,
              17.05108606390357
            ],
            [
              78.18475994119278,
              17.050712255889643
            ]
          ]
        ]
      }
    },
    {
      "type": "Feature",
      "id": "TG-RR-FNR-BRG-0567",
      "properties": {
        "parcel_id": "TG-RR-FNR-BRG-0567",
        "survey_no": "567",
        "survey_display": "567",
        "document_id": "DOC-BRG-0567",
        "village": "Burgul",
        "mandal": "Farooqnagar",
        "district": "Rangareddy",
        "state": "Telangana",
        "owner_name": "R. Prabhakar",
        "ocr_owner": "R. Prabhakar",
        "area_acres": 2.94,
        "ocr_area_acres": 2.94,
        "area_sq_meters": 11897.8,
        "centroid_lat": 17.049375,
        "centroid_lon": 78.176828,
        "verification_status": "VERIFIED",
        "validation_issue": "",
        "confidence_score": 0.93,
        "mutation_status": "APPROVED",
        "khata_number": "KH-567",
        "ulpin": "TG17060567987X"
      },
      "geometry": {
        "type": "Polygon",
        "coordinates": [
          [
            [
              78.17679008113248,
              17.04853901643588
            ],
            [
              78.17651533307442,
              17.048737023491082
            ],
            [
              78.17650623906391,
              17.050278999234813
            ],
            [
              78.17683559375473,
              17.05037727731801
            ],
            [
              78.17733872324425,
              17.048801462506407
            ],
            [
              78.17679008113248,
              17.04853901643588
            ]
          ]
        ]
      }
    },
    {
      "type": "Feature",
      "id": "TG-RR-FNR-BRG-0568",
      "properties": {
        "parcel_id": "TG-RR-FNR-BRG-0568",
        "survey_no": "568",
        "survey_display": "568",
        "document_id": "DOC-BRG-0568",
        "village": "Burgul",
        "mandal": "Farooqnagar",
        "district": "Rangareddy",
        "state": "Telangana",
        "owner_name": "E. Yadagiri",
        "ocr_owner": "E. Yadagiri",
        "area_acres": 2.16,
        "ocr_area_acres": 2.16,
        "area_sq_meters": 8741.2,
        "centroid_lat": 17.049515,
        "centroid_lon": 78.176242,
        "verification_status": "VERIFIED",
        "validation_issue": "",
        "confidence_score": 0.91,
        "mutation_status": "APPROVED",
        "khata_number": "KH-568",
        "ulpin": "TG17060568987X"
      },
      "geometry": {
        "type": "Polygon",
        "coordinates": [
          [
            [
              78.17582068811916,
              17.049098104554638
            ],
            [
              78.17614143620028,
              17.05026429797471
            ],
            [
              78.17650623906391,
              17.050278999234816
            ],
            [
              78.17651533307442,
              17.048737023491082
            ],
            [
              78.17582068811916,
              17.049098104554638
            ]
          ]
        ]
      }
    },
    {
      "type": "Feature",
      "id": "TG-RR-FNR-BRG-0569",
      "properties": {
        "parcel_id": "TG-RR-FNR-BRG-0569",
        "survey_no": "569",
        "survey_display": "569",
        "document_id": "DOC-BRG-0569",
        "village": "Burgul",
        "mandal": "Farooqnagar",
        "district": "Rangareddy",
        "state": "Telangana",
        "owner_name": "N. Shankaraiah",
        "ocr_owner": "N. Shankaraiah",
        "area_acres": 9.78,
        "ocr_area_acres": 9.78,
        "area_sq_meters": 39578.3,
        "centroid_lat": 17.04928,
        "centroid_lon": 78.19178,
        "verification_status": "VERIFIED",
        "validation_issue": "",
        "confidence_score": 0.95,
        "mutation_status": "APPROVED",
        "khata_number": "KH-569",
        "ulpin": "TG17060569987X"
      },
      "geometry": {
        "type": "Polygon",
        "coordinates": [
          [
            [
              78.19163538415543,
              17.047893919152756
            ],
            [
              78.19117168691581,
              17.047620478881104
            ],
            [
              78.19107150934221,
              17.05026267597661
            ],
            [
              78.1913387809828,
              17.050484043794338
            ],
            [
              78.1917763426483,
              17.050541521640167
            ],
            [
              78.19232375579351,
              17.050472335877718
            ],
            [
              78.19276876224549,
              17.049080779862226
            ],
            [
              78.19163538415543,
              17.047893919152756
            ]
          ]
        ]
      }
    },
    {
      "type": "Feature",
      "id": "TG-RR-FNR-BRG-0570",
      "properties": {
        "parcel_id": "TG-RR-FNR-BRG-0570",
        "survey_no": "570",
        "survey_display": "570",
        "document_id": "DOC-BRG-0570",
        "village": "Burgul",
        "mandal": "Farooqnagar",
        "district": "Rangareddy",
        "state": "Telangana",
        "owner_name": "P. Suseela",
        "ocr_owner": "P. Suseela",
        "area_acres": 10.05,
        "ocr_area_acres": 10.05,
        "area_sq_meters": 40670.9,
        "centroid_lat": 17.049195,
        "centroid_lon": 78.190426,
        "verification_status": "VERIFIED",
        "validation_issue": "",
        "confidence_score": 0.95,
        "mutation_status": "APPROVED",
        "khata_number": "KH-570",
        "ulpin": "TG17060570987X"
      },
      "geometry": {
        "type": "Polygon",
        "coordinates": [
          [
            [
              78.19108727860832,
              17.047509685730997
            ],
            [
              78.19087816213649,
              17.047526563419595
            ],
            [
              78.1895977383942,
              17.048967162700663
            ],
            [
              78.18954235561111,
              17.050495724436228
            ],
            [
              78.19107150934221,
              17.050262675976622
            ],
            [
              78.19117168691581,
              17.047620478881115
            ],
            [
              78.19108727860832,
              17.047509685730997
            ]
          ]
        ]
      }
    },
    {
      "type": "Feature",
      "id": "TG-RR-FNR-BRG-0571",
      "properties": {
        "parcel_id": "TG-RR-FNR-BRG-0571",
        "survey_no": "571",
        "survey_display": "571",
        "document_id": "DOC-BRG-0571",
        "village": "Burgul",
        "mandal": "Farooqnagar",
        "district": "Rangareddy",
        "state": "Telangana",
        "owner_name": "B. Vittal Reddy",
        "ocr_owner": "B. Vittal Reddy",
        "area_acres": 7.01,
        "ocr_area_acres": 7.01,
        "area_sq_meters": 28368.5,
        "centroid_lat": 17.049661,
        "centroid_lon": 78.187471,
        "verification_status": "VERIFIED",
        "validation_issue": "",
        "confidence_score": 0.9,
        "mutation_status": "APPROVED",
        "khata_number": "KH-571",
        "ulpin": "TG17060571987X"
      },
      "geometry": {
        "type": "Polygon",
        "coordinates": [
          [
            [
              78.186459943208,
              17.04969725627604
            ],
            [
              78.18654784746971,
              17.049835944837167
            ],
            [
              78.18724347884172,
              17.05046194331149
            ],
            [
              78.18809403289238,
              17.050814356855994
            ],
            [
              78.1881184927932,
              17.050809640969177
            ],
            [
              78.18809659486381,
              17.048825884500356
            ],
            [
              78.18788923841078,
              17.04854163707492
            ],
            [
              78.18683243110128,
              17.049073953616734
            ],
            [
              78.186459943208,
              17.04969725627604
            ]
          ]
        ]
      }
    },
    {
      "type": "Feature",
      "id": "TG-RR-FNR-BRG-0572",
      "properties": {
        "parcel_id": "TG-RR-FNR-BRG-0572",
        "survey_no": "572",
        "survey_display": "572",
        "document_id": "DOC-BRG-0572",
        "village": "Burgul",
        "mandal": "Farooqnagar",
        "district": "Rangareddy",
        "state": "Telangana",
        "owner_name": "K. Padma",
        "ocr_owner": "K. Padma",
        "area_acres": 8.42,
        "ocr_area_acres": 8.42,
        "area_sq_meters": 34074.6,
        "centroid_lat": 17.049885,
        "centroid_lon": 78.188814,
        "verification_status": "VERIFIED",
        "validation_issue": "",
        "confidence_score": 0.88,
        "mutation_status": "APPROVED",
        "khata_number": "KH-572",
        "ulpin": "TG17060572987X"
      },
      "geometry": {
        "type": "Polygon",
        "coordinates": [
          [
            [
              78.1881184927932,
              17.050809640969184
            ],
            [
              78.18895091928269,
              17.05108673725484
            ],
            [
              78.18954235561111,
              17.050495724436214
            ],
            [
              78.1895977383942,
              17.048967162700677
            ],
            [
              78.18809659486381,
              17.048825884500353
            ],
            [
              78.1881184927932,
              17.050809640969184
            ]
          ]
        ]
      }
    },
    {
      "type": "Feature",
      "id": "TG-RR-FNR-BRG-0573",
      "properties": {
        "parcel_id": "TG-RR-FNR-BRG-0573",
        "survey_no": "573",
        "survey_display": "573",
        "document_id": "DOC-BRG-0573",
        "village": "Burgul",
        "mandal": "Farooqnagar",
        "district": "Rangareddy",
        "state": "Telangana",
        "owner_name": "G. Lingaiah",
        "ocr_owner": "G. Lingaiah",
        "area_acres": 9.35,
        "ocr_area_acres": 9.35,
        "area_sq_meters": 37838.1,
        "centroid_lat": 17.049264,
        "centroid_lon": 78.180424,
        "verification_status": "VERIFIED",
        "validation_issue": "",
        "confidence_score": 0.9,
        "mutation_status": "APPROVED",
        "khata_number": "KH-573",
        "ulpin": "TG17060573987X"
      },
      "geometry": {
        "type": "Polygon",
        "coordinates": [
          [
            [
              78.1816103097153,
              17.0486106781403
            ],
            [
              78.17987413204388,
              17.04840634480827
            ],
            [
              78.17909039746753,
              17.04878318129294
            ],
            [
              78.17949513024992,
              17.049612778963255
            ],
            [
              78.1810052912044,
              17.050530105669026
            ],
            [
              78.1816103097153,
              17.0486106781403
            ]
          ]
        ]
      }
    },
    {
      "type": "Feature",
      "id": "TG-RR-FNR-BRG-0574",
      "properties": {
        "parcel_id": "TG-RR-FNR-BRG-0574",
        "survey_no": "574",
        "survey_display": "574",
        "document_id": "DOC-BRG-0574",
        "village": "Burgul",
        "mandal": "Farooqnagar",
        "district": "Rangareddy",
        "state": "Telangana",
        "owner_name": "M. Krishna Murthy",
        "ocr_owner": "M. Krishna Murthy",
        "area_acres": 4.77,
        "ocr_area_acres": 4.77,
        "area_sq_meters": 19303.5,
        "centroid_lat": 17.04879,
        "centroid_lon": 78.184044,
        "verification_status": "VERIFIED",
        "validation_issue": "",
        "confidence_score": 0.91,
        "mutation_status": "APPROVED",
        "khata_number": "KH-574",
        "ulpin": "TG17060574987X"
      },
      "geometry": {
        "type": "Polygon",
        "coordinates": [
          [
            [
              78.18346443678391,
              17.04947755537933
            ],
            [
              78.18498304875644,
              17.048937109228916
            ],
            [
              78.18497914769124,
              17.048775860743483
            ],
            [
              78.18478081657305,
              17.0483358238571
            ],
            [
              78.18445783019057,
              17.047888223956065
            ],
            [
              78.18283382452731,
              17.049205306367437
            ],
            [
              78.18346443678391,
              17.04947755537933
            ]
          ]
        ]
      }
    },
    {
      "type": "Feature",
      "id": "TG-RR-FNR-BRG-0575",
      "properties": {
        "parcel_id": "TG-RR-FNR-BRG-0575",
        "survey_no": "575",
        "survey_display": "575",
        "document_id": "DOC-BRG-0575",
        "village": "Burgul",
        "mandal": "Farooqnagar",
        "district": "Rangareddy",
        "state": "Telangana",
        "owner_name": "S. Venkat Reddy",
        "ocr_owner": "S. Venkat Reddy",
        "area_acres": 4.96,
        "ocr_area_acres": 4.96,
        "area_sq_meters": 20072.4,
        "centroid_lat": 17.049023,
        "centroid_lon": 78.185934,
        "verification_status": "VERIFIED",
        "validation_issue": "",
        "confidence_score": 0.89,
        "mutation_status": "APPROVED",
        "khata_number": "KH-575",
        "ulpin": "TG17060575987X"
      },
      "geometry": {
        "type": "Polygon",
        "coordinates": [
          [
            [
              78.18498304875644,
              17.048937109228902
            ],
            [
              78.1852122293815,
              17.049447455847716
            ],
            [
              78.18645994320799,
              17.049697256276048
            ],
            [
              78.18683243110128,
              17.049073953616727
            ],
            [
              78.186280841878,
              17.04826630141128
            ],
            [
              78.18497914769124,
              17.0487758607435
            ],
            [
              78.18498304875644,
              17.048937109228902
            ]
          ]
        ]
      }
    },
    {
      "type": "Feature",
      "id": "TG-RR-FNR-BRG-0576",
      "properties": {
        "parcel_id": "TG-RR-FNR-BRG-0576",
        "survey_no": "576",
        "survey_display": "576",
        "document_id": "DOC-BRG-0576",
        "village": "Burgul",
        "mandal": "Farooqnagar",
        "district": "Rangareddy",
        "state": "Telangana",
        "owner_name": "A. Jagadeeshwar",
        "ocr_owner": "A. Jagadeeshwar",
        "area_acres": 4.85,
        "ocr_area_acres": 4.85,
        "area_sq_meters": 19627.3,
        "centroid_lat": 17.048246,
        "centroid_lon": 78.187104,
        "verification_status": "VERIFIED",
        "validation_issue": "",
        "confidence_score": 0.97,
        "mutation_status": "APPROVED",
        "khata_number": "KH-576",
        "ulpin": "TG17060576987X"
      },
      "geometry": {
        "type": "Polygon",
        "coordinates": [
          [
            [
              78.18786294494788,
              17.047779040827315
            ],
            [
              78.18681534997843,
              17.04756723807176
            ],
            [
              78.18664797679664,
              17.047554453533223
            ],
            [
              78.18628084187799,
              17.04826630141127
            ],
            [
              78.18683243110128,
              17.049073953616734
            ],
            [
              78.18788923841079,
              17.048541637074916
            ],
            [
              78.18786294494788,
              17.047779040827315
            ]
          ]
        ]
      }
    },
    {
      "type": "Feature",
      "id": "TG-RR-FNR-BRG-0577",
      "properties": {
        "parcel_id": "TG-RR-FNR-BRG-0577",
        "survey_no": "577",
        "survey_display": "577",
        "document_id": "DOC-BRG-0577",
        "village": "Burgul",
        "mandal": "Farooqnagar",
        "district": "Rangareddy",
        "state": "Telangana",
        "owner_name": "G. Srinivas Reddy",
        "ocr_owner": "G. Srinivas Reddy",
        "area_acres": 8.86,
        "ocr_area_acres": 8.86,
        "area_sq_meters": 35855.2,
        "centroid_lat": 17.048196,
        "centroid_lon": 78.182873,
        "verification_status": "VERIFIED",
        "validation_issue": "",
        "confidence_score": 0.91,
        "mutation_status": "APPROVED",
        "khata_number": "KH-577",
        "ulpin": "TG17060577987X"
      },
      "geometry": {
        "type": "Polygon",
        "coordinates": [
          [
            [
              78.18204832535021,
              17.047363538120166
            ],
            [
              78.1816599807887,
              17.048575724937447
            ],
            [
              78.18270962888255,
              17.049195337532062
            ],
            [
              78.18283382452731,
              17.049205306367433
            ],
            [
              78.18445783019057,
              17.047888223956065
            ],
            [
              78.18440924890092,
              17.04776046222519
            ],
            [
              78.18211724583813,
              17.047351431120543
            ],
            [
              78.18204832535021,
              17.047363538120166
            ]
          ]
        ]
      }
    },
    {
      "type": "Feature",
      "id": "TG-RR-FNR-BRG-0578",
      "properties": {
        "parcel_id": "TG-RR-FNR-BRG-0578",
        "survey_no": "578",
        "survey_display": "578",
        "document_id": "DOC-BRG-0578",
        "village": "Burgul",
        "mandal": "Farooqnagar",
        "district": "Rangareddy",
        "state": "Telangana",
        "owner_name": "K. Venkateshwar Rao",
        "ocr_owner": "K. Venkateshwar Rao",
        "area_acres": 11.58,
        "ocr_area_acres": 11.58,
        "area_sq_meters": 46862.6,
        "centroid_lat": 17.047993,
        "centroid_lon": 78.189179,
        "verification_status": "VERIFIED",
        "validation_issue": "",
        "confidence_score": 0.92,
        "mutation_status": "APPROVED",
        "khata_number": "KH-578",
        "ulpin": "TG17060578987X"
      },
      "geometry": {
        "type": "Polygon",
        "coordinates": [
          [
            [
              78.19038072942409,
              17.047334307506638
            ],
            [
              78.1888845570321,
              17.047001379500127
            ],
            [
              78.18796754897521,
              17.047654540649106
            ],
            [
              78.1878629449479,
              17.047779040827308
            ],
            [
              78.18788923841079,
              17.048541637074933
            ],
            [
              78.18809659486381,
              17.048825884500353
            ],
            [
              78.18959773839418,
              17.048967162700677
            ],
            [
              78.1908781621365,
              17.04752656341959
            ],
            [
              78.19038072942409,
              17.047334307506638
            ]
          ]
        ]
      }
    },
    {
      "type": "Feature",
      "id": "TG-RR-FNR-BRG-0579",
      "properties": {
        "parcel_id": "TG-RR-FNR-BRG-0579",
        "survey_no": "579",
        "survey_display": "579",
        "document_id": "DOC-BRG-0579",
        "village": "Burgul",
        "mandal": "Farooqnagar",
        "district": "Rangareddy",
        "state": "Telangana",
        "owner_name": "M. Lakshmi Bai",
        "ocr_owner": "M. Lakshmi Bai",
        "area_acres": 6.64,
        "ocr_area_acres": 6.64,
        "area_sq_meters": 26871.2,
        "centroid_lat": 17.048564,
        "centroid_lon": 78.175384,
        "verification_status": "VERIFIED",
        "validation_issue": "",
        "confidence_score": 0.93,
        "mutation_status": "APPROVED",
        "khata_number": "KH-579",
        "ulpin": "TG17060579987X"
      },
      "geometry": {
        "type": "Polygon",
        "coordinates": [
          [
            [
              78.17582068811917,
              17.049098104554634
            ],
            [
              78.17651533307442,
              17.04873702349109
            ],
            [
              78.17679008113248,
              17.048539016435885
            ],
            [
              78.17677044655383,
              17.048474212808394
            ],
            [
              78.17531363311238,
              17.047686366887607
            ],
            [
              78.17399999999999,
              17.049000000000003
            ],
            [
              78.17387189986434,
              17.049146400155035
            ],
            [
              78.17582068811917,
              17.049098104554634
            ]
          ]
        ]
      }
    },
    {
      "type": "Feature",
      "id": "TG-RR-FNR-BRG-0580",
      "properties": {
        "parcel_id": "TG-RR-FNR-BRG-0580",
        "survey_no": "580",
        "survey_display": "580",
        "document_id": "DOC-BRG-0580",
        "village": "Burgul",
        "mandal": "Farooqnagar",
        "district": "Rangareddy",
        "state": "Telangana",
        "owner_name": "P. Anjaneyulu",
        "ocr_owner": "P. Anjaneyulu",
        "area_acres": 11.94,
        "ocr_area_acres": 11.94,
        "area_sq_meters": 48319.5,
        "centroid_lat": 17.048467,
        "centroid_lon": 78.193734,
        "verification_status": "VERIFIED",
        "validation_issue": "",
        "confidence_score": 0.95,
        "mutation_status": "APPROVED",
        "khata_number": "KH-580",
        "ulpin": "TG17060580987X"
      },
      "geometry": {
        "type": "Polygon",
        "coordinates": [
          [
            [
              78.19276876224549,
              17.04908077986223
            ],
            [
              78.19514054063013,
              17.049248052733155
            ],
            [
              78.19567089809989,
              17.04860253885994
            ],
            [
              78.19414764632668,
              17.047688587796017
            ],
            [
              78.19163538415543,
              17.047893919152756
            ],
            [
              78.19276876224549,
              17.04908077986223
            ]
          ]
        ]
      }
    },
    {
      "type": "Feature",
      "id": "TG-RR-FNR-BRG-0581",
      "properties": {
        "parcel_id": "TG-RR-FNR-BRG-0581",
        "survey_no": "581",
        "survey_display": "581",
        "document_id": "DOC-BRG-0581",
        "village": "Burgul",
        "mandal": "Farooqnagar",
        "district": "Rangareddy",
        "state": "Telangana",
        "owner_name": "B. Satyanarayana",
        "ocr_owner": "B. Satyanarayana",
        "area_acres": 3.48,
        "ocr_area_acres": 3.48,
        "area_sq_meters": 14083.1,
        "centroid_lat": 17.048076,
        "centroid_lon": 78.185756,
        "verification_status": "VERIFIED",
        "validation_issue": "",
        "confidence_score": 0.89,
        "mutation_status": "APPROVED",
        "khata_number": "KH-581",
        "ulpin": "TG17060581987X"
      },
      "geometry": {
        "type": "Polygon",
        "coordinates": [
          [
            [
              78.18497914769125,
              17.0487758607435
            ],
            [
              78.18628084187797,
              17.048266301411292
            ],
            [
              78.18664797679664,
              17.047554453533227
            ],
            [
              78.18637635863597,
              17.047305856188665
            ],
            [
              78.18478081657304,
              17.048335823857094
            ],
            [
              78.18497914769125,
              17.0487758607435
            ]
          ]
        ]
      }
    },
    {
      "type": "Feature",
      "id": "TG-RR-FNR-BRG-0582",
      "properties": {
        "parcel_id": "TG-RR-FNR-BRG-0582",
        "survey_no": "582",
        "survey_display": "582",
        "document_id": "DOC-BRG-0582",
        "village": "Burgul",
        "mandal": "Farooqnagar",
        "district": "Rangareddy",
        "state": "Telangana",
        "owner_name": "T. Ramaiah",
        "ocr_owner": "T. Ramaiah",
        "area_acres": 5.21,
        "ocr_area_acres": 5.21,
        "area_sq_meters": 21084.1,
        "centroid_lat": 17.048084,
        "centroid_lon": 78.178364,
        "verification_status": "VERIFIED",
        "validation_issue": "",
        "confidence_score": 0.94,
        "mutation_status": "APPROVED",
        "khata_number": "KH-582",
        "ulpin": "TG17060582987X"
      },
      "geometry": {
        "type": "Polygon",
        "coordinates": [
          [
            [
              78.17823261699463,
              17.049040324877282
            ],
            [
              78.1790576580631,
              17.048780098577858
            ],
            [
              78.17853913846736,
              17.04693474625463
            ],
            [
              78.1780646502007,
              17.046925608850245
            ],
            [
              78.17777918764527,
              17.048851377677874
            ],
            [
              78.17823261699463,
              17.049040324877282
            ]
          ]
        ]
      }
    },
    {
      "type": "Feature",
      "id": "TG-RR-FNR-BRG-0583",
      "properties": {
        "parcel_id": "TG-RR-FNR-BRG-0583",
        "survey_no": "583",
        "survey_display": "583",
        "document_id": "DOC-BRG-0583",
        "village": "Burgul",
        "mandal": "Farooqnagar",
        "district": "Rangareddy",
        "state": "Telangana",
        "owner_name": "Ch. Madhava Reddy",
        "ocr_owner": "Ch. Madhava Reddy",
        "area_acres": 6.83,
        "ocr_area_acres": 6.83,
        "area_sq_meters": 27640.1,
        "centroid_lat": 17.047672,
        "centroid_lon": 78.177367,
        "verification_status": "VERIFIED",
        "validation_issue": "",
        "confidence_score": 0.9,
        "mutation_status": "APPROVED",
        "khata_number": "KH-583",
        "ulpin": "TG17060583987X"
      },
      "geometry": {
        "type": "Polygon",
        "coordinates": [
          [
            [
              78.17686689030886,
              17.046425081656185
            ],
            [
              78.17677044655383,
              17.048474212808394
            ],
            [
              78.17679008113248,
              17.048539016435882
            ],
            [
              78.17733872324426,
              17.04880146250641
            ],
            [
              78.17777918764527,
              17.048851377677874
            ],
            [
              78.1780646502007,
              17.046925608850245
            ],
            [
              78.17686689030886,
              17.046425081656185
            ]
          ]
        ]
      }
    },
    {
      "type": "Feature",
      "id": "TG-RR-FNR-BRG-0584",
      "properties": {
        "parcel_id": "TG-RR-FNR-BRG-0584",
        "survey_no": "584",
        "survey_display": "584",
        "document_id": "DOC-BRG-0584",
        "village": "Burgul",
        "mandal": "Farooqnagar",
        "district": "Rangareddy",
        "state": "Telangana",
        "owner_name": "V. Narsimha",
        "ocr_owner": "V. Narsimha",
        "area_acres": 5.06,
        "ocr_area_acres": 5.06,
        "area_sq_meters": 20477.1,
        "centroid_lat": 17.047439,
        "centroid_lon": 78.176317,
        "verification_status": "VERIFIED",
        "validation_issue": "",
        "confidence_score": 0.98,
        "mutation_status": "APPROVED",
        "khata_number": "KH-584",
        "ulpin": "TG17060584987X"
      },
      "geometry": {
        "type": "Polygon",
        "coordinates": [
          [
            [
              78.17677044655383,
              17.048474212808397
            ],
            [
              78.17686689030886,
              17.0464250816562
            ],
            [
              78.17674971766732,
              17.046250282332668
            ],
            [
              78.17531363311238,
              17.047686366887607
            ],
            [
              78.17677044655383,
              17.048474212808397
            ]
          ]
        ]
      }
    },
    {
      "type": "Feature",
      "id": "TG-RR-FNR-BRG-0585",
      "properties": {
        "parcel_id": "TG-RR-FNR-BRG-0585",
        "survey_no": "585",
        "survey_display": "585",
        "document_id": "DOC-BRG-0585",
        "village": "Burgul",
        "mandal": "Farooqnagar",
        "district": "Rangareddy",
        "state": "Telangana",
        "owner_name": "S. Kistamma",
        "ocr_owner": "S. Kistamma",
        "area_acres": 6.62,
        "ocr_area_acres": 6.62,
        "area_sq_meters": 26790.2,
        "centroid_lat": 17.047269,
        "centroid_lon": 78.185295,
        "verification_status": "VERIFIED",
        "validation_issue": "",
        "confidence_score": 0.92,
        "mutation_status": "APPROVED",
        "khata_number": "KH-585",
        "ulpin": "TG17060585987X"
      },
      "geometry": {
        "type": "Polygon",
        "coordinates": [
          [
            [
              78.18488012217023,
              17.046448233965094
            ],
            [
              78.1844092489009,
              17.04776046222517
            ],
            [
              78.18445783019057,
              17.04788822395607
            ],
            [
              78.18478081657304,
              17.04833582385709
            ],
            [
              78.18637635863595,
              17.04730585618866
            ],
            [
              78.18601450755155,
              17.046691605144968
            ],
            [
              78.18545981008614,
              17.046347518146483
            ],
            [
              78.18488012217023,
              17.046448233965094
            ]
          ]
        ]
      }
    },
    {
      "type": "Feature",
      "id": "TG-RR-FNR-BRG-0586",
      "properties": {
        "parcel_id": "TG-RR-FNR-BRG-0586",
        "survey_no": "586",
        "survey_display": "586",
        "document_id": "DOC-BRG-0586",
        "village": "Burgul",
        "mandal": "Farooqnagar",
        "district": "Rangareddy",
        "state": "Telangana",
        "owner_name": "A. Balraj",
        "ocr_owner": "A. Balraj",
        "area_acres": 4.1,
        "ocr_area_acres": 4.1,
        "area_sq_meters": 16592.1,
        "centroid_lat": 17.047869,
        "centroid_lon": 78.179241,
        "verification_status": "VERIFIED",
        "validation_issue": "",
        "confidence_score": 0.93,
        "mutation_status": "APPROVED",
        "khata_number": "KH-586",
        "ulpin": "TG17060586987X"
      },
      "geometry": {
        "type": "Polygon",
        "coordinates": [
          [
            [
              78.17853913846736,
              17.04693474625464
            ],
            [
              78.17905765806309,
              17.048780098577858
            ],
            [
              78.17909039746753,
              17.04878318129294
            ],
            [
              78.17987413204389,
              17.04840634480827
            ],
            [
              78.17981404769448,
              17.047587245317196
            ],
            [
              78.17860996219491,
              17.04688988235515
            ],
            [
              78.17853913846736,
              17.04693474625464
            ]
          ]
        ]
      }
    },
    {
      "type": "Feature",
      "id": "TG-RR-FNR-BRG-0587",
      "properties": {
        "parcel_id": "TG-RR-FNR-BRG-0587",
        "survey_no": "587",
        "survey_display": "587",
        "document_id": "DOC-BRG-0587",
        "village": "Burgul",
        "mandal": "Farooqnagar",
        "district": "Rangareddy",
        "state": "Telangana",
        "owner_name": "M. Mallesh Goud",
        "ocr_owner": "M. Mallesh Goud",
        "area_acres": 9.11,
        "ocr_area_acres": 9.11,
        "area_sq_meters": 36866.9,
        "centroid_lat": 17.04772,
        "centroid_lon": 78.180915,
        "verification_status": "VERIFIED",
        "validation_issue": "",
        "confidence_score": 0.91,
        "mutation_status": "APPROVED",
        "khata_number": "KH-587",
        "ulpin": "TG17060587987X"
      },
      "geometry": {
        "type": "Polygon",
        "coordinates": [
          [
            [
              78.17981404769448,
              17.04758724531717
            ],
            [
              78.17987413204389,
              17.04840634480827
            ],
            [
              78.18161030971531,
              17.0486106781403
            ],
            [
              78.18165998078871,
              17.04857572493744
            ],
            [
              78.18204832535021,
              17.047363538120162
            ],
            [
              78.1817532451579,
              17.04685591093281
            ],
            [
              78.18000862542141,
              17.0470380485059
            ],
            [
              78.17981404769448,
              17.04758724531717
            ]
          ]
        ]
      }
    },
    {
      "type": "Feature",
      "id": "TG-RR-FNR-BRG-0588",
      "properties": {
        "parcel_id": "TG-RR-FNR-BRG-0588",
        "survey_no": "588",
        "survey_display": "588",
        "document_id": "DOC-BRG-0588",
        "village": "Burgul",
        "mandal": "Farooqnagar",
        "district": "Rangareddy",
        "state": "Telangana",
        "owner_name": "K. Chandraiah",
        "ocr_owner": "K. Chandraiah",
        "area_acres": 7.48,
        "ocr_area_acres": 7.48,
        "area_sq_meters": 30270.5,
        "centroid_lat": 17.04726,
        "centroid_lon": 78.19231,
        "verification_status": "VERIFIED",
        "validation_issue": "",
        "confidence_score": 0.93,
        "mutation_status": "APPROVED",
        "khata_number": "KH-588",
        "ulpin": "TG17060588987X"
      },
      "geometry": {
        "type": "Polygon",
        "coordinates": [
          [
            [
              78.19108727860832,
              17.047509685730997
            ],
            [
              78.19117168691578,
              17.04762047888109
            ],
            [
              78.19163538415543,
              17.047893919152756
            ],
            [
              78.19414764632668,
              17.047688587796017
            ],
            [
              78.193,
              17.047
            ],
            [
              78.19174599536902,
              17.046216247105637
            ],
            [
              78.19108727860832,
              17.047509685730997
            ]
          ]
        ]
      }
    },
    {
      "type": "Feature",
      "id": "TG-RR-FNR-BRG-0589",
      "properties": {
        "parcel_id": "TG-RR-FNR-BRG-0589",
        "survey_no": "589",
        "survey_display": "589",
        "document_id": "DOC-BRG-0589",
        "village": "Burgul",
        "mandal": "Farooqnagar",
        "district": "Rangareddy",
        "state": "Telangana",
        "owner_name": "J. Ramachandra Reddy",
        "ocr_owner": "J. Ramachandra Reddy",
        "area_acres": 2.47,
        "ocr_area_acres": 2.47,
        "area_sq_meters": 9995.7,
        "centroid_lat": 17.046963,
        "centroid_lon": 78.179394,
        "verification_status": "VERIFIED",
        "validation_issue": "",
        "confidence_score": 0.9,
        "mutation_status": "APPROVED",
        "khata_number": "KH-589",
        "ulpin": "TG17060589987X"
      },
      "geometry": {
        "type": "Polygon",
        "coordinates": [
          [
            [
              78.17899983969508,
              17.046487496321017
            ],
            [
              78.17892573571048,
              17.046534379790316
            ],
            [
              78.17860996219491,
              17.046889882355146
            ],
            [
              78.17981404769446,
              17.04758724531719
            ],
            [
              78.18000862542141,
              17.04703804850589
            ],
            [
              78.17975219516177,
              17.046629665425165
            ],
            [
              78.17899983969508,
              17.046487496321017
            ]
          ]
        ]
      }
    },
    {
      "type": "Feature",
      "id": "TG-RR-FNR-BRG-0590",
      "properties": {
        "parcel_id": "TG-RR-FNR-BRG-0590",
        "survey_no": "590",
        "survey_display": "590",
        "document_id": "DOC-BRG-0590",
        "village": "Burgul",
        "mandal": "Farooqnagar",
        "district": "Rangareddy",
        "state": "Telangana",
        "owner_name": "D. Gopal Rao",
        "ocr_owner": "D. Gopal Rao",
        "area_acres": 8.67,
        "ocr_area_acres": 8.67,
        "area_sq_meters": 35086.3,
        "centroid_lat": 17.046869,
        "centroid_lon": 78.183756,
        "verification_status": "REVIEW_REQUIRED",
        "validation_issue": "Low OCR confidence in handwritten Tippon annotation",
        "confidence_score": 0.62,
        "mutation_status": "APPROVED",
        "khata_number": "KH-590",
        "ulpin": "TG17060590987X"
      },
      "geometry": {
        "type": "Polygon",
        "coordinates": [
          [
            [
              78.1844092489009,
              17.047760462225195
            ],
            [
              78.18488012217023,
              17.046448233965084
            ],
            [
              78.18410889029867,
              17.04569997606518
            ],
            [
              78.18211724583811,
              17.047351431120543
            ],
            [
              78.1844092489009,
              17.047760462225195
            ]
          ]
        ]
      }
    },
    {
      "type": "Feature",
      "id": "TG-RR-FNR-BRG-0591",
      "properties": {
        "parcel_id": "TG-RR-FNR-BRG-0591",
        "survey_no": "591",
        "survey_display": "591",
        "document_id": "DOC-BRG-0591",
        "village": "Burgul",
        "mandal": "Farooqnagar",
        "district": "Rangareddy",
        "state": "Telangana",
        "owner_name": "R. Prabhakar",
        "ocr_owner": "R. Prabhakar",
        "area_acres": 2.42,
        "ocr_area_acres": 2.42,
        "area_sq_meters": 9793.4,
        "centroid_lat": 17.047217,
        "centroid_lon": 78.187341,
        "verification_status": "VERIFIED",
        "validation_issue": "",
        "confidence_score": 0.91,
        "mutation_status": "APPROVED",
        "khata_number": "KH-591",
        "ulpin": "TG17060591987X"
      },
      "geometry": {
        "type": "Polygon",
        "coordinates": [
          [
            [
              78.1878629449479,
              17.04777904082731
            ],
            [
              78.18796754897521,
              17.04765454064911
            ],
            [
              78.18725624081867,
              17.04640525280901
            ],
            [
              78.187128293773,
              17.04643232528906
            ],
            [
              78.18681534997842,
              17.047567238071753
            ],
            [
              78.1878629449479,
              17.04777904082731
            ]
          ]
        ]
      }
    },
    {
      "type": "Feature",
      "id": "TG-RR-FNR-BRG-0592",
      "properties": {
        "parcel_id": "TG-RR-FNR-BRG-0592",
        "survey_no": "592",
        "survey_display": "592",
        "document_id": "DOC-BRG-0592",
        "village": "Burgul",
        "mandal": "Farooqnagar",
        "district": "Rangareddy",
        "state": "Telangana",
        "owner_name": "E. Yadagiri",
        "ocr_owner": "E. Yadagiri",
        "area_acres": 2.26,
        "ocr_area_acres": 2.26,
        "area_sq_meters": 9145.9,
        "centroid_lat": 17.046904,
        "centroid_lon": 78.186621,
        "verification_status": "VERIFIED",
        "validation_issue": "",
        "confidence_score": 0.89,
        "mutation_status": "APPROVED",
        "khata_number": "KH-592",
        "ulpin": "TG17060592987X"
      },
      "geometry": {
        "type": "Polygon",
        "coordinates": [
          [
            [
              78.18637635863595,
              17.04730585618866
            ],
            [
              78.18664797679664,
              17.047554453533223
            ],
            [
              78.18681534997842,
              17.047567238071757
            ],
            [
              78.187128293773,
              17.046432325289054
            ],
            [
              78.18666068225852,
              17.046396250530123
            ],
            [
              78.18601450755156,
              17.04669160514498
            ],
            [
              78.18637635863595,
              17.04730585618866
            ]
          ]
        ]
      }
    },
    {
      "type": "Feature",
      "id": "TG-RR-FNR-BRG-0593",
      "properties": {
        "parcel_id": "TG-RR-FNR-BRG-0593",
        "survey_no": "593",
        "survey_display": "593",
        "document_id": "DOC-BRG-0593",
        "village": "Burgul",
        "mandal": "Farooqnagar",
        "district": "Rangareddy",
        "state": "Telangana",
        "owner_name": "N. Shankaraiah",
        "ocr_owner": "N. Shankaraiah",
        "area_acres": 3.93,
        "ocr_area_acres": 3.93,
        "area_sq_meters": 15904.2,
        "centroid_lat": 17.046569,
        "centroid_lon": 78.180668,
        "verification_status": "VERIFIED",
        "validation_issue": "",
        "confidence_score": 0.96,
        "mutation_status": "APPROVED",
        "khata_number": "KH-593",
        "ulpin": "TG17060593987X"
      },
      "geometry": {
        "type": "Polygon",
        "coordinates": [
          [
            [
              78.18000862542141,
              17.047038048505897
            ],
            [
              78.1817532451579,
              17.046855910932806
            ],
            [
              78.18167671040054,
              17.046526152536426
            ],
            [
              78.18027832370228,
              17.045924890845978
            ],
            [
              78.17975219516177,
              17.04662966542517
            ],
            [
              78.18000862542141,
              17.047038048505897
            ]
          ]
        ]
      }
    },
    {
      "type": "Feature",
      "id": "TG-RR-FNR-BRG-0594",
      "properties": {
        "parcel_id": "TG-RR-FNR-BRG-0594",
        "survey_no": "594",
        "survey_display": "594",
        "document_id": "DOC-BRG-0594",
        "village": "Burgul",
        "mandal": "Farooqnagar",
        "district": "Rangareddy",
        "state": "Telangana",
        "owner_name": "P. Suseela",
        "ocr_owner": "P. Suseela",
        "area_acres": 5.99,
        "ocr_area_acres": 5.99,
        "area_sq_meters": 24240.7,
        "centroid_lat": 17.046541,
        "centroid_lon": 78.188065,
        "verification_status": "VERIFIED",
        "validation_issue": "",
        "confidence_score": 0.95,
        "mutation_status": "APPROVED",
        "khata_number": "KH-594",
        "ulpin": "TG17060594987X"
      },
      "geometry": {
        "type": "Polygon",
        "coordinates": [
          [
            [
              78.18888455703208,
              17.047001379500124
            ],
            [
              78.18842607826298,
              17.04572874396097
            ],
            [
              78.18781953808163,
              17.045470753995325
            ],
            [
              78.18725624081866,
              17.046405252809
            ],
            [
              78.1879675489752,
              17.04765454064911
            ],
            [
              78.18888455703208,
              17.047001379500124
            ]
          ]
        ]
      }
    },
    {
      "type": "Feature",
      "id": "TG-RR-FNR-BRG-0595",
      "properties": {
        "parcel_id": "TG-RR-FNR-BRG-0595",
        "survey_no": "595",
        "survey_display": "595",
        "document_id": "DOC-BRG-0595",
        "village": "Burgul",
        "mandal": "Farooqnagar",
        "district": "Rangareddy",
        "state": "Telangana",
        "owner_name": "B. Vittal Reddy",
        "ocr_owner": "B. Vittal Reddy",
        "area_acres": 2.67,
        "ocr_area_acres": 2.88,
        "area_sq_meters": 10805.1,
        "centroid_lat": 17.045758,
        "centroid_lon": 78.187225,
        "verification_status": "CONFLICT",
        "validation_issue": "Area mismatch: Document states 2.88 Acres vs GIS 2.67 Acres (8.0% diff)",
        "confidence_score": 0.68,
        "mutation_status": "APPROVED",
        "khata_number": "KH-595",
        "ulpin": "TG17060595987X"
      },
      "geometry": {
        "type": "Polygon",
        "coordinates": [
          [
            [
              78.18746328701089,
              17.04511408777675
            ],
            [
              78.18711566892975,
              17.045031796307256
            ],
            [
              78.18666068225852,
              17.046396250530123
            ],
            [
              78.18712829377303,
              17.046432325289057
            ],
            [
              78.18725624081866,
              17.046405252809016
            ],
            [
              78.18781953808163,
              17.045470753995332
            ],
            [
              78.18746328701089,
              17.04511408777675
            ]
          ]
        ]
      }
    },
    {
      "type": "Feature",
      "id": "TG-RR-FNR-BRG-0596",
      "properties": {
        "parcel_id": "TG-RR-FNR-BRG-0596",
        "survey_no": "596",
        "survey_display": "596",
        "document_id": "DOC-BRG-0596",
        "village": "Burgul",
        "mandal": "Farooqnagar",
        "district": "Rangareddy",
        "state": "Telangana",
        "owner_name": "K. Padma",
        "ocr_owner": "K. Padma",
        "area_acres": 4.06,
        "ocr_area_acres": 4.06,
        "area_sq_meters": 16430.3,
        "centroid_lat": 17.045807,
        "centroid_lon": 78.179619,
        "verification_status": "VERIFIED",
        "validation_issue": "",
        "confidence_score": 0.89,
        "mutation_status": "APPROVED",
        "khata_number": "KH-596",
        "ulpin": "TG17060596987X"
      },
      "geometry": {
        "type": "Polygon",
        "coordinates": [
          [
            [
              78.17968596737913,
              17.044791947519577
            ],
            [
              78.17948400993525,
              17.044696532072496
            ],
            [
              78.17899983969507,
              17.046487496321014
            ],
            [
              78.17975219516177,
              17.046629665425165
            ],
            [
              78.18027832370228,
              17.045924890845967
            ],
            [
              78.17968596737913,
              17.044791947519577
            ]
          ]
        ]
      }
    },
    {
      "type": "Feature",
      "id": "TG-RR-FNR-BRG-0597",
      "properties": {
        "parcel_id": "TG-RR-FNR-BRG-0597",
        "survey_no": "597",
        "survey_display": "597",
        "document_id": "DOC-BRG-0597",
        "village": "Burgul",
        "mandal": "Farooqnagar",
        "district": "Rangareddy",
        "state": "Telangana",
        "owner_name": "G. Lingaiah",
        "ocr_owner": "G. Lingaiah",
        "area_acres": 5.72,
        "ocr_area_acres": 5.72,
        "area_sq_meters": 23148.0,
        "centroid_lat": 17.046235,
        "centroid_lon": 78.177888,
        "verification_status": "VERIFIED",
        "validation_issue": "",
        "confidence_score": 0.92,
        "mutation_status": "APPROVED",
        "khata_number": "KH-597",
        "ulpin": "TG17060597987X"
      },
      "geometry": {
        "type": "Polygon",
        "coordinates": [
          [
            [
              78.17686689030884,
              17.04642508165618
            ],
            [
              78.1780646502007,
              17.04692560885024
            ],
            [
              78.17853913846736,
              17.04693474625463
            ],
            [
              78.1786099621949,
              17.046889882355156
            ],
            [
              78.17892573571052,
              17.046534379790273
            ],
            [
              78.17797874229669,
              17.04530089835951
            ],
            [
              78.17699999999999,
              17.046000000000003
            ],
            [
              78.17674971766732,
              17.04625028233267
            ],
            [
              78.17686689030884,
              17.04642508165618
            ]
          ]
        ]
      }
    },
    {
      "type": "Feature",
      "id": "TG-RR-FNR-BRG-0598",
      "properties": {
        "parcel_id": "TG-RR-FNR-BRG-0598",
        "survey_no": "598",
        "survey_display": "598",
        "document_id": "DOC-BRG-0598",
        "village": "Burgul",
        "mandal": "Farooqnagar",
        "district": "Rangareddy",
        "state": "Telangana",
        "owner_name": "M. Krishna Murthy",
        "ocr_owner": "M. Krishna Murthy",
        "area_acres": 10.85,
        "ocr_area_acres": 10.85,
        "area_sq_meters": 43908.4,
        "centroid_lat": 17.045882,
        "centroid_lon": 78.182709,
        "verification_status": "VERIFIED",
        "validation_issue": "",
        "confidence_score": 0.94,
        "mutation_status": "APPROVED",
        "khata_number": "KH-598",
        "ulpin": "TG17060598987X"
      },
      "geometry": {
        "type": "Polygon",
        "coordinates": [
          [
            [
              78.18186688678462,
              17.045636072812922
            ],
            [
              78.18167671040052,
              17.046526152536384
            ],
            [
              78.18175324515792,
              17.04685591093283
            ],
            [
              78.18204832535021,
              17.04736353812017
            ],
            [
              78.18211724583811,
              17.047351431120546
            ],
            [
              78.18410889029867,
              17.04569997606518
            ],
            [
              78.18403480970511,
              17.04548125880363
            ],
            [
              78.18398751453431,
              17.04536329415568
            ],
            [
              78.1824566493382,
              17.04451634063796
            ],
            [
              78.18186688678462,
              17.045636072812922
            ]
          ]
        ]
      }
    },
    {
      "type": "Feature",
      "id": "TG-RR-FNR-BRG-0599",
      "properties": {
        "parcel_id": "TG-RR-FNR-BRG-0599",
        "survey_no": "599",
        "survey_display": "599",
        "document_id": "DOC-BRG-0599",
        "village": "Burgul",
        "mandal": "Farooqnagar",
        "district": "Rangareddy",
        "state": "Telangana",
        "owner_name": "S. Venkat Reddy",
        "ocr_owner": "S. Venkat Reddy",
        "area_acres": 5.18,
        "ocr_area_acres": 5.18,
        "area_sq_meters": 20962.7,
        "centroid_lat": 17.045744,
        "centroid_lon": 78.186334,
        "verification_status": "VERIFIED",
        "validation_issue": "",
        "confidence_score": 0.99,
        "mutation_status": "APPROVED",
        "khata_number": "KH-599",
        "ulpin": "TG17060599987X"
      },
      "geometry": {
        "type": "Polygon",
        "coordinates": [
          [
            [
              78.18639210322543,
              17.044696925597233
            ],
            [
              78.18634486734935,
              17.044771260176567
            ],
            [
              78.18545981008614,
              17.046347518146483
            ],
            [
              78.18601450755156,
              17.04669160514498
            ],
            [
              78.18666068225852,
              17.046396250530123
            ],
            [
              78.18711566892975,
              17.045031796307253
            ],
            [
              78.18639210322543,
              17.044696925597233
            ]
          ]
        ]
      }
    },
    {
      "type": "Feature",
      "id": "TG-RR-FNR-BRG-0600",
      "properties": {
        "parcel_id": "TG-RR-FNR-BRG-0600",
        "survey_no": "600",
        "survey_display": "600",
        "document_id": "DOC-BRG-0600",
        "village": "Burgul",
        "mandal": "Farooqnagar",
        "district": "Rangareddy",
        "state": "Telangana",
        "owner_name": "A. Jagadeeshwar",
        "ocr_owner": "A. Jagadeeshwar",
        "area_acres": 7.04,
        "ocr_area_acres": 7.04,
        "area_sq_meters": 28489.9,
        "centroid_lat": 17.046264,
        "centroid_lon": 78.18934,
        "verification_status": "VERIFIED",
        "validation_issue": "",
        "confidence_score": 0.94,
        "mutation_status": "APPROVED",
        "khata_number": "KH-600",
        "ulpin": "TG17060600987X"
      },
      "geometry": {
        "type": "Polygon",
        "coordinates": [
          [
            [
              78.18888455703208,
              17.047001379500127
            ],
            [
              78.19038072942412,
              17.04733430750664
            ],
            [
              78.18967239585037,
              17.04553025568166
            ],
            [
              78.18919589291451,
              17.045041234049155
            ],
            [
              78.18842607826298,
              17.045728743960975
            ],
            [
              78.18888455703208,
              17.047001379500127
            ]
          ]
        ]
      }
    },
    {
      "type": "Feature",
      "id": "TG-RR-FNR-BRG-0601",
      "properties": {
        "parcel_id": "TG-RR-FNR-BRG-0601",
        "survey_no": "601",
        "survey_display": "601",
        "document_id": "DOC-BRG-0601",
        "village": "Burgul",
        "mandal": "Farooqnagar",
        "district": "Rangareddy",
        "state": "Telangana",
        "owner_name": "G. Srinivas Reddy",
        "ocr_owner": "G. Srinivas Reddy",
        "area_acres": 4.54,
        "ocr_area_acres": 4.54,
        "area_sq_meters": 18372.7,
        "centroid_lat": 17.045392,
        "centroid_lon": 78.178826,
        "verification_status": "VERIFIED",
        "validation_issue": "",
        "confidence_score": 0.94,
        "mutation_status": "APPROVED",
        "khata_number": "KH-601",
        "ulpin": "TG17060601987X"
      },
      "geometry": {
        "type": "Polygon",
        "coordinates": [
          [
            [
              78.17892573571052,
              17.046534379790284
            ],
            [
              78.17899983969507,
              17.046487496321024
            ],
            [
              78.17948400993525,
              17.0446965320725
            ],
            [
              78.17922217682644,
              17.04441273083825
            ],
            [
              78.17797874229669,
              17.04530089835951
            ],
            [
              78.17892573571052,
              17.046534379790284
            ]
          ]
        ]
      }
    },
    {
      "type": "Feature",
      "id": "TG-RR-FNR-BRG-0602",
      "properties": {
        "parcel_id": "TG-RR-FNR-BRG-0602",
        "survey_no": "602",
        "survey_display": "602",
        "document_id": "DOC-BRG-0602",
        "village": "Burgul",
        "mandal": "Farooqnagar",
        "district": "Rangareddy",
        "state": "Telangana",
        "owner_name": "K. Venkateshwar Rao",
        "ocr_owner": "S. Kistamma",
        "area_acres": 7.35,
        "ocr_area_acres": 7.35,
        "area_sq_meters": 29744.4,
        "centroid_lat": 17.046416,
        "centroid_lon": 78.190707,
        "verification_status": "CONFLICT",
        "validation_issue": "Owner mismatch: Deed titleholder 'K. Venkateshwar Rao' vs Extracted 'S. Kistamma'",
        "confidence_score": 0.44,
        "mutation_status": "APPROVED",
        "khata_number": "KH-602",
        "ulpin": "TG17060602987X"
      },
      "geometry": {
        "type": "Polygon",
        "coordinates": [
          [
            [
              78.19038072942412,
              17.047334307506645
            ],
            [
              78.19087816213651,
              17.04752656341959
            ],
            [
              78.19108727860832,
              17.047509685730997
            ],
            [
              78.19174599536902,
              17.046216247105637
            ],
            [
              78.1905552731991,
              17.045472045749438
            ],
            [
              78.18967239585038,
              17.04553025568168
            ],
            [
              78.19038072942412,
              17.047334307506645
            ]
          ]
        ]
      }
    },
    {
      "type": "Feature",
      "id": "TG-RR-FNR-BRG-0603",
      "properties": {
        "parcel_id": "TG-RR-FNR-BRG-0603",
        "survey_no": "603",
        "survey_display": "603",
        "document_id": "DOC-BRG-0603",
        "village": "Burgul",
        "mandal": "Farooqnagar",
        "district": "Rangareddy",
        "state": "Telangana",
        "owner_name": "M. Lakshmi Bai",
        "ocr_owner": "M. Lakshmi Bai",
        "area_acres": 5.05,
        "ocr_area_acres": 5.05,
        "area_sq_meters": 20436.6,
        "centroid_lat": 17.045661,
        "centroid_lon": 78.180861,
        "verification_status": "VERIFIED",
        "validation_issue": "",
        "confidence_score": 0.97,
        "mutation_status": "APPROVED",
        "khata_number": "KH-603",
        "ulpin": "TG17060603987X"
      },
      "geometry": {
        "type": "Polygon",
        "coordinates": [
          [
            [
              78.17968596737913,
              17.04479194751957
            ],
            [
              78.1802783237023,
              17.04592489084598
            ],
            [
              78.18167671040052,
              17.04652615253642
            ],
            [
              78.18186688678463,
              17.045636072812894
            ],
            [
              78.17983074884573,
              17.0447822182827
            ],
            [
              78.17968596737913,
              17.04479194751957
            ]
          ]
        ]
      }
    },
    {
      "type": "Feature",
      "id": "TG-RR-FNR-BRG-0604",
      "properties": {
        "parcel_id": "TG-RR-FNR-BRG-0604",
        "survey_no": "604",
        "survey_display": "604",
        "document_id": "DOC-BRG-0604",
        "village": "Burgul",
        "mandal": "Farooqnagar",
        "district": "Rangareddy",
        "state": "Telangana",
        "owner_name": "P. Anjaneyulu",
        "ocr_owner": "P. Anjaneyulu",
        "area_acres": 1.4,
        "ocr_area_acres": 1.4,
        "area_sq_meters": 5665.6,
        "centroid_lat": 17.045205,
        "centroid_lon": 78.189744,
        "verification_status": "VERIFIED",
        "validation_issue": "",
        "confidence_score": 0.97,
        "mutation_status": "APPROVED",
        "khata_number": "KH-604",
        "ulpin": "TG17060604987X"
      },
      "geometry": {
        "type": "Polygon",
        "coordinates": [
          [
            [
              78.1891958929145,
              17.045041234049158
            ],
            [
              78.18967239585038,
              17.04553025568168
            ],
            [
              78.1905552731991,
              17.045472045749438
            ],
            [
              78.18935131087929,
              17.044719569299566
            ],
            [
              78.1891958929145,
              17.045041234049158
            ]
          ]
        ]
      }
    },
    {
      "type": "Feature",
      "id": "TG-RR-FNR-BRG-0605",
      "properties": {
        "parcel_id": "TG-RR-FNR-BRG-0605",
        "survey_no": "605",
        "survey_display": "605",
        "document_id": "DOC-BRG-0605",
        "village": "Burgul",
        "mandal": "Farooqnagar",
        "district": "Rangareddy",
        "state": "Telangana",
        "owner_name": "B. Satyanarayana",
        "ocr_owner": "B. Satyanarayana",
        "area_acres": 5.48,
        "ocr_area_acres": 5.48,
        "area_sq_meters": 22176.8,
        "centroid_lat": 17.04564,
        "centroid_lon": 78.18517,
        "verification_status": "VERIFIED",
        "validation_issue": "",
        "confidence_score": 0.93,
        "mutation_status": "APPROVED",
        "khata_number": "KH-605",
        "ulpin": "TG17060605987X"
      },
      "geometry": {
        "type": "Polygon",
        "coordinates": [
          [
            [
              78.18410889029867,
              17.04569997606517
            ],
            [
              78.18488012217023,
              17.04644823396509
            ],
            [
              78.18545981008614,
              17.046347518146483
            ],
            [
              78.1863448673494,
              17.044771260176468
            ],
            [
              78.18403480970515,
              17.04548125880378
            ],
            [
              78.18410889029867,
              17.04569997606517
            ]
          ]
        ]
      }
    },
    {
      "type": "Feature",
      "id": "TG-RR-FNR-BRG-0606",
      "properties": {
        "parcel_id": "TG-RR-FNR-BRG-0606",
        "survey_no": "606",
        "survey_display": "606",
        "document_id": "DOC-BRG-0606",
        "village": "Burgul",
        "mandal": "Farooqnagar",
        "district": "Rangareddy",
        "state": "Telangana",
        "owner_name": "T. Ramaiah",
        "ocr_owner": "T. Ramaiah",
        "area_acres": 4.6,
        "ocr_area_acres": 4.6,
        "area_sq_meters": 18615.6,
        "centroid_lat": 17.044703,
        "centroid_lon": 78.185329,
        "verification_status": "VERIFIED",
        "validation_issue": "",
        "confidence_score": 0.94,
        "mutation_status": "APPROVED",
        "khata_number": "KH-606",
        "ulpin": "TG17060606987X"
      },
      "geometry": {
        "type": "Polygon",
        "coordinates": [
          [
            [
              78.18599189797553,
              17.043810031297802
            ],
            [
              78.18447399595486,
              17.04484355039437
            ],
            [
              78.18419926066692,
              17.045077868981927
            ],
            [
              78.18398751453431,
              17.045363294155685
            ],
            [
              78.18403480970517,
              17.045481258803775
            ],
            [
              78.1863448673494,
              17.044771260176468
            ],
            [
              78.18639210322543,
              17.04469692559723
            ],
            [
              78.18599189797553,
              17.043810031297802
            ]
          ]
        ]
      }
    },
    {
      "type": "Feature",
      "id": "TG-RR-FNR-BRG-0607",
      "properties": {
        "parcel_id": "TG-RR-FNR-BRG-0607",
        "survey_no": "607",
        "survey_display": "607",
        "document_id": "DOC-BRG-0607",
        "village": "Burgul",
        "mandal": "Farooqnagar",
        "district": "Rangareddy",
        "state": "Telangana",
        "owner_name": "Ch. Madhava Reddy",
        "ocr_owner": "Ch. Madhava Reddy",
        "area_acres": 6.27,
        "ocr_area_acres": 6.27,
        "area_sq_meters": 25373.8,
        "centroid_lat": 17.044779,
        "centroid_lon": 78.181436,
        "verification_status": "VERIFIED",
        "validation_issue": "",
        "confidence_score": 0.98,
        "mutation_status": "APPROVED",
        "khata_number": "KH-607",
        "ulpin": "TG17060607987X"
      },
      "geometry": {
        "type": "Polygon",
        "coordinates": [
          [
            [
              78.1824566493382,
              17.04451634063796
            ],
            [
              78.1823023631542,
              17.043949583369038
            ],
            [
              78.17983074884573,
              17.044782218282702
            ],
            [
              78.18186688678463,
              17.0456360728129
            ],
            [
              78.1824566493382,
              17.04451634063796
            ]
          ]
        ]
      }
    },
    {
      "type": "Feature",
      "id": "TG-RR-FNR-BRG-0608",
      "properties": {
        "parcel_id": "TG-RR-FNR-BRG-0608",
        "survey_no": "608",
        "survey_display": "608",
        "document_id": "DOC-BRG-0608",
        "village": "Burgul",
        "mandal": "Farooqnagar",
        "district": "Rangareddy",
        "state": "Telangana",
        "owner_name": "V. Narsimha",
        "ocr_owner": "V. Narsimha",
        "area_acres": 5.03,
        "ocr_area_acres": 5.03,
        "area_sq_meters": 20355.7,
        "centroid_lat": 17.044939,
        "centroid_lon": 78.188373,
        "verification_status": "VERIFIED",
        "validation_issue": "",
        "confidence_score": 0.93,
        "mutation_status": "APPROVED",
        "khata_number": "KH-608",
        "ulpin": "TG17060608987X"
      },
      "geometry": {
        "type": "Polygon",
        "coordinates": [
          [
            [
              78.18746328701087,
              17.04511408777675
            ],
            [
              78.18781953808161,
              17.04547075399532
            ],
            [
              78.18842607826298,
              17.04572874396097
            ],
            [
              78.1891958929145,
              17.045041234049165
            ],
            [
              78.18935131087929,
              17.044719569299563
            ],
            [
              78.189,
              17.044500000000003
            ],
            [
              78.18807473838898,
              17.04415302689587
            ],
            [
              78.18746328701087,
              17.04511408777675
            ]
          ]
        ]
      }
    },
    {
      "type": "Feature",
      "id": "TG-RR-FNR-BRG-0609",
      "properties": {
        "parcel_id": "TG-RR-FNR-BRG-0609",
        "survey_no": "609",
        "survey_display": "609",
        "document_id": "DOC-BRG-0609",
        "village": "Burgul",
        "mandal": "Farooqnagar",
        "district": "Rangareddy",
        "state": "Telangana",
        "owner_name": "S. Kistamma",
        "ocr_owner": "S. Kistamma",
        "area_acres": 9.14,
        "ocr_area_acres": 9.14,
        "area_sq_meters": 36988.3,
        "centroid_lat": 17.044095,
        "centroid_lon": 78.183343,
        "verification_status": "VERIFIED",
        "validation_issue": "",
        "confidence_score": 0.98,
        "mutation_status": "APPROVED",
        "khata_number": "KH-609",
        "ulpin": "TG17060609987X"
      },
      "geometry": {
        "type": "Polygon",
        "coordinates": [
          [
            [
              78.1823023631542,
              17.043949583369024
            ],
            [
              78.18245664933819,
              17.04451634063795
            ],
            [
              78.18398751453431,
              17.04536329415568
            ],
            [
              78.18419926066689,
              17.045077868981974
            ],
            [
              78.18409316909691,
              17.043100758989233
            ],
            [
              78.1823426824523,
              17.043295257505303
            ],
            [
              78.1823023631542,
              17.043949583369024
            ]
          ]
        ]
      }
    },
    {
      "type": "Feature",
      "id": "TG-RR-FNR-BRG-0610",
      "properties": {
        "parcel_id": "TG-RR-FNR-BRG-0610",
        "survey_no": "610",
        "survey_display": "610",
        "document_id": "DOC-BRG-0610",
        "village": "Burgul",
        "mandal": "Farooqnagar",
        "district": "Rangareddy",
        "state": "Telangana",
        "owner_name": "A. Balraj",
        "ocr_owner": "A. Balraj",
        "area_acres": 1.63,
        "ocr_area_acres": 1.63,
        "area_sq_meters": 6596.4,
        "centroid_lat": 17.044011,
        "centroid_lon": 78.184289,
        "verification_status": "VERIFIED",
        "validation_issue": "",
        "confidence_score": 0.93,
        "mutation_status": "APPROVED",
        "khata_number": "KH-610",
        "ulpin": "TG17060610987X"
      },
      "geometry": {
        "type": "Polygon",
        "coordinates": [
          [
            [
              78.18419926066689,
              17.04507786898196
            ],
            [
              78.1844739959549,
              17.044843550394337
            ],
            [
              78.18440117126497,
              17.04306653652612
            ],
            [
              78.18409316909691,
              17.043100758989237
            ],
            [
              78.18419926066689,
              17.04507786898196
            ]
          ]
        ]
      }
    },
    {
      "type": "Feature",
      "id": "TG-RR-FNR-BRG-0611",
      "properties": {
        "parcel_id": "TG-RR-FNR-BRG-0611",
        "survey_no": "611",
        "survey_display": "611",
        "document_id": "DOC-BRG-0611",
        "village": "Burgul",
        "mandal": "Farooqnagar",
        "district": "Rangareddy",
        "state": "Telangana",
        "owner_name": "M. Mallesh Goud",
        "ocr_owner": "M. Mallesh Goud",
        "area_acres": 5.45,
        "ocr_area_acres": 5.45,
        "area_sq_meters": 22055.4,
        "centroid_lat": 17.043758,
        "centroid_lon": 78.185064,
        "verification_status": "VERIFIED",
        "validation_issue": "",
        "confidence_score": 0.89,
        "mutation_status": "APPROVED",
        "khata_number": "KH-611",
        "ulpin": "TG17060611987X"
      },
      "geometry": {
        "type": "Polygon",
        "coordinates": [
          [
            [
              78.1844739959549,
              17.04484355039434
            ],
            [
              78.18599189797553,
              17.04381003129781
            ],
            [
              78.18597751587428,
              17.043366568452857
            ],
            [
              78.185,
              17.043000000000003
            ],
            [
              78.18440117126497,
              17.04306653652612
            ],
            [
              78.1844739959549,
              17.04484355039434
            ]
          ]
        ]
      }
    },
    {
      "type": "Feature",
      "id": "TG-RR-FNR-BRG-0612",
      "properties": {
        "parcel_id": "TG-RR-FNR-BRG-0612",
        "survey_no": "612",
        "survey_display": "612",
        "document_id": "DOC-BRG-0612",
        "village": "Burgul",
        "mandal": "Farooqnagar",
        "district": "Rangareddy",
        "state": "Telangana",
        "owner_name": "K. Chandraiah",
        "ocr_owner": "K. Chandraiah",
        "area_acres": 5.77,
        "ocr_area_acres": 5.77,
        "area_sq_meters": 23350.4,
        "centroid_lat": 17.044268,
        "centroid_lon": 78.186949,
        "verification_status": "VERIFIED",
        "validation_issue": "",
        "confidence_score": 0.98,
        "mutation_status": "APPROVED",
        "khata_number": "KH-612",
        "ulpin": "TG17060612987X"
      },
      "geometry": {
        "type": "Polygon",
        "coordinates": [
          [
            [
              78.18599189797551,
              17.043810031297784
            ],
            [
              78.18639210322543,
              17.044696925597233
            ],
            [
              78.18711566892975,
              17.045031796307256
            ],
            [
              78.18746328701087,
              17.045114087776746
            ],
            [
              78.18807473838898,
              17.04415302689587
            ],
            [
              78.18597751587428,
              17.04336656845286
            ],
            [
              78.18599189797551,
              17.043810031297784
            ]
          ]
        ]
      }
    },
    {
      "type": "Feature",
      "id": "TG-RR-FNR-BRG-0613",
      "properties": {
        "parcel_id": "TG-RR-FNR-BRG-0613",
        "survey_no": "613",
        "survey_display": "613",
        "document_id": "DOC-BRG-0613",
        "village": "Burgul",
        "mandal": "Farooqnagar",
        "district": "Rangareddy",
        "state": "Telangana",
        "owner_name": "J. Ramachandra Reddy",
        "ocr_owner": "J. Ramachandra Reddy",
        "area_acres": 7.16,
        "ocr_area_acres": 7.16,
        "area_sq_meters": 28975.5,
        "centroid_lat": 17.044,
        "centroid_lon": 78.180843,
        "verification_status": "VERIFIED",
        "validation_issue": "",
        "confidence_score": 0.96,
        "mutation_status": "APPROVED",
        "khata_number": "KH-613",
        "ulpin": "TG17060613987X"
      },
      "geometry": {
        "type": "Polygon",
        "coordinates": [
          [
            [
              78.17948400993524,
              17.044696532072496
            ],
            [
              78.17968596737911,
              17.04479194751957
            ],
            [
              78.17983074884575,
              17.0447822182827
            ],
            [
              78.1823023631542,
              17.04394958336904
            ],
            [
              78.1823426824523,
              17.0432952575053
            ],
            [
              78.1805,
              17.0435
            ],
            [
              78.17922217682644,
              17.04441273083825
            ],
            [
              78.17948400993524,
              17.044696532072496
            ]
          ]
        ]
      }
    }
  ]
}