parcel_id,survey_number,survey_display,sub_division,khata_number,owner_name,co_owner_name,village,mandal,district,state,land_classification,ownership_type,area_acres,area_sq_meters,mutation_status,registration_status,document_reference,confidence_score,verification_status,validation_issue,created_at,updated_at,centroid_lat,centroid_lon
P0001,101,101/1,1,KH00001,Synthetic Owner 001,,Example Village,Example Mandal,Anantapur,Andhra Pradesh,Government,Individual,14.2205,57548.37,Updated,Registered,DOC-00001,0.939,Verified,,2025-01-01,2025-06-01,14.651,77.5512
P0002,102,102,,KH00002,Synthetic Owner 002,,Example Village,Example Mandal,Anantapur,Andhra Pradesh,Water Body,Individual,14.2205,57548.37,Updated,Registered,DOC-00002,0.948,Verified,,2025-01-01,2025-06-01,14.651,77.5536
P0003,103,103,,KH00003,Synthetic Owner 003,Synthetic Owner 503,Example Village,Example Mandal,Anantapur,Andhra Pradesh,Agricultural,Joint,14.2205,57548.37,Pending,Registered,DOC-00003,0.736,Review Required,Missing mutation information,2025-01-01,2025-06-01,14.651,77.556
P0004,104,104,,KH00004,Synthetic Owner 004,,Example Village,Example Mandal,Anantapur,Andhra Pradesh,Government,Individual,14.2205,57548.37,Pending,Registered,DOC-00004,0.748,Review Required,Missing mutation information,2025-01-01,2025-06-01,14.651,77.5584
P0005,105,105,,KH00005,Synthetic Owner 005,,Example Village,Example Mandal,Anantapur,Andhra Pradesh,Water Body,Individual,14.2205,57548.37,Updated,Registered,DOC-00005,0.975,Verified,,2025-01-01,2025-06-01,14.651,77.5608
P0006,106,106/1,1,KH00006,Synthetic Owner 006,,Example Village,Example Mandal,Anantapur,Andhra Pradesh,Agricultural,Individual,14.2205,57548.37,Updated,Registered,DOC-00006,0.984,Verified,,2025-01-01,2025-06-01,14.651,77.5632
P0007,107,107,,KH00007,Synthetic Owner 007,,Example Village,Example Mandal,Anantapur,Andhra Pradesh,Government,Individual,14.2205,57548.37,Updated,Registered,DOC-00007,0.93,Verified,,2025-01-01,2025-06-01,14.651,77.5656
P0008,108,108,,KH00008,Synthetic Owner 008,,Example Village,Example Mandal,Anantapur,Andhra Pradesh,Water Body,Individual,14.2205,57548.37,Updated,Registered,DOC-00008,0.939,Verified,,2025-01-01,2025-06-01,14.651,77.568
P0009,109,109,,KH00009,Synthetic Owner 009,,Example Village,Example Mandal,Anantapur,Andhra Pradesh,Agricultural,Individual,14.2205,57548.37,Updated,Registered,DOC-00009,0.948,Verified,,2025-01-01,2025-06-01,14.651,77.5704
P0010,110,110,,KH00010,Synthetic Owner 010,,Example Village,Example Mandal,Anantapur,Andhra Pradesh,Government,Individual,14.2205,57548.37,Updated,Registered,DOC-00010,0.957,Verified,,2025-01-01,2025-06-01,14.651,77.5728
P0011,111,111/3,3,KH00011,Synthetic Owner 011,,Example Village,Example Mandal,Anantapur,Andhra Pradesh,Water Body,Individual,14.2205,57548.37,Updated,Registered,DOC-00011,0.966,Verified,,2025-01-01,2025-06-01,14.651,77.5752
P0012,112,112,,KH00012,Synthetic Owner 012,,Example Village,Example Mandal,Anantapur,Andhra Pradesh,Agricultural,Individual,14.2205,57548.37,Updated,Registered,DOC-00012,0.564,Conflict,Survey number uncertainty,2025-01-01,2025-06-01,14.651,77.5776
P0013,113,113,,KH00013,Synthetic Owner 013,Synthetic Owner 513,Example Village,Example Mandal,Anantapur,Andhra Pradesh,Government,Joint,14.2205,57548.37,Updated,Registered,DOC-00013,0.856,Review Required,Possible duplicate,2025-01-01,2025-06-01,14.651,77.58
P0014,114,114,,KH00014,Synthetic Owner 014,,Example Village,Example Mandal,Anantapur,Andhra Pradesh,Water Body,Individual,14.2205,57548.37,Updated,Registered,DOC-00014,0.93,Verified,,2025-01-01,2025-06-01,14.651,77.5824
P0015,115,115,,KH00015,Synthetic Owner 015,,Example Village,Example Mandal,Anantapur,Andhra Pradesh,Agricultural,Individual,14.2205,57548.37,Updated,Registered,DOC-00015,0.939,Verified,,2025-01-01,2025-06-01,14.651,77.5848
P0016,116,116/2,2,KH00016,Synthetic Owner 016,,Example Village,Example Mandal,Anantapur,Andhra Pradesh,Government,Individual,14.2205,57548.37,Updated,Registered,DOC-00016,0.948,Verified,,2025-01-01,2025-06-01,14.651,77.5872
P0017,117,117,,KH00017,Synthetic Owner 017,,Example Village,Example Mandal,Anantapur,Andhra Pradesh,Water Body,Individual,14.2205,57548.37,Updated,Registered,DOC-00017,0.957,Verified,,2025-01-01,2025-06-01,14.651,77.5896
P0018,118,118,,KH00018,Synthetic Owner 018,,Example Village,Example Mandal,Anantapur,Andhra Pradesh,Agricultural,Individual,14.2205,57548.37,Updated,Registered,DOC-00018,0.966,Verified,,2025-01-01,2025-06-01,14.651,77.592
P0019,119,119,,KH00019,Synthetic Owner 019,,Example Village,Example Mandal,Anantapur,Andhra Pradesh,Government,Individual,14.2205,57548.37,Updated,Registered,DOC-00019,0.648,Review Required,Low OCR confidence,2025-01-01,2025-06-01,14.651,77.5944
P0020,120,120,,KH00020,Synthetic Owner 020,,Example Village,Example Mandal,Anantapur,Andhra Pradesh,Water Body,Individual,14.2205,57548.37,Updated,Registered,DOC-00020,0.984,Verified,,2025-01-01,2025-06-01,14.651,77.5968
P0021,121,121/1,1,KH00021,Synthetic Owner 021,,Example Village,Example Mandal,Anantapur,Andhra Pradesh,Agricultural,Individual,14.2205,57548.37,Updated,Registered,DOC-00021,0.93,Verified,,2025-01-01,2025-06-01,14.651,77.5992
P0022,122,122,,KH00022,Synthetic Owner 022,,Example Village,Example Mandal,Anantapur,Andhra Pradesh,Government,Individual,14.2205,57548.37,Updated,Registered,DOC-00022,0.939,Verified,,2025-01-01,2025-06-01,14.651,77.6016
P0023,123,123,,KH00023,Synthetic Owner 023,Synthetic Owner 523,Example Village,Example Mandal,Anantapur,Andhra Pradesh,Water Body,Joint,14.2205,57548.37,Updated,Registered,DOC-00023,0.948,Verified,,2025-01-01,2025-06-01,14.651,77.604
P0024,124,124,,KH00024,Synthetic Owner 024,,Example Village,Example Mandal,Anantapur,Andhra Pradesh,Agricultural,Individual,14.2205,57548.37,Updated,Registered,DOC-00024,0.708,Conflict,Survey number uncertainty,2025-01-01,2025-06-01,14.651,77.6064
P0025,125,125,,KH00025,Synthetic Owner 025,,Example Village,Example Mandal,Anantapur,Andhra Pradesh,Government,Individual,14.2205,57548.37,Updated,Registered,DOC-00025,0.966,Verified,,2025-01-01,2025-06-01,14.651,77.6088
P0026,126,126/3,3,KH00026,Synthetic Owner 026,,Example Village,Example Mandal,Anantapur,Andhra Pradesh,Water Body,Individual,14.2204,57547.97,Updated,Registered,DOC-00026,0.432,Review Required,Low OCR confidence,2025-01-01,2025-06-01,14.653,77.5512
P0027,127,127,,KH00027,Synthetic Owner 027,,Example Village,Example Mandal,Anantapur,Andhra Pradesh,Agricultural,Individual,14.2204,57547.97,Updated,Registered,DOC-00027,0.444,Conflict,Survey number uncertainty,2025-01-01,2025-06-01,14.653,77.5536
P0028,128,128,,KH00028,Synthetic Owner 028,,Example Village,Example Mandal,Anantapur,Andhra Pradesh,Government,Individual,14.2204,57547.97,Updated,Registered,DOC-00028,0.93,Verified,,2025-01-01,2025-06-01,14.653,77.556
P0029,129,129,,KH00029,Synthetic Owner 029,,Example Village,Example Mandal,Anantapur,Andhra Pradesh,Water Body,Individual,14.2204,57547.97,Updated,Registered,DOC-00029,0.939,Verified,,2025-01-01,2025-06-01,14.653,77.5584
P0030,130,130,,KH00030,Synthetic Owner 030,,Example Village,Example Mandal,Anantapur,Andhra Pradesh,Agricultural,Individual,14.2204,57547.97,Updated,Registered,DOC-00030,0.48,Conflict,Survey number uncertainty,2025-01-01,2025-06-01,14.653,77.5608
P0031,131,131/2,2,KH00031,Synthetic Owner 031,,Example Village,Example Mandal,Anantapur,Andhra Pradesh,Government,Individual,14.2204,57547.97,Updated,Registered,DOC-00031,0.957,Verified,,2025-01-01,2025-06-01,14.653,77.5632
P0032,132,132,,KH00032,Synthetic Owner 032,,Example Village,Example Mandal,Anantapur,Andhra Pradesh,Water Body,Individual,14.2204,57547.97,Updated,Registered,DOC-00032,0.966,Verified,,2025-01-01,2025-06-01,14.653,77.5656
P0033,133,133,,KH00033,Synthetic Owner 033,Synthetic Owner 533,Example Village,Example Mandal,Anantapur,Andhra Pradesh,Agricultural,Joint,14.2204,57547.97,Updated,Registered,DOC-00033,0.975,Verified,,2025-01-01,2025-06-01,14.653,77.568
P0034,134,134,,KH00034,Synthetic Owner 034,,Example Village,Example Mandal,Anantapur,Andhra Pradesh,Government,Individual,14.2204,57547.97,Updated,Registered,DOC-00034,0.528,Conflict,Area mismatch,2025-01-01,2025-06-01,14.653,77.5704
P0035,135,135,,KH00035,Synthetic Owner 035,,Example Village,Example Mandal,Anantapur,Andhra Pradesh,Water Body,Individual,14.2204,57547.97,Updated,Registered,DOC-00035,0.93,Verified,,2025-01-01,2025-06-01,14.653,77.5728
P0036,136,136/1,1,KH00036,Synthetic Owner 036,,Example Village,Example Mandal,Anantapur,Andhra Pradesh,Agricultural,Individual,14.2204,57547.97,Updated,Registered,DOC-00036,0.939,Verified,,2025-01-01,2025-06-01,14.653,77.5752
P0037,137,137,,KH00037,Synthetic Owner 037,,Example Village,Example Mandal,Anantapur,Andhra Pradesh,Government,Individual,14.2204,57547.97,Updated,Registered,DOC-00037,0.948,Verified,,2025-01-01,2025-06-01,14.653,77.5776
P0038,138,138,,KH00038,Synthetic Owner 038,,Example Village,Example Mandal,Anantapur,Andhra Pradesh,Water Body,Individual,14.2204,57547.97,Updated,Registered,DOC-00038,0.576,Review Required,Low OCR confidence,2025-01-01,2025-06-01,14.653,77.58
P0039,139,139,,KH00039,Synthetic Owner 039,,Example Village,Example Mandal,Anantapur,Andhra Pradesh,Agricultural,Individual,14.2204,57547.97,Updated,Registered,DOC-00039,0.966,Verified,,2025-01-01,2025-06-01,14.653,77.5824
P0040,140,140,,KH00040,Synthetic Owner 040,,Example Village,Example Mandal,Anantapur,Andhra Pradesh,Government,Individual,14.2204,57547.97,Updated,Registered,DOC-00040,0.975,Verified,,2025-01-01,2025-06-01,14.653,77.5848
P0041,141,141/3,3,KH00041,Synthetic Owner 041,,Example Village,Example Mandal,Anantapur,Andhra Pradesh,Water Body,Individual,14.2204,57547.97,Updated,Registered,DOC-00041,0.984,Verified,,2025-01-01,2025-06-01,14.653,77.5872
P0042,142,142,,KH00042,Synthetic Owner 042,,Example Village,Example Mandal,Anantapur,Andhra Pradesh,Agricultural,Individual,14.2204,57547.97,Pending,Registered,DOC-00042,0.844,Review Required,Missing mutation information,2025-01-01,2025-06-01,14.653,77.5896
P0043,143,143,,KH00043,Synthetic Owner 043,Synthetic Owner 543,Example Village,Example Mandal,Anantapur,Andhra Pradesh,Government,Joint,14.2204,57547.97,Updated,Registered,DOC-00043,0.939,Verified,,2025-01-01,2025-06-01,14.653,77.592
P0044,144,144,,KH00044,Synthetic Owner 044,,Example Village,Example Mandal,Anantapur,Andhra Pradesh,Water Body,Individual,14.2204,57547.97,Updated,Registered,DOC-00044,0.948,Verified,,2025-01-01,2025-06-01,14.653,77.5944
P0045,145,145,,KH00045,Synthetic Owner 045,,Example Village,Example Mandal,Anantapur,Andhra Pradesh,Agricultural,Individual,14.2204,57547.97,Updated,Registered,DOC-00045,0.957,Verified,,2025-01-01,2025-06-01,14.653,77.5968
P0046,146,146/2,2,KH00046,Synthetic Owner 046,,Example Village,Example Mandal,Anantapur,Andhra Pradesh,Government,Individual,14.2204,57547.97,Updated,Registered,DOC-00046,0.966,Verified,,2025-01-01,2025-06-01,14.653,77.5992
P0047,147,147,,KH00047,Synthetic Owner 047,,Example Village,Example Mandal,Anantapur,Andhra Pradesh,Water Body,Individual,14.2204,57547.97,Updated,Registered,DOC-00047,0.975,Verified,,2025-01-01,2025-06-01,14.653,77.6016
P0048,148,148,,KH00048,Synthetic Owner 048,,Example Village,Example Mandal,Anantapur,Andhra Pradesh,Agricultural,Individual,14.2204,57547.97,Updated,Registered,DOC-00048,0.984,Verified,,2025-01-01,2025-06-01,14.653,77.604
P0049,149,149,,KH00049,Synthetic Owner 049,,Example Village,Example Mandal,Anantapur,Andhra Pradesh,Government,Individual,14.2204,57547.97,Updated,Registered,DOC-00049,0.93,Verified,,2025-01-01,2025-06-01,14.653,77.6064
P0050,150,150,,KH00050,Synthetic Owner 050,,Example Village,Example Mandal,Anantapur,Andhra Pradesh,Water Body,Individual,14.2204,57547.97,Updated,Registered,DOC-00050,0.939,Verified,,2025-01-01,2025-06-01,14.653,77.6088
P0051,151,151/1,1,KH00051,Synthetic Owner 051,,Example Village,Example Mandal,Anantapur,Andhra Pradesh,Agricultural,Individual,14.2202,57547.16,Updated,Registered,DOC-00051,0.432,Conflict,Area mismatch,2025-01-01,2025-06-01,14.655,77.5512
P0052,152,152,,KH00052,Synthetic Owner 052,,Example Village,Example Mandal,Anantapur,Andhra Pradesh,Government,Individual,14.2202,57547.16,Updated,Registered,DOC-00052,0.957,Verified,,2025-01-01,2025-06-01,14.655,77.5536
P0053,153,153,,KH00053,Synthetic Owner 053,Synthetic Owner 553,Example Village,Example Mandal,Anantapur,Andhra Pradesh,Water Body,Joint,14.2202,57547.16,Updated,Registered,DOC-00053,0.966,Verified,,2025-01-01,2025-06-01,14.655,77.556
P0054,154,154,,KH00054,Synthetic Owner 054,,Example Village,Example Mandal,Anantapur,Andhra Pradesh,Agricultural,Individual,14.2202,57547.16,Updated,Registered,DOC-00054,0.468,Conflict,Survey number uncertainty,2025-01-01,2025-06-01,14.655,77.5584
P0055,155,155,,KH00055,Synthetic Owner 055,,Example Village,Example Mandal,Anantapur,Andhra Pradesh,Government,Individual,14.2202,57547.16,Updated,Registered,DOC-00055,0.984,Verified,,2025-01-01,2025-06-01,14.655,77.5608
P0056,156,156/3,3,KH00056,Synthetic Owner 056,,Example Village,Example Mandal,Anantapur,Andhra Pradesh,Water Body,Individual,14.2202,57547.16,Updated,Registered,DOC-00056,0.93,Verified,,2025-01-01,2025-06-01,14.655,77.5632
P0057,157,157,,KH00057,Synthetic Owner 057,,Example Village,Example Mandal,Anantapur,Andhra Pradesh,Agricultural,Individual,14.2202,57547.16,Updated,Registered,DOC-00057,0.939,Verified,,2025-01-01,2025-06-01,14.655,77.5656
P0058,158,158,,KH00058,Synthetic Owner 058,,Example Village,Example Mandal,Anantapur,Andhra Pradesh,Government,Individual,14.2202,57547.16,Updated,Registered,DOC-00058,0.948,Verified,,2025-01-01,2025-06-01,14.655,77.568
P0059,159,159,,KH00059,Synthetic Owner 059,,Example Village,Example Mandal,Anantapur,Andhra Pradesh,Water Body,Individual,14.2202,57547.16,Updated,Registered,DOC-00059,0.957,Verified,,2025-01-01,2025-06-01,14.655,77.5704
P0060,160,160,,KH00060,Synthetic Owner 060,,Example Village,Example Mandal,Anantapur,Andhra Pradesh,Agricultural,Individual,14.2202,57547.16,Updated,Registered,DOC-00060,0.966,Verified,,2025-01-01,2025-06-01,14.655,77.5728
P0061,161,161/2,2,KH00061,Synthetic Owner 061,,Example Village,Example Mandal,Anantapur,Andhra Pradesh,Government,Individual,14.2202,57547.16,Updated,Registered,DOC-00061,0.975,Verified,,2025-01-01,2025-06-01,14.655,77.5752
P0062,162,162,,KH00062,Synthetic Owner 062,,Example Village,Example Mandal,Anantapur,Andhra Pradesh,Water Body,Individual,14.2202,57547.16,Pending,Registered,DOC-00062,0.724,Review Required,Missing mutation information,2025-01-01,2025-06-01,14.655,77.5776
P0063,163,163,,KH00063,Synthetic Owner 063,Synthetic Owner 563,Example Village,Example Mandal,Anantapur,Andhra Pradesh,Agricultural,Joint,14.2202,57547.16,Updated,Registered,DOC-00063,0.93,Verified,,2025-01-01,2025-06-01,14.655,77.58
P0064,164,164,,KH00064,Synthetic Owner 064,,Example Village,Example Mandal,Anantapur,Andhra Pradesh,Government,Individual,14.2202,57547.16,Updated,Registered,DOC-00064,0.939,Verified,,2025-01-01,2025-06-01,14.655,77.5824
P0065,165,165,,KH00065,Synthetic Owner 065,,Example Village,Example Mandal,Anantapur,Andhra Pradesh,Water Body,Individual,14.2202,57547.16,Updated,Registered,DOC-00065,0.76,Review Required,Possible duplicate,2025-01-01,2025-06-01,14.655,77.5848
P0066,166,166/1,1,KH00066,Synthetic Owner 066,,Example Village,Example Mandal,Anantapur,Andhra Pradesh,Agricultural,Individual,14.2202,57547.16,Pending,Registered,DOC-00066,0.772,Review Required,Missing mutation information,2025-01-01,2025-06-01,14.655,77.5872
P0067,167,167,,KH00067,Synthetic Owner 067,,Example Village,Example Mandal,Anantapur,Andhra Pradesh,Government,Individual,14.2202,57547.16,Updated,Registered,DOC-00067,0.624,Conflict,Survey number uncertainty,2025-01-01,2025-06-01,14.655,77.5896
P0068,168,168,,KH00068,Synthetic Owner 068,,Example Village,Example Mandal,Anantapur,Andhra Pradesh,Water Body,Individual,14.2202,57547.16,Updated,Registered,DOC-00068,0.975,Verified,,2025-01-01,2025-06-01,14.655,77.592
P0069,169,169,,KH00069,Synthetic Owner 069,,Example Village,Example Mandal,Anantapur,Andhra Pradesh,Agricultural,Individual,14.2202,57547.16,Updated,Registered,DOC-00069,0.984,Verified,,2025-01-01,2025-06-01,14.655,77.5944
P0070,170,170,,KH00070,Synthetic Owner 070,,Example Village,Example Mandal,Anantapur,Andhra Pradesh,Government,Individual,14.2202,57547.16,Updated,Registered,DOC-00070,0.93,Verified,,2025-01-01,2025-06-01,14.655,77.5968
P0071,171,171/3,3,KH00071,Synthetic Owner 071,,Example Village,Example Mandal,Anantapur,Andhra Pradesh,Water Body,Individual,14.2202,57547.16,Updated,Registered,DOC-00071,0.939,Verified,,2025-01-01,2025-06-01,14.655,77.5992
P0072,172,172,,KH00072,Synthetic Owner 072,,Example Village,Example Mandal,Anantapur,Andhra Pradesh,Agricultural,Individual,14.2202,57547.16,Updated,Registered,DOC-00072,0.684,Review Required,Low OCR confidence,2025-01-01,2025-06-01,14.655,77.6016
P0073,173,173,,KH00073,Synthetic Owner 073,Synthetic Owner 573,Example Village,Example Mandal,Anantapur,Andhra Pradesh,Government,Joint,14.2202,57547.16,Updated,Registered,DOC-00073,0.957,Verified,,2025-01-01,2025-06-01,14.655,77.604
P0074,174,174,,KH00074,Synthetic Owner 074,,Example Village,Example Mandal,Anantapur,Andhra Pradesh,Water Body,Individual,14.2202,57547.16,Updated,Registered,DOC-00074,0.966,Verified,,2025-01-01,2025-06-01,14.655,77.6064
P0075,175,175,,KH00075,Synthetic Owner 075,,Example Village,Example Mandal,Anantapur,Andhra Pradesh,Agricultural,Individual,14.2202,57547.16,Updated,Registered,DOC-00075,0.975,Verified,,2025-01-01,2025-06-01,14.655,77.6088
P0076,176,176/2,2,KH00076,Synthetic Owner 076,,Example Village,Example Mandal,Anantapur,Andhra Pradesh,Government,Individual,14.2201,57546.75,Updated,Registered,DOC-00076,0.984,Verified,,2025-01-01,2025-06-01,14.657,77.5512
P0077,177,177,,KH00077,Synthetic Owner 077,,Example Village,Example Mandal,Anantapur,Andhra Pradesh,Water Body,Individual,14.2201,57546.75,Updated,Registered,DOC-00077,0.93,Verified,,2025-01-01,2025-06-01,14.657,77.5536
P0078,178,178,,KH00078,Synthetic Owner 078,,Example Village,Example Mandal,Anantapur,Andhra Pradesh,Agricultural,Individual,14.2201,57546.75,Updated,Registered,DOC-00078,0.736,Review Required,Possible duplicate,2025-01-01,2025-06-01,14.657,77.556
P0079,179,179,,KH00079,Synthetic Owner 079,,Example Village,Example Mandal,Anantapur,Andhra Pradesh,Government,Individual,14.2201,57546.75,Updated,Registered,DOC-00079,0.948,Verified,,2025-01-01,2025-06-01,14.657,77.5584
P0080,180,180,,KH00080,Synthetic Owner 080,,Example Village,Example Mandal,Anantapur,Andhra Pradesh,Water Body,Individual,14.2201,57546.75,Updated,Registered,DOC-00080,0.957,Verified,,2025-01-01,2025-06-01,14.657,77.5608
P0081,181,181/1,1,KH00081,Synthetic Owner 081,,Example Village,Example Mandal,Anantapur,Andhra Pradesh,Agricultural,Individual,14.2201,57546.75,Updated,Registered,DOC-00081,0.966,Verified,,2025-01-01,2025-06-01,14.657,77.5632
P0082,182,182,,KH00082,Synthetic Owner 082,,Example Village,Example Mandal,Anantapur,Andhra Pradesh,Government,Individual,14.2201,57546.75,Pending,Registered,DOC-00082,0.784,Review Required,Missing mutation information,2025-01-01,2025-06-01,14.657,77.5656
P0083,183,183,,KH00083,Synthetic Owner 083,Synthetic Owner 583,Example Village,Example Mandal,Anantapur,Andhra Pradesh,Water Body,Joint,14.2201,57546.75,Updated,Registered,DOC-00083,0.984,Verified,,2025-01-01,2025-06-01,14.657,77.568
P0084,184,184,,KH00084,Synthetic Owner 084,,Example Village,Example Mandal,Anantapur,Andhra Pradesh,Agricultural,Individual,14.2201,57546.75,Updated,Registered,DOC-00084,0.93,Verified,,2025-01-01,2025-06-01,14.657,77.5704
P0085,185,185,,KH00085,Synthetic Owner 085,,Example Village,Example Mandal,Anantapur,Andhra Pradesh,Government,Individual,14.2201,57546.75,Updated,Registered,DOC-00085,0.939,Verified,,2025-01-01,2025-06-01,14.657,77.5728
P0086,186,186/3,3,KH00086,Synthetic Owner 086,,Example Village,Example Mandal,Anantapur,Andhra Pradesh,Water Body,Individual,14.2201,57546.75,Updated,Registered,DOC-00086,0.948,Verified,,2025-01-01,2025-06-01,14.657,77.5752
P0087,187,187,,KH00087,Synthetic Owner 087,,Example Village,Example Mandal,Anantapur,Andhra Pradesh,Agricultural,Individual,14.2201,57546.75,Updated,Registered,DOC-00087,0.564,Conflict,Area mismatch,2025-01-01,2025-06-01,14.657,77.5776
P0088,188,188,,KH00088,Synthetic Owner 088,,Example Village,Example Mandal,Anantapur,Andhra Pradesh,Government,Individual,14.2201,57546.75,Updated,Registered,DOC-00088,0.966,Verified,,2025-01-01,2025-06-01,14.657,77.58
P0089,189,189,,KH00089,Synthetic Owner 089,,Example Village,Example Mandal,Anantapur,Andhra Pradesh,Water Body,Individual,14.2201,57546.75,Updated,Registered,DOC-00089,0.975,Verified,,2025-01-01,2025-06-01,14.657,77.5824
P0090,190,190,,KH00090,Synthetic Owner 090,,Example Village,Example Mandal,Anantapur,Andhra Pradesh,Agricultural,Individual,14.2201,57546.75,Updated,Registered,DOC-00090,0.984,Verified,,2025-01-01,2025-06-01,14.657,77.5848
P0091,191,191/2,2,KH00091,Synthetic Owner 091,,Example Village,Example Mandal,Anantapur,Andhra Pradesh,Government,Individual,14.2201,57546.75,Pending,Registered,DOC-00091,0.712,Review Required,Missing mutation information,2025-01-01,2025-06-01,14.657,77.5872
P0092,192,192,,KH00092,Synthetic Owner 092,,Example Village,Example Mandal,Anantapur,Andhra Pradesh,Water Body,Individual,14.2201,57546.75,Updated,Registered,DOC-00092,0.939,Verified,,2025-01-01,2025-06-01,14.657,77.5896
P0093,193,193,,KH00093,Synthetic Owner 093,Synthetic Owner 593,Example Village,Example Mandal,Anantapur,Andhra Pradesh,Agricultural,Joint,14.2201,57546.75,Updated,Registered,DOC-00093,0.948,Verified,,2025-01-01,2025-06-01,14.657,77.592
P0094,194,194,,KH00094,Synthetic Owner 094,,Example Village,Example Mandal,Anantapur,Andhra Pradesh,Government,Individual,14.2201,57546.75,Updated,Registered,DOC-00094,0.957,Verified,,2025-01-01,2025-06-01,14.657,77.5944
P0095,195,195,,KH00095,Synthetic Owner 095,,Example Village,Example Mandal,Anantapur,Andhra Pradesh,Water Body,Individual,14.2201,57546.75,Updated,Registered,DOC-00095,0.966,Verified,,2025-01-01,2025-06-01,14.657,77.5968
P0096,196,196/1,1,KH00096,Synthetic Owner 096,,Example Village,Example Mandal,Anantapur,Andhra Pradesh,Agricultural,Individual,14.2201,57546.75,Updated,Registered,DOC-00096,0.975,Verified,,2025-01-01,2025-06-01,14.657,77.5992
P0097,197,197,,KH00097,Synthetic Owner 097,,Example Village,Example Mandal,Anantapur,Andhra Pradesh,Government,Individual,14.2201,57546.75,Updated,Registered,DOC-00097,0.684,Conflict,Owner mismatch,2025-01-01,2025-06-01,14.657,77.6016
P0098,198,198,,KH00098,Synthetic Owner 098,,Example Village,Example Mandal,Anantapur,Andhra Pradesh,Water Body,Individual,14.2201,57546.75,Updated,Registered,DOC-00098,0.696,Review Required,Low OCR confidence,2025-01-01,2025-06-01,14.657,77.604
P0099,199,199,,KH00099,Synthetic Owner 099,,Example Village,Example Mandal,Anantapur,Andhra Pradesh,Agricultural,Individual,14.2201,57546.75,Updated,Registered,DOC-00099,0.939,Verified,,2025-01-01,2025-06-01,14.657,77.6064
P0100,200,200,,KH00100,Synthetic Owner 100,,Example Village,Example Mandal,Anantapur,Andhra Pradesh,Government,Individual,14.2201,57546.75,Updated,Registered,DOC-00100,0.948,Verified,,2025-01-01,2025-06-01,14.657,77.6088
P0101,201,201/3,3,KH00101,Synthetic Owner 101,,Example Village,Example Mandal,Anantapur,Andhra Pradesh,Water Body,Individual,14.22,57546.35,Updated,Registered,DOC-00101,0.957,Verified,,2025-01-01,2025-06-01,14.659,77.5512
P0102,202,202,,KH00102,Synthetic Owner 102,,Example Village,Example Mandal,Anantapur,Andhra Pradesh,Agricultural,Individual,14.22,57546.35,Updated,Registered,DOC-00102,0.444,Conflict,Survey number uncertainty,2025-01-01,2025-06-01,14.659,77.5536
P0103,203,203,,KH00103,Synthetic Owner 103,Synthetic Owner 603,Example Village,Example Mandal,Anantapur,Andhra Pradesh,Government,Joint,14.22,57546.35,Updated,Registered,DOC-00103,0.975,Verified,,2025-01-01,2025-06-01,14.659,77.556
P0104,204,204,,KH00104,Synthetic Owner 104,,Example Village,Example Mandal,Anantapur,Andhra Pradesh,Water Body,Individual,14.22,57546.35,Updated,Registered,DOC-00104,0.984,Verified,,2025-01-01,2025-06-01,14.659,77.5584
P0105,205,205,,KH00105,Synthetic Owner 105,,Example Village,Example Mandal,Anantapur,Andhra Pradesh,Agricultural,Individual,14.22,57546.35,Updated,Registered,DOC-00105,0.93,Verified,,2025-01-01,2025-06-01,14.659,77.5608
P0106,206,206/2,2,KH00106,Synthetic Owner 106,,Example Village,Example Mandal,Anantapur,Andhra Pradesh,Government,Individual,14.22,57546.35,Updated,Registered,DOC-00106,0.939,Verified,,2025-01-01,2025-06-01,14.659,77.5632
P0107,207,207,,KH00107,Synthetic Owner 107,,Example Village,Example Mandal,Anantapur,Andhra Pradesh,Water Body,Individual,14.22,57546.35,Updated,Registered,DOC-00107,0.948,Verified,,2025-01-01,2025-06-01,14.659,77.5656
P0108,208,208,,KH00108,Synthetic Owner 108,,Example Village,Example Mandal,Anantapur,Andhra Pradesh,Agricultural,Individual,14.22,57546.35,Updated,Registered,DOC-00108,0.957,Verified,,2025-01-01,2025-06-01,14.659,77.568
P0109,209,209,,KH00109,Synthetic Owner 109,,Example Village,Example Mandal,Anantapur,Andhra Pradesh,Government,Individual,14.22,57546.35,Updated,Registered,DOC-00109,0.966,Verified,,2025-01-01,2025-06-01,14.659,77.5704
P0110,210,210,,KH00110,Synthetic Owner 110,,Example Village,Example Mandal,Anantapur,Andhra Pradesh,Water Body,Individual,14.22,57546.35,Pending,Registered,DOC-00110,0.76,Review Required,Missing mutation information,2025-01-01,2025-06-01,14.659,77.5728
P0111,211,211/1,1,KH00111,Synthetic Owner 111,,Example Village,Example Mandal,Anantapur,Andhra Pradesh,Agricultural,Individual,14.22,57546.35,Updated,Registered,DOC-00111,0.984,Verified,,2025-01-01,2025-06-01,14.659,77.5752
P0112,212,212,,KH00112,Synthetic Owner 112,,Example Village,Example Mandal,Anantapur,Andhra Pradesh,Government,Individual,14.22,57546.35,Updated,Registered,DOC-00112,0.564,Conflict,Survey number uncertainty,2025-01-01,2025-06-01,14.659,77.5776
P0113,213,213,,KH00113,Synthetic Owner 113,Synthetic Owner 613,Example Village,Example Mandal,Anantapur,Andhra Pradesh,Water Body,Joint,14.22,57546.35,Updated,Registered,DOC-00113,0.939,Verified,,2025-01-01,2025-06-01,14.659,77.58
P0114,214,214,,KH00114,Synthetic Owner 114,,Example Village,Example Mandal,Anantapur,Andhra Pradesh,Agricultural,Individual,14.22,57546.35,Updated,Registered,DOC-00114,0.948,Verified,,2025-01-01,2025-06-01,14.659,77.5824
P0115,215,215,,KH00115,Synthetic Owner 115,,Example Village,Example Mandal,Anantapur,Andhra Pradesh,Government,Individual,14.22,57546.35,Updated,Registered,DOC-00115,0.957,Verified,,2025-01-01,2025-06-01,14.659,77.5848
P0116,216,216/3,3,KH00116,Synthetic Owner 116,,Example Village,Example Mandal,Anantapur,Andhra Pradesh,Water Body,Individual,14.22,57546.35,Updated,Registered,DOC-00116,0.966,Verified,,2025-01-01,2025-06-01,14.659,77.5872
P0117,217,217,,KH00117,Synthetic Owner 117,,Example Village,Example Mandal,Anantapur,Andhra Pradesh,Agricultural,Individual,14.22,57546.35,Updated,Registered,DOC-00117,0.624,Conflict,Area mismatch,2025-01-01,2025-06-01,14.659,77.5896
P0118,218,218,,KH00118,Synthetic Owner 118,,Example Village,Example Mandal,Anantapur,Andhra Pradesh,Government,Individual,14.22,57546.35,Updated,Registered,DOC-00118,0.984,Verified,,2025-01-01,2025-06-01,14.659,77.592
P0119,219,219,,KH00119,Synthetic Owner 119,,Example Village,Example Mandal,Anantapur,Andhra Pradesh,Water Body,Individual,14.22,57546.35,Updated,Registered,DOC-00119,0.868,Review Required,Possible duplicate,2025-01-01,2025-06-01,14.659,77.5944
P0120,220,220,,KH00120,Synthetic Owner 120,,Example Village,Example Mandal,Anantapur,Andhra Pradesh,Agricultural,Individual,14.22,57546.35,Pending,Registered,DOC-00120,0.7,Review Required,Missing mutation information,2025-01-01,2025-06-01,14.659,77.5968
P0121,221,221/2,2,KH00121,Synthetic Owner 121,,Example Village,Example Mandal,Anantapur,Andhra Pradesh,Government,Individual,14.22,57546.35,Updated,Registered,DOC-00121,0.672,Conflict,Owner mismatch,2025-01-01,2025-06-01,14.659,77.5992
P0122,222,222,,KH00122,Synthetic Owner 122,,Example Village,Example Mandal,Anantapur,Andhra Pradesh,Water Body,Individual,14.22,57546.35,Pending,Registered,DOC-00122,0.724,Review Required,Missing mutation information,2025-01-01,2025-06-01,14.659,77.6016
P0123,223,223,,KH00123,Synthetic Owner 123,Synthetic Owner 623,Example Village,Example Mandal,Anantapur,Andhra Pradesh,Agricultural,Joint,14.22,57546.35,Updated,Registered,DOC-00123,0.966,Verified,,2025-01-01,2025-06-01,14.659,77.604
P0124,224,224,,KH00124,Synthetic Owner 124,,Example Village,Example Mandal,Anantapur,Andhra Pradesh,Government,Individual,14.22,57546.35,Updated,Registered,DOC-00124,0.975,Verified,,2025-01-01,2025-06-01,14.659,77.6064
P0125,225,225,,KH00125,Synthetic Owner 125,,Example Village,Example Mandal,Anantapur,Andhra Pradesh,Water Body,Individual,14.22,57546.35,Updated,Registered,DOC-00125,0.984,Verified,,2025-01-01,2025-06-01,14.659,77.6088
P0126,226,226/1,1,KH00126,Synthetic Owner 126,,Example Village,Example Mandal,Anantapur,Andhra Pradesh,Agricultural,Individual,14.2198,57545.54,Updated,Registered,DOC-00126,0.93,Verified,,2025-01-01,2025-06-01,14.661,77.5512
P0127,227,227,,KH00127,Synthetic Owner 127,,Example Village,Example Mandal,Anantapur,Andhra Pradesh,Government,Individual,14.2198,57545.54,Updated,Registered,DOC-00127,0.939,Verified,,2025-01-01,2025-06-01,14.661,77.5536
P0128,228,228,,KH00128,Synthetic Owner 128,,Example Village,Example Mandal,Anantapur,Andhra Pradesh,Water Body,Individual,14.2198,57545.54,Updated,Registered,DOC-00128,0.456,Review Required,Low OCR confidence,2025-01-01,2025-06-01,14.661,77.556
P0129,229,229,,KH00129,Synthetic Owner 129,,Example Village,Example Mandal,Anantapur,Andhra Pradesh,Agricultural,Individual,14.2198,57545.54,Pending,Registered,DOC-00129,0.808,Review Required,Missing mutation information,2025-01-01,2025-06-01,14.661,77.5584
P0130,230,230,,KH00130,Synthetic Owner 130,,Example Village,Example Mandal,Anantapur,Andhra Pradesh,Government,Individual,14.2198,57545.54,Pending,Registered,DOC-00130,0.82,Review Required,Missing mutation information,2025-01-01,2025-06-01,14.661,77.5608
P0131,231,231/3,3,KH00131,Synthetic Owner 131,,Example Village,Example Mandal,Anantapur,Andhra Pradesh,Water Body,Individual,14.2198,57545.54,Updated,Registered,DOC-00131,0.975,Verified,,2025-01-01,2025-06-01,14.661,77.5632
P0132,232,232,,KH00132,Synthetic Owner 132,,Example Village,Example Mandal,Anantapur,Andhra Pradesh,Agricultural,Individual,14.2198,57545.54,Updated,Registered,DOC-00132,0.984,Verified,,2025-01-01,2025-06-01,14.661,77.5656
P0133,233,233,,KH00133,Synthetic Owner 133,Synthetic Owner 633,Example Village,Example Mandal,Anantapur,Andhra Pradesh,Government,Joint,14.2198,57545.54,Updated,Registered,DOC-00133,0.93,Verified,,2025-01-01,2025-06-01,14.661,77.568
P0134,234,234,,KH00134,Synthetic Owner 134,,Example Village,Example Mandal,Anantapur,Andhra Pradesh,Water Body,Individual,14.2198,57545.54,Updated,Registered,DOC-00134,0.939,Verified,,2025-01-01,2025-06-01,14.661,77.5704
P0135,235,235,,KH00135,Synthetic Owner 135,,Example Village,Example Mandal,Anantapur,Andhra Pradesh,Agricultural,Individual,14.2198,57545.54,Updated,Registered,DOC-00135,0.948,Verified,,2025-01-01,2025-06-01,14.661,77.5728
P0136,236,236/2,2,KH00136,Synthetic Owner 136,,Example Village,Example Mandal,Anantapur,Andhra Pradesh,Government,Individual,14.2198,57545.54,Updated,Registered,DOC-00136,0.957,Verified,,2025-01-01,2025-06-01,14.661,77.5752
P0137,237,237,,KH00137,Synthetic Owner 137,,Example Village,Example Mandal,Anantapur,Andhra Pradesh,Water Body,Individual,14.2198,57545.54,Updated,Registered,DOC-00137,0.966,Verified,,2025-01-01,2025-06-01,14.661,77.5776
P0138,238,238,,KH00138,Synthetic Owner 138,,Example Village,Example Mandal,Anantapur,Andhra Pradesh,Agricultural,Individual,14.2198,57545.54,Updated,Registered,DOC-00138,0.975,Verified,,2025-01-01,2025-06-01,14.661,77.58
P0139,239,239,,KH00139,Synthetic Owner 139,,Example Village,Example Mandal,Anantapur,Andhra Pradesh,Government,Individual,14.2198,57545.54,Updated,Registered,DOC-00139,0.588,Review Required,Low OCR confidence,2025-01-01,2025-06-01,14.661,77.5824
P0140,240,240,,KH00140,Synthetic Owner 140,,Example Village,Example Mandal,Anantapur,Andhra Pradesh,Water Body,Individual,14.2198,57545.54,Updated,Registered,DOC-00140,0.93,Verified,,2025-01-01,2025-06-01,14.661,77.5848
P0141,241,241/1,1,KH00141,Synthetic Owner 141,,Example Village,Example Mandal,Anantapur,Andhra Pradesh,Agricultural,Individual,14.2198,57545.54,Updated,Registered,DOC-00141,0.772,Review Required,Possible duplicate,2025-01-01,2025-06-01,14.661,77.5872
P0142,242,242,,KH00142,Synthetic Owner 142,,Example Village,Example Mandal,Anantapur,Andhra Pradesh,Government,Individual,14.2198,57545.54,Updated,Registered,DOC-00142,0.784,Review Required,Possible duplicate,2025-01-01,2025-06-01,14.661,77.5896
P0143,243,243,,KH00143,Synthetic Owner 143,Synthetic Owner 643,Example Village,Example Mandal,Anantapur,Andhra Pradesh,Water Body,Joint,14.2198,57545.54,Updated,Registered,DOC-00143,0.636,Review Required,Low OCR confidence,2025-01-01,2025-06-01,14.661,77.592
P0144,244,244,,KH00144,Synthetic Owner 144,,Example Village,Example Mandal,Anantapur,Andhra Pradesh,Agricultural,Individual,14.2198,57545.54,Updated,Registered,DOC-00144,0.966,Verified,,2025-01-01,2025-06-01,14.661,77.5944
P0145,245,245,,KH00145,Synthetic Owner 145,,Example Village,Example Mandal,Anantapur,Andhra Pradesh,Government,Individual,14.2198,57545.54,Updated,Registered,DOC-00145,0.66,Review Required,Low OCR confidence,2025-01-01,2025-06-01,14.661,77.5968
P0146,246,246/3,3,KH00146,Synthetic Owner 146,,Example Village,Example Mandal,Anantapur,Andhra Pradesh,Water Body,Individual,14.2198,57545.54,Updated,Registered,DOC-00146,0.672,Conflict,Area mismatch,2025-01-01,2025-06-01,14.661,77.5992
P0147,247,247,,KH00147,Synthetic Owner 147,,Example Village,Example Mandal,Anantapur,Andhra Pradesh,Agricultural,Individual,14.2198,57545.54,Updated,Registered,DOC-00147,0.93,Verified,,2025-01-01,2025-06-01,14.661,77.6016
P0148,248,248,,KH00148,Synthetic Owner 148,,Example Village,Example Mandal,Anantapur,Andhra Pradesh,Government,Individual,14.2198,57545.54,Updated,Registered,DOC-00148,0.939,Verified,,2025-01-01,2025-06-01,14.661,77.604
P0149,249,249,,KH00149,Synthetic Owner 149,,Example Village,Example Mandal,Anantapur,Andhra Pradesh,Water Body,Individual,14.2198,57545.54,Pending,Registered,DOC-00149,0.868,Review Required,Missing mutation information,2025-01-01,2025-06-01,14.661,77.6064
P0150,250,250,,KH00150,Synthetic Owner 150,,Example Village,Example Mandal,Anantapur,Andhra Pradesh,Agricultural,Individual,14.2198,57545.54,Updated,Registered,DOC-00150,0.957,Verified,,2025-01-01,2025-06-01,14.661,77.6088
P0151,251,251/2,2,KH00151,Synthetic Owner 151,,Example Village,Example Mandal,Anantapur,Andhra Pradesh,Government,Individual,14.2197,57545.14,Updated,Registered,DOC-00151,0.966,Verified,,2025-01-01,2025-06-01,14.663,77.5512
P0152,252,252,,KH00152,Synthetic Owner 152,,Example Village,Example Mandal,Anantapur,Andhra Pradesh,Water Body,Individual,14.2197,57545.14,Updated,Registered,DOC-00152,0.975,Verified,,2025-01-01,2025-06-01,14.663,77.5536
P0153,253,253,,KH00153,Synthetic Owner 153,Synthetic Owner 653,Example Village,Example Mandal,Anantapur,Andhra Pradesh,Agricultural,Joint,14.2197,57545.14,Updated,Registered,DOC-00153,0.984,Verified,,2025-01-01,2025-06-01,14.663,77.556
P0154,254,254,,KH00154,Synthetic Owner 154,,Example Village,Example Mandal,Anantapur,Andhra Pradesh,Government,Individual,14.2197,57545.14,Updated,Registered,DOC-00154,0.93,Verified,,2025-01-01,2025-06-01,14.663,77.5584
P0155,255,255,,KH00155,Synthetic Owner 155,,Example Village,Example Mandal,Anantapur,Andhra Pradesh,Water Body,Individual,14.2197,57545.14,Updated,Registered,DOC-00155,0.939,Verified,,2025-01-01,2025-06-01,14.663,77.5608
P0156,256,256/1,1,KH00156,Synthetic Owner 156,,Example Village,Example Mandal,Anantapur,Andhra Pradesh,Agricultural,Individual,14.2197,57545.14,Updated,Registered,DOC-00156,0.772,Review Required,Possible duplicate,2025-01-01,2025-06-01,14.663,77.5632
P0157,257,257,,KH00157,Synthetic Owner 157,,Example Village,Example Mandal,Anantapur,Andhra Pradesh,Government,Individual,14.2197,57545.14,Updated,Registered,DOC-00157,0.957,Verified,,2025-01-01,2025-06-01,14.663,77.5656
P0158,258,258,,KH00158,Synthetic Owner 158,,Example Village,Example Mandal,Anantapur,Andhra Pradesh,Water Body,Individual,14.2197,57545.14,Pending,Registered,DOC-00158,0.796,Review Required,Missing mutation information,2025-01-01,2025-06-01,14.663,77.568
P0159,259,259,,KH00159,Synthetic Owner 159,,Example Village,Example Mandal,Anantapur,Andhra Pradesh,Agricultural,Individual,14.2197,57545.14,Updated,Registered,DOC-00159,0.975,Verified,,2025-01-01,2025-06-01,14.663,77.5704
P0160,260,260,,KH00160,Synthetic Owner 160,,Example Village,Example Mandal,Anantapur,Andhra Pradesh,Government,Individual,14.2197,57545.14,Updated,Registered,DOC-00160,0.984,Verified,,2025-01-01,2025-06-01,14.663,77.5728
P0161,261,261/3,3,KH00161,Synthetic Owner 161,,Example Village,Example Mandal,Anantapur,Andhra Pradesh,Water Body,Individual,14.2197,57545.14,Updated,Registered,DOC-00161,0.93,Verified,,2025-01-01,2025-06-01,14.663,77.5752
P0162,262,262,,KH00162,Synthetic Owner 162,,Example Village,Example Mandal,Anantapur,Andhra Pradesh,Agricultural,Individual,14.2197,57545.14,Pending,Registered,DOC-00162,0.844,Review Required,Missing mutation information,2025-01-01,2025-06-01,14.663,77.5776
P0163,263,263,,KH00163,Synthetic Owner 163,Synthetic Owner 663,Example Village,Example Mandal,Anantapur,Andhra Pradesh,Government,Joint,14.2197,57545.14,Updated,Registered,DOC-00163,0.948,Verified,,2025-01-01,2025-06-01,14.663,77.58
P0164,264,264,,KH00164,Synthetic Owner 164,,Example Village,Example Mandal,Anantapur,Andhra Pradesh,Water Body,Individual,14.2197,57545.14,Updated,Registered,DOC-00164,0.588,Review Required,Low OCR confidence,2025-01-01,2025-06-01,14.663,77.5824
P0165,265,265,,KH00165,Synthetic Owner 165,,Example Village,Example Mandal,Anantapur,Andhra Pradesh,Agricultural,Individual,14.2197,57545.14,Updated,Registered,DOC-00165,0.966,Verified,,2025-01-01,2025-06-01,14.663,77.5848
P0166,266,266/2,2,KH00166,Synthetic Owner 166,,Example Village,Example Mandal,Anantapur,Andhra Pradesh,Government,Individual,14.2197,57545.14,Updated,Registered,DOC-00166,0.975,Verified,,2025-01-01,2025-06-01,14.663,77.5872
P0167,267,267,,KH00167,Synthetic Owner 167,,Example Village,Example Mandal,Anantapur,Andhra Pradesh,Water Body,Individual,14.2197,57545.14,Pending,Registered,DOC-00167,0.724,Review Required,Missing mutation information,2025-01-01,2025-06-01,14.663,77.5896
P0168,268,268,,KH00168,Synthetic Owner 168,,Example Village,Example Mandal,Anantapur,Andhra Pradesh,Agricultural,Individual,14.2197,57545.14,Pending,Registered,DOC-00168,0.736,Review Required,Missing mutation information,2025-01-01,2025-06-01,14.663,77.592
P0169,269,269,,KH00169,Synthetic Owner 169,,Example Village,Example Mandal,Anantapur,Andhra Pradesh,Government,Individual,14.2197,57545.14,Updated,Registered,DOC-00169,0.939,Verified,,2025-01-01,2025-06-01,14.663,77.5944
P0170,270,270,,KH00170,Synthetic Owner 170,,Example Village,Example Mandal,Anantapur,Andhra Pradesh,Water Body,Individual,14.2197,57545.14,Updated,Registered,DOC-00170,0.948,Verified,,2025-01-01,2025-06-01,14.663,77.5968
P0171,271,271/1,1,KH00171,Synthetic Owner 171,,Example Village,Example Mandal,Anantapur,Andhra Pradesh,Agricultural,Individual,14.2197,57545.14,Updated,Registered,DOC-00171,0.957,Verified,,2025-01-01,2025-06-01,14.663,77.5992
P0172,272,272,,KH00172,Synthetic Owner 172,,Example Village,Example Mandal,Anantapur,Andhra Pradesh,Government,Individual,14.2197,57545.14,Pending,Registered,DOC-00172,0.784,Review Required,Missing mutation information,2025-01-01,2025-06-01,14.663,77.6016
P0173,273,273,,KH00173,Synthetic Owner 173,Synthetic Owner 673,Example Village,Example Mandal,Anantapur,Andhra Pradesh,Water Body,Joint,14.2197,57545.14,Updated,Registered,DOC-00173,0.696,Conflict,Area mismatch,2025-01-01,2025-06-01,14.663,77.604
P0174,274,274,,KH00174,Synthetic Owner 174,,Example Village,Example Mandal,Anantapur,Andhra Pradesh,Agricultural,Individual,14.2197,57545.14,Updated,Registered,DOC-00174,0.808,Review Required,Possible duplicate,2025-01-01,2025-06-01,14.663,77.6064
P0175,275,275,,KH00175,Synthetic Owner 175,,Example Village,Example Mandal,Anantapur,Andhra Pradesh,Government,Individual,14.2197,57545.14,Updated,Registered,DOC-00175,0.42,Conflict,Area mismatch,2025-01-01,2025-06-01,14.663,77.6088
P0176,276,276/3,3,KH00176,Synthetic Owner 176,,Example Village,Example Mandal,Anantapur,Andhra Pradesh,Water Body,Individual,14.2196,57544.73,Updated,Registered,DOC-00176,0.939,Verified,,2025-01-01,2025-06-01,14.665,77.5512
P0177,277,277,,KH00177,Synthetic Owner 177,,Example Village,Example Mandal,Anantapur,Andhra Pradesh,Agricultural,Individual,14.2196,57544.73,Updated,Registered,DOC-00177,0.948,Verified,,2025-01-01,2025-06-01,14.665,77.5536
P0178,278,278,,KH00178,Synthetic Owner 178,,Example Village,Example Mandal,Anantapur,Andhra Pradesh,Government,Individual,14.2196,57544.73,Updated,Registered,DOC-00178,0.456,Review Required,Low OCR confidence,2025-01-01,2025-06-01,14.665,77.556
P0179,279,279,,KH00179,Synthetic Owner 179,,Example Village,Example Mandal,Anantapur,Andhra Pradesh,Water Body,Individual,14.2196,57544.73,Updated,Registered,DOC-00179,0.966,Verified,,2025-01-01,2025-06-01,14.665,77.5584
P0180,280,280,,KH00180,Synthetic Owner 180,,Example Village,Example Mandal,Anantapur,Andhra Pradesh,Agricultural,Individual,14.2196,57544.73,Pending,Registered,DOC-00180,0.7,Review Required,Missing mutation information,2025-01-01,2025-06-01,14.665,77.5608
P0181,281,281/2,2,KH00181,Synthetic Owner 181,,Example Village,Example Mandal,Anantapur,Andhra Pradesh,Government,Individual,14.2196,57544.73,Updated,Registered,DOC-00181,0.984,Verified,,2025-01-01,2025-06-01,14.665,77.5632
P0182,282,282,,KH00182,Synthetic Owner 182,,Example Village,Example Mandal,Anantapur,Andhra Pradesh,Water Body,Individual,14.2196,57544.73,Pending,Registered,DOC-00182,0.724,Review Required,Missing mutation information,2025-01-01,2025-06-01,14.665,77.5656
P0183,283,283,,KH00183,Synthetic Owner 183,Synthetic Owner 683,Example Village,Example Mandal,Anantapur,Andhra Pradesh,Agricultural,Joint,14.2196,57544.73,Pending,Registered,DOC-00183,0.736,Review Required,Missing mutation information,2025-01-01,2025-06-01,14.665,77.568
P0184,284,284,,KH00184,Synthetic Owner 184,,Example Village,Example Mandal,Anantapur,Andhra Pradesh,Government,Individual,14.2196,57544.73,Updated,Registered,DOC-00184,0.948,Verified,,2025-01-01,2025-06-01,14.665,77.5704
P0185,285,285,,KH00185,Synthetic Owner 185,,Example Village,Example Mandal,Anantapur,Andhra Pradesh,Water Body,Individual,14.2196,57544.73,Updated,Registered,DOC-00185,0.957,Verified,,2025-01-01,2025-06-01,14.665,77.5728
P0186,286,286/1,1,KH00186,Synthetic Owner 186,,Example Village,Example Mandal,Anantapur,Andhra Pradesh,Agricultural,Individual,14.2196,57544.73,Pending,Registered,DOC-00186,0.772,Review Required,Missing mutation information,2025-01-01,2025-06-01,14.665,77.5752
P0187,287,287,,KH00187,Synthetic Owner 187,,Example Village,Example Mandal,Anantapur,Andhra Pradesh,Government,Individual,14.2196,57544.73,Updated,Registered,DOC-00187,0.975,Verified,,2025-01-01,2025-06-01,14.665,77.5776
P0188,288,288,,KH00188,Synthetic Owner 188,,Example Village,Example Mandal,Anantapur,Andhra Pradesh,Water Body,Individual,14.2196,57544.73,Updated,Registered,DOC-00188,0.984,Verified,,2025-01-01,2025-06-01,14.665,77.58
P0189,289,289,,KH00189,Synthetic Owner 189,,Example Village,Example Mandal,Anantapur,Andhra Pradesh,Agricultural,Individual,14.2196,57544.73,Updated,Registered,DOC-00189,0.93,Verified,,2025-01-01,2025-06-01,14.665,77.5824
P0190,290,290,,KH00190,Synthetic Owner 190,,Example Village,Example Mandal,Anantapur,Andhra Pradesh,Government,Individual,14.2196,57544.73,Updated,Registered,DOC-00190,0.939,Verified,,2025-01-01,2025-06-01,14.665,77.5848
P0191,291,291/3,3,KH00191,Synthetic Owner 191,,Example Village,Example Mandal,Anantapur,Andhra Pradesh,Water Body,Individual,14.2196,57544.73,Updated,Registered,DOC-00191,0.948,Verified,,2025-01-01,2025-06-01,14.665,77.5872
P0192,292,292,,KH00192,Synthetic Owner 192,,Example Village,Example Mandal,Anantapur,Andhra Pradesh,Agricultural,Individual,14.2196,57544.73,Updated,Registered,DOC-00192,0.844,Review Required,Possible duplicate,2025-01-01,2025-06-01,14.665,77.5896
P0193,293,293,,KH00193,Synthetic Owner 193,Synthetic Owner 693,Example Village,Example Mandal,Anantapur,Andhra Pradesh,Government,Joint,14.2196,57544.73,Updated,Registered,DOC-00193,0.966,Verified,,2025-01-01,2025-06-01,14.665,77.592
P0194,294,294,,KH00194,Synthetic Owner 194,,Example Village,Example Mandal,Anantapur,Andhra Pradesh,Water Body,Individual,14.2196,57544.73,Updated,Registered,DOC-00194,0.648,Conflict,Survey number uncertainty,2025-01-01,2025-06-01,14.665,77.5944
P0195,295,295,,KH00195,Synthetic Owner 195,,Example Village,Example Mandal,Anantapur,Andhra Pradesh,Agricultural,Individual,14.2196,57544.73,Updated,Registered,DOC-00195,0.984,Verified,,2025-01-01,2025-06-01,14.665,77.5968
P0196,296,296/2,2,KH00196,Synthetic Owner 196,,Example Village,Example Mandal,Anantapur,Andhra Pradesh,Government,Individual,14.2196,57544.73,Updated,Registered,DOC-00196,0.93,Verified,,2025-01-01,2025-06-01,14.665,77.5992
P0197,297,297,,KH00197,Synthetic Owner 197,,Example Village,Example Mandal,Anantapur,Andhra Pradesh,Water Body,Individual,14.2196,57544.73,Updated,Registered,DOC-00197,0.939,Verified,,2025-01-01,2025-06-01,14.665,77.6016
P0198,298,298,,KH00198,Synthetic Owner 198,,Example Village,Example Mandal,Anantapur,Andhra Pradesh,Agricultural,Individual,14.2196,57544.73,Updated,Registered,DOC-00198,0.696,Conflict,Area mismatch,2025-01-01,2025-06-01,14.665,77.604
P0199,299,299,,KH00199,Synthetic Owner 199,,Example Village,Example Mandal,Anantapur,Andhra Pradesh,Government,Individual,14.2196,57544.73,Updated,Registered,DOC-00199,0.957,Verified,,2025-01-01,2025-06-01,14.665,77.6064
P0200,300,300,,KH00200,Synthetic Owner 200,,Example Village,Example Mandal,Anantapur,Andhra Pradesh,Water Body,Individual,14.2196,57544.73,Updated,Registered,DOC-00200,0.966,Verified,,2025-01-01,2025-06-01,14.665,77.6088
P0201,301,301/1,1,KH00201,Synthetic Owner 201,,Example Village,Example Mandal,Anantapur,Andhra Pradesh,Agricultural,Individual,14.2195,57544.33,Pending,Registered,DOC-00201,0.772,Review Required,Missing mutation information,2025-01-01,2025-06-01,14.667,77.5512
P0202,302,302,,KH00202,Synthetic Owner 202,,Example Village,Example Mandal,Anantapur,Andhra Pradesh,Government,Individual,14.2195,57544.33,Updated,Registered,DOC-00202,0.984,Verified,,2025-01-01,2025-06-01,14.667,77.5536
P0203,303,303,,KH00203,Synthetic Owner 203,Synthetic Owner 703,Example Village,Example Mandal,Anantapur,Andhra Pradesh,Water Body,Joint,14.2195,57544.33,Updated,Registered,DOC-00203,0.456,Conflict,Area mismatch,2025-01-01,2025-06-01,14.667,77.556
P0204,304,304,,KH00204,Synthetic Owner 204,,Example Village,Example Mandal,Anantapur,Andhra Pradesh,Agricultural,Individual,14.2195,57544.33,Updated,Registered,DOC-00204,0.468,Review Required,Low OCR confidence,2025-01-01,2025-06-01,14.667,77.5584
P0205,305,305,,KH00205,Synthetic Owner 205,,Example Village,Example Mandal,Anantapur,Andhra Pradesh,Government,Individual,14.2195,57544.33,Updated,Registered,DOC-00205,0.48,Conflict,Owner mismatch,2025-01-01,2025-06-01,14.667,77.5608
P0206,306,306/3,3,KH00206,Synthetic Owner 206,,Example Village,Example Mandal,Anantapur,Andhra Pradesh,Water Body,Individual,14.2195,57544.33,Updated,Registered,DOC-00206,0.832,Review Required,Possible duplicate,2025-01-01,2025-06-01,14.667,77.5632
P0207,307,307,,KH00207,Synthetic Owner 207,,Example Village,Example Mandal,Anantapur,Andhra Pradesh,Agricultural,Individual,14.2195,57544.33,Updated,Registered,DOC-00207,0.966,Verified,,2025-01-01,2025-06-01,14.667,77.5656
P0208,308,308,,KH00208,Synthetic Owner 208,,Example Village,Example Mandal,Anantapur,Andhra Pradesh,Government,Individual,14.2195,57544.33,Updated,Registered,DOC-00208,0.975,Verified,,2025-01-01,2025-06-01,14.667,77.568
P0209,309,309,,KH00209,Synthetic Owner 209,,Example Village,Example Mandal,Anantapur,Andhra Pradesh,Water Body,Individual,14.2195,57544.33,Updated,Registered,DOC-00209,0.868,Review Required,Possible duplicate,2025-01-01,2025-06-01,14.667,77.5704
P0210,310,310,,KH00210,Synthetic Owner 210,,Example Village,Example Mandal,Anantapur,Andhra Pradesh,Agricultural,Individual,14.2195,57544.33,Updated,Registered,DOC-00210,0.93,Verified,,2025-01-01,2025-06-01,14.667,77.5728
P0211,311,311/2,2,KH00211,Synthetic Owner 211,,Example Village,Example Mandal,Anantapur,Andhra Pradesh,Government,Individual,14.2195,57544.33,Updated,Registered,DOC-00211,0.939,Verified,,2025-01-01,2025-06-01,14.667,77.5752
P0212,312,312,,KH00212,Synthetic Owner 212,,Example Village,Example Mandal,Anantapur,Andhra Pradesh,Water Body,Individual,14.2195,57544.33,Updated,Registered,DOC-00212,0.948,Verified,,2025-01-01,2025-06-01,14.667,77.5776
P0213,313,313,,KH00213,Synthetic Owner 213,Synthetic Owner 713,Example Village,Example Mandal,Anantapur,Andhra Pradesh,Agricultural,Joint,14.2195,57544.33,Updated,Registered,DOC-00213,0.957,Verified,,2025-01-01,2025-06-01,14.667,77.58
P0214,314,314,,KH00214,Synthetic Owner 214,,Example Village,Example Mandal,Anantapur,Andhra Pradesh,Government,Individual,14.2195,57544.33,Updated,Registered,DOC-00214,0.966,Verified,,2025-01-01,2025-06-01,14.667,77.5824
P0215,315,315,,KH00215,Synthetic Owner 215,,Example Village,Example Mandal,Anantapur,Andhra Pradesh,Water Body,Individual,14.2195,57544.33,Updated,Registered,DOC-00215,0.975,Verified,,2025-01-01,2025-06-01,14.667,77.5848
P0216,316,316/1,1,KH00216,Synthetic Owner 216,,Example Village,Example Mandal,Anantapur,Andhra Pradesh,Agricultural,Individual,14.2195,57544.33,Updated,Registered,DOC-00216,0.612,Conflict,Owner mismatch,2025-01-01,2025-06-01,14.667,77.5872
P0217,317,317,,KH00217,Synthetic Owner 217,,Example Village,Example Mandal,Anantapur,Andhra Pradesh,Government,Individual,14.2195,57544.33,Updated,Registered,DOC-00217,0.93,Verified,,2025-01-01,2025-06-01,14.667,77.5896
P0218,318,318,,KH00218,Synthetic Owner 218,,Example Village,Example Mandal,Anantapur,Andhra Pradesh,Water Body,Individual,14.2195,57544.33,Updated,Registered,DOC-00218,0.939,Verified,,2025-01-01,2025-06-01,14.667,77.592
P0219,319,319,,KH00219,Synthetic Owner 219,,Example Village,Example Mandal,Anantapur,Andhra Pradesh,Agricultural,Individual,14.2195,57544.33,Updated,Registered,DOC-00219,0.948,Verified,,2025-01-01,2025-06-01,14.667,77.5944
P0220,320,320,,KH00220,Synthetic Owner 220,,Example Village,Example Mandal,Anantapur,Andhra Pradesh,Government,Individual,14.2195,57544.33,Updated,Registered,DOC-00220,0.957,Verified,,2025-01-01,2025-06-01,14.667,77.5968
P0221,321,321/3,3,KH00221,Synthetic Owner 221,,Example Village,Example Mandal,Anantapur,Andhra Pradesh,Water Body,Individual,14.2195,57544.33,Updated,Registered,DOC-00221,0.966,Verified,,2025-01-01,2025-06-01,14.667,77.5992
P0222,322,322,,KH00222,Synthetic Owner 222,,Example Village,Example Mandal,Anantapur,Andhra Pradesh,Agricultural,Individual,14.2195,57544.33,Updated,Registered,DOC-00222,0.844,Review Required,Possible duplicate,2025-01-01,2025-06-01,14.667,77.6016
P0223,323,323,,KH00223,Synthetic Owner 223,Synthetic Owner 723,Example Village,Example Mandal,Anantapur,Andhra Pradesh,Government,Joint,14.2195,57544.33,Updated,Registered,DOC-00223,0.984,Verified,,2025-01-01,2025-06-01,14.667,77.604
P0224,324,324,,KH00224,Synthetic Owner 224,,Example Village,Example Mandal,Anantapur,Andhra Pradesh,Water Body,Individual,14.2195,57544.33,Updated,Registered,DOC-00224,0.93,Verified,,2025-01-01,2025-06-01,14.667,77.6064
P0225,325,325,,KH00225,Synthetic Owner 225,,Example Village,Example Mandal,Anantapur,Andhra Pradesh,Agricultural,Individual,14.2195,57544.33,Updated,Registered,DOC-00225,0.939,Verified,,2025-01-01,2025-06-01,14.667,77.6088
P0226,326,326/2,2,KH00226,Synthetic Owner 226,,Example Village,Example Mandal,Anantapur,Andhra Pradesh,Government,Individual,14.2193,57543.52,Updated,Registered,DOC-00226,0.948,Verified,,2025-01-01,2025-06-01,14.669,77.5512
P0227,327,327,,KH00227,Synthetic Owner 227,,Example Village,Example Mandal,Anantapur,Andhra Pradesh,Water Body,Individual,14.2193,57543.52,Updated,Registered,DOC-00227,0.957,Verified,,2025-01-01,2025-06-01,14.669,77.5536
P0228,328,328,,KH00228,Synthetic Owner 228,,Example Village,Example Mandal,Anantapur,Andhra Pradesh,Agricultural,Individual,14.2193,57543.52,Pending,Registered,DOC-00228,0.736,Review Required,Missing mutation information,2025-01-01,2025-06-01,14.669,77.556
P0229,329,329,,KH00229,Synthetic Owner 229,,Example Village,Example Mandal,Anantapur,Andhra Pradesh,Government,Individual,14.2193,57543.52,Updated,Registered,DOC-00229,0.975,Verified,,2025-01-01,2025-06-01,14.669,77.5584
P0230,330,330,,KH00230,Synthetic Owner 230,,Example Village,Example Mandal,Anantapur,Andhra Pradesh,Water Body,Individual,14.2193,57543.52,Updated,Registered,DOC-00230,0.984,Verified,,2025-01-01,2025-06-01,14.669,77.5608
P0231,331,331/1,1,KH00231,Synthetic Owner 231,,Example Village,Example Mandal,Anantapur,Andhra Pradesh,Agricultural,Individual,14.2193,57543.52,Updated,Registered,DOC-00231,0.93,Verified,,2025-01-01,2025-06-01,14.669,77.5632
P0232,332,332,,KH00232,Synthetic Owner 232,,Example Village,Example Mandal,Anantapur,Andhra Pradesh,Government,Individual,14.2193,57543.52,Updated,Registered,DOC-00232,0.939,Verified,,2025-01-01,2025-06-01,14.669,77.5656
P0233,333,333,,KH00233,Synthetic Owner 233,Synthetic Owner 733,Example Village,Example Mandal,Anantapur,Andhra Pradesh,Water Body,Joint,14.2193,57543.52,Updated,Registered,DOC-00233,0.948,Verified,,2025-01-01,2025-06-01,14.669,77.568
P0234,334,334,,KH00234,Synthetic Owner 234,,Example Village,Example Mandal,Anantapur,Andhra Pradesh,Agricultural,Individual,14.2193,57543.52,Updated,Registered,DOC-00234,0.957,Verified,,2025-01-01,2025-06-01,14.669,77.5704
P0235,335,335,,KH00235,Synthetic Owner 235,,Example Village,Example Mandal,Anantapur,Andhra Pradesh,Government,Individual,14.2193,57543.52,Updated,Registered,DOC-00235,0.966,Verified,,2025-01-01,2025-06-01,14.669,77.5728
P0236,336,336/3,3,KH00236,Synthetic Owner 236,,Example Village,Example Mandal,Anantapur,Andhra Pradesh,Water Body,Individual,14.2193,57543.52,Updated,Registered,DOC-00236,0.975,Verified,,2025-01-01,2025-06-01,14.669,77.5752
P0237,337,337,,KH00237,Synthetic Owner 237,,Example Village,Example Mandal,Anantapur,Andhra Pradesh,Agricultural,Individual,14.2193,57543.52,Updated,Registered,DOC-00237,0.984,Verified,,2025-01-01,2025-06-01,14.669,77.5776
P0238,338,338,,KH00238,Synthetic Owner 238,,Example Village,Example Mandal,Anantapur,Andhra Pradesh,Government,Individual,14.2193,57543.52,Updated,Registered,DOC-00238,0.93,Verified,,2025-01-01,2025-06-01,14.669,77.58
P0239,339,339,,KH00239,Synthetic Owner 239,,Example Village,Example Mandal,Anantapur,Andhra Pradesh,Water Body,Individual,14.2193,57543.52,Updated,Registered,DOC-00239,0.588,Conflict,Area mismatch,2025-01-01,2025-06-01,14.669,77.5824
P0240,340,340,,KH00240,Synthetic Owner 240,,Example Village,Example Mandal,Anantapur,Andhra Pradesh,Agricultural,Individual,14.2193,57543.52,Updated,Registered,DOC-00240,0.948,Verified,,2025-01-01,2025-06-01,14.669,77.5848
P0241,341,341/2,2,KH00241,Synthetic Owner 241,,Example Village,Example Mandal,Anantapur,Andhra Pradesh,Government,Individual,14.2193,57543.52,Updated,Registered,DOC-00241,0.957,Verified,,2025-01-01,2025-06-01,14.669,77.5872
P0242,342,342,,KH00242,Synthetic Owner 242,,Example Village,Example Mandal,Anantapur,Andhra Pradesh,Water Body,Individual,14.2193,57543.52,Updated,Registered,DOC-00242,0.624,Review Required,Low OCR confidence,2025-01-01,2025-06-01,14.669,77.5896
P0243,343,343,,KH00243,Synthetic Owner 243,Synthetic Owner 743,Example Village,Example Mandal,Anantapur,Andhra Pradesh,Agricultural,Joint,14.2193,57543.52,Updated,Registered,DOC-00243,0.975,Verified,,2025-01-01,2025-06-01,14.669,77.592
P0244,344,344,,KH00244,Synthetic Owner 244,,Example Village,Example Mandal,Anantapur,Andhra Pradesh,Government,Individual,14.2193,57543.52,Updated,Registered,DOC-00244,0.984,Verified,,2025-01-01,2025-06-01,14.669,77.5944
P0245,345,345,,KH00245,Synthetic Owner 245,,Example Village,Example Mandal,Anantapur,Andhra Pradesh,Water Body,Individual,14.2193,57543.52,Updated,Registered,DOC-00245,0.66,Conflict,Survey number uncertainty,2025-01-01,2025-06-01,14.669,77.5968
P0246,346,346/1,1,KH00246,Synthetic Owner 246,,Example Village,Example Mandal,Anantapur,Andhra Pradesh,Agricultural,Individual,14.2193,57543.52,Updated,Registered,DOC-00246,0.939,Verified,,2025-01-01,2025-06-01,14.669,77.5992
P0247,347,347,,KH00247,Synthetic Owner 247,,Example Village,Example Mandal,Anantapur,Andhra Pradesh,Government,Individual,14.2193,57543.52,Updated,Registered,DOC-00247,0.948,Verified,,2025-01-01,2025-06-01,14.669,77.6016
P0248,348,348,,KH00248,Synthetic Owner 248,,Example Village,Example Mandal,Anantapur,Andhra Pradesh,Water Body,Individual,14.2193,57543.52,Updated,Registered,DOC-00248,0.796,Review Required,Possible duplicate,2025-01-01,2025-06-01,14.669,77.604
P0249,349,349,,KH00249,Synthetic Owner 249,,Example Village,Example Mandal,Anantapur,Andhra Pradesh,Agricultural,Individual,14.2193,57543.52,Updated,Registered,DOC-00249,0.966,Verified,,2025-01-01,2025-06-01,14.669,77.6064
P0250,350,350,,KH00250,Synthetic Owner 250,,Example Village,Example Mandal,Anantapur,Andhra Pradesh,Government,Individual,14.2193,57543.52,Updated,Registered,DOC-00250,0.975,Verified,,2025-01-01,2025-06-01,14.669,77.6088
P0251,351,351/3,3,KH00251,Synthetic Owner 251,,Example Village,Example Mandal,Anantapur,Andhra Pradesh,Water Body,Individual,14.2192,57543.11,Updated,Registered,DOC-00251,0.984,Verified,,2025-01-01,2025-06-01,14.671,77.5512
P0252,352,352,,KH00252,Synthetic Owner 252,,Example Village,Example Mandal,Anantapur,Andhra Pradesh,Agricultural,Individual,14.2192,57543.11,Updated,Registered,DOC-00252,0.93,Verified,,2025-01-01,2025-06-01,14.671,77.5536
P0253,353,353,,KH00253,Synthetic Owner 253,Synthetic Owner 753,Example Village,Example Mandal,Anantapur,Andhra Pradesh,Government,Joint,14.2192,57543.11,Updated,Registered,DOC-00253,0.939,Verified,,2025-01-01,2025-06-01,14.671,77.556
P0254,354,354,,KH00254,Synthetic Owner 254,,Example Village,Example Mandal,Anantapur,Andhra Pradesh,Water Body,Individual,14.2192,57543.11,Pending,Registered,DOC-00254,0.868,Review Required,Missing mutation information,2025-01-01,2025-06-01,14.671,77.5584
P0255,355,355,,KH00255,Synthetic Owner 255,,Example Village,Example Mandal,Anantapur,Andhra Pradesh,Agricultural,Individual,14.2192,57543.11,Updated,Registered,DOC-00255,0.7,Review Required,Possible duplicate,2025-01-01,2025-06-01,14.671,77.5608
P0256,356,356/2,2,KH00256,Synthetic Owner 256,,Example Village,Example Mandal,Anantapur,Andhra Pradesh,Government,Individual,14.2192,57543.11,Updated,Registered,DOC-00256,0.966,Verified,,2025-01-01,2025-06-01,14.671,77.5632
P0257,357,357,,KH00257,Synthetic Owner 257,,Example Village,Example Mandal,Anantapur,Andhra Pradesh,Water Body,Individual,14.2192,57543.11,Pending,Registered,DOC-00257,0.724,Review Required,Missing mutation information,2025-01-01,2025-06-01,14.671,77.5656
P0258,358,358,,KH00258,Synthetic Owner 258,,Example Village,Example Mandal,Anantapur,Andhra Pradesh,Agricultural,Individual,14.2192,57543.11,Updated,Registered,DOC-00258,0.984,Verified,,2025-01-01,2025-06-01,14.671,77.568
P0259,359,359,,KH00259,Synthetic Owner 259,,Example Village,Example Mandal,Anantapur,Andhra Pradesh,Government,Individual,14.2192,57543.11,Updated,Registered,DOC-00259,0.93,Verified,,2025-01-01,2025-06-01,14.671,77.5704
P0260,360,360,,KH00260,Synthetic Owner 260,,Example Village,Example Mandal,Anantapur,Andhra Pradesh,Water Body,Individual,14.2192,57543.11,Updated,Registered,DOC-00260,0.939,Verified,,2025-01-01,2025-06-01,14.671,77.5728
P0261,361,361/1,1,KH00261,Synthetic Owner 261,,Example Village,Example Mandal,Anantapur,Andhra Pradesh,Agricultural,Individual,14.2192,57543.11,Updated,Registered,DOC-00261,0.552,Review Required,Low OCR confidence,2025-01-01,2025-06-01,14.671,77.5752
P0262,362,362,,KH00262,Synthetic Owner 262,,Example Village,Example Mandal,Anantapur,Andhra Pradesh,Government,Individual,14.2192,57543.11,Updated,Registered,DOC-00262,0.957,Verified,,2025-01-01,2025-06-01,14.671,77.5776
P0263,363,363,,KH00263,Synthetic Owner 263,Synthetic Owner 763,Example Village,Example Mandal,Anantapur,Andhra Pradesh,Water Body,Joint,14.2192,57543.11,Updated,Registered,DOC-00263,0.796,Review Required,Possible duplicate,2025-01-01,2025-06-01,14.671,77.58
P0264,364,364,,KH00264,Synthetic Owner 264,,Example Village,Example Mandal,Anantapur,Andhra Pradesh,Agricultural,Individual,14.2192,57543.11,Updated,Registered,DOC-00264,0.975,Verified,,2025-01-01,2025-06-01,14.671,77.5824
P0265,365,365,,KH00265,Synthetic Owner 265,,Example Village,Example Mandal,Anantapur,Andhra Pradesh,Government,Individual,14.2192,57543.11,Updated,Registered,DOC-00265,0.984,Verified,,2025-01-01,2025-06-01,14.671,77.5848
P0266,366,366/3,3,KH00266,Synthetic Owner 266,,Example Village,Example Mandal,Anantapur,Andhra Pradesh,Water Body,Individual,14.2192,57543.11,Updated,Registered,DOC-00266,0.93,Verified,,2025-01-01,2025-06-01,14.671,77.5872
P0267,367,367,,KH00267,Synthetic Owner 267,,Example Village,Example Mandal,Anantapur,Andhra Pradesh,Agricultural,Individual,14.2192,57543.11,Updated,Registered,DOC-00267,0.939,Verified,,2025-01-01,2025-06-01,14.671,77.5896
P0268,368,368,,KH00268,Synthetic Owner 268,,Example Village,Example Mandal,Anantapur,Andhra Pradesh,Government,Individual,14.2192,57543.11,Updated,Registered,DOC-00268,0.856,Review Required,Possible duplicate,2025-01-01,2025-06-01,14.671,77.592
P0269,369,369,,KH00269,Synthetic Owner 269,,Example Village,Example Mandal,Anantapur,Andhra Pradesh,Water Body,Individual,14.2192,57543.11,Updated,Registered,DOC-00269,0.648,Conflict,Area mismatch,2025-01-01,2025-06-01,14.671,77.5944
P0270,370,370,,KH00270,Synthetic Owner 270,,Example Village,Example Mandal,Anantapur,Andhra Pradesh,Agricultural,Individual,14.2192,57543.11,Updated,Registered,DOC-00270,0.966,Verified,,2025-01-01,2025-06-01,14.671,77.5968
P0271,371,371/2,2,KH00271,Synthetic Owner 271,,Example Village,Example Mandal,Anantapur,Andhra Pradesh,Government,Individual,14.2192,57543.11,Updated,Registered,DOC-00271,0.975,Verified,,2025-01-01,2025-06-01,14.671,77.5992
P0272,372,372,,KH00272,Synthetic Owner 272,,Example Village,Example Mandal,Anantapur,Andhra Pradesh,Water Body,Individual,14.2192,57543.11,Updated,Registered,DOC-00272,0.984,Verified,,2025-01-01,2025-06-01,14.671,77.6016
P0273,373,373,,KH00273,Synthetic Owner 273,Synthetic Owner 773,Example Village,Example Mandal,Anantapur,Andhra Pradesh,Agricultural,Joint,14.2192,57543.11,Updated,Registered,DOC-00273,0.93,Verified,,2025-01-01,2025-06-01,14.671,77.604
P0274,374,374,,KH00274,Synthetic Owner 274,,Example Village,Example Mandal,Anantapur,Andhra Pradesh,Government,Individual,14.2192,57543.11,Updated,Registered,DOC-00274,0.708,Conflict,Owner mismatch,2025-01-01,2025-06-01,14.671,77.6064
P0275,375,375,,KH00275,Synthetic Owner 275,,Example Village,Example Mandal,Anantapur,Andhra Pradesh,Water Body,Individual,14.2192,57543.11,Updated,Registered,DOC-00275,0.948,Verified,,2025-01-01,2025-06-01,14.671,77.6088
P0276,376,376/1,1,KH00276,Synthetic Owner 276,,Example Village,Example Mandal,Anantapur,Andhra Pradesh,Agricultural,Individual,14.2191,57542.71,Updated,Registered,DOC-00276,0.957,Verified,,2025-01-01,2025-06-01,14.673,77.5512
P0277,377,377,,KH00277,Synthetic Owner 277,,Example Village,Example Mandal,Anantapur,Andhra Pradesh,Government,Individual,14.2191,57542.71,Updated,Registered,DOC-00277,0.966,Verified,,2025-01-01,2025-06-01,14.673,77.5536
P0278,378,378,,KH00278,Synthetic Owner 278,,Example Village,Example Mandal,Anantapur,Andhra Pradesh,Water Body,Individual,14.2191,57542.71,Updated,Registered,DOC-00278,0.975,Verified,,2025-01-01,2025-06-01,14.673,77.556
P0279,379,379,,KH00279,Synthetic Owner 279,,Example Village,Example Mandal,Anantapur,Andhra Pradesh,Agricultural,Individual,14.2191,57542.71,Pending,Registered,DOC-00279,0.808,Review Required,Missing mutation information,2025-01-01,2025-06-01,14.673,77.5584
P0280,380,380,,KH00280,Synthetic Owner 280,,Example Village,Example Mandal,Anantapur,Andhra Pradesh,Government,Individual,14.2191,57542.71,Updated,Registered,DOC-00280,0.93,Verified,,2025-01-01,2025-06-01,14.673,77.5608
P0281,381,381/3,3,KH00281,Synthetic Owner 281,,Example Village,Example Mandal,Anantapur,Andhra Pradesh,Water Body,Individual,14.2191,57542.71,Updated,Registered,DOC-00281,0.939,Verified,,2025-01-01,2025-06-01,14.673,77.5632
P0282,382,382,,KH00282,Synthetic Owner 282,,Example Village,Example Mandal,Anantapur,Andhra Pradesh,Agricultural,Individual,14.2191,57542.71,Updated,Registered,DOC-00282,0.948,Verified,,2025-01-01,2025-06-01,14.673,77.5656
P0283,383,383,,KH00283,Synthetic Owner 283,Synthetic Owner 783,Example Village,Example Mandal,Anantapur,Andhra Pradesh,Government,Joint,14.2191,57542.71,Updated,Registered,DOC-00283,0.957,Verified,,2025-01-01,2025-06-01,14.673,77.568
P0284,384,384,,KH00284,Synthetic Owner 284,,Example Village,Example Mandal,Anantapur,Andhra Pradesh,Water Body,Individual,14.2191,57542.71,Updated,Registered,DOC-00284,0.966,Verified,,2025-01-01,2025-06-01,14.673,77.5704
P0285,385,385,,KH00285,Synthetic Owner 285,,Example Village,Example Mandal,Anantapur,Andhra Pradesh,Agricultural,Individual,14.2191,57542.71,Updated,Registered,DOC-00285,0.975,Verified,,2025-01-01,2025-06-01,14.673,77.5728
P0286,386,386/2,2,KH00286,Synthetic Owner 286,,Example Village,Example Mandal,Anantapur,Andhra Pradesh,Government,Individual,14.2191,57542.71,Updated,Registered,DOC-00286,0.984,Verified,,2025-01-01,2025-06-01,14.673,77.5752
P0287,387,387,,KH00287,Synthetic Owner 287,,Example Village,Example Mandal,Anantapur,Andhra Pradesh,Water Body,Individual,14.2191,57542.71,Updated,Registered,DOC-00287,0.93,Verified,,2025-01-01,2025-06-01,14.673,77.5776
P0288,388,388,,KH00288,Synthetic Owner 288,,Example Village,Example Mandal,Anantapur,Andhra Pradesh,Agricultural,Individual,14.2191,57542.71,Updated,Registered,DOC-00288,0.939,Verified,,2025-01-01,2025-06-01,14.673,77.58
P0289,389,389,,KH00289,Synthetic Owner 289,,Example Village,Example Mandal,Anantapur,Andhra Pradesh,Government,Individual,14.2191,57542.71,Updated,Registered,DOC-00289,0.588,Conflict,Survey number uncertainty,2025-01-01,2025-06-01,14.673,77.5824
P0290,390,390,,KH00290,Synthetic Owner 290,,Example Village,Example Mandal,Anantapur,Andhra Pradesh,Water Body,Individual,14.2191,57542.71,Updated,Registered,DOC-00290,0.957,Verified,,2025-01-01,2025-06-01,14.673,77.5848
P0291,391,391/1,1,KH00291,Synthetic Owner 291,,Example Village,Example Mandal,Anantapur,Andhra Pradesh,Agricultural,Individual,14.2191,57542.71,Updated,Registered,DOC-00291,0.966,Verified,,2025-01-01,2025-06-01,14.673,77.5872
P0292,392,392,,KH00292,Synthetic Owner 292,,Example Village,Example Mandal,Anantapur,Andhra Pradesh,Government,Individual,14.2191,57542.71,Updated,Registered,DOC-00292,0.784,Review Required,Possible duplicate,2025-01-01,2025-06-01,14.673,77.5896
P0293,393,393,,KH00293,Synthetic Owner 293,Synthetic Owner 793,Example Village,Example Mandal,Anantapur,Andhra Pradesh,Water Body,Joint,14.2191,57542.71,Updated,Registered,DOC-00293,0.636,Conflict,Owner mismatch,2025-01-01,2025-06-01,14.673,77.592
P0294,394,394,,KH00294,Synthetic Owner 294,,Example Village,Example Mandal,Anantapur,Andhra Pradesh,Agricultural,Individual,14.2191,57542.71,Updated,Registered,DOC-00294,0.93,Verified,,2025-01-01,2025-06-01,14.673,77.5944
P0295,395,395,,KH00295,Synthetic Owner 295,,Example Village,Example Mandal,Anantapur,Andhra Pradesh,Government,Individual,14.2191,57542.71,Updated,Registered,DOC-00295,0.66,Conflict,Owner mismatch,2025-01-01,2025-06-01,14.673,77.5968
P0296,396,396/3,3,KH00296,Synthetic Owner 296,,Example Village,Example Mandal,Anantapur,Andhra Pradesh,Water Body,Individual,14.2191,57542.71,Updated,Registered,DOC-00296,0.948,Verified,,2025-01-01,2025-06-01,14.673,77.5992
P0297,397,397,,KH00297,Synthetic Owner 297,,Example Village,Example Mandal,Anantapur,Andhra Pradesh,Agricultural,Individual,14.2191,57542.71,Updated,Registered,DOC-00297,0.684,Review Required,Low OCR confidence,2025-01-01,2025-06-01,14.673,77.6016
P0298,398,398,,KH00298,Synthetic Owner 298,,Example Village,Example Mandal,Anantapur,Andhra Pradesh,Government,Individual,14.2191,57542.71,Updated,Registered,DOC-00298,0.966,Verified,,2025-01-01,2025-06-01,14.673,77.604
P0299,399,399,,KH00299,Synthetic Owner 299,,Example Village,Example Mandal,Anantapur,Andhra Pradesh,Water Body,Individual,14.2191,57542.71,Pending,Registered,DOC-00299,0.868,Review Required,Missing mutation information,2025-01-01,2025-06-01,14.673,77.6064
P0300,400,400,,KH00300,Synthetic Owner 300,,Example Village,Example Mandal,Anantapur,Andhra Pradesh,Agricultural,Individual,14.2191,57542.71,Updated,Registered,DOC-00300,0.984,Verified,,2025-01-01,2025-06-01,14.673,77.6088
P0301,401,401/2,2,KH00301,Synthetic Owner 301,,Example Village,Example Mandal,Anantapur,Andhra Pradesh,Government,Individual,14.2189,57541.9,Updated,Registered,DOC-00301,0.93,Verified,,2025-01-01,2025-06-01,14.675,77.5512
P0302,402,402,,KH00302,Synthetic Owner 302,,Example Village,Example Mandal,Anantapur,Andhra Pradesh,Water Body,Individual,14.2189,57541.9,Updated,Registered,DOC-00302,0.939,Verified,,2025-01-01,2025-06-01,14.675,77.5536
P0303,403,403,,KH00303,Synthetic Owner 303,Synthetic Owner 803,Example Village,Example Mandal,Anantapur,Andhra Pradesh,Agricultural,Joint,14.2189,57541.9,Updated,Registered,DOC-00303,0.948,Verified,,2025-01-01,2025-06-01,14.675,77.556
P0304,404,404,,KH00304,Synthetic Owner 304,,Example Village,Example Mandal,Anantapur,Andhra Pradesh,Government,Individual,14.2189,57541.9,Updated,Registered,DOC-00304,0.468,Conflict,Owner mismatch,2025-01-01,2025-06-01,14.675,77.5584
P0305,405,405,,KH00305,Synthetic Owner 305,,Example Village,Example Mandal,Anantapur,Andhra Pradesh,Water Body,Individual,14.2189,57541.9,Updated,Registered,DOC-00305,0.76,Review Required,Possible duplicate,2025-01-01,2025-06-01,14.675,77.5608
P0306,406,406/1,1,KH00306,Synthetic Owner 306,,Example Village,Example Mandal,Anantapur,Andhra Pradesh,Agricultural,Individual,14.2189,57541.9,Updated,Registered,DOC-00306,0.492,Conflict,Owner mismatch,2025-01-01,2025-06-01,14.675,77.5632
P0307,407,407,,KH00307,Synthetic Owner 307,,Example Village,Example Mandal,Anantapur,Andhra Pradesh,Government,Individual,14.2189,57541.9,Updated,Registered,DOC-00307,0.504,Review Required,Low OCR confidence,2025-01-01,2025-06-01,14.675,77.5656
P0308,408,408,,KH00308,Synthetic Owner 308,,Example Village,Example Mandal,Anantapur,Andhra Pradesh,Water Body,Individual,14.2189,57541.9,Updated,Registered,DOC-00308,0.93,Verified,,2025-01-01,2025-06-01,14.675,77.568
P0309,409,409,,KH00309,Synthetic Owner 309,,Example Village,Example Mandal,Anantapur,Andhra Pradesh,Agricultural,Individual,14.2189,57541.9,Updated,Registered,DOC-00309,0.939,Verified,,2025-01-01,2025-06-01,14.675,77.5704
P0310,410,410,,KH00310,Synthetic Owner 310,,Example Village,Example Mandal,Anantapur,Andhra Pradesh,Government,Individual,14.2189,57541.9,Updated,Registered,DOC-00310,0.948,Verified,,2025-01-01,2025-06-01,14.675,77.5728
P0311,411,411/3,3,KH00311,Synthetic Owner 311,,Example Village,Example Mandal,Anantapur,Andhra Pradesh,Water Body,Individual,14.2189,57541.9,Updated,Registered,DOC-00311,0.957,Verified,,2025-01-01,2025-06-01,14.675,77.5752
P0312,412,412,,KH00312,Synthetic Owner 312,,Example Village,Example Mandal,Anantapur,Andhra Pradesh,Agricultural,Individual,14.2189,57541.9,Updated,Registered,DOC-00312,0.966,Verified,,2025-01-01,2025-06-01,14.675,77.5776
P0313,413,413,,KH00313,Synthetic Owner 313,Synthetic Owner 813,Example Village,Example Mandal,Anantapur,Andhra Pradesh,Government,Joint,14.2189,57541.9,Pending,Registered,DOC-00313,0.856,Review Required,Missing mutation information,2025-01-01,2025-06-01,14.675,77.58
P0314,414,414,,KH00314,Synthetic Owner 314,,Example Village,Example Mandal,Anantapur,Andhra Pradesh,Water Body,Individual,14.2189,57541.9,Updated,Registered,DOC-00314,0.984,Verified,,2025-01-01,2025-06-01,14.675,77.5824
P0315,415,415,,KH00315,Synthetic Owner 315,,Example Village,Example Mandal,Anantapur,Andhra Pradesh,Agricultural,Individual,14.2189,57541.9,Updated,Registered,DOC-00315,0.93,Verified,,2025-01-01,2025-06-01,14.675,77.5848
P0316,416,416/2,2,KH00316,Synthetic Owner 316,,Example Village,Example Mandal,Anantapur,Andhra Pradesh,Government,Individual,14.2189,57541.9,Updated,Registered,DOC-00316,0.939,Verified,,2025-01-01,2025-06-01,14.675,77.5872
P0317,417,417,,KH00317,Synthetic Owner 317,,Example Village,Example Mandal,Anantapur,Andhra Pradesh,Water Body,Individual,14.2189,57541.9,Updated,Registered,DOC-00317,0.948,Verified,,2025-01-01,2025-06-01,14.675,77.5896
P0318,418,418,,KH00318,Synthetic Owner 318,,Example Village,Example Mandal,Anantapur,Andhra Pradesh,Agricultural,Individual,14.2189,57541.9,Updated,Registered,DOC-00318,0.957,Verified,,2025-01-01,2025-06-01,14.675,77.592
P0319,419,419,,KH00319,Synthetic Owner 319,,Example Village,Example Mandal,Anantapur,Andhra Pradesh,Government,Individual,14.2189,57541.9,Pending,Registered,DOC-00319,0.748,Review Required,Missing mutation information,2025-01-01,2025-06-01,14.675,77.5944
P0320,420,420,,KH00320,Synthetic Owner 320,,Example Village,Example Mandal,Anantapur,Andhra Pradesh,Water Body,Individual,14.2189,57541.9,Updated,Registered,DOC-00320,0.975,Verified,,2025-01-01,2025-06-01,14.675,77.5968
P0321,421,421/1,1,KH00321,Synthetic Owner 321,,Example Village,Example Mandal,Anantapur,Andhra Pradesh,Agricultural,Individual,14.2189,57541.9,Updated,Registered,DOC-00321,0.984,Verified,,2025-01-01,2025-06-01,14.675,77.5992
P0322,422,422,,KH00322,Synthetic Owner 322,,Example Village,Example Mandal,Anantapur,Andhra Pradesh,Government,Individual,14.2189,57541.9,Updated,Registered,DOC-00322,0.93,Verified,,2025-01-01,2025-06-01,14.675,77.6016
P0323,423,423,,KH00323,Synthetic Owner 323,Synthetic Owner 823,Example Village,Example Mandal,Anantapur,Andhra Pradesh,Water Body,Joint,14.2189,57541.9,Updated,Registered,DOC-00323,0.939,Verified,,2025-01-01,2025-06-01,14.675,77.604
P0324,424,424,,KH00324,Synthetic Owner 324,,Example Village,Example Mandal,Anantapur,Andhra Pradesh,Agricultural,Individual,14.2189,57541.9,Updated,Registered,DOC-00324,0.948,Verified,,2025-01-01,2025-06-01,14.675,77.6064
P0325,425,425,,KH00325,Synthetic Owner 325,,Example Village,Example Mandal,Anantapur,Andhra Pradesh,Government,Individual,14.2189,57541.9,Updated,Registered,DOC-00325,0.957,Verified,,2025-01-01,2025-06-01,14.675,77.6088
P0326,426,426/3,3,KH00326,Synthetic Owner 326,,Example Village,Example Mandal,Anantapur,Andhra Pradesh,Water Body,Individual,14.2188,57541.49,Updated,Registered,DOC-00326,0.432,Review Required,Low OCR confidence,2025-01-01,2025-06-01,14.677,77.5512
P0327,427,427,,KH00327,Synthetic Owner 327,,Example Village,Example Mandal,Anantapur,Andhra Pradesh,Agricultural,Individual,14.2188,57541.49,Updated,Registered,DOC-00327,0.975,Verified,,2025-01-01,2025-06-01,14.677,77.5536
P0328,428,428,,KH00328,Synthetic Owner 328,,Example Village,Example Mandal,Anantapur,Andhra Pradesh,Government,Individual,14.2188,57541.49,Updated,Registered,DOC-00328,0.984,Verified,,2025-01-01,2025-06-01,14.677,77.556
P0329,429,429,,KH00329,Synthetic Owner 329,,Example Village,Example Mandal,Anantapur,Andhra Pradesh,Water Body,Individual,14.2188,57541.49,Updated,Registered,DOC-00329,0.93,Verified,,2025-01-01,2025-06-01,14.677,77.5584
P0330,430,430,,KH00330,Synthetic Owner 330,,Example Village,Example Mandal,Anantapur,Andhra Pradesh,Agricultural,Individual,14.2188,57541.49,Updated,Registered,DOC-00330,0.939,Verified,,2025-01-01,2025-06-01,14.677,77.5608
P0331,431,431/2,2,KH00331,Synthetic Owner 331,,Example Village,Example Mandal,Anantapur,Andhra Pradesh,Government,Individual,14.2188,57541.49,Updated,Registered,DOC-00331,0.712,Review Required,Possible duplicate,2025-01-01,2025-06-01,14.677,77.5632
P0332,432,432,,KH00332,Synthetic Owner 332,,Example Village,Example Mandal,Anantapur,Andhra Pradesh,Water Body,Individual,14.2188,57541.49,Updated,Registered,DOC-00332,0.957,Verified,,2025-01-01,2025-06-01,14.677,77.5656
P0333,433,433,,KH00333,Synthetic Owner 333,Synthetic Owner 833,Example Village,Example Mandal,Anantapur,Andhra Pradesh,Agricultural,Joint,14.2188,57541.49,Updated,Registered,DOC-00333,0.966,Verified,,2025-01-01,2025-06-01,14.677,77.568
P0334,434,434,,KH00334,Synthetic Owner 334,,Example Village,Example Mandal,Anantapur,Andhra Pradesh,Government,Individual,14.2188,57541.49,Updated,Registered,DOC-00334,0.975,Verified,,2025-01-01,2025-06-01,14.677,77.5704
P0335,435,435,,KH00335,Synthetic Owner 335,,Example Village,Example Mandal,Anantapur,Andhra Pradesh,Water Body,Individual,14.2188,57541.49,Updated,Registered,DOC-00335,0.984,Verified,,2025-01-01,2025-06-01,14.677,77.5728
P0336,436,436/1,1,KH00336,Synthetic Owner 336,,Example Village,Example Mandal,Anantapur,Andhra Pradesh,Agricultural,Individual,14.2188,57541.49,Updated,Registered,DOC-00336,0.552,Conflict,Area mismatch,2025-01-01,2025-06-01,14.677,77.5752
P0337,437,437,,KH00337,Synthetic Owner 337,,Example Village,Example Mandal,Anantapur,Andhra Pradesh,Government,Individual,14.2188,57541.49,Updated,Registered,DOC-00337,0.939,Verified,,2025-01-01,2025-06-01,14.677,77.5776
P0338,438,438,,KH00338,Synthetic Owner 338,,Example Village,Example Mandal,Anantapur,Andhra Pradesh,Water Body,Individual,14.2188,57541.49,Updated,Registered,DOC-00338,0.948,Verified,,2025-01-01,2025-06-01,14.677,77.58
P0339,439,439,,KH00339,Synthetic Owner 339,,Example Village,Example Mandal,Anantapur,Andhra Pradesh,Agricultural,Individual,14.2188,57541.49,Updated,Registered,DOC-00339,0.957,Verified,,2025-01-01,2025-06-01,14.677,77.5824
P0340,440,440,,KH00340,Synthetic Owner 340,,Example Village,Example Mandal,Anantapur,Andhra Pradesh,Government,Individual,14.2188,57541.49,Updated,Registered,DOC-00340,0.966,Verified,,2025-01-01,2025-06-01,14.677,77.5848
P0341,441,441/3,3,KH00341,Synthetic Owner 341,,Example Village,Example Mandal,Anantapur,Andhra Pradesh,Water Body,Individual,14.2188,57541.49,Updated,Registered,DOC-00341,0.975,Verified,,2025-01-01,2025-06-01,14.677,77.5872
P0342,442,442,,KH00342,Synthetic Owner 342,,Example Village,Example Mandal,Anantapur,Andhra Pradesh,Agricultural,Individual,14.2188,57541.49,Updated,Registered,DOC-00342,0.624,Review Required,Low OCR confidence,2025-01-01,2025-06-01,14.677,77.5896
P0343,443,443,,KH00343,Synthetic Owner 343,Synthetic Owner 843,Example Village,Example Mandal,Anantapur,Andhra Pradesh,Government,Joint,14.2188,57541.49,Updated,Registered,DOC-00343,0.93,Verified,,2025-01-01,2025-06-01,14.677,77.592
P0344,444,444,,KH00344,Synthetic Owner 344,,Example Village,Example Mandal,Anantapur,Andhra Pradesh,Water Body,Individual,14.2188,57541.49,Updated,Registered,DOC-00344,0.939,Verified,,2025-01-01,2025-06-01,14.677,77.5944
P0345,445,445,,KH00345,Synthetic Owner 345,,Example Village,Example Mandal,Anantapur,Andhra Pradesh,Agricultural,Individual,14.2188,57541.49,Updated,Registered,DOC-00345,0.66,Conflict,Owner mismatch,2025-01-01,2025-06-01,14.677,77.5968
P0346,446,446/2,2,KH00346,Synthetic Owner 346,,Example Village,Example Mandal,Anantapur,Andhra Pradesh,Government,Individual,14.2188,57541.49,Updated,Registered,DOC-00346,0.957,Verified,,2025-01-01,2025-06-01,14.677,77.5992
P0347,447,447,,KH00347,Synthetic Owner 347,,Example Village,Example Mandal,Anantapur,Andhra Pradesh,Water Body,Individual,14.2188,57541.49,Updated,Registered,DOC-00347,0.966,Verified,,2025-01-01,2025-06-01,14.677,77.6016
P0348,448,448,,KH00348,Synthetic Owner 348,,Example Village,Example Mandal,Anantapur,Andhra Pradesh,Agricultural,Individual,14.2188,57541.49,Updated,Registered,DOC-00348,0.696,Conflict,Owner mismatch,2025-01-01,2025-06-01,14.677,77.604
P0349,449,449,,KH00349,Synthetic Owner 349,,Example Village,Example Mandal,Anantapur,Andhra Pradesh,Government,Individual,14.2188,57541.49,Updated,Registered,DOC-00349,0.708,Review Required,Low OCR confidence,2025-01-01,2025-06-01,14.677,77.6064
P0350,450,450,,KH00350,Synthetic Owner 350,,Example Village,Example Mandal,Anantapur,Andhra Pradesh,Water Body,Individual,14.2188,57541.49,Updated,Registered,DOC-00350,0.42,Review Required,Low OCR confidence,2025-01-01,2025-06-01,14.677,77.6088
P0351,451,451/1,1,KH00351,Synthetic Owner 351,,Example Village,Example Mandal,Anantapur,Andhra Pradesh,Agricultural,Individual,14.2187,57541.09,Pending,Registered,DOC-00351,0.772,Review Required,Missing mutation information,2025-01-01,2025-06-01,14.679,77.5512
P0352,452,452,,KH00352,Synthetic Owner 352,,Example Village,Example Mandal,Anantapur,Andhra Pradesh,Government,Individual,14.2187,57541.09,Updated,Registered,DOC-00352,0.948,Verified,,2025-01-01,2025-06-01,14.679,77.5536
P0353,453,453,,KH00353,Synthetic Owner 353,Synthetic Owner 853,Example Village,Example Mandal,Anantapur,Andhra Pradesh,Water Body,Joint,14.2187,57541.09,Updated,Registered,DOC-00353,0.957,Verified,,2025-01-01,2025-06-01,14.679,77.556
P0354,454,454,,KH00354,Synthetic Owner 354,,Example Village,Example Mandal,Anantapur,Andhra Pradesh,Agricultural,Individual,14.2187,57541.09,Updated,Registered,DOC-00354,0.808,Review Required,Possible duplicate,2025-01-01,2025-06-01,14.679,77.5584
P0355,455,455,,KH00355,Synthetic Owner 355,,Example Village,Example Mandal,Anantapur,Andhra Pradesh,Government,Individual,14.2187,57541.09,Updated,Registered,DOC-00355,0.975,Verified,,2025-01-01,2025-06-01,14.679,77.5608
P0356,456,456/3,3,KH00356,Synthetic Owner 356,,Example Village,Example Mandal,Anantapur,Andhra Pradesh,Water Body,Individual,14.2187,57541.09,Updated,Registered,DOC-00356,0.984,Verified,,2025-01-01,2025-06-01,14.679,77.5632
P0357,457,457,,KH00357,Synthetic Owner 357,,Example Village,Example Mandal,Anantapur,Andhra Pradesh,Agricultural,Individual,14.2187,57541.09,Pending,Registered,DOC-00357,0.844,Review Required,Missing mutation information,2025-01-01,2025-06-01,14.679,77.5656
P0358,458,458,,KH00358,Synthetic Owner 358,,Example Village,Example Mandal,Anantapur,Andhra Pradesh,Government,Individual,14.2187,57541.09,Updated,Registered,DOC-00358,0.939,Verified,,2025-01-01,2025-06-01,14.679,77.568
P0359,459,459,,KH00359,Synthetic Owner 359,,Example Village,Example Mandal,Anantapur,Andhra Pradesh,Water Body,Individual,14.2187,57541.09,Updated,Registered,DOC-00359,0.948,Verified,,2025-01-01,2025-06-01,14.679,77.5704
P0360,460,460,,KH00360,Synthetic Owner 360,,Example Village,Example Mandal,Anantapur,Andhra Pradesh,Agricultural,Individual,14.2187,57541.09,Updated,Registered,DOC-00360,0.957,Verified,,2025-01-01,2025-06-01,14.679,77.5728
P0361,461,461/2,2,KH00361,Synthetic Owner 361,,Example Village,Example Mandal,Anantapur,Andhra Pradesh,Government,Individual,14.2187,57541.09,Updated,Registered,DOC-00361,0.552,Review Required,Low OCR confidence,2025-01-01,2025-06-01,14.679,77.5752
P0362,462,462,,KH00362,Synthetic Owner 362,,Example Village,Example Mandal,Anantapur,Andhra Pradesh,Water Body,Individual,14.2187,57541.09,Updated,Registered,DOC-00362,0.975,Verified,,2025-01-01,2025-06-01,14.679,77.5776
P0363,463,463,,KH00363,Synthetic Owner 363,Synthetic Owner 863,Example Village,Example Mandal,Anantapur,Andhra Pradesh,Agricultural,Joint,14.2187,57541.09,Updated,Registered,DOC-00363,0.736,Review Required,Possible duplicate,2025-01-01,2025-06-01,14.679,77.58
P0364,464,464,,KH00364,Synthetic Owner 364,,Example Village,Example Mandal,Anantapur,Andhra Pradesh,Government,Individual,14.2187,57541.09,Updated,Registered,DOC-00364,0.93,Verified,,2025-01-01,2025-06-01,14.679,77.5824
P0365,465,465,,KH00365,Synthetic Owner 365,,Example Village,Example Mandal,Anantapur,Andhra Pradesh,Water Body,Individual,14.2187,57541.09,Updated,Registered,DOC-00365,0.939,Verified,,2025-01-01,2025-06-01,14.679,77.5848
P0366,466,466/1,1,KH00366,Synthetic Owner 366,,Example Village,Example Mandal,Anantapur,Andhra Pradesh,Agricultural,Individual,14.2187,57541.09,Updated,Registered,DOC-00366,0.612,Review Required,Low OCR confidence,2025-01-01,2025-06-01,14.679,77.5872
P0367,467,467,,KH00367,Synthetic Owner 367,,Example Village,Example Mandal,Anantapur,Andhra Pradesh,Government,Individual,14.2187,57541.09,Pending,Registered,DOC-00367,0.784,Review Required,Missing mutation information,2025-01-01,2025-06-01,14.679,77.5896
P0368,468,468,,KH00368,Synthetic Owner 368,,Example Village,Example Mandal,Anantapur,Andhra Pradesh,Water Body,Individual,14.2187,57541.09,Updated,Registered,DOC-00368,0.966,Verified,,2025-01-01,2025-06-01,14.679,77.592
P0369,469,469,,KH00369,Synthetic Owner 369,,Example Village,Example Mandal,Anantapur,Andhra Pradesh,Agricultural,Individual,14.2187,57541.09,Updated,Registered,DOC-00369,0.975,Verified,,2025-01-01,2025-06-01,14.679,77.5944
P0370,470,470,,KH00370,Synthetic Owner 370,,Example Village,Example Mandal,Anantapur,Andhra Pradesh,Government,Individual,14.2187,57541.09,Updated,Registered,DOC-00370,0.984,Verified,,2025-01-01,2025-06-01,14.679,77.5968
P0371,471,471/3,3,KH00371,Synthetic Owner 371,,Example Village,Example Mandal,Anantapur,Andhra Pradesh,Water Body,Individual,14.2187,57541.09,Updated,Registered,DOC-00371,0.93,Verified,,2025-01-01,2025-06-01,14.679,77.5992
P0372,472,472,,KH00372,Synthetic Owner 372,,Example Village,Example Mandal,Anantapur,Andhra Pradesh,Agricultural,Individual,14.2187,57541.09,Updated,Registered,DOC-00372,0.939,Verified,,2025-01-01,2025-06-01,14.679,77.6016
P0373,473,473,,KH00373,Synthetic Owner 373,Synthetic Owner 873,Example Village,Example Mandal,Anantapur,Andhra Pradesh,Government,Joint,14.2187,57541.09,Updated,Registered,DOC-00373,0.948,Verified,,2025-01-01,2025-06-01,14.679,77.604
P0374,474,474,,KH00374,Synthetic Owner 374,,Example Village,Example Mandal,Anantapur,Andhra Pradesh,Water Body,Individual,14.2187,57541.09,Updated,Registered,DOC-00374,0.957,Verified,,2025-01-01,2025-06-01,14.679,77.6064
P0375,475,475,,KH00375,Synthetic Owner 375,,Example Village,Example Mandal,Anantapur,Andhra Pradesh,Agricultural,Individual,14.2187,57541.09,Updated,Registered,DOC-00375,0.966,Verified,,2025-01-01,2025-06-01,14.679,77.6088
P0376,476,476/2,2,KH00376,Synthetic Owner 376,,Example Village,Example Mandal,Anantapur,Andhra Pradesh,Government,Individual,14.2185,57540.28,Pending,Registered,DOC-00376,0.712,Review Required,Missing mutation information,2025-01-01,2025-06-01,14.681,77.5512
P0377,477,477,,KH00377,Synthetic Owner 377,,Example Village,Example Mandal,Anantapur,Andhra Pradesh,Water Body,Individual,14.2185,57540.28,Pending,Registered,DOC-00377,0.724,Review Required,Missing mutation information,2025-01-01,2025-06-01,14.681,77.5536
P0378,478,478,,KH00378,Synthetic Owner 378,,Example Village,Example Mandal,Anantapur,Andhra Pradesh,Agricultural,Individual,14.2185,57540.28,Pending,Registered,DOC-00378,0.736,Review Required,Missing mutation information,2025-01-01,2025-06-01,14.681,77.556
P0379,479,479,,KH00379,Synthetic Owner 379,,Example Village,Example Mandal,Anantapur,Andhra Pradesh,Government,Individual,14.2185,57540.28,Updated,Registered,DOC-00379,0.939,Verified,,2025-01-01,2025-06-01,14.681,77.5584
P0380,480,480,,KH00380,Synthetic Owner 380,,Example Village,Example Mandal,Anantapur,Andhra Pradesh,Water Body,Individual,14.2185,57540.28,Updated,Registered,DOC-00380,0.48,Conflict,Survey number uncertainty,2025-01-01,2025-06-01,14.681,77.5608
P0381,481,481/1,1,KH00381,Synthetic Owner 381,,Example Village,Example Mandal,Anantapur,Andhra Pradesh,Agricultural,Individual,14.2185,57540.28,Updated,Registered,DOC-00381,0.772,Review Required,Possible duplicate,2025-01-01,2025-06-01,14.681,77.5632
P0382,482,482,,KH00382,Synthetic Owner 382,,Example Village,Example Mandal,Anantapur,Andhra Pradesh,Government,Individual,14.2185,57540.28,Updated,Registered,DOC-00382,0.966,Verified,,2025-01-01,2025-06-01,14.681,77.5656
P0383,483,483,,KH00383,Synthetic Owner 383,Synthetic Owner 883,Example Village,Example Mandal,Anantapur,Andhra Pradesh,Water Body,Joint,14.2185,57540.28,Updated,Registered,DOC-00383,0.975,Verified,,2025-01-01,2025-06-01,14.681,77.568
P0384,484,484,,KH00384,Synthetic Owner 384,,Example Village,Example Mandal,Anantapur,Andhra Pradesh,Agricultural,Individual,14.2185,57540.28,Pending,Registered,DOC-00384,0.808,Review Required,Missing mutation information,2025-01-01,2025-06-01,14.681,77.5704
P0385,485,485,,KH00385,Synthetic Owner 385,,Example Village,Example Mandal,Anantapur,Andhra Pradesh,Government,Individual,14.2185,57540.28,Updated,Registered,DOC-00385,0.93,Verified,,2025-01-01,2025-06-01,14.681,77.5728
P0386,486,486/3,3,KH00386,Synthetic Owner 386,,Example Village,Example Mandal,Anantapur,Andhra Pradesh,Water Body,Individual,14.2185,57540.28,Updated,Registered,DOC-00386,0.939,Verified,,2025-01-01,2025-06-01,14.681,77.5752
P0387,487,487,,KH00387,Synthetic Owner 387,,Example Village,Example Mandal,Anantapur,Andhra Pradesh,Agricultural,Individual,14.2185,57540.28,Updated,Registered,DOC-00387,0.948,Verified,,2025-01-01,2025-06-01,14.681,77.5776
P0388,488,488,,KH00388,Synthetic Owner 388,,Example Village,Example Mandal,Anantapur,Andhra Pradesh,Government,Individual,14.2185,57540.28,Updated,Registered,DOC-00388,0.957,Verified,,2025-01-01,2025-06-01,14.681,77.58
P0389,489,489,,KH00389,Synthetic Owner 389,,Example Village,Example Mandal,Anantapur,Andhra Pradesh,Water Body,Individual,14.2185,57540.28,Updated,Registered,DOC-00389,0.966,Verified,,2025-01-01,2025-06-01,14.681,77.5824
P0390,490,490,,KH00390,Synthetic Owner 390,,Example Village,Example Mandal,Anantapur,Andhra Pradesh,Agricultural,Individual,14.2185,57540.28,Updated,Registered,DOC-00390,0.975,Verified,,2025-01-01,2025-06-01,14.681,77.5848
P0391,491,491/2,2,KH00391,Synthetic Owner 391,,Example Village,Example Mandal,Anantapur,Andhra Pradesh,Government,Individual,14.2185,57540.28,Updated,Registered,DOC-00391,0.984,Verified,,2025-01-01,2025-06-01,14.681,77.5872
P0392,492,492,,KH00392,Synthetic Owner 392,,Example Village,Example Mandal,Anantapur,Andhra Pradesh,Water Body,Individual,14.2185,57540.28,Updated,Registered,DOC-00392,0.93,Verified,,2025-01-01,2025-06-01,14.681,77.5896
P0393,493,493,,KH00393,Synthetic Owner 393,Synthetic Owner 893,Example Village,Example Mandal,Anantapur,Andhra Pradesh,Agricultural,Joint,14.2185,57540.28,Updated,Registered,DOC-00393,0.636,Conflict,Survey number uncertainty,2025-01-01,2025-06-01,14.681,77.592
P0394,494,494,,KH00394,Synthetic Owner 394,,Example Village,Example Mandal,Anantapur,Andhra Pradesh,Government,Individual,14.2185,57540.28,Updated,Registered,DOC-00394,0.948,Verified,,2025-01-01,2025-06-01,14.681,77.5944
P0395,495,495,,KH00395,Synthetic Owner 395,,Example Village,Example Mandal,Anantapur,Andhra Pradesh,Water Body,Individual,14.2185,57540.28,Updated,Registered,DOC-00395,0.957,Verified,,2025-01-01,2025-06-01,14.681,77.5968
P0396,496,496/1,1,KH00396,Synthetic Owner 396,,Example Village,Example Mandal,Anantapur,Andhra Pradesh,Agricultural,Individual,14.2185,57540.28,Updated,Registered,DOC-00396,0.966,Verified,,2025-01-01,2025-06-01,14.681,77.5992
P0397,497,497,,KH00397,Synthetic Owner 397,,Example Village,Example Mandal,Anantapur,Andhra Pradesh,Government,Individual,14.2185,57540.28,Updated,Registered,DOC-00397,0.784,Review Required,Possible duplicate,2025-01-01,2025-06-01,14.681,77.6016
P0398,498,498,,KH00398,Synthetic Owner 398,,Example Village,Example Mandal,Anantapur,Andhra Pradesh,Water Body,Individual,14.2185,57540.28,Updated,Registered,DOC-00398,0.796,Review Required,Possible duplicate,2025-01-01,2025-06-01,14.681,77.604
P0399,499,499,,KH00399,Synthetic Owner 399,,Example Village,Example Mandal,Anantapur,Andhra Pradesh,Agricultural,Individual,14.2185,57540.28,Updated,Registered,DOC-00399,0.708,Conflict,Owner mismatch,2025-01-01,2025-06-01,14.681,77.6064
P0400,500,500,,KH00400,Synthetic Owner 400,,Example Village,Example Mandal,Anantapur,Andhra Pradesh,Government,Individual,14.2185,57540.28,Updated,Registered,DOC-00400,0.939,Verified,,2025-01-01,2025-06-01,14.681,77.6088
P0401,501,501/3,3,KH00401,Synthetic Owner 401,,Example Village,Example Mandal,Anantapur,Andhra Pradesh,Water Body,Individual,14.2184,57539.87,Updated,Registered,DOC-00401,0.432,Conflict,Area mismatch,2025-01-01,2025-06-01,14.683,77.5512
P0402,502,502,,KH00402,Synthetic Owner 402,,Example Village,Example Mandal,Anantapur,Andhra Pradesh,Agricultural,Individual,14.2184,57539.87,Updated,Registered,DOC-00402,0.957,Verified,,2025-01-01,2025-06-01,14.683,77.5536
P0403,503,503,,KH00403,Synthetic Owner 403,Synthetic Owner 903,Example Village,Example Mandal,Anantapur,Andhra Pradesh,Government,Joint,14.2184,57539.87,Updated,Registered,DOC-00403,0.456,Conflict,Area mismatch,2025-01-01,2025-06-01,14.683,77.556
P0404,504,504,,KH00404,Synthetic Owner 404,,Example Village,Example Mandal,Anantapur,Andhra Pradesh,Water Body,Individual,14.2184,57539.87,Updated,Registered,DOC-00404,0.975,Verified,,2025-01-01,2025-06-01,14.683,77.5584
P0405,505,505,,KH00405,Synthetic Owner 405,,Example Village,Example Mandal,Anantapur,Andhra Pradesh,Agricultural,Individual,14.2184,57539.87,Updated,Registered,DOC-00405,0.984,Verified,,2025-01-01,2025-06-01,14.683,77.5608
P0406,506,506/2,2,KH00406,Synthetic Owner 406,,Example Village,Example Mandal,Anantapur,Andhra Pradesh,Government,Individual,14.2184,57539.87,Updated,Registered,DOC-00406,0.93,Verified,,2025-01-01,2025-06-01,14.683,77.5632
P0407,507,507,,KH00407,Synthetic Owner 407,,Example Village,Example Mandal,Anantapur,Andhra Pradesh,Water Body,Individual,14.2184,57539.87,Updated,Registered,DOC-00407,0.939,Verified,,2025-01-01,2025-06-01,14.683,77.5656
P0408,508,508,,KH00408,Synthetic Owner 408,,Example Village,Example Mandal,Anantapur,Andhra Pradesh,Agricultural,Individual,14.2184,57539.87,Pending,Registered,DOC-00408,0.736,Review Required,Missing mutation information,2025-01-01,2025-06-01,14.683,77.568
P0409,509,509,,KH00409,Synthetic Owner 409,,Example Village,Example Mandal,Anantapur,Andhra Pradesh,Government,Individual,14.2184,57539.87,Updated,Registered,DOC-00409,0.528,Review Required,Low OCR confidence,2025-01-01,2025-06-01,14.683,77.5704
P0410,510,510,,KH00410,Synthetic Owner 410,,Example Village,Example Mandal,Anantapur,Andhra Pradesh,Water Body,Individual,14.2184,57539.87,Updated,Registered,DOC-00410,0.966,Verified,,2025-01-01,2025-06-01,14.683,77.5728
P0411,511,511/1,1,KH00411,Synthetic Owner 411,,Example Village,Example Mandal,Anantapur,Andhra Pradesh,Agricultural,Individual,14.2184,57539.87,Updated,Registered,DOC-00411,0.975,Verified,,2025-01-01,2025-06-01,14.683,77.5752
P0412,512,512,,KH00412,Synthetic Owner 412,,Example Village,Example Mandal,Anantapur,Andhra Pradesh,Government,Individual,14.2184,57539.87,Updated,Registered,DOC-00412,0.984,Verified,,2025-01-01,2025-06-01,14.683,77.5776
P0413,513,513,,KH00413,Synthetic Owner 413,Synthetic Owner 913,Example Village,Example Mandal,Anantapur,Andhra Pradesh,Water Body,Joint,14.2184,57539.87,Updated,Registered,DOC-00413,0.576,Conflict,Owner mismatch,2025-01-01,2025-06-01,14.683,77.58
P0414,514,514,,KH00414,Synthetic Owner 414,,Example Village,Example Mandal,Anantapur,Andhra Pradesh,Agricultural,Individual,14.2184,57539.87,Pending,Registered,DOC-00414,0.808,Review Required,Missing mutation information,2025-01-01,2025-06-01,14.683,77.5824
P0415,515,515,,KH00415,Synthetic Owner 415,,Example Village,Example Mandal,Anantapur,Andhra Pradesh,Government,Individual,14.2184,57539.87,Updated,Registered,DOC-00415,0.6,Review Required,Low OCR confidence,2025-01-01,2025-06-01,14.683,77.5848
P0416,516,516/3,3,KH00416,Synthetic Owner 416,,Example Village,Example Mandal,Anantapur,Andhra Pradesh,Water Body,Individual,14.2184,57539.87,Updated,Registered,DOC-00416,0.612,Conflict,Area mismatch,2025-01-01,2025-06-01,14.683,77.5872
P0417,517,517,,KH00417,Synthetic Owner 417,,Example Village,Example Mandal,Anantapur,Andhra Pradesh,Agricultural,Individual,14.2184,57539.87,Updated,Registered,DOC-00417,0.966,Verified,,2025-01-01,2025-06-01,14.683,77.5896
P0418,518,518,,KH00418,Synthetic Owner 418,,Example Village,Example Mandal,Anantapur,Andhra Pradesh,Government,Individual,14.2184,57539.87,Updated,Registered,DOC-00418,0.856,Review Required,Possible duplicate,2025-01-01,2025-06-01,14.683,77.592
P0419,519,519,,KH00419,Synthetic Owner 419,,Example Village,Example Mandal,Anantapur,Andhra Pradesh,Water Body,Individual,14.2184,57539.87,Updated,Registered,DOC-00419,0.984,Verified,,2025-01-01,2025-06-01,14.683,77.5944
P0420,520,520,,KH00420,Synthetic Owner 420,,Example Village,Example Mandal,Anantapur,Andhra Pradesh,Agricultural,Individual,14.2184,57539.87,Updated,Registered,DOC-00420,0.66,Conflict,Area mismatch,2025-01-01,2025-06-01,14.683,77.5968
P0421,521,521/2,2,KH00421,Synthetic Owner 421,,Example Village,Example Mandal,Anantapur,Andhra Pradesh,Government,Individual,14.2184,57539.87,Updated,Registered,DOC-00421,0.939,Verified,,2025-01-01,2025-06-01,14.683,77.5992
P0422,522,522,,KH00422,Synthetic Owner 422,,Example Village,Example Mandal,Anantapur,Andhra Pradesh,Water Body,Individual,14.2184,57539.87,Updated,Registered,DOC-00422,0.724,Review Required,Possible duplicate,2025-01-01,2025-06-01,14.683,77.6016
P0423,523,523,,KH00423,Synthetic Owner 423,Synthetic Owner 923,Example Village,Example Mandal,Anantapur,Andhra Pradesh,Agricultural,Joint,14.2184,57539.87,Updated,Registered,DOC-00423,0.957,Verified,,2025-01-01,2025-06-01,14.683,77.604
P0424,524,524,,KH00424,Synthetic Owner 424,,Example Village,Example Mandal,Anantapur,Andhra Pradesh,Government,Individual,14.2184,57539.87,Pending,Registered,DOC-00424,0.748,Review Required,Missing mutation information,2025-01-01,2025-06-01,14.683,77.6064
P0425,525,525,,KH00425,Synthetic Owner 425,,Example Village,Example Mandal,Anantapur,Andhra Pradesh,Water Body,Individual,14.2184,57539.87,Updated,Registered,DOC-00425,0.76,Review Required,Possible duplicate,2025-01-01,2025-06-01,14.683,77.6088
P0426,526,526/1,1,KH00426,Synthetic Owner 426,,Example Village,Example Mandal,Anantapur,Andhra Pradesh,Agricultural,Individual,14.2183,57539.47,Updated,Registered,DOC-00426,0.432,Review Required,Low OCR confidence,2025-01-01,2025-06-01,14.685,77.5512
P0427,527,527,,KH00427,Synthetic Owner 427,,Example Village,Example Mandal,Anantapur,Andhra Pradesh,Government,Individual,14.2183,57539.47,Updated,Registered,DOC-00427,0.93,Verified,,2025-01-01,2025-06-01,14.685,77.5536
P0428,528,528,,KH00428,Synthetic Owner 428,,Example Village,Example Mandal,Anantapur,Andhra Pradesh,Water Body,Individual,14.2183,57539.47,Updated,Registered,DOC-00428,0.939,Verified,,2025-01-01,2025-06-01,14.685,77.556
P0429,529,529,,KH00429,Synthetic Owner 429,,Example Village,Example Mandal,Anantapur,Andhra Pradesh,Agricultural,Individual,14.2183,57539.47,Updated,Registered,DOC-00429,0.808,Review Required,Possible duplicate,2025-01-01,2025-06-01,14.685,77.5584
P0430,530,530,,KH00430,Synthetic Owner 430,,Example Village,Example Mandal,Anantapur,Andhra Pradesh,Government,Individual,14.2183,57539.47,Updated,Registered,DOC-00430,0.957,Verified,,2025-01-01,2025-06-01,14.685,77.5608
P0431,531,531/3,3,KH00431,Synthetic Owner 431,,Example Village,Example Mandal,Anantapur,Andhra Pradesh,Water Body,Individual,14.2183,57539.47,Updated,Registered,DOC-00431,0.966,Verified,,2025-01-01,2025-06-01,14.685,77.5632
P0432,532,532,,KH00432,Synthetic Owner 432,,Example Village,Example Mandal,Anantapur,Andhra Pradesh,Agricultural,Individual,14.2183,57539.47,Updated,Registered,DOC-00432,0.504,Conflict,Area mismatch,2025-01-01,2025-06-01,14.685,77.5656
P0433,533,533,,KH00433,Synthetic Owner 433,Synthetic Owner 933,Example Village,Example Mandal,Anantapur,Andhra Pradesh,Government,Joint,14.2183,57539.47,Updated,Registered,DOC-00433,0.516,Conflict,Owner mismatch,2025-01-01,2025-06-01,14.685,77.568
P0434,534,534,,KH00434,Synthetic Owner 434,,Example Village,Example Mandal,Anantapur,Andhra Pradesh,Water Body,Individual,14.2183,57539.47,Updated,Registered,DOC-00434,0.93,Verified,,2025-01-01,2025-06-01,14.685,77.5704
P0435,535,535,,KH00435,Synthetic Owner 435,,Example Village,Example Mandal,Anantapur,Andhra Pradesh,Agricultural,Individual,14.2183,57539.47,Updated,Registered,DOC-00435,0.939,Verified,,2025-01-01,2025-06-01,14.685,77.5728
P0436,536,536/2,2,KH00436,Synthetic Owner 436,,Example Village,Example Mandal,Anantapur,Andhra Pradesh,Government,Individual,14.2183,57539.47,Updated,Registered,DOC-00436,0.552,Review Required,Low OCR confidence,2025-01-01,2025-06-01,14.685,77.5752
P0437,537,537,,KH00437,Synthetic Owner 437,,Example Village,Example Mandal,Anantapur,Andhra Pradesh,Water Body,Individual,14.2183,57539.47,Updated,Registered,DOC-00437,0.564,Review Required,Low OCR confidence,2025-01-01,2025-06-01,14.685,77.5776
P0438,538,538,,KH00438,Synthetic Owner 438,,Example Village,Example Mandal,Anantapur,Andhra Pradesh,Agricultural,Individual,14.2183,57539.47,Updated,Registered,DOC-00438,0.966,Verified,,2025-01-01,2025-06-01,14.685,77.58
P0439,539,539,,KH00439,Synthetic Owner 439,,Example Village,Example Mandal,Anantapur,Andhra Pradesh,Government,Individual,14.2183,57539.47,Pending,Registered,DOC-00439,0.748,Review Required,Missing mutation information,2025-01-01,2025-06-01,14.685,77.5824
P0440,540,540,,KH00440,Synthetic Owner 440,,Example Village,Example Mandal,Anantapur,Andhra Pradesh,Water Body,Individual,14.2183,57539.47,Updated,Registered,DOC-00440,0.984,Verified,,2025-01-01,2025-06-01,14.685,77.5848
P0441,541,541/1,1,KH00441,Synthetic Owner 441,,Example Village,Example Mandal,Anantapur,Andhra Pradesh,Agricultural,Individual,14.2183,57539.47,Updated,Registered,DOC-00441,0.93,Verified,,2025-01-01,2025-06-01,14.685,77.5872
P0442,542,542,,KH00442,Synthetic Owner 442,,Example Village,Example Mandal,Anantapur,Andhra Pradesh,Government,Individual,14.2183,57539.47,Updated,Registered,DOC-00442,0.939,Verified,,2025-01-01,2025-06-01,14.685,77.5896
P0443,543,543,,KH00443,Synthetic Owner 443,Synthetic Owner 943,Example Village,Example Mandal,Anantapur,Andhra Pradesh,Water Body,Joint,14.2183,57539.47,Pending,Registered,DOC-00443,0.796,Review Required,Missing mutation information,2025-01-01,2025-06-01,14.685,77.592
P0444,544,544,,KH00444,Synthetic Owner 444,,Example Village,Example Mandal,Anantapur,Andhra Pradesh,Agricultural,Individual,14.2183,57539.47,Updated,Registered,DOC-00444,0.648,Conflict,Owner mismatch,2025-01-01,2025-06-01,14.685,77.5944
P0445,545,545,,KH00445,Synthetic Owner 445,,Example Village,Example Mandal,Anantapur,Andhra Pradesh,Government,Individual,14.2183,57539.47,Updated,Registered,DOC-00445,0.966,Verified,,2025-01-01,2025-06-01,14.685,77.5968
P0446,546,546/3,3,KH00446,Synthetic Owner 446,,Example Village,Example Mandal,Anantapur,Andhra Pradesh,Water Body,Individual,14.2183,57539.47,Updated,Registered,DOC-00446,0.672,Conflict,Owner mismatch,2025-01-01,2025-06-01,14.685,77.5992
P0447,547,547,,KH00447,Synthetic Owner 447,,Example Village,Example Mandal,Anantapur,Andhra Pradesh,Agricultural,Individual,14.2183,57539.47,Pending,Registered,DOC-00447,0.844,Review Required,Missing mutation information,2025-01-01,2025-06-01,14.685,77.6016
P0448,548,548,,KH00448,Synthetic Owner 448,,Example Village,Example Mandal,Anantapur,Andhra Pradesh,Government,Individual,14.2183,57539.47,Updated,Registered,DOC-00448,0.93,Verified,,2025-01-01,2025-06-01,14.685,77.604
P0449,549,549,,KH00449,Synthetic Owner 449,,Example Village,Example Mandal,Anantapur,Andhra Pradesh,Water Body,Individual,14.2183,57539.47,Updated,Registered,DOC-00449,0.708,Conflict,Area mismatch,2025-01-01,2025-06-01,14.685,77.6064
P0450,550,550,,KH00450,Synthetic Owner 450,,Example Village,Example Mandal,Anantapur,Andhra Pradesh,Agricultural,Individual,14.2183,57539.47,Pending,Registered,DOC-00450,0.7,Review Required,Missing mutation information,2025-01-01,2025-06-01,14.685,77.6088
P0451,551,551/2,2,KH00451,Synthetic Owner 451,,Example Village,Example Mandal,Anantapur,Andhra Pradesh,Government,Individual,14.2182,57539.06,Updated,Registered,DOC-00451,0.957,Verified,,2025-01-01,2025-06-01,14.687,77.5512
P0452,552,552,,KH00452,Synthetic Owner 452,,Example Village,Example Mandal,Anantapur,Andhra Pradesh,Water Body,Individual,14.2182,57539.06,Updated,Registered,DOC-00452,0.966,Verified,,2025-01-01,2025-06-01,14.687,77.5536
P0453,553,553,,KH00453,Synthetic Owner 453,Synthetic Owner 953,Example Village,Example Mandal,Anantapur,Andhra Pradesh,Agricultural,Joint,14.2182,57539.06,Updated,Registered,DOC-00453,0.975,Verified,,2025-01-01,2025-06-01,14.687,77.556
P0454,554,554,,KH00454,Synthetic Owner 454,,Example Village,Example Mandal,Anantapur,Andhra Pradesh,Government,Individual,14.2182,57539.06,Updated,Registered,DOC-00454,0.984,Verified,,2025-01-01,2025-06-01,14.687,77.5584
P0455,555,555,,KH00455,Synthetic Owner 455,,Example Village,Example Mandal,Anantapur,Andhra Pradesh,Water Body,Individual,14.2182,57539.06,Updated,Registered,DOC-00455,0.93,Verified,,2025-01-01,2025-06-01,14.687,77.5608
P0456,556,556/1,1,KH00456,Synthetic Owner 456,,Example Village,Example Mandal,Anantapur,Andhra Pradesh,Agricultural,Individual,14.2182,57539.06,Updated,Registered,DOC-00456,0.939,Verified,,2025-01-01,2025-06-01,14.687,77.5632
P0457,557,557,,KH00457,Synthetic Owner 457,,Example Village,Example Mandal,Anantapur,Andhra Pradesh,Government,Individual,14.2182,57539.06,Updated,Registered,DOC-00457,0.504,Review Required,Low OCR confidence,2025-01-01,2025-06-01,14.687,77.5656
P0458,558,558,,KH00458,Synthetic Owner 458,,Example Village,Example Mandal,Anantapur,Andhra Pradesh,Water Body,Individual,14.2182,57539.06,Updated,Registered,DOC-00458,0.957,Verified,,2025-01-01,2025-06-01,14.687,77.568
P0459,559,559,,KH00459,Synthetic Owner 459,,Example Village,Example Mandal,Anantapur,Andhra Pradesh,Agricultural,Individual,14.2182,57539.06,Updated,Registered,DOC-00459,0.966,Verified,,2025-01-01,2025-06-01,14.687,77.5704
P0460,560,560,,KH00460,Synthetic Owner 460,,Example Village,Example Mandal,Anantapur,Andhra Pradesh,Government,Individual,14.2182,57539.06,Updated,Registered,DOC-00460,0.975,Verified,,2025-01-01,2025-06-01,14.687,77.5728
P0461,561,561/3,3,KH00461,Synthetic Owner 461,,Example Village,Example Mandal,Anantapur,Andhra Pradesh,Water Body,Individual,14.2182,57539.06,Updated,Registered,DOC-00461,0.552,Conflict,Owner mismatch,2025-01-01,2025-06-01,14.687,77.5752
P0462,562,562,,KH00462,Synthetic Owner 462,,Example Village,Example Mandal,Anantapur,Andhra Pradesh,Agricultural,Individual,14.2182,57539.06,Updated,Registered,DOC-00462,0.844,Review Required,Possible duplicate,2025-01-01,2025-06-01,14.687,77.5776
P0463,563,563,,KH00463,Synthetic Owner 463,Synthetic Owner 963,Example Village,Example Mandal,Anantapur,Andhra Pradesh,Government,Joint,14.2182,57539.06,Updated,Registered,DOC-00463,0.939,Verified,,2025-01-01,2025-06-01,14.687,77.58
P0464,564,564,,KH00464,Synthetic Owner 464,,Example Village,Example Mandal,Anantapur,Andhra Pradesh,Water Body,Individual,14.2182,57539.06,Updated,Registered,DOC-00464,0.948,Verified,,2025-01-01,2025-06-01,14.687,77.5824
P0465,565,565,,KH00465,Synthetic Owner 465,,Example Village,Example Mandal,Anantapur,Andhra Pradesh,Agricultural,Individual,14.2182,57539.06,Updated,Registered,DOC-00465,0.957,Verified,,2025-01-01,2025-06-01,14.687,77.5848
P0466,566,566/2,2,KH00466,Synthetic Owner 466,,Example Village,Example Mandal,Anantapur,Andhra Pradesh,Government,Individual,14.2182,57539.06,Updated,Registered,DOC-00466,0.966,Verified,,2025-01-01,2025-06-01,14.687,77.5872
P0467,567,567,,KH00467,Synthetic Owner 467,,Example Village,Example Mandal,Anantapur,Andhra Pradesh,Water Body,Individual,14.2182,57539.06,Pending,Registered,DOC-00467,0.724,Review Required,Missing mutation information,2025-01-01,2025-06-01,14.687,77.5896
P0468,568,568,,KH00468,Synthetic Owner 468,,Example Village,Example Mandal,Anantapur,Andhra Pradesh,Agricultural,Individual,14.2182,57539.06,Updated,Registered,DOC-00468,0.984,Verified,,2025-01-01,2025-06-01,14.687,77.592
P0469,569,569,,KH00469,Synthetic Owner 469,,Example Village,Example Mandal,Anantapur,Andhra Pradesh,Government,Individual,14.2182,57539.06,Updated,Registered,DOC-00469,0.93,Verified,,2025-01-01,2025-06-01,14.687,77.5944
P0470,570,570,,KH00470,Synthetic Owner 470,,Example Village,Example Mandal,Anantapur,Andhra Pradesh,Water Body,Individual,14.2182,57539.06,Updated,Registered,DOC-00470,0.939,Verified,,2025-01-01,2025-06-01,14.687,77.5968
P0471,571,571/1,1,KH00471,Synthetic Owner 471,,Example Village,Example Mandal,Anantapur,Andhra Pradesh,Agricultural,Individual,14.2182,57539.06,Updated,Registered,DOC-00471,0.948,Verified,,2025-01-01,2025-06-01,14.687,77.5992
P0472,572,572,,KH00472,Synthetic Owner 472,,Example Village,Example Mandal,Anantapur,Andhra Pradesh,Government,Individual,14.2182,57539.06,Updated,Registered,DOC-00472,0.957,Verified,,2025-01-01,2025-06-01,14.687,77.6016
P0473,573,573,,KH00473,Synthetic Owner 473,Synthetic Owner 973,Example Village,Example Mandal,Anantapur,Andhra Pradesh,Water Body,Joint,14.2182,57539.06,Updated,Registered,DOC-00473,0.966,Verified,,2025-01-01,2025-06-01,14.687,77.604
P0474,574,574,,KH00474,Synthetic Owner 474,,Example Village,Example Mandal,Anantapur,Andhra Pradesh,Agricultural,Individual,14.2182,57539.06,Updated,Registered,DOC-00474,0.975,Verified,,2025-01-01,2025-06-01,14.687,77.6064
P0475,575,575,,KH00475,Synthetic Owner 475,,Example Village,Example Mandal,Anantapur,Andhra Pradesh,Government,Individual,14.2182,57539.06,Updated,Registered,DOC-00475,0.42,Conflict,Owner mismatch,2025-01-01,2025-06-01,14.687,77.6088
P0476,576,576/3,3,KH00476,Synthetic Owner 476,,Example Village,Example Mandal,Anantapur,Andhra Pradesh,Water Body,Individual,14.218,57538.26,Updated,Registered,DOC-00476,0.93,Verified,,2025-01-01,2025-06-01,14.689,77.5512
P0477,577,577,,KH00477,Synthetic Owner 477,,Example Village,Example Mandal,Anantapur,Andhra Pradesh,Agricultural,Individual,14.218,57538.26,Updated,Registered,DOC-00477,0.939,Verified,,2025-01-01,2025-06-01,14.689,77.5536
P0478,578,578,,KH00478,Synthetic Owner 478,,Example Village,Example Mandal,Anantapur,Andhra Pradesh,Government,Individual,14.218,57538.26,Updated,Registered,DOC-00478,0.948,Verified,,2025-01-01,2025-06-01,14.689,77.556
P0479,579,579,,KH00479,Synthetic Owner 479,,Example Village,Example Mandal,Anantapur,Andhra Pradesh,Water Body,Individual,14.218,57538.26,Updated,Registered,DOC-00479,0.957,Verified,,2025-01-01,2025-06-01,14.689,77.5584
P0480,580,580,,KH00480,Synthetic Owner 480,,Example Village,Example Mandal,Anantapur,Andhra Pradesh,Agricultural,Individual,14.218,57538.26,Updated,Registered,DOC-00480,0.966,Verified,,2025-01-01,2025-06-01,14.689,77.5608
P0481,581,581/2,2,KH00481,Synthetic Owner 481,,Example Village,Example Mandal,Anantapur,Andhra Pradesh,Government,Individual,14.218,57538.26,Updated,Registered,DOC-00481,0.975,Verified,,2025-01-01,2025-06-01,14.689,77.5632
P0482,582,582,,KH00482,Synthetic Owner 482,,Example Village,Example Mandal,Anantapur,Andhra Pradesh,Water Body,Individual,14.218,57538.26,Updated,Registered,DOC-00482,0.724,Review Required,Possible duplicate,2025-01-01,2025-06-01,14.689,77.5656
P0483,583,583,,KH00483,Synthetic Owner 483,Synthetic Owner 983,Example Village,Example Mandal,Anantapur,Andhra Pradesh,Agricultural,Joint,14.218,57538.26,Updated,Registered,DOC-00483,0.93,Verified,,2025-01-01,2025-06-01,14.689,77.568
P0484,584,584,,KH00484,Synthetic Owner 484,,Example Village,Example Mandal,Anantapur,Andhra Pradesh,Government,Individual,14.218,57538.26,Pending,Registered,DOC-00484,0.748,Review Required,Missing mutation information,2025-01-01,2025-06-01,14.689,77.5704
P0485,585,585,,KH00485,Synthetic Owner 485,,Example Village,Example Mandal,Anantapur,Andhra Pradesh,Water Body,Individual,14.218,57538.26,Updated,Registered,DOC-00485,0.948,Verified,,2025-01-01,2025-06-01,14.689,77.5728
P0486,586,586/1,1,KH00486,Synthetic Owner 486,,Example Village,Example Mandal,Anantapur,Andhra Pradesh,Agricultural,Individual,14.218,57538.26,Updated,Registered,DOC-00486,0.957,Verified,,2025-01-01,2025-06-01,14.689,77.5752
P0487,587,587,,KH00487,Synthetic Owner 487,,Example Village,Example Mandal,Anantapur,Andhra Pradesh,Government,Individual,14.218,57538.26,Updated,Registered,DOC-00487,0.966,Verified,,2025-01-01,2025-06-01,14.689,77.5776
P0488,588,588,,KH00488,Synthetic Owner 488,,Example Village,Example Mandal,Anantapur,Andhra Pradesh,Water Body,Individual,14.218,57538.26,Updated,Registered,DOC-00488,0.975,Verified,,2025-01-01,2025-06-01,14.689,77.58
P0489,589,589,,KH00489,Synthetic Owner 489,,Example Village,Example Mandal,Anantapur,Andhra Pradesh,Agricultural,Individual,14.218,57538.26,Updated,Registered,DOC-00489,0.984,Verified,,2025-01-01,2025-06-01,14.689,77.5824
P0490,590,590,,KH00490,Synthetic Owner 490,,Example Village,Example Mandal,Anantapur,Andhra Pradesh,Government,Individual,14.218,57538.26,Updated,Registered,DOC-00490,0.93,Verified,,2025-01-01,2025-06-01,14.689,77.5848
P0491,591,591/3,3,KH00491,Synthetic Owner 491,,Example Village,Example Mandal,Anantapur,Andhra Pradesh,Water Body,Individual,14.218,57538.26,Updated,Registered,DOC-00491,0.612,Conflict,Owner mismatch,2025-01-01,2025-06-01,14.689,77.5872
P0492,592,592,,KH00492,Synthetic Owner 492,,Example Village,Example Mandal,Anantapur,Andhra Pradesh,Agricultural,Individual,14.218,57538.26,Updated,Registered,DOC-00492,0.624,Review Required,Low OCR confidence,2025-01-01,2025-06-01,14.689,77.5896
P0493,593,593,,KH00493,Synthetic Owner 493,Synthetic Owner 993,Example Village,Example Mandal,Anantapur,Andhra Pradesh,Government,Joint,14.218,57538.26,Updated,Registered,DOC-00493,0.957,Verified,,2025-01-01,2025-06-01,14.689,77.592
P0494,594,594,,KH00494,Synthetic Owner 494,,Example Village,Example Mandal,Anantapur,Andhra Pradesh,Water Body,Individual,14.218,57538.26,Updated,Registered,DOC-00494,0.966,Verified,,2025-01-01,2025-06-01,14.689,77.5944
P0495,595,595,,KH00495,Synthetic Owner 495,,Example Village,Example Mandal,Anantapur,Andhra Pradesh,Agricultural,Individual,14.218,57538.26,Updated,Registered,DOC-00495,0.975,Verified,,2025-01-01,2025-06-01,14.689,77.5968
P0496,596,596/2,2,KH00496,Synthetic Owner 496,,Example Village,Example Mandal,Anantapur,Andhra Pradesh,Government,Individual,14.218,57538.26,Updated,Registered,DOC-00496,0.984,Verified,,2025-01-01,2025-06-01,14.689,77.5992
P0497,597,597,,KH00497,Synthetic Owner 497,,Example Village,Example Mandal,Anantapur,Andhra Pradesh,Water Body,Individual,14.218,57538.26,Updated,Registered,DOC-00497,0.724,Review Required,Possible duplicate,2025-01-01,2025-06-01,14.689,77.6016
P0498,598,598,,KH00498,Synthetic Owner 498,,Example Village,Example Mandal,Anantapur,Andhra Pradesh,Agricultural,Individual,14.218,57538.26,Updated,Registered,DOC-00498,0.939,Verified,,2025-01-01,2025-06-01,14.689,77.604
P0499,599,599,,KH00499,Synthetic Owner 499,,Example Village,Example Mandal,Anantapur,Andhra Pradesh,Government,Individual,14.218,57538.26,Updated,Registered,DOC-00499,0.948,Verified,,2025-01-01,2025-06-01,14.689,77.6064
P0500,600,600,,KH00500,Synthetic Owner 500,,Example Village,Example Mandal,Anantapur,Andhra Pradesh,Water Body,Individual,14.218,57538.26,Updated,Registered,DOC-00500,0.957,Verified,,2025-01-01,2025-06-01,14.689,77.6088
