{
  "type": "FeatureCollection",
  "name": "parcels_500",
  "crs": {
    "type": "name",
    "properties": {
      "name": "urn:ogc:def:crs:OGC:1.3:CRS84"
    }
  },
  "features": [
    {
      "type": "Feature",
      "id": "P0001",
      "geometry": {
        "type": "Polygon",
        "coordinates": [
          [
            [
              77.5502,
              14.6502
            ],
            [
              77.5522,
              14.6502
            ],
            [
              77.5522,
              14.6518
            ],
            [
              77.5502,
              14.6518
            ],
            [
              77.5502,
              14.6502
            ]
          ]
        ]
      },
      "properties": {
        "parcel_id": "P0001",
        "survey_no": "101/1",
        "survey_number": "101",
        "owner_name": "Synthetic Owner 001",
        "ocr_owner_name": "Synthetic Owner 001",
        "area_acres": 14.2205,
        "ocr_area_acres": 14.2205,
        "area_hectares": 5.755,
        "land_class": "Government",
        "district": "Anantapur",
        "state": "Andhra Pradesh",
        "village": "Example Village",
        "document_id": "DOC-00001",
        "confidence": 0.939,
        "verification_status": "Verified",
        "validation_issue": "",
        "is_disputed": false,
        "color": "#00C896"
      }
    },
    {
      "type": "Feature",
      "id": "P0002",
      "geometry": {
        "type": "Polygon",
        "coordinates": [
          [
            [
              77.5526,
              14.6502
            ],
            [
              77.5546,
              14.6502
            ],
            [
              77.5546,
              14.6518
            ],
            [
              77.5526,
              14.6518
            ],
            [
              77.5526,
              14.6502
            ]
          ]
        ]
      },
      "properties": {
        "parcel_id": "P0002",
        "survey_no": "102",
        "survey_number": "102",
        "owner_name": "Synthetic Owner 002",
        "ocr_owner_name": "Synthetic Owner 002",
        "area_acres": 14.2205,
        "ocr_area_acres": 14.2205,
        "area_hectares": 5.755,
        "land_class": "Water Body",
        "district": "Anantapur",
        "state": "Andhra Pradesh",
        "village": "Example Village",
        "document_id": "DOC-00002",
        "confidence": 0.948,
        "verification_status": "Verified",
        "validation_issue": "",
        "is_disputed": false,
        "color": "#00C896"
      }
    },
    {
      "type": "Feature",
      "id": "P0003",
      "geometry": {
        "type": "Polygon",
        "coordinates": [
          [
            [
              77.555,
              14.6502
            ],
            [
              77.557,
              14.6502
            ],
            [
              77.557,
              14.6518
            ],
            [
              77.555,
              14.6518
            ],
            [
              77.555,
              14.6502
            ]
          ]
        ]
      },
      "properties": {
        "parcel_id": "P0003",
        "survey_no": "103",
        "survey_number": "103",
        "owner_name": "Synthetic Owner 003",
        "ocr_owner_name": "Synthetic Owner 003",
        "area_acres": 14.2205,
        "ocr_area_acres": 14.2205,
        "area_hectares": 5.755,
        "land_class": "Agricultural",
        "district": "Anantapur",
        "state": "Andhra Pradesh",
        "village": "Example Village",
        "document_id": "DOC-00003",
        "confidence": 0.736,
        "verification_status": "Review Required",
        "validation_issue": "Missing mutation information",
        "is_disputed": false,
        "color": "#FFB800"
      }
    },
    {
      "type": "Feature",
      "id": "P0004",
      "geometry": {
        "type": "Polygon",
        "coordinates": [
          [
            [
              77.5574,
              14.6502
            ],
            [
              77.5594,
              14.6502
            ],
            [
              77.5594,
              14.6518
            ],
            [
              77.5574,
              14.6518
            ],
            [
              77.5574,
              14.6502
            ]
          ]
        ]
      },
      "properties": {
        "parcel_id": "P0004",
        "survey_no": "104",
        "survey_number": "104",
        "owner_name": "Synthetic Owner 004",
        "ocr_owner_name": "Synthetic Owner 004",
        "area_acres": 14.2205,
        "ocr_area_acres": 14.2205,
        "area_hectares": 5.755,
        "land_class": "Government",
        "district": "Anantapur",
        "state": "Andhra Pradesh",
        "village": "Example Village",
        "document_id": "DOC-00004",
        "confidence": 0.748,
        "verification_status": "Review Required",
        "validation_issue": "Missing mutation information",
        "is_disputed": false,
        "color": "#FFB800"
      }
    },
    {
      "type": "Feature",
      "id": "P0005",
      "geometry": {
        "type": "Polygon",
        "coordinates": [
          [
            [
              77.5598,
              14.6502
            ],
            [
              77.5618,
              14.6502
            ],
            [
              77.5618,
              14.6518
            ],
            [
              77.5598,
              14.6518
            ],
            [
              77.5598,
              14.6502
            ]
          ]
        ]
      },
      "properties": {
        "parcel_id": "P0005",
        "survey_no": "105",
        "survey_number": "105",
        "owner_name": "Synthetic Owner 005",
        "ocr_owner_name": "Synthetic Owner 005",
        "area_acres": 14.2205,
        "ocr_area_acres": 14.2205,
        "area_hectares": 5.755,
        "land_class": "Water Body",
        "district": "Anantapur",
        "state": "Andhra Pradesh",
        "village": "Example Village",
        "document_id": "DOC-00005",
        "confidence": 0.975,
        "verification_status": "Verified",
        "validation_issue": "",
        "is_disputed": false,
        "color": "#00C896"
      }
    },
    {
      "type": "Feature",
      "id": "P0006",
      "geometry": {
        "type": "Polygon",
        "coordinates": [
          [
            [
              77.5622,
              14.6502
            ],
            [
              77.5642,
              14.6502
            ],
            [
              77.5642,
              14.6518
            ],
            [
              77.5622,
              14.6518
            ],
            [
              77.5622,
              14.6502
            ]
          ]
        ]
      },
      "properties": {
        "parcel_id": "P0006",
        "survey_no": "106/1",
        "survey_number": "106",
        "owner_name": "Synthetic Owner 006",
        "ocr_owner_name": "Synthetic Owner 006",
        "area_acres": 14.2205,
        "ocr_area_acres": 14.2205,
        "area_hectares": 5.755,
        "land_class": "Agricultural",
        "district": "Anantapur",
        "state": "Andhra Pradesh",
        "village": "Example Village",
        "document_id": "DOC-00006",
        "confidence": 0.984,
        "verification_status": "Verified",
        "validation_issue": "",
        "is_disputed": false,
        "color": "#00C896"
      }
    },
    {
      "type": "Feature",
      "id": "P0007",
      "geometry": {
        "type": "Polygon",
        "coordinates": [
          [
            [
              77.5646,
              14.6502
            ],
            [
              77.5666,
              14.6502
            ],
            [
              77.5666,
              14.6518
            ],
            [
              77.5646,
              14.6518
            ],
            [
              77.5646,
              14.6502
            ]
          ]
        ]
      },
      "properties": {
        "parcel_id": "P0007",
        "survey_no": "107",
        "survey_number": "107",
        "owner_name": "Synthetic Owner 007",
        "ocr_owner_name": "Synthetic Owner 007",
        "area_acres": 14.2205,
        "ocr_area_acres": 14.2205,
        "area_hectares": 5.755,
        "land_class": "Government",
        "district": "Anantapur",
        "state": "Andhra Pradesh",
        "village": "Example Village",
        "document_id": "DOC-00007",
        "confidence": 0.93,
        "verification_status": "Verified",
        "validation_issue": "",
        "is_disputed": false,
        "color": "#00C896"
      }
    },
    {
      "type": "Feature",
      "id": "P0008",
      "geometry": {
        "type": "Polygon",
        "coordinates": [
          [
            [
              77.567,
              14.6502
            ],
            [
              77.569,
              14.6502
            ],
            [
              77.569,
              14.6518
            ],
            [
              77.567,
              14.6518
            ],
            [
              77.567,
              14.6502
            ]
          ]
        ]
      },
      "properties": {
        "parcel_id": "P0008",
        "survey_no": "108",
        "survey_number": "108",
        "owner_name": "Synthetic Owner 008",
        "ocr_owner_name": "Synthetic Owner 008",
        "area_acres": 14.2205,
        "ocr_area_acres": 14.2205,
        "area_hectares": 5.755,
        "land_class": "Water Body",
        "district": "Anantapur",
        "state": "Andhra Pradesh",
        "village": "Example Village",
        "document_id": "DOC-00008",
        "confidence": 0.939,
        "verification_status": "Verified",
        "validation_issue": "",
        "is_disputed": false,
        "color": "#00C896"
      }
    },
    {
      "type": "Feature",
      "id": "P0009",
      "geometry": {
        "type": "Polygon",
        "coordinates": [
          [
            [
              77.5694,
              14.6502
            ],
            [
              77.5714,
              14.6502
            ],
            [
              77.5714,
              14.6518
            ],
            [
              77.5694,
              14.6518
            ],
            [
              77.5694,
              14.6502
            ]
          ]
        ]
      },
      "properties": {
        "parcel_id": "P0009",
        "survey_no": "109",
        "survey_number": "109",
        "owner_name": "Synthetic Owner 009",
        "ocr_owner_name": "Synthetic Owner 009",
        "area_acres": 14.2205,
        "ocr_area_acres": 14.2205,
        "area_hectares": 5.755,
        "land_class": "Agricultural",
        "district": "Anantapur",
        "state": "Andhra Pradesh",
        "village": "Example Village",
        "document_id": "DOC-00009",
        "confidence": 0.948,
        "verification_status": "Verified",
        "validation_issue": "",
        "is_disputed": false,
        "color": "#00C896"
      }
    },
    {
      "type": "Feature",
      "id": "P0010",
      "geometry": {
        "type": "Polygon",
        "coordinates": [
          [
            [
              77.5718,
              14.6502
            ],
            [
              77.5738,
              14.6502
            ],
            [
              77.5738,
              14.6518
            ],
            [
              77.5718,
              14.6518
            ],
            [
              77.5718,
              14.6502
            ]
          ]
        ]
      },
      "properties": {
        "parcel_id": "P0010",
        "survey_no": "110",
        "survey_number": "110",
        "owner_name": "Synthetic Owner 010",
        "ocr_owner_name": "Synthetic Owner 010",
        "area_acres": 14.2205,
        "ocr_area_acres": 14.2205,
        "area_hectares": 5.755,
        "land_class": "Government",
        "district": "Anantapur",
        "state": "Andhra Pradesh",
        "village": "Example Village",
        "document_id": "DOC-00010",
        "confidence": 0.957,
        "verification_status": "Verified",
        "validation_issue": "",
        "is_disputed": false,
        "color": "#00C896"
      }
    },
    {
      "type": "Feature",
      "id": "P0011",
      "geometry": {
        "type": "Polygon",
        "coordinates": [
          [
            [
              77.5742,
              14.6502
            ],
            [
              77.5762,
              14.6502
            ],
            [
              77.5762,
              14.6518
            ],
            [
              77.5742,
              14.6518
            ],
            [
              77.5742,
              14.6502
            ]
          ]
        ]
      },
      "properties": {
        "parcel_id": "P0011",
        "survey_no": "111/3",
        "survey_number": "111",
        "owner_name": "Synthetic Owner 011",
        "ocr_owner_name": "Synthetic Owner 011",
        "area_acres": 14.2205,
        "ocr_area_acres": 14.2205,
        "area_hectares": 5.755,
        "land_class": "Water Body",
        "district": "Anantapur",
        "state": "Andhra Pradesh",
        "village": "Example Village",
        "document_id": "DOC-00011",
        "confidence": 0.966,
        "verification_status": "Verified",
        "validation_issue": "",
        "is_disputed": false,
        "color": "#00C896"
      }
    },
    {
      "type": "Feature",
      "id": "P0012",
      "geometry": {
        "type": "Polygon",
        "coordinates": [
          [
            [
              77.5766,
              14.6502
            ],
            [
              77.5786,
              14.6502
            ],
            [
              77.5786,
              14.6518
            ],
            [
              77.5766,
              14.6518
            ],
            [
              77.5766,
              14.6502
            ]
          ]
        ]
      },
      "properties": {
        "parcel_id": "P0012",
        "survey_no": "112",
        "survey_number": "112",
        "owner_name": "Synthetic Owner 012",
        "ocr_owner_name": "Synthetic Owner 012",
        "area_acres": 14.2205,
        "ocr_area_acres": 14.2205,
        "area_hectares": 5.755,
        "land_class": "Agricultural",
        "district": "Anantapur",
        "state": "Andhra Pradesh",
        "village": "Example Village",
        "document_id": "DOC-00012",
        "confidence": 0.564,
        "verification_status": "Conflict",
        "validation_issue": "Survey number uncertainty",
        "is_disputed": true,
        "color": "#FF4757"
      }
    },
    {
      "type": "Feature",
      "id": "P0013",
      "geometry": {
        "type": "Polygon",
        "coordinates": [
          [
            [
              77.579,
              14.6502
            ],
            [
              77.581,
              14.6502
            ],
            [
              77.581,
              14.6518
            ],
            [
              77.579,
              14.6518
            ],
            [
              77.579,
              14.6502
            ]
          ]
        ]
      },
      "properties": {
        "parcel_id": "P0013",
        "survey_no": "113",
        "survey_number": "113",
        "owner_name": "Synthetic Owner 013",
        "ocr_owner_name": "Synthetic Owner 013",
        "area_acres": 14.2205,
        "ocr_area_acres": 14.2205,
        "area_hectares": 5.755,
        "land_class": "Government",
        "district": "Anantapur",
        "state": "Andhra Pradesh",
        "village": "Example Village",
        "document_id": "DOC-00013",
        "confidence": 0.856,
        "verification_status": "Review Required",
        "validation_issue": "Possible duplicate",
        "is_disputed": false,
        "color": "#FFB800"
      }
    },
    {
      "type": "Feature",
      "id": "P0014",
      "geometry": {
        "type": "Polygon",
        "coordinates": [
          [
            [
              77.5814,
              14.6502
            ],
            [
              77.5834,
              14.6502
            ],
            [
              77.5834,
              14.6518
            ],
            [
              77.5814,
              14.6518
            ],
            [
              77.5814,
              14.6502
            ]
          ]
        ]
      },
      "properties": {
        "parcel_id": "P0014",
        "survey_no": "114",
        "survey_number": "114",
        "owner_name": "Synthetic Owner 014",
        "ocr_owner_name": "Synthetic Owner 014",
        "area_acres": 14.2205,
        "ocr_area_acres": 14.2205,
        "area_hectares": 5.755,
        "land_class": "Water Body",
        "district": "Anantapur",
        "state": "Andhra Pradesh",
        "village": "Example Village",
        "document_id": "DOC-00014",
        "confidence": 0.93,
        "verification_status": "Verified",
        "validation_issue": "",
        "is_disputed": false,
        "color": "#00C896"
      }
    },
    {
      "type": "Feature",
      "id": "P0015",
      "geometry": {
        "type": "Polygon",
        "coordinates": [
          [
            [
              77.5838,
              14.6502
            ],
            [
              77.5858,
              14.6502
            ],
            [
              77.5858,
              14.6518
            ],
            [
              77.5838,
              14.6518
            ],
            [
              77.5838,
              14.6502
            ]
          ]
        ]
      },
      "properties": {
        "parcel_id": "P0015",
        "survey_no": "115",
        "survey_number": "115",
        "owner_name": "Synthetic Owner 015",
        "ocr_owner_name": "Synthetic Owner 015",
        "area_acres": 14.2205,
        "ocr_area_acres": 14.2205,
        "area_hectares": 5.755,
        "land_class": "Agricultural",
        "district": "Anantapur",
        "state": "Andhra Pradesh",
        "village": "Example Village",
        "document_id": "DOC-00015",
        "confidence": 0.939,
        "verification_status": "Verified",
        "validation_issue": "",
        "is_disputed": false,
        "color": "#00C896"
      }
    },
    {
      "type": "Feature",
      "id": "P0016",
      "geometry": {
        "type": "Polygon",
        "coordinates": [
          [
            [
              77.5862,
              14.6502
            ],
            [
              77.5882,
              14.6502
            ],
            [
              77.5882,
              14.6518
            ],
            [
              77.5862,
              14.6518
            ],
            [
              77.5862,
              14.6502
            ]
          ]
        ]
      },
      "properties": {
        "parcel_id": "P0016",
        "survey_no": "116/2",
        "survey_number": "116",
        "owner_name": "Synthetic Owner 016",
        "ocr_owner_name": "Synthetic Owner 016",
        "area_acres": 14.2205,
        "ocr_area_acres": 14.2205,
        "area_hectares": 5.755,
        "land_class": "Government",
        "district": "Anantapur",
        "state": "Andhra Pradesh",
        "village": "Example Village",
        "document_id": "DOC-00016",
        "confidence": 0.948,
        "verification_status": "Verified",
        "validation_issue": "",
        "is_disputed": false,
        "color": "#00C896"
      }
    },
    {
      "type": "Feature",
      "id": "P0017",
      "geometry": {
        "type": "Polygon",
        "coordinates": [
          [
            [
              77.5886,
              14.6502
            ],
            [
              77.5906,
              14.6502
            ],
            [
              77.5906,
              14.6518
            ],
            [
              77.5886,
              14.6518
            ],
            [
              77.5886,
              14.6502
            ]
          ]
        ]
      },
      "properties": {
        "parcel_id": "P0017",
        "survey_no": "117",
        "survey_number": "117",
        "owner_name": "Synthetic Owner 017",
        "ocr_owner_name": "Synthetic Owner 017",
        "area_acres": 14.2205,
        "ocr_area_acres": 14.2205,
        "area_hectares": 5.755,
        "land_class": "Water Body",
        "district": "Anantapur",
        "state": "Andhra Pradesh",
        "village": "Example Village",
        "document_id": "DOC-00017",
        "confidence": 0.957,
        "verification_status": "Verified",
        "validation_issue": "",
        "is_disputed": false,
        "color": "#00C896"
      }
    },
    {
      "type": "Feature",
      "id": "P0018",
      "geometry": {
        "type": "Polygon",
        "coordinates": [
          [
            [
              77.591,
              14.6502
            ],
            [
              77.593,
              14.6502
            ],
            [
              77.593,
              14.6518
            ],
            [
              77.591,
              14.6518
            ],
            [
              77.591,
              14.6502
            ]
          ]
        ]
      },
      "properties": {
        "parcel_id": "P0018",
        "survey_no": "118",
        "survey_number": "118",
        "owner_name": "Synthetic Owner 018",
        "ocr_owner_name": "Synthetic Owner 018",
        "area_acres": 14.2205,
        "ocr_area_acres": 14.2205,
        "area_hectares": 5.755,
        "land_class": "Agricultural",
        "district": "Anantapur",
        "state": "Andhra Pradesh",
        "village": "Example Village",
        "document_id": "DOC-00018",
        "confidence": 0.966,
        "verification_status": "Verified",
        "validation_issue": "",
        "is_disputed": false,
        "color": "#00C896"
      }
    },
    {
      "type": "Feature",
      "id": "P0019",
      "geometry": {
        "type": "Polygon",
        "coordinates": [
          [
            [
              77.5934,
              14.6502
            ],
            [
              77.5954,
              14.6502
            ],
            [
              77.5954,
              14.6518
            ],
            [
              77.5934,
              14.6518
            ],
            [
              77.5934,
              14.6502
            ]
          ]
        ]
      },
      "properties": {
        "parcel_id": "P0019",
        "survey_no": "119",
        "survey_number": "119",
        "owner_name": "Synthetic Owner 019",
        "ocr_owner_name": "Synthetic Owner 019",
        "area_acres": 14.2205,
        "ocr_area_acres": 14.2205,
        "area_hectares": 5.755,
        "land_class": "Government",
        "district": "Anantapur",
        "state": "Andhra Pradesh",
        "village": "Example Village",
        "document_id": "DOC-00019",
        "confidence": 0.648,
        "verification_status": "Review Required",
        "validation_issue": "Low OCR confidence",
        "is_disputed": false,
        "color": "#FFB800"
      }
    },
    {
      "type": "Feature",
      "id": "P0020",
      "geometry": {
        "type": "Polygon",
        "coordinates": [
          [
            [
              77.5958,
              14.6502
            ],
            [
              77.5978,
              14.6502
            ],
            [
              77.5978,
              14.6518
            ],
            [
              77.5958,
              14.6518
            ],
            [
              77.5958,
              14.6502
            ]
          ]
        ]
      },
      "properties": {
        "parcel_id": "P0020",
        "survey_no": "120",
        "survey_number": "120",
        "owner_name": "Synthetic Owner 020",
        "ocr_owner_name": "Synthetic Owner 020",
        "area_acres": 14.2205,
        "ocr_area_acres": 14.2205,
        "area_hectares": 5.755,
        "land_class": "Water Body",
        "district": "Anantapur",
        "state": "Andhra Pradesh",
        "village": "Example Village",
        "document_id": "DOC-00020",
        "confidence": 0.984,
        "verification_status": "Verified",
        "validation_issue": "",
        "is_disputed": false,
        "color": "#00C896"
      }
    },
    {
      "type": "Feature",
      "id": "P0021",
      "geometry": {
        "type": "Polygon",
        "coordinates": [
          [
            [
              77.5982,
              14.6502
            ],
            [
              77.6002,
              14.6502
            ],
            [
              77.6002,
              14.6518
            ],
            [
              77.5982,
              14.6518
            ],
            [
              77.5982,
              14.6502
            ]
          ]
        ]
      },
      "properties": {
        "parcel_id": "P0021",
        "survey_no": "121/1",
        "survey_number": "121",
        "owner_name": "Synthetic Owner 021",
        "ocr_owner_name": "Synthetic Owner 021",
        "area_acres": 14.2205,
        "ocr_area_acres": 14.2205,
        "area_hectares": 5.755,
        "land_class": "Agricultural",
        "district": "Anantapur",
        "state": "Andhra Pradesh",
        "village": "Example Village",
        "document_id": "DOC-00021",
        "confidence": 0.93,
        "verification_status": "Verified",
        "validation_issue": "",
        "is_disputed": false,
        "color": "#00C896"
      }
    },
    {
      "type": "Feature",
      "id": "P0022",
      "geometry": {
        "type": "Polygon",
        "coordinates": [
          [
            [
              77.6006,
              14.6502
            ],
            [
              77.6026,
              14.6502
            ],
            [
              77.6026,
              14.6518
            ],
            [
              77.6006,
              14.6518
            ],
            [
              77.6006,
              14.6502
            ]
          ]
        ]
      },
      "properties": {
        "parcel_id": "P0022",
        "survey_no": "122",
        "survey_number": "122",
        "owner_name": "Synthetic Owner 022",
        "ocr_owner_name": "Synthetic Owner 022",
        "area_acres": 14.2205,
        "ocr_area_acres": 14.2205,
        "area_hectares": 5.755,
        "land_class": "Government",
        "district": "Anantapur",
        "state": "Andhra Pradesh",
        "village": "Example Village",
        "document_id": "DOC-00022",
        "confidence": 0.939,
        "verification_status": "Verified",
        "validation_issue": "",
        "is_disputed": false,
        "color": "#00C896"
      }
    },
    {
      "type": "Feature",
      "id": "P0023",
      "geometry": {
        "type": "Polygon",
        "coordinates": [
          [
            [
              77.603,
              14.6502
            ],
            [
              77.605,
              14.6502
            ],
            [
              77.605,
              14.6518
            ],
            [
              77.603,
              14.6518
            ],
            [
              77.603,
              14.6502
            ]
          ]
        ]
      },
      "properties": {
        "parcel_id": "P0023",
        "survey_no": "123",
        "survey_number": "123",
        "owner_name": "Synthetic Owner 023",
        "ocr_owner_name": "Synthetic Owner 023",
        "area_acres": 14.2205,
        "ocr_area_acres": 14.2205,
        "area_hectares": 5.755,
        "land_class": "Water Body",
        "district": "Anantapur",
        "state": "Andhra Pradesh",
        "village": "Example Village",
        "document_id": "DOC-00023",
        "confidence": 0.948,
        "verification_status": "Verified",
        "validation_issue": "",
        "is_disputed": false,
        "color": "#00C896"
      }
    },
    {
      "type": "Feature",
      "id": "P0024",
      "geometry": {
        "type": "Polygon",
        "coordinates": [
          [
            [
              77.6054,
              14.6502
            ],
            [
              77.6074,
              14.6502
            ],
            [
              77.6074,
              14.6518
            ],
            [
              77.6054,
              14.6518
            ],
            [
              77.6054,
              14.6502
            ]
          ]
        ]
      },
      "properties": {
        "parcel_id": "P0024",
        "survey_no": "124",
        "survey_number": "124",
        "owner_name": "Synthetic Owner 024",
        "ocr_owner_name": "Synthetic Owner 024",
        "area_acres": 14.2205,
        "ocr_area_acres": 14.2205,
        "area_hectares": 5.755,
        "land_class": "Agricultural",
        "district": "Anantapur",
        "state": "Andhra Pradesh",
        "village": "Example Village",
        "document_id": "DOC-00024",
        "confidence": 0.708,
        "verification_status": "Conflict",
        "validation_issue": "Survey number uncertainty",
        "is_disputed": true,
        "color": "#FF4757"
      }
    },
    {
      "type": "Feature",
      "id": "P0025",
      "geometry": {
        "type": "Polygon",
        "coordinates": [
          [
            [
              77.6078,
              14.6502
            ],
            [
              77.6098,
              14.6502
            ],
            [
              77.6098,
              14.6518
            ],
            [
              77.6078,
              14.6518
            ],
            [
              77.6078,
              14.6502
            ]
          ]
        ]
      },
      "properties": {
        "parcel_id": "P0025",
        "survey_no": "125",
        "survey_number": "125",
        "owner_name": "Synthetic Owner 025",
        "ocr_owner_name": "Synthetic Owner 025",
        "area_acres": 14.2205,
        "ocr_area_acres": 14.2205,
        "area_hectares": 5.755,
        "land_class": "Government",
        "district": "Anantapur",
        "state": "Andhra Pradesh",
        "village": "Example Village",
        "document_id": "DOC-00025",
        "confidence": 0.966,
        "verification_status": "Verified",
        "validation_issue": "",
        "is_disputed": false,
        "color": "#00C896"
      }
    },
    {
      "type": "Feature",
      "id": "P0026",
      "geometry": {
        "type": "Polygon",
        "coordinates": [
          [
            [
              77.5502,
              14.6522
            ],
            [
              77.5522,
              14.6522
            ],
            [
              77.5522,
              14.6538
            ],
            [
              77.5502,
              14.6538
            ],
            [
              77.5502,
              14.6522
            ]
          ]
        ]
      },
      "properties": {
        "parcel_id": "P0026",
        "survey_no": "126/3",
        "survey_number": "126",
        "owner_name": "Synthetic Owner 026",
        "ocr_owner_name": "Synthetic Owner 026",
        "area_acres": 14.2204,
        "ocr_area_acres": 14.2204,
        "area_hectares": 5.755,
        "land_class": "Water Body",
        "district": "Anantapur",
        "state": "Andhra Pradesh",
        "village": "Example Village",
        "document_id": "DOC-00026",
        "confidence": 0.432,
        "verification_status": "Review Required",
        "validation_issue": "Low OCR confidence",
        "is_disputed": false,
        "color": "#FFB800"
      }
    },
    {
      "type": "Feature",
      "id": "P0027",
      "geometry": {
        "type": "Polygon",
        "coordinates": [
          [
            [
              77.5526,
              14.6522
            ],
            [
              77.5546,
              14.6522
            ],
            [
              77.5546,
              14.6538
            ],
            [
              77.5526,
              14.6538
            ],
            [
              77.5526,
              14.6522
            ]
          ]
        ]
      },
      "properties": {
        "parcel_id": "P0027",
        "survey_no": "127",
        "survey_number": "127",
        "owner_name": "Synthetic Owner 027",
        "ocr_owner_name": "Synthetic Owner 027",
        "area_acres": 14.2204,
        "ocr_area_acres": 14.2204,
        "area_hectares": 5.755,
        "land_class": "Agricultural",
        "district": "Anantapur",
        "state": "Andhra Pradesh",
        "village": "Example Village",
        "document_id": "DOC-00027",
        "confidence": 0.444,
        "verification_status": "Conflict",
        "validation_issue": "Survey number uncertainty",
        "is_disputed": true,
        "color": "#FF4757"
      }
    },
    {
      "type": "Feature",
      "id": "P0028",
      "geometry": {
        "type": "Polygon",
        "coordinates": [
          [
            [
              77.555,
              14.6522
            ],
            [
              77.557,
              14.6522
            ],
            [
              77.557,
              14.6538
            ],
            [
              77.555,
              14.6538
            ],
            [
              77.555,
              14.6522
            ]
          ]
        ]
      },
      "properties": {
        "parcel_id": "P0028",
        "survey_no": "128",
        "survey_number": "128",
        "owner_name": "Synthetic Owner 028",
        "ocr_owner_name": "Synthetic Owner 028",
        "area_acres": 14.2204,
        "ocr_area_acres": 14.2204,
        "area_hectares": 5.755,
        "land_class": "Government",
        "district": "Anantapur",
        "state": "Andhra Pradesh",
        "village": "Example Village",
        "document_id": "DOC-00028",
        "confidence": 0.93,
        "verification_status": "Verified",
        "validation_issue": "",
        "is_disputed": false,
        "color": "#00C896"
      }
    },
    {
      "type": "Feature",
      "id": "P0029",
      "geometry": {
        "type": "Polygon",
        "coordinates": [
          [
            [
              77.5574,
              14.6522
            ],
            [
              77.5594,
              14.6522
            ],
            [
              77.5594,
              14.6538
            ],
            [
              77.5574,
              14.6538
            ],
            [
              77.5574,
              14.6522
            ]
          ]
        ]
      },
      "properties": {
        "parcel_id": "P0029",
        "survey_no": "129",
        "survey_number": "129",
        "owner_name": "Synthetic Owner 029",
        "ocr_owner_name": "Synthetic Owner 029",
        "area_acres": 14.2204,
        "ocr_area_acres": 14.2204,
        "area_hectares": 5.755,
        "land_class": "Water Body",
        "district": "Anantapur",
        "state": "Andhra Pradesh",
        "village": "Example Village",
        "document_id": "DOC-00029",
        "confidence": 0.939,
        "verification_status": "Verified",
        "validation_issue": "",
        "is_disputed": false,
        "color": "#00C896"
      }
    },
    {
      "type": "Feature",
      "id": "P0030",
      "geometry": {
        "type": "Polygon",
        "coordinates": [
          [
            [
              77.5598,
              14.6522
            ],
            [
              77.5618,
              14.6522
            ],
            [
              77.5618,
              14.6538
            ],
            [
              77.5598,
              14.6538
            ],
            [
              77.5598,
              14.6522
            ]
          ]
        ]
      },
      "properties": {
        "parcel_id": "P0030",
        "survey_no": "130",
        "survey_number": "130",
        "owner_name": "Synthetic Owner 030",
        "ocr_owner_name": "Synthetic Owner 030",
        "area_acres": 14.2204,
        "ocr_area_acres": 14.2204,
        "area_hectares": 5.755,
        "land_class": "Agricultural",
        "district": "Anantapur",
        "state": "Andhra Pradesh",
        "village": "Example Village",
        "document_id": "DOC-00030",
        "confidence": 0.48,
        "verification_status": "Conflict",
        "validation_issue": "Survey number uncertainty",
        "is_disputed": true,
        "color": "#FF4757"
      }
    },
    {
      "type": "Feature",
      "id": "P0031",
      "geometry": {
        "type": "Polygon",
        "coordinates": [
          [
            [
              77.5622,
              14.6522
            ],
            [
              77.5642,
              14.6522
            ],
            [
              77.5642,
              14.6538
            ],
            [
              77.5622,
              14.6538
            ],
            [
              77.5622,
              14.6522
            ]
          ]
        ]
      },
      "properties": {
        "parcel_id": "P0031",
        "survey_no": "131/2",
        "survey_number": "131",
        "owner_name": "Synthetic Owner 031",
        "ocr_owner_name": "Synthetic Owner 031",
        "area_acres": 14.2204,
        "ocr_area_acres": 14.2204,
        "area_hectares": 5.755,
        "land_class": "Government",
        "district": "Anantapur",
        "state": "Andhra Pradesh",
        "village": "Example Village",
        "document_id": "DOC-00031",
        "confidence": 0.957,
        "verification_status": "Verified",
        "validation_issue": "",
        "is_disputed": false,
        "color": "#00C896"
      }
    },
    {
      "type": "Feature",
      "id": "P0032",
      "geometry": {
        "type": "Polygon",
        "coordinates": [
          [
            [
              77.5646,
              14.6522
            ],
            [
              77.5666,
              14.6522
            ],
            [
              77.5666,
              14.6538
            ],
            [
              77.5646,
              14.6538
            ],
            [
              77.5646,
              14.6522
            ]
          ]
        ]
      },
      "properties": {
        "parcel_id": "P0032",
        "survey_no": "132",
        "survey_number": "132",
        "owner_name": "Synthetic Owner 032",
        "ocr_owner_name": "Synthetic Owner 032",
        "area_acres": 14.2204,
        "ocr_area_acres": 14.2204,
        "area_hectares": 5.755,
        "land_class": "Water Body",
        "district": "Anantapur",
        "state": "Andhra Pradesh",
        "village": "Example Village",
        "document_id": "DOC-00032",
        "confidence": 0.966,
        "verification_status": "Verified",
        "validation_issue": "",
        "is_disputed": false,
        "color": "#00C896"
      }
    },
    {
      "type": "Feature",
      "id": "P0033",
      "geometry": {
        "type": "Polygon",
        "coordinates": [
          [
            [
              77.567,
              14.6522
            ],
            [
              77.569,
              14.6522
            ],
            [
              77.569,
              14.6538
            ],
            [
              77.567,
              14.6538
            ],
            [
              77.567,
              14.6522
            ]
          ]
        ]
      },
      "properties": {
        "parcel_id": "P0033",
        "survey_no": "133",
        "survey_number": "133",
        "owner_name": "Synthetic Owner 033",
        "ocr_owner_name": "Synthetic Owner 033",
        "area_acres": 14.2204,
        "ocr_area_acres": 14.2204,
        "area_hectares": 5.755,
        "land_class": "Agricultural",
        "district": "Anantapur",
        "state": "Andhra Pradesh",
        "village": "Example Village",
        "document_id": "DOC-00033",
        "confidence": 0.975,
        "verification_status": "Verified",
        "validation_issue": "",
        "is_disputed": false,
        "color": "#00C896"
      }
    },
    {
      "type": "Feature",
      "id": "P0034",
      "geometry": {
        "type": "Polygon",
        "coordinates": [
          [
            [
              77.5694,
              14.6522
            ],
            [
              77.5714,
              14.6522
            ],
            [
              77.5714,
              14.6538
            ],
            [
              77.5694,
              14.6538
            ],
            [
              77.5694,
              14.6522
            ]
          ]
        ]
      },
      "properties": {
        "parcel_id": "P0034",
        "survey_no": "134",
        "survey_number": "134",
        "owner_name": "Synthetic Owner 034",
        "ocr_owner_name": "Synthetic Owner 034",
        "area_acres": 14.2204,
        "ocr_area_acres": 15.358,
        "area_hectares": 5.755,
        "land_class": "Government",
        "district": "Anantapur",
        "state": "Andhra Pradesh",
        "village": "Example Village",
        "document_id": "DOC-00034",
        "confidence": 0.528,
        "verification_status": "Conflict",
        "validation_issue": "Area mismatch",
        "is_disputed": true,
        "color": "#FF4757"
      }
    },
    {
      "type": "Feature",
      "id": "P0035",
      "geometry": {
        "type": "Polygon",
        "coordinates": [
          [
            [
              77.5718,
              14.6522
            ],
            [
              77.5738,
              14.6522
            ],
            [
              77.5738,
              14.6538
            ],
            [
              77.5718,
              14.6538
            ],
            [
              77.5718,
              14.6522
            ]
          ]
        ]
      },
      "properties": {
        "parcel_id": "P0035",
        "survey_no": "135",
        "survey_number": "135",
        "owner_name": "Synthetic Owner 035",
        "ocr_owner_name": "Synthetic Owner 035",
        "area_acres": 14.2204,
        "ocr_area_acres": 14.2204,
        "area_hectares": 5.755,
        "land_class": "Water Body",
        "district": "Anantapur",
        "state": "Andhra Pradesh",
        "village": "Example Village",
        "document_id": "DOC-00035",
        "confidence": 0.93,
        "verification_status": "Verified",
        "validation_issue": "",
        "is_disputed": false,
        "color": "#00C896"
      }
    },
    {
      "type": "Feature",
      "id": "P0036",
      "geometry": {
        "type": "Polygon",
        "coordinates": [
          [
            [
              77.5742,
              14.6522
            ],
            [
              77.5762,
              14.6522
            ],
            [
              77.5762,
              14.6538
            ],
            [
              77.5742,
              14.6538
            ],
            [
              77.5742,
              14.6522
            ]
          ]
        ]
      },
      "properties": {
        "parcel_id": "P0036",
        "survey_no": "136/1",
        "survey_number": "136",
        "owner_name": "Synthetic Owner 036",
        "ocr_owner_name": "Synthetic Owner 036",
        "area_acres": 14.2204,
        "ocr_area_acres": 14.2204,
        "area_hectares": 5.755,
        "land_class": "Agricultural",
        "district": "Anantapur",
        "state": "Andhra Pradesh",
        "village": "Example Village",
        "document_id": "DOC-00036",
        "confidence": 0.939,
        "verification_status": "Verified",
        "validation_issue": "",
        "is_disputed": false,
        "color": "#00C896"
      }
    },
    {
      "type": "Feature",
      "id": "P0037",
      "geometry": {
        "type": "Polygon",
        "coordinates": [
          [
            [
              77.5766,
              14.6522
            ],
            [
              77.5786,
              14.6522
            ],
            [
              77.5786,
              14.6538
            ],
            [
              77.5766,
              14.6538
            ],
            [
              77.5766,
              14.6522
            ]
          ]
        ]
      },
      "properties": {
        "parcel_id": "P0037",
        "survey_no": "137",
        "survey_number": "137",
        "owner_name": "Synthetic Owner 037",
        "ocr_owner_name": "Synthetic Owner 037",
        "area_acres": 14.2204,
        "ocr_area_acres": 14.2204,
        "area_hectares": 5.755,
        "land_class": "Government",
        "district": "Anantapur",
        "state": "Andhra Pradesh",
        "village": "Example Village",
        "document_id": "DOC-00037",
        "confidence": 0.948,
        "verification_status": "Verified",
        "validation_issue": "",
        "is_disputed": false,
        "color": "#00C896"
      }
    },
    {
      "type": "Feature",
      "id": "P0038",
      "geometry": {
        "type": "Polygon",
        "coordinates": [
          [
            [
              77.579,
              14.6522
            ],
            [
              77.581,
              14.6522
            ],
            [
              77.581,
              14.6538
            ],
            [
              77.579,
              14.6538
            ],
            [
              77.579,
              14.6522
            ]
          ]
        ]
      },
      "properties": {
        "parcel_id": "P0038",
        "survey_no": "138",
        "survey_number": "138",
        "owner_name": "Synthetic Owner 038",
        "ocr_owner_name": "Synthetic Owner 038",
        "area_acres": 14.2204,
        "ocr_area_acres": 14.2204,
        "area_hectares": 5.755,
        "land_class": "Water Body",
        "district": "Anantapur",
        "state": "Andhra Pradesh",
        "village": "Example Village",
        "document_id": "DOC-00038",
        "confidence": 0.576,
        "verification_status": "Review Required",
        "validation_issue": "Low OCR confidence",
        "is_disputed": false,
        "color": "#FFB800"
      }
    },
    {
      "type": "Feature",
      "id": "P0039",
      "geometry": {
        "type": "Polygon",
        "coordinates": [
          [
            [
              77.5814,
              14.6522
            ],
            [
              77.5834,
              14.6522
            ],
            [
              77.5834,
              14.6538
            ],
            [
              77.5814,
              14.6538
            ],
            [
              77.5814,
              14.6522
            ]
          ]
        ]
      },
      "properties": {
        "parcel_id": "P0039",
        "survey_no": "139",
        "survey_number": "139",
        "owner_name": "Synthetic Owner 039",
        "ocr_owner_name": "Synthetic Owner 039",
        "area_acres": 14.2204,
        "ocr_area_acres": 14.2204,
        "area_hectares": 5.755,
        "land_class": "Agricultural",
        "district": "Anantapur",
        "state": "Andhra Pradesh",
        "village": "Example Village",
        "document_id": "DOC-00039",
        "confidence": 0.966,
        "verification_status": "Verified",
        "validation_issue": "",
        "is_disputed": false,
        "color": "#00C896"
      }
    },
    {
      "type": "Feature",
      "id": "P0040",
      "geometry": {
        "type": "Polygon",
        "coordinates": [
          [
            [
              77.5838,
              14.6522
            ],
            [
              77.5858,
              14.6522
            ],
            [
              77.5858,
              14.6538
            ],
            [
              77.5838,
              14.6538
            ],
            [
              77.5838,
              14.6522
            ]
          ]
        ]
      },
      "properties": {
        "parcel_id": "P0040",
        "survey_no": "140",
        "survey_number": "140",
        "owner_name": "Synthetic Owner 040",
        "ocr_owner_name": "Synthetic Owner 040",
        "area_acres": 14.2204,
        "ocr_area_acres": 14.2204,
        "area_hectares": 5.755,
        "land_class": "Government",
        "district": "Anantapur",
        "state": "Andhra Pradesh",
        "village": "Example Village",
        "document_id": "DOC-00040",
        "confidence": 0.975,
        "verification_status": "Verified",
        "validation_issue": "",
        "is_disputed": false,
        "color": "#00C896"
      }
    },
    {
      "type": "Feature",
      "id": "P0041",
      "geometry": {
        "type": "Polygon",
        "coordinates": [
          [
            [
              77.5862,
              14.6522
            ],
            [
              77.5882,
              14.6522
            ],
            [
              77.5882,
              14.6538
            ],
            [
              77.5862,
              14.6538
            ],
            [
              77.5862,
              14.6522
            ]
          ]
        ]
      },
      "properties": {
        "parcel_id": "P0041",
        "survey_no": "141/3",
        "survey_number": "141",
        "owner_name": "Synthetic Owner 041",
        "ocr_owner_name": "Synthetic Owner 041",
        "area_acres": 14.2204,
        "ocr_area_acres": 14.2204,
        "area_hectares": 5.755,
        "land_class": "Water Body",
        "district": "Anantapur",
        "state": "Andhra Pradesh",
        "village": "Example Village",
        "document_id": "DOC-00041",
        "confidence": 0.984,
        "verification_status": "Verified",
        "validation_issue": "",
        "is_disputed": false,
        "color": "#00C896"
      }
    },
    {
      "type": "Feature",
      "id": "P0042",
      "geometry": {
        "type": "Polygon",
        "coordinates": [
          [
            [
              77.5886,
              14.6522
            ],
            [
              77.5906,
              14.6522
            ],
            [
              77.5906,
              14.6538
            ],
            [
              77.5886,
              14.6538
            ],
            [
              77.5886,
              14.6522
            ]
          ]
        ]
      },
      "properties": {
        "parcel_id": "P0042",
        "survey_no": "142",
        "survey_number": "142",
        "owner_name": "Synthetic Owner 042",
        "ocr_owner_name": "Synthetic Owner 042",
        "area_acres": 14.2204,
        "ocr_area_acres": 14.2204,
        "area_hectares": 5.755,
        "land_class": "Agricultural",
        "district": "Anantapur",
        "state": "Andhra Pradesh",
        "village": "Example Village",
        "document_id": "DOC-00042",
        "confidence": 0.844,
        "verification_status": "Review Required",
        "validation_issue": "Missing mutation information",
        "is_disputed": false,
        "color": "#FFB800"
      }
    },
    {
      "type": "Feature",
      "id": "P0043",
      "geometry": {
        "type": "Polygon",
        "coordinates": [
          [
            [
              77.591,
              14.6522
            ],
            [
              77.593,
              14.6522
            ],
            [
              77.593,
              14.6538
            ],
            [
              77.591,
              14.6538
            ],
            [
              77.591,
              14.6522
            ]
          ]
        ]
      },
      "properties": {
        "parcel_id": "P0043",
        "survey_no": "143",
        "survey_number": "143",
        "owner_name": "Synthetic Owner 043",
        "ocr_owner_name": "Synthetic Owner 043",
        "area_acres": 14.2204,
        "ocr_area_acres": 14.2204,
        "area_hectares": 5.755,
        "land_class": "Government",
        "district": "Anantapur",
        "state": "Andhra Pradesh",
        "village": "Example Village",
        "document_id": "DOC-00043",
        "confidence": 0.939,
        "verification_status": "Verified",
        "validation_issue": "",
        "is_disputed": false,
        "color": "#00C896"
      }
    },
    {
      "type": "Feature",
      "id": "P0044",
      "geometry": {
        "type": "Polygon",
        "coordinates": [
          [
            [
              77.5934,
              14.6522
            ],
            [
              77.5954,
              14.6522
            ],
            [
              77.5954,
              14.6538
            ],
            [
              77.5934,
              14.6538
            ],
            [
              77.5934,
              14.6522
            ]
          ]
        ]
      },
      "properties": {
        "parcel_id": "P0044",
        "survey_no": "144",
        "survey_number": "144",
        "owner_name": "Synthetic Owner 044",
        "ocr_owner_name": "Synthetic Owner 044",
        "area_acres": 14.2204,
        "ocr_area_acres": 14.2204,
        "area_hectares": 5.755,
        "land_class": "Water Body",
        "district": "Anantapur",
        "state": "Andhra Pradesh",
        "village": "Example Village",
        "document_id": "DOC-00044",
        "confidence": 0.948,
        "verification_status": "Verified",
        "validation_issue": "",
        "is_disputed": false,
        "color": "#00C896"
      }
    },
    {
      "type": "Feature",
      "id": "P0045",
      "geometry": {
        "type": "Polygon",
        "coordinates": [
          [
            [
              77.5958,
              14.6522
            ],
            [
              77.5978,
              14.6522
            ],
            [
              77.5978,
              14.6538
            ],
            [
              77.5958,
              14.6538
            ],
            [
              77.5958,
              14.6522
            ]
          ]
        ]
      },
      "properties": {
        "parcel_id": "P0045",
        "survey_no": "145",
        "survey_number": "145",
        "owner_name": "Synthetic Owner 045",
        "ocr_owner_name": "Synthetic Owner 045",
        "area_acres": 14.2204,
        "ocr_area_acres": 14.2204,
        "area_hectares": 5.755,
        "land_class": "Agricultural",
        "district": "Anantapur",
        "state": "Andhra Pradesh",
        "village": "Example Village",
        "document_id": "DOC-00045",
        "confidence": 0.957,
        "verification_status": "Verified",
        "validation_issue": "",
        "is_disputed": false,
        "color": "#00C896"
      }
    },
    {
      "type": "Feature",
      "id": "P0046",
      "geometry": {
        "type": "Polygon",
        "coordinates": [
          [
            [
              77.5982,
              14.6522
            ],
            [
              77.6002,
              14.6522
            ],
            [
              77.6002,
              14.6538
            ],
            [
              77.5982,
              14.6538
            ],
            [
              77.5982,
              14.6522
            ]
          ]
        ]
      },
      "properties": {
        "parcel_id": "P0046",
        "survey_no": "146/2",
        "survey_number": "146",
        "owner_name": "Synthetic Owner 046",
        "ocr_owner_name": "Synthetic Owner 046",
        "area_acres": 14.2204,
        "ocr_area_acres": 14.2204,
        "area_hectares": 5.755,
        "land_class": "Government",
        "district": "Anantapur",
        "state": "Andhra Pradesh",
        "village": "Example Village",
        "document_id": "DOC-00046",
        "confidence": 0.966,
        "verification_status": "Verified",
        "validation_issue": "",
        "is_disputed": false,
        "color": "#00C896"
      }
    },
    {
      "type": "Feature",
      "id": "P0047",
      "geometry": {
        "type": "Polygon",
        "coordinates": [
          [
            [
              77.6006,
              14.6522
            ],
            [
              77.6026,
              14.6522
            ],
            [
              77.6026,
              14.6538
            ],
            [
              77.6006,
              14.6538
            ],
            [
              77.6006,
              14.6522
            ]
          ]
        ]
      },
      "properties": {
        "parcel_id": "P0047",
        "survey_no": "147",
        "survey_number": "147",
        "owner_name": "Synthetic Owner 047",
        "ocr_owner_name": "Synthetic Owner 047",
        "area_acres": 14.2204,
        "ocr_area_acres": 14.2204,
        "area_hectares": 5.755,
        "land_class": "Water Body",
        "district": "Anantapur",
        "state": "Andhra Pradesh",
        "village": "Example Village",
        "document_id": "DOC-00047",
        "confidence": 0.975,
        "verification_status": "Verified",
        "validation_issue": "",
        "is_disputed": false,
        "color": "#00C896"
      }
    },
    {
      "type": "Feature",
      "id": "P0048",
      "geometry": {
        "type": "Polygon",
        "coordinates": [
          [
            [
              77.603,
              14.6522
            ],
            [
              77.605,
              14.6522
            ],
            [
              77.605,
              14.6538
            ],
            [
              77.603,
              14.6538
            ],
            [
              77.603,
              14.6522
            ]
          ]
        ]
      },
      "properties": {
        "parcel_id": "P0048",
        "survey_no": "148",
        "survey_number": "148",
        "owner_name": "Synthetic Owner 048",
        "ocr_owner_name": "Synthetic Owner 048",
        "area_acres": 14.2204,
        "ocr_area_acres": 14.2204,
        "area_hectares": 5.755,
        "land_class": "Agricultural",
        "district": "Anantapur",
        "state": "Andhra Pradesh",
        "village": "Example Village",
        "document_id": "DOC-00048",
        "confidence": 0.984,
        "verification_status": "Verified",
        "validation_issue": "",
        "is_disputed": false,
        "color": "#00C896"
      }
    },
    {
      "type": "Feature",
      "id": "P0049",
      "geometry": {
        "type": "Polygon",
        "coordinates": [
          [
            [
              77.6054,
              14.6522
            ],
            [
              77.6074,
              14.6522
            ],
            [
              77.6074,
              14.6538
            ],
            [
              77.6054,
              14.6538
            ],
            [
              77.6054,
              14.6522
            ]
          ]
        ]
      },
      "properties": {
        "parcel_id": "P0049",
        "survey_no": "149",
        "survey_number": "149",
        "owner_name": "Synthetic Owner 049",
        "ocr_owner_name": "Synthetic Owner 049",
        "area_acres": 14.2204,
        "ocr_area_acres": 14.2204,
        "area_hectares": 5.755,
        "land_class": "Government",
        "district": "Anantapur",
        "state": "Andhra Pradesh",
        "village": "Example Village",
        "document_id": "DOC-00049",
        "confidence": 0.93,
        "verification_status": "Verified",
        "validation_issue": "",
        "is_disputed": false,
        "color": "#00C896"
      }
    },
    {
      "type": "Feature",
      "id": "P0050",
      "geometry": {
        "type": "Polygon",
        "coordinates": [
          [
            [
              77.6078,
              14.6522
            ],
            [
              77.6098,
              14.6522
            ],
            [
              77.6098,
              14.6538
            ],
            [
              77.6078,
              14.6538
            ],
            [
              77.6078,
              14.6522
            ]
          ]
        ]
      },
      "properties": {
        "parcel_id": "P0050",
        "survey_no": "150",
        "survey_number": "150",
        "owner_name": "Synthetic Owner 050",
        "ocr_owner_name": "Synthetic Owner 050",
        "area_acres": 14.2204,
        "ocr_area_acres": 14.2204,
        "area_hectares": 5.755,
        "land_class": "Water Body",
        "district": "Anantapur",
        "state": "Andhra Pradesh",
        "village": "Example Village",
        "document_id": "DOC-00050",
        "confidence": 0.939,
        "verification_status": "Verified",
        "validation_issue": "",
        "is_disputed": false,
        "color": "#00C896"
      }
    },
    {
      "type": "Feature",
      "id": "P0051",
      "geometry": {
        "type": "Polygon",
        "coordinates": [
          [
            [
              77.5502,
              14.6542
            ],
            [
              77.5522,
              14.6542
            ],
            [
              77.5522,
              14.6558
            ],
            [
              77.5502,
              14.6558
            ],
            [
              77.5502,
              14.6542
            ]
          ]
        ]
      },
      "properties": {
        "parcel_id": "P0051",
        "survey_no": "151/1",
        "survey_number": "151",
        "owner_name": "Synthetic Owner 051",
        "ocr_owner_name": "Synthetic Owner 051",
        "area_acres": 14.2202,
        "ocr_area_acres": 15.3578,
        "area_hectares": 5.755,
        "land_class": "Agricultural",
        "district": "Anantapur",
        "state": "Andhra Pradesh",
        "village": "Example Village",
        "document_id": "DOC-00051",
        "confidence": 0.432,
        "verification_status": "Conflict",
        "validation_issue": "Area mismatch",
        "is_disputed": true,
        "color": "#FF4757"
      }
    },
    {
      "type": "Feature",
      "id": "P0052",
      "geometry": {
        "type": "Polygon",
        "coordinates": [
          [
            [
              77.5526,
              14.6542
            ],
            [
              77.5546,
              14.6542
            ],
            [
              77.5546,
              14.6558
            ],
            [
              77.5526,
              14.6558
            ],
            [
              77.5526,
              14.6542
            ]
          ]
        ]
      },
      "properties": {
        "parcel_id": "P0052",
        "survey_no": "152",
        "survey_number": "152",
        "owner_name": "Synthetic Owner 052",
        "ocr_owner_name": "Synthetic Owner 052",
        "area_acres": 14.2202,
        "ocr_area_acres": 14.2202,
        "area_hectares": 5.755,
        "land_class": "Government",
        "district": "Anantapur",
        "state": "Andhra Pradesh",
        "village": "Example Village",
        "document_id": "DOC-00052",
        "confidence": 0.957,
        "verification_status": "Verified",
        "validation_issue": "",
        "is_disputed": false,
        "color": "#00C896"
      }
    },
    {
      "type": "Feature",
      "id": "P0053",
      "geometry": {
        "type": "Polygon",
        "coordinates": [
          [
            [
              77.555,
              14.6542
            ],
            [
              77.557,
              14.6542
            ],
            [
              77.557,
              14.6558
            ],
            [
              77.555,
              14.6558
            ],
            [
              77.555,
              14.6542
            ]
          ]
        ]
      },
      "properties": {
        "parcel_id": "P0053",
        "survey_no": "153",
        "survey_number": "153",
        "owner_name": "Synthetic Owner 053",
        "ocr_owner_name": "Synthetic Owner 053",
        "area_acres": 14.2202,
        "ocr_area_acres": 14.2202,
        "area_hectares": 5.755,
        "land_class": "Water Body",
        "district": "Anantapur",
        "state": "Andhra Pradesh",
        "village": "Example Village",
        "document_id": "DOC-00053",
        "confidence": 0.966,
        "verification_status": "Verified",
        "validation_issue": "",
        "is_disputed": false,
        "color": "#00C896"
      }
    },
    {
      "type": "Feature",
      "id": "P0054",
      "geometry": {
        "type": "Polygon",
        "coordinates": [
          [
            [
              77.5574,
              14.6542
            ],
            [
              77.5594,
              14.6542
            ],
            [
              77.5594,
              14.6558
            ],
            [
              77.5574,
              14.6558
            ],
            [
              77.5574,
              14.6542
            ]
          ]
        ]
      },
      "properties": {
        "parcel_id": "P0054",
        "survey_no": "154",
        "survey_number": "154",
        "owner_name": "Synthetic Owner 054",
        "ocr_owner_name": "Synthetic Owner 054",
        "area_acres": 14.2202,
        "ocr_area_acres": 14.2202,
        "area_hectares": 5.755,
        "land_class": "Agricultural",
        "district": "Anantapur",
        "state": "Andhra Pradesh",
        "village": "Example Village",
        "document_id": "DOC-00054",
        "confidence": 0.468,
        "verification_status": "Conflict",
        "validation_issue": "Survey number uncertainty",
        "is_disputed": true,
        "color": "#FF4757"
      }
    },
    {
      "type": "Feature",
      "id": "P0055",
      "geometry": {
        "type": "Polygon",
        "coordinates": [
          [
            [
              77.5598,
              14.6542
            ],
            [
              77.5618,
              14.6542
            ],
            [
              77.5618,
              14.6558
            ],
            [
              77.5598,
              14.6558
            ],
            [
              77.5598,
              14.6542
            ]
          ]
        ]
      },
      "properties": {
        "parcel_id": "P0055",
        "survey_no": "155",
        "survey_number": "155",
        "owner_name": "Synthetic Owner 055",
        "ocr_owner_name": "Synthetic Owner 055",
        "area_acres": 14.2202,
        "ocr_area_acres": 14.2202,
        "area_hectares": 5.755,
        "land_class": "Government",
        "district": "Anantapur",
        "state": "Andhra Pradesh",
        "village": "Example Village",
        "document_id": "DOC-00055",
        "confidence": 0.984,
        "verification_status": "Verified",
        "validation_issue": "",
        "is_disputed": false,
        "color": "#00C896"
      }
    },
    {
      "type": "Feature",
      "id": "P0056",
      "geometry": {
        "type": "Polygon",
        "coordinates": [
          [
            [
              77.5622,
              14.6542
            ],
            [
              77.5642,
              14.6542
            ],
            [
              77.5642,
              14.6558
            ],
            [
              77.5622,
              14.6558
            ],
            [
              77.5622,
              14.6542
            ]
          ]
        ]
      },
      "properties": {
        "parcel_id": "P0056",
        "survey_no": "156/3",
        "survey_number": "156",
        "owner_name": "Synthetic Owner 056",
        "ocr_owner_name": "Synthetic Owner 056",
        "area_acres": 14.2202,
        "ocr_area_acres": 14.2202,
        "area_hectares": 5.755,
        "land_class": "Water Body",
        "district": "Anantapur",
        "state": "Andhra Pradesh",
        "village": "Example Village",
        "document_id": "DOC-00056",
        "confidence": 0.93,
        "verification_status": "Verified",
        "validation_issue": "",
        "is_disputed": false,
        "color": "#00C896"
      }
    },
    {
      "type": "Feature",
      "id": "P0057",
      "geometry": {
        "type": "Polygon",
        "coordinates": [
          [
            [
              77.5646,
              14.6542
            ],
            [
              77.5666,
              14.6542
            ],
            [
              77.5666,
              14.6558
            ],
            [
              77.5646,
              14.6558
            ],
            [
              77.5646,
              14.6542
            ]
          ]
        ]
      },
      "properties": {
        "parcel_id": "P0057",
        "survey_no": "157",
        "survey_number": "157",
        "owner_name": "Synthetic Owner 057",
        "ocr_owner_name": "Synthetic Owner 057",
        "area_acres": 14.2202,
        "ocr_area_acres": 14.2202,
        "area_hectares": 5.755,
        "land_class": "Agricultural",
        "district": "Anantapur",
        "state": "Andhra Pradesh",
        "village": "Example Village",
        "document_id": "DOC-00057",
        "confidence": 0.939,
        "verification_status": "Verified",
        "validation_issue": "",
        "is_disputed": false,
        "color": "#00C896"
      }
    },
    {
      "type": "Feature",
      "id": "P0058",
      "geometry": {
        "type": "Polygon",
        "coordinates": [
          [
            [
              77.567,
              14.6542
            ],
            [
              77.569,
              14.6542
            ],
            [
              77.569,
              14.6558
            ],
            [
              77.567,
              14.6558
            ],
            [
              77.567,
              14.6542
            ]
          ]
        ]
      },
      "properties": {
        "parcel_id": "P0058",
        "survey_no": "158",
        "survey_number": "158",
        "owner_name": "Synthetic Owner 058",
        "ocr_owner_name": "Synthetic Owner 058",
        "area_acres": 14.2202,
        "ocr_area_acres": 14.2202,
        "area_hectares": 5.755,
        "land_class": "Government",
        "district": "Anantapur",
        "state": "Andhra Pradesh",
        "village": "Example Village",
        "document_id": "DOC-00058",
        "confidence": 0.948,
        "verification_status": "Verified",
        "validation_issue": "",
        "is_disputed": false,
        "color": "#00C896"
      }
    },
    {
      "type": "Feature",
      "id": "P0059",
      "geometry": {
        "type": "Polygon",
        "coordinates": [
          [
            [
              77.5694,
              14.6542
            ],
            [
              77.5714,
              14.6542
            ],
            [
              77.5714,
              14.6558
            ],
            [
              77.5694,
              14.6558
            ],
            [
              77.5694,
              14.6542
            ]
          ]
        ]
      },
      "properties": {
        "parcel_id": "P0059",
        "survey_no": "159",
        "survey_number": "159",
        "owner_name": "Synthetic Owner 059",
        "ocr_owner_name": "Synthetic Owner 059",
        "area_acres": 14.2202,
        "ocr_area_acres": 14.2202,
        "area_hectares": 5.755,
        "land_class": "Water Body",
        "district": "Anantapur",
        "state": "Andhra Pradesh",
        "village": "Example Village",
        "document_id": "DOC-00059",
        "confidence": 0.957,
        "verification_status": "Verified",
        "validation_issue": "",
        "is_disputed": false,
        "color": "#00C896"
      }
    },
    {
      "type": "Feature",
      "id": "P0060",
      "geometry": {
        "type": "Polygon",
        "coordinates": [
          [
            [
              77.5718,
              14.6542
            ],
            [
              77.5738,
              14.6542
            ],
            [
              77.5738,
              14.6558
            ],
            [
              77.5718,
              14.6558
            ],
            [
              77.5718,
              14.6542
            ]
          ]
        ]
      },
      "properties": {
        "parcel_id": "P0060",
        "survey_no": "160",
        "survey_number": "160",
        "owner_name": "Synthetic Owner 060",
        "ocr_owner_name": "Synthetic Owner 060",
        "area_acres": 14.2202,
        "ocr_area_acres": 14.2202,
        "area_hectares": 5.755,
        "land_class": "Agricultural",
        "district": "Anantapur",
        "state": "Andhra Pradesh",
        "village": "Example Village",
        "document_id": "DOC-00060",
        "confidence": 0.966,
        "verification_status": "Verified",
        "validation_issue": "",
        "is_disputed": false,
        "color": "#00C896"
      }
    },
    {
      "type": "Feature",
      "id": "P0061",
      "geometry": {
        "type": "Polygon",
        "coordinates": [
          [
            [
              77.5742,
              14.6542
            ],
            [
              77.5762,
              14.6542
            ],
            [
              77.5762,
              14.6558
            ],
            [
              77.5742,
              14.6558
            ],
            [
              77.5742,
              14.6542
            ]
          ]
        ]
      },
      "properties": {
        "parcel_id": "P0061",
        "survey_no": "161/2",
        "survey_number": "161",
        "owner_name": "Synthetic Owner 061",
        "ocr_owner_name": "Synthetic Owner 061",
        "area_acres": 14.2202,
        "ocr_area_acres": 14.2202,
        "area_hectares": 5.755,
        "land_class": "Government",
        "district": "Anantapur",
        "state": "Andhra Pradesh",
        "village": "Example Village",
        "document_id": "DOC-00061",
        "confidence": 0.975,
        "verification_status": "Verified",
        "validation_issue": "",
        "is_disputed": false,
        "color": "#00C896"
      }
    },
    {
      "type": "Feature",
      "id": "P0062",
      "geometry": {
        "type": "Polygon",
        "coordinates": [
          [
            [
              77.5766,
              14.6542
            ],
            [
              77.5786,
              14.6542
            ],
            [
              77.5786,
              14.6558
            ],
            [
              77.5766,
              14.6558
            ],
            [
              77.5766,
              14.6542
            ]
          ]
        ]
      },
      "properties": {
        "parcel_id": "P0062",
        "survey_no": "162",
        "survey_number": "162",
        "owner_name": "Synthetic Owner 062",
        "ocr_owner_name": "Synthetic Owner 062",
        "area_acres": 14.2202,
        "ocr_area_acres": 14.2202,
        "area_hectares": 5.755,
        "land_class": "Water Body",
        "district": "Anantapur",
        "state": "Andhra Pradesh",
        "village": "Example Village",
        "document_id": "DOC-00062",
        "confidence": 0.724,
        "verification_status": "Review Required",
        "validation_issue": "Missing mutation information",
        "is_disputed": false,
        "color": "#FFB800"
      }
    },
    {
      "type": "Feature",
      "id": "P0063",
      "geometry": {
        "type": "Polygon",
        "coordinates": [
          [
            [
              77.579,
              14.6542
            ],
            [
              77.581,
              14.6542
            ],
            [
              77.581,
              14.6558
            ],
            [
              77.579,
              14.6558
            ],
            [
              77.579,
              14.6542
            ]
          ]
        ]
      },
      "properties": {
        "parcel_id": "P0063",
        "survey_no": "163",
        "survey_number": "163",
        "owner_name": "Synthetic Owner 063",
        "ocr_owner_name": "Synthetic Owner 063",
        "area_acres": 14.2202,
        "ocr_area_acres": 14.2202,
        "area_hectares": 5.755,
        "land_class": "Agricultural",
        "district": "Anantapur",
        "state": "Andhra Pradesh",
        "village": "Example Village",
        "document_id": "DOC-00063",
        "confidence": 0.93,
        "verification_status": "Verified",
        "validation_issue": "",
        "is_disputed": false,
        "color": "#00C896"
      }
    },
    {
      "type": "Feature",
      "id": "P0064",
      "geometry": {
        "type": "Polygon",
        "coordinates": [
          [
            [
              77.5814,
              14.6542
            ],
            [
              77.5834,
              14.6542
            ],
            [
              77.5834,
              14.6558
            ],
            [
              77.5814,
              14.6558
            ],
            [
              77.5814,
              14.6542
            ]
          ]
        ]
      },
      "properties": {
        "parcel_id": "P0064",
        "survey_no": "164",
        "survey_number": "164",
        "owner_name": "Synthetic Owner 064",
        "ocr_owner_name": "Synthetic Owner 064",
        "area_acres": 14.2202,
        "ocr_area_acres": 14.2202,
        "area_hectares": 5.755,
        "land_class": "Government",
        "district": "Anantapur",
        "state": "Andhra Pradesh",
        "village": "Example Village",
        "document_id": "DOC-00064",
        "confidence": 0.939,
        "verification_status": "Verified",
        "validation_issue": "",
        "is_disputed": false,
        "color": "#00C896"
      }
    },
    {
      "type": "Feature",
      "id": "P0065",
      "geometry": {
        "type": "Polygon",
        "coordinates": [
          [
            [
              77.5838,
              14.6542
            ],
            [
              77.5858,
              14.6542
            ],
            [
              77.5858,
              14.6558
            ],
            [
              77.5838,
              14.6558
            ],
            [
              77.5838,
              14.6542
            ]
          ]
        ]
      },
      "properties": {
        "parcel_id": "P0065",
        "survey_no": "165",
        "survey_number": "165",
        "owner_name": "Synthetic Owner 065",
        "ocr_owner_name": "Synthetic Owner 065",
        "area_acres": 14.2202,
        "ocr_area_acres": 14.2202,
        "area_hectares": 5.755,
        "land_class": "Water Body",
        "district": "Anantapur",
        "state": "Andhra Pradesh",
        "village": "Example Village",
        "document_id": "DOC-00065",
        "confidence": 0.76,
        "verification_status": "Review Required",
        "validation_issue": "Possible duplicate",
        "is_disputed": false,
        "color": "#FFB800"
      }
    },
    {
      "type": "Feature",
      "id": "P0066",
      "geometry": {
        "type": "Polygon",
        "coordinates": [
          [
            [
              77.5862,
              14.6542
            ],
            [
              77.5882,
              14.6542
            ],
            [
              77.5882,
              14.6558
            ],
            [
              77.5862,
              14.6558
            ],
            [
              77.5862,
              14.6542
            ]
          ]
        ]
      },
      "properties": {
        "parcel_id": "P0066",
        "survey_no": "166/1",
        "survey_number": "166",
        "owner_name": "Synthetic Owner 066",
        "ocr_owner_name": "Synthetic Owner 066",
        "area_acres": 14.2202,
        "ocr_area_acres": 14.2202,
        "area_hectares": 5.755,
        "land_class": "Agricultural",
        "district": "Anantapur",
        "state": "Andhra Pradesh",
        "village": "Example Village",
        "document_id": "DOC-00066",
        "confidence": 0.772,
        "verification_status": "Review Required",
        "validation_issue": "Missing mutation information",
        "is_disputed": false,
        "color": "#FFB800"
      }
    },
    {
      "type": "Feature",
      "id": "P0067",
      "geometry": {
        "type": "Polygon",
        "coordinates": [
          [
            [
              77.5886,
              14.6542
            ],
            [
              77.5906,
              14.6542
            ],
            [
              77.5906,
              14.6558
            ],
            [
              77.5886,
              14.6558
            ],
            [
              77.5886,
              14.6542
            ]
          ]
        ]
      },
      "properties": {
        "parcel_id": "P0067",
        "survey_no": "167",
        "survey_number": "167",
        "owner_name": "Synthetic Owner 067",
        "ocr_owner_name": "Synthetic Owner 067",
        "area_acres": 14.2202,
        "ocr_area_acres": 14.2202,
        "area_hectares": 5.755,
        "land_class": "Government",
        "district": "Anantapur",
        "state": "Andhra Pradesh",
        "village": "Example Village",
        "document_id": "DOC-00067",
        "confidence": 0.624,
        "verification_status": "Conflict",
        "validation_issue": "Survey number uncertainty",
        "is_disputed": true,
        "color": "#FF4757"
      }
    },
    {
      "type": "Feature",
      "id": "P0068",
      "geometry": {
        "type": "Polygon",
        "coordinates": [
          [
            [
              77.591,
              14.6542
            ],
            [
              77.593,
              14.6542
            ],
            [
              77.593,
              14.6558
            ],
            [
              77.591,
              14.6558
            ],
            [
              77.591,
              14.6542
            ]
          ]
        ]
      },
      "properties": {
        "parcel_id": "P0068",
        "survey_no": "168",
        "survey_number": "168",
        "owner_name": "Synthetic Owner 068",
        "ocr_owner_name": "Synthetic Owner 068",
        "area_acres": 14.2202,
        "ocr_area_acres": 14.2202,
        "area_hectares": 5.755,
        "land_class": "Water Body",
        "district": "Anantapur",
        "state": "Andhra Pradesh",
        "village": "Example Village",
        "document_id": "DOC-00068",
        "confidence": 0.975,
        "verification_status": "Verified",
        "validation_issue": "",
        "is_disputed": false,
        "color": "#00C896"
      }
    },
    {
      "type": "Feature",
      "id": "P0069",
      "geometry": {
        "type": "Polygon",
        "coordinates": [
          [
            [
              77.5934,
              14.6542
            ],
            [
              77.5954,
              14.6542
            ],
            [
              77.5954,
              14.6558
            ],
            [
              77.5934,
              14.6558
            ],
            [
              77.5934,
              14.6542
            ]
          ]
        ]
      },
      "properties": {
        "parcel_id": "P0069",
        "survey_no": "169",
        "survey_number": "169",
        "owner_name": "Synthetic Owner 069",
        "ocr_owner_name": "Synthetic Owner 069",
        "area_acres": 14.2202,
        "ocr_area_acres": 14.2202,
        "area_hectares": 5.755,
        "land_class": "Agricultural",
        "district": "Anantapur",
        "state": "Andhra Pradesh",
        "village": "Example Village",
        "document_id": "DOC-00069",
        "confidence": 0.984,
        "verification_status": "Verified",
        "validation_issue": "",
        "is_disputed": false,
        "color": "#00C896"
      }
    },
    {
      "type": "Feature",
      "id": "P0070",
      "geometry": {
        "type": "Polygon",
        "coordinates": [
          [
            [
              77.5958,
              14.6542
            ],
            [
              77.5978,
              14.6542
            ],
            [
              77.5978,
              14.6558
            ],
            [
              77.5958,
              14.6558
            ],
            [
              77.5958,
              14.6542
            ]
          ]
        ]
      },
      "properties": {
        "parcel_id": "P0070",
        "survey_no": "170",
        "survey_number": "170",
        "owner_name": "Synthetic Owner 070",
        "ocr_owner_name": "Synthetic Owner 070",
        "area_acres": 14.2202,
        "ocr_area_acres": 14.2202,
        "area_hectares": 5.755,
        "land_class": "Government",
        "district": "Anantapur",
        "state": "Andhra Pradesh",
        "village": "Example Village",
        "document_id": "DOC-00070",
        "confidence": 0.93,
        "verification_status": "Verified",
        "validation_issue": "",
        "is_disputed": false,
        "color": "#00C896"
      }
    },
    {
      "type": "Feature",
      "id": "P0071",
      "geometry": {
        "type": "Polygon",
        "coordinates": [
          [
            [
              77.5982,
              14.6542
            ],
            [
              77.6002,
              14.6542
            ],
            [
              77.6002,
              14.6558
            ],
            [
              77.5982,
              14.6558
            ],
            [
              77.5982,
              14.6542
            ]
          ]
        ]
      },
      "properties": {
        "parcel_id": "P0071",
        "survey_no": "171/3",
        "survey_number": "171",
        "owner_name": "Synthetic Owner 071",
        "ocr_owner_name": "Synthetic Owner 071",
        "area_acres": 14.2202,
        "ocr_area_acres": 14.2202,
        "area_hectares": 5.755,
        "land_class": "Water Body",
        "district": "Anantapur",
        "state": "Andhra Pradesh",
        "village": "Example Village",
        "document_id": "DOC-00071",
        "confidence": 0.939,
        "verification_status": "Verified",
        "validation_issue": "",
        "is_disputed": false,
        "color": "#00C896"
      }
    },
    {
      "type": "Feature",
      "id": "P0072",
      "geometry": {
        "type": "Polygon",
        "coordinates": [
          [
            [
              77.6006,
              14.6542
            ],
            [
              77.6026,
              14.6542
            ],
            [
              77.6026,
              14.6558
            ],
            [
              77.6006,
              14.6558
            ],
            [
              77.6006,
              14.6542
            ]
          ]
        ]
      },
      "properties": {
        "parcel_id": "P0072",
        "survey_no": "172",
        "survey_number": "172",
        "owner_name": "Synthetic Owner 072",
        "ocr_owner_name": "Synthetic Owner 072",
        "area_acres": 14.2202,
        "ocr_area_acres": 14.2202,
        "area_hectares": 5.755,
        "land_class": "Agricultural",
        "district": "Anantapur",
        "state": "Andhra Pradesh",
        "village": "Example Village",
        "document_id": "DOC-00072",
        "confidence": 0.684,
        "verification_status": "Review Required",
        "validation_issue": "Low OCR confidence",
        "is_disputed": false,
        "color": "#FFB800"
      }
    },
    {
      "type": "Feature",
      "id": "P0073",
      "geometry": {
        "type": "Polygon",
        "coordinates": [
          [
            [
              77.603,
              14.6542
            ],
            [
              77.605,
              14.6542
            ],
            [
              77.605,
              14.6558
            ],
            [
              77.603,
              14.6558
            ],
            [
              77.603,
              14.6542
            ]
          ]
        ]
      },
      "properties": {
        "parcel_id": "P0073",
        "survey_no": "173",
        "survey_number": "173",
        "owner_name": "Synthetic Owner 073",
        "ocr_owner_name": "Synthetic Owner 073",
        "area_acres": 14.2202,
        "ocr_area_acres": 14.2202,
        "area_hectares": 5.755,
        "land_class": "Government",
        "district": "Anantapur",
        "state": "Andhra Pradesh",
        "village": "Example Village",
        "document_id": "DOC-00073",
        "confidence": 0.957,
        "verification_status": "Verified",
        "validation_issue": "",
        "is_disputed": false,
        "color": "#00C896"
      }
    },
    {
      "type": "Feature",
      "id": "P0074",
      "geometry": {
        "type": "Polygon",
        "coordinates": [
          [
            [
              77.6054,
              14.6542
            ],
            [
              77.6074,
              14.6542
            ],
            [
              77.6074,
              14.6558
            ],
            [
              77.6054,
              14.6558
            ],
            [
              77.6054,
              14.6542
            ]
          ]
        ]
      },
      "properties": {
        "parcel_id": "P0074",
        "survey_no": "174",
        "survey_number": "174",
        "owner_name": "Synthetic Owner 074",
        "ocr_owner_name": "Synthetic Owner 074",
        "area_acres": 14.2202,
        "ocr_area_acres": 14.2202,
        "area_hectares": 5.755,
        "land_class": "Water Body",
        "district": "Anantapur",
        "state": "Andhra Pradesh",
        "village": "Example Village",
        "document_id": "DOC-00074",
        "confidence": 0.966,
        "verification_status": "Verified",
        "validation_issue": "",
        "is_disputed": false,
        "color": "#00C896"
      }
    },
    {
      "type": "Feature",
      "id": "P0075",
      "geometry": {
        "type": "Polygon",
        "coordinates": [
          [
            [
              77.6078,
              14.6542
            ],
            [
              77.6098,
              14.6542
            ],
            [
              77.6098,
              14.6558
            ],
            [
              77.6078,
              14.6558
            ],
            [
              77.6078,
              14.6542
            ]
          ]
        ]
      },
      "properties": {
        "parcel_id": "P0075",
        "survey_no": "175",
        "survey_number": "175",
        "owner_name": "Synthetic Owner 075",
        "ocr_owner_name": "Synthetic Owner 075",
        "area_acres": 14.2202,
        "ocr_area_acres": 14.2202,
        "area_hectares": 5.755,
        "land_class": "Agricultural",
        "district": "Anantapur",
        "state": "Andhra Pradesh",
        "village": "Example Village",
        "document_id": "DOC-00075",
        "confidence": 0.975,
        "verification_status": "Verified",
        "validation_issue": "",
        "is_disputed": false,
        "color": "#00C896"
      }
    },
    {
      "type": "Feature",
      "id": "P0076",
      "geometry": {
        "type": "Polygon",
        "coordinates": [
          [
            [
              77.5502,
              14.6562
            ],
            [
              77.5522,
              14.6562
            ],
            [
              77.5522,
              14.6578
            ],
            [
              77.5502,
              14.6578
            ],
            [
              77.5502,
              14.6562
            ]
          ]
        ]
      },
      "properties": {
        "parcel_id": "P0076",
        "survey_no": "176/2",
        "survey_number": "176",
        "owner_name": "Synthetic Owner 076",
        "ocr_owner_name": "Synthetic Owner 076",
        "area_acres": 14.2201,
        "ocr_area_acres": 14.2201,
        "area_hectares": 5.755,
        "land_class": "Government",
        "district": "Anantapur",
        "state": "Andhra Pradesh",
        "village": "Example Village",
        "document_id": "DOC-00076",
        "confidence": 0.984,
        "verification_status": "Verified",
        "validation_issue": "",
        "is_disputed": false,
        "color": "#00C896"
      }
    },
    {
      "type": "Feature",
      "id": "P0077",
      "geometry": {
        "type": "Polygon",
        "coordinates": [
          [
            [
              77.5526,
              14.6562
            ],
            [
              77.5546,
              14.6562
            ],
            [
              77.5546,
              14.6578
            ],
            [
              77.5526,
              14.6578
            ],
            [
              77.5526,
              14.6562
            ]
          ]
        ]
      },
      "properties": {
        "parcel_id": "P0077",
        "survey_no": "177",
        "survey_number": "177",
        "owner_name": "Synthetic Owner 077",
        "ocr_owner_name": "Synthetic Owner 077",
        "area_acres": 14.2201,
        "ocr_area_acres": 14.2201,
        "area_hectares": 5.755,
        "land_class": "Water Body",
        "district": "Anantapur",
        "state": "Andhra Pradesh",
        "village": "Example Village",
        "document_id": "DOC-00077",
        "confidence": 0.93,
        "verification_status": "Verified",
        "validation_issue": "",
        "is_disputed": false,
        "color": "#00C896"
      }
    },
    {
      "type": "Feature",
      "id": "P0078",
      "geometry": {
        "type": "Polygon",
        "coordinates": [
          [
            [
              77.555,
              14.6562
            ],
            [
              77.557,
              14.6562
            ],
            [
              77.557,
              14.6578
            ],
            [
              77.555,
              14.6578
            ],
            [
              77.555,
              14.6562
            ]
          ]
        ]
      },
      "properties": {
        "parcel_id": "P0078",
        "survey_no": "178",
        "survey_number": "178",
        "owner_name": "Synthetic Owner 078",
        "ocr_owner_name": "Synthetic Owner 078",
        "area_acres": 14.2201,
        "ocr_area_acres": 14.2201,
        "area_hectares": 5.755,
        "land_class": "Agricultural",
        "district": "Anantapur",
        "state": "Andhra Pradesh",
        "village": "Example Village",
        "document_id": "DOC-00078",
        "confidence": 0.736,
        "verification_status": "Review Required",
        "validation_issue": "Possible duplicate",
        "is_disputed": false,
        "color": "#FFB800"
      }
    },
    {
      "type": "Feature",
      "id": "P0079",
      "geometry": {
        "type": "Polygon",
        "coordinates": [
          [
            [
              77.5574,
              14.6562
            ],
            [
              77.5594,
              14.6562
            ],
            [
              77.5594,
              14.6578
            ],
            [
              77.5574,
              14.6578
            ],
            [
              77.5574,
              14.6562
            ]
          ]
        ]
      },
      "properties": {
        "parcel_id": "P0079",
        "survey_no": "179",
        "survey_number": "179",
        "owner_name": "Synthetic Owner 079",
        "ocr_owner_name": "Synthetic Owner 079",
        "area_acres": 14.2201,
        "ocr_area_acres": 14.2201,
        "area_hectares": 5.755,
        "land_class": "Government",
        "district": "Anantapur",
        "state": "Andhra Pradesh",
        "village": "Example Village",
        "document_id": "DOC-00079",
        "confidence": 0.948,
        "verification_status": "Verified",
        "validation_issue": "",
        "is_disputed": false,
        "color": "#00C896"
      }
    },
    {
      "type": "Feature",
      "id": "P0080",
      "geometry": {
        "type": "Polygon",
        "coordinates": [
          [
            [
              77.5598,
              14.6562
            ],
            [
              77.5618,
              14.6562
            ],
            [
              77.5618,
              14.6578
            ],
            [
              77.5598,
              14.6578
            ],
            [
              77.5598,
              14.6562
            ]
          ]
        ]
      },
      "properties": {
        "parcel_id": "P0080",
        "survey_no": "180",
        "survey_number": "180",
        "owner_name": "Synthetic Owner 080",
        "ocr_owner_name": "Synthetic Owner 080",
        "area_acres": 14.2201,
        "ocr_area_acres": 14.2201,
        "area_hectares": 5.755,
        "land_class": "Water Body",
        "district": "Anantapur",
        "state": "Andhra Pradesh",
        "village": "Example Village",
        "document_id": "DOC-00080",
        "confidence": 0.957,
        "verification_status": "Verified",
        "validation_issue": "",
        "is_disputed": false,
        "color": "#00C896"
      }
    },
    {
      "type": "Feature",
      "id": "P0081",
      "geometry": {
        "type": "Polygon",
        "coordinates": [
          [
            [
              77.5622,
              14.6562
            ],
            [
              77.5642,
              14.6562
            ],
            [
              77.5642,
              14.6578
            ],
            [
              77.5622,
              14.6578
            ],
            [
              77.5622,
              14.6562
            ]
          ]
        ]
      },
      "properties": {
        "parcel_id": "P0081",
        "survey_no": "181/1",
        "survey_number": "181",
        "owner_name": "Synthetic Owner 081",
        "ocr_owner_name": "Synthetic Owner 081",
        "area_acres": 14.2201,
        "ocr_area_acres": 14.2201,
        "area_hectares": 5.755,
        "land_class": "Agricultural",
        "district": "Anantapur",
        "state": "Andhra Pradesh",
        "village": "Example Village",
        "document_id": "DOC-00081",
        "confidence": 0.966,
        "verification_status": "Verified",
        "validation_issue": "",
        "is_disputed": false,
        "color": "#00C896"
      }
    },
    {
      "type": "Feature",
      "id": "P0082",
      "geometry": {
        "type": "Polygon",
        "coordinates": [
          [
            [
              77.5646,
              14.6562
            ],
            [
              77.5666,
              14.6562
            ],
            [
              77.5666,
              14.6578
            ],
            [
              77.5646,
              14.6578
            ],
            [
              77.5646,
              14.6562
            ]
          ]
        ]
      },
      "properties": {
        "parcel_id": "P0082",
        "survey_no": "182",
        "survey_number": "182",
        "owner_name": "Synthetic Owner 082",
        "ocr_owner_name": "Synthetic Owner 082",
        "area_acres": 14.2201,
        "ocr_area_acres": 14.2201,
        "area_hectares": 5.755,
        "land_class": "Government",
        "district": "Anantapur",
        "state": "Andhra Pradesh",
        "village": "Example Village",
        "document_id": "DOC-00082",
        "confidence": 0.784,
        "verification_status": "Review Required",
        "validation_issue": "Missing mutation information",
        "is_disputed": false,
        "color": "#FFB800"
      }
    },
    {
      "type": "Feature",
      "id": "P0083",
      "geometry": {
        "type": "Polygon",
        "coordinates": [
          [
            [
              77.567,
              14.6562
            ],
            [
              77.569,
              14.6562
            ],
            [
              77.569,
              14.6578
            ],
            [
              77.567,
              14.6578
            ],
            [
              77.567,
              14.6562
            ]
          ]
        ]
      },
      "properties": {
        "parcel_id": "P0083",
        "survey_no": "183",
        "survey_number": "183",
        "owner_name": "Synthetic Owner 083",
        "ocr_owner_name": "Synthetic Owner 083",
        "area_acres": 14.2201,
        "ocr_area_acres": 14.2201,
        "area_hectares": 5.755,
        "land_class": "Water Body",
        "district": "Anantapur",
        "state": "Andhra Pradesh",
        "village": "Example Village",
        "document_id": "DOC-00083",
        "confidence": 0.984,
        "verification_status": "Verified",
        "validation_issue": "",
        "is_disputed": false,
        "color": "#00C896"
      }
    },
    {
      "type": "Feature",
      "id": "P0084",
      "geometry": {
        "type": "Polygon",
        "coordinates": [
          [
            [
              77.5694,
              14.6562
            ],
            [
              77.5714,
              14.6562
            ],
            [
              77.5714,
              14.6578
            ],
            [
              77.5694,
              14.6578
            ],
            [
              77.5694,
              14.6562
            ]
          ]
        ]
      },
      "properties": {
        "parcel_id": "P0084",
        "survey_no": "184",
        "survey_number": "184",
        "owner_name": "Synthetic Owner 084",
        "ocr_owner_name": "Synthetic Owner 084",
        "area_acres": 14.2201,
        "ocr_area_acres": 14.2201,
        "area_hectares": 5.755,
        "land_class": "Agricultural",
        "district": "Anantapur",
        "state": "Andhra Pradesh",
        "village": "Example Village",
        "document_id": "DOC-00084",
        "confidence": 0.93,
        "verification_status": "Verified",
        "validation_issue": "",
        "is_disputed": false,
        "color": "#00C896"
      }
    },
    {
      "type": "Feature",
      "id": "P0085",
      "geometry": {
        "type": "Polygon",
        "coordinates": [
          [
            [
              77.5718,
              14.6562
            ],
            [
              77.5738,
              14.6562
            ],
            [
              77.5738,
              14.6578
            ],
            [
              77.5718,
              14.6578
            ],
            [
              77.5718,
              14.6562
            ]
          ]
        ]
      },
      "properties": {
        "parcel_id": "P0085",
        "survey_no": "185",
        "survey_number": "185",
        "owner_name": "Synthetic Owner 085",
        "ocr_owner_name": "Synthetic Owner 085",
        "area_acres": 14.2201,
        "ocr_area_acres": 14.2201,
        "area_hectares": 5.755,
        "land_class": "Government",
        "district": "Anantapur",
        "state": "Andhra Pradesh",
        "village": "Example Village",
        "document_id": "DOC-00085",
        "confidence": 0.939,
        "verification_status": "Verified",
        "validation_issue": "",
        "is_disputed": false,
        "color": "#00C896"
      }
    },
    {
      "type": "Feature",
      "id": "P0086",
      "geometry": {
        "type": "Polygon",
        "coordinates": [
          [
            [
              77.5742,
              14.6562
            ],
            [
              77.5762,
              14.6562
            ],
            [
              77.5762,
              14.6578
            ],
            [
              77.5742,
              14.6578
            ],
            [
              77.5742,
              14.6562
            ]
          ]
        ]
      },
      "properties": {
        "parcel_id": "P0086",
        "survey_no": "186/3",
        "survey_number": "186",
        "owner_name": "Synthetic Owner 086",
        "ocr_owner_name": "Synthetic Owner 086",
        "area_acres": 14.2201,
        "ocr_area_acres": 14.2201,
        "area_hectares": 5.755,
        "land_class": "Water Body",
        "district": "Anantapur",
        "state": "Andhra Pradesh",
        "village": "Example Village",
        "document_id": "DOC-00086",
        "confidence": 0.948,
        "verification_status": "Verified",
        "validation_issue": "",
        "is_disputed": false,
        "color": "#00C896"
      }
    },
    {
      "type": "Feature",
      "id": "P0087",
      "geometry": {
        "type": "Polygon",
        "coordinates": [
          [
            [
              77.5766,
              14.6562
            ],
            [
              77.5786,
              14.6562
            ],
            [
              77.5786,
              14.6578
            ],
            [
              77.5766,
              14.6578
            ],
            [
              77.5766,
              14.6562
            ]
          ]
        ]
      },
      "properties": {
        "parcel_id": "P0087",
        "survey_no": "187",
        "survey_number": "187",
        "owner_name": "Synthetic Owner 087",
        "ocr_owner_name": "Synthetic Owner 087",
        "area_acres": 14.2201,
        "ocr_area_acres": 15.3577,
        "area_hectares": 5.755,
        "land_class": "Agricultural",
        "district": "Anantapur",
        "state": "Andhra Pradesh",
        "village": "Example Village",
        "document_id": "DOC-00087",
        "confidence": 0.564,
        "verification_status": "Conflict",
        "validation_issue": "Area mismatch",
        "is_disputed": true,
        "color": "#FF4757"
      }
    },
    {
      "type": "Feature",
      "id": "P0088",
      "geometry": {
        "type": "Polygon",
        "coordinates": [
          [
            [
              77.579,
              14.6562
            ],
            [
              77.581,
              14.6562
            ],
            [
              77.581,
              14.6578
            ],
            [
              77.579,
              14.6578
            ],
            [
              77.579,
              14.6562
            ]
          ]
        ]
      },
      "properties": {
        "parcel_id": "P0088",
        "survey_no": "188",
        "survey_number": "188",
        "owner_name": "Synthetic Owner 088",
        "ocr_owner_name": "Synthetic Owner 088",
        "area_acres": 14.2201,
        "ocr_area_acres": 14.2201,
        "area_hectares": 5.755,
        "land_class": "Government",
        "district": "Anantapur",
        "state": "Andhra Pradesh",
        "village": "Example Village",
        "document_id": "DOC-00088",
        "confidence": 0.966,
        "verification_status": "Verified",
        "validation_issue": "",
        "is_disputed": false,
        "color": "#00C896"
      }
    },
    {
      "type": "Feature",
      "id": "P0089",
      "geometry": {
        "type": "Polygon",
        "coordinates": [
          [
            [
              77.5814,
              14.6562
            ],
            [
              77.5834,
              14.6562
            ],
            [
              77.5834,
              14.6578
            ],
            [
              77.5814,
              14.6578
            ],
            [
              77.5814,
              14.6562
            ]
          ]
        ]
      },
      "properties": {
        "parcel_id": "P0089",
        "survey_no": "189",
        "survey_number": "189",
        "owner_name": "Synthetic Owner 089",
        "ocr_owner_name": "Synthetic Owner 089",
        "area_acres": 14.2201,
        "ocr_area_acres": 14.2201,
        "area_hectares": 5.755,
        "land_class": "Water Body",
        "district": "Anantapur",
        "state": "Andhra Pradesh",
        "village": "Example Village",
        "document_id": "DOC-00089",
        "confidence": 0.975,
        "verification_status": "Verified",
        "validation_issue": "",
        "is_disputed": false,
        "color": "#00C896"
      }
    },
    {
      "type": "Feature",
      "id": "P0090",
      "geometry": {
        "type": "Polygon",
        "coordinates": [
          [
            [
              77.5838,
              14.6562
            ],
            [
              77.5858,
              14.6562
            ],
            [
              77.5858,
              14.6578
            ],
            [
              77.5838,
              14.6578
            ],
            [
              77.5838,
              14.6562
            ]
          ]
        ]
      },
      "properties": {
        "parcel_id": "P0090",
        "survey_no": "190",
        "survey_number": "190",
        "owner_name": "Synthetic Owner 090",
        "ocr_owner_name": "Synthetic Owner 090",
        "area_acres": 14.2201,
        "ocr_area_acres": 14.2201,
        "area_hectares": 5.755,
        "land_class": "Agricultural",
        "district": "Anantapur",
        "state": "Andhra Pradesh",
        "village": "Example Village",
        "document_id": "DOC-00090",
        "confidence": 0.984,
        "verification_status": "Verified",
        "validation_issue": "",
        "is_disputed": false,
        "color": "#00C896"
      }
    },
    {
      "type": "Feature",
      "id": "P0091",
      "geometry": {
        "type": "Polygon",
        "coordinates": [
          [
            [
              77.5862,
              14.6562
            ],
            [
              77.5882,
              14.6562
            ],
            [
              77.5882,
              14.6578
            ],
            [
              77.5862,
              14.6578
            ],
            [
              77.5862,
              14.6562
            ]
          ]
        ]
      },
      "properties": {
        "parcel_id": "P0091",
        "survey_no": "191/2",
        "survey_number": "191",
        "owner_name": "Synthetic Owner 091",
        "ocr_owner_name": "Synthetic Owner 091",
        "area_acres": 14.2201,
        "ocr_area_acres": 14.2201,
        "area_hectares": 5.755,
        "land_class": "Government",
        "district": "Anantapur",
        "state": "Andhra Pradesh",
        "village": "Example Village",
        "document_id": "DOC-00091",
        "confidence": 0.712,
        "verification_status": "Review Required",
        "validation_issue": "Missing mutation information",
        "is_disputed": false,
        "color": "#FFB800"
      }
    },
    {
      "type": "Feature",
      "id": "P0092",
      "geometry": {
        "type": "Polygon",
        "coordinates": [
          [
            [
              77.5886,
              14.6562
            ],
            [
              77.5906,
              14.6562
            ],
            [
              77.5906,
              14.6578
            ],
            [
              77.5886,
              14.6578
            ],
            [
              77.5886,
              14.6562
            ]
          ]
        ]
      },
      "properties": {
        "parcel_id": "P0092",
        "survey_no": "192",
        "survey_number": "192",
        "owner_name": "Synthetic Owner 092",
        "ocr_owner_name": "Synthetic Owner 092",
        "area_acres": 14.2201,
        "ocr_area_acres": 14.2201,
        "area_hectares": 5.755,
        "land_class": "Water Body",
        "district": "Anantapur",
        "state": "Andhra Pradesh",
        "village": "Example Village",
        "document_id": "DOC-00092",
        "confidence": 0.939,
        "verification_status": "Verified",
        "validation_issue": "",
        "is_disputed": false,
        "color": "#00C896"
      }
    },
    {
      "type": "Feature",
      "id": "P0093",
      "geometry": {
        "type": "Polygon",
        "coordinates": [
          [
            [
              77.591,
              14.6562
            ],
            [
              77.593,
              14.6562
            ],
            [
              77.593,
              14.6578
            ],
            [
              77.591,
              14.6578
            ],
            [
              77.591,
              14.6562
            ]
          ]
        ]
      },
      "properties": {
        "parcel_id": "P0093",
        "survey_no": "193",
        "survey_number": "193",
        "owner_name": "Synthetic Owner 093",
        "ocr_owner_name": "Synthetic Owner 093",
        "area_acres": 14.2201,
        "ocr_area_acres": 14.2201,
        "area_hectares": 5.755,
        "land_class": "Agricultural",
        "district": "Anantapur",
        "state": "Andhra Pradesh",
        "village": "Example Village",
        "document_id": "DOC-00093",
        "confidence": 0.948,
        "verification_status": "Verified",
        "validation_issue": "",
        "is_disputed": false,
        "color": "#00C896"
      }
    },
    {
      "type": "Feature",
      "id": "P0094",
      "geometry": {
        "type": "Polygon",
        "coordinates": [
          [
            [
              77.5934,
              14.6562
            ],
            [
              77.5954,
              14.6562
            ],
            [
              77.5954,
              14.6578
            ],
            [
              77.5934,
              14.6578
            ],
            [
              77.5934,
              14.6562
            ]
          ]
        ]
      },
      "properties": {
        "parcel_id": "P0094",
        "survey_no": "194",
        "survey_number": "194",
        "owner_name": "Synthetic Owner 094",
        "ocr_owner_name": "Synthetic Owner 094",
        "area_acres": 14.2201,
        "ocr_area_acres": 14.2201,
        "area_hectares": 5.755,
        "land_class": "Government",
        "district": "Anantapur",
        "state": "Andhra Pradesh",
        "village": "Example Village",
        "document_id": "DOC-00094",
        "confidence": 0.957,
        "verification_status": "Verified",
        "validation_issue": "",
        "is_disputed": false,
        "color": "#00C896"
      }
    },
    {
      "type": "Feature",
      "id": "P0095",
      "geometry": {
        "type": "Polygon",
        "coordinates": [
          [
            [
              77.5958,
              14.6562
            ],
            [
              77.5978,
              14.6562
            ],
            [
              77.5978,
              14.6578
            ],
            [
              77.5958,
              14.6578
            ],
            [
              77.5958,
              14.6562
            ]
          ]
        ]
      },
      "properties": {
        "parcel_id": "P0095",
        "survey_no": "195",
        "survey_number": "195",
        "owner_name": "Synthetic Owner 095",
        "ocr_owner_name": "Synthetic Owner 095",
        "area_acres": 14.2201,
        "ocr_area_acres": 14.2201,
        "area_hectares": 5.755,
        "land_class": "Water Body",
        "district": "Anantapur",
        "state": "Andhra Pradesh",
        "village": "Example Village",
        "document_id": "DOC-00095",
        "confidence": 0.966,
        "verification_status": "Verified",
        "validation_issue": "",
        "is_disputed": false,
        "color": "#00C896"
      }
    },
    {
      "type": "Feature",
      "id": "P0096",
      "geometry": {
        "type": "Polygon",
        "coordinates": [
          [
            [
              77.5982,
              14.6562
            ],
            [
              77.6002,
              14.6562
            ],
            [
              77.6002,
              14.6578
            ],
            [
              77.5982,
              14.6578
            ],
            [
              77.5982,
              14.6562
            ]
          ]
        ]
      },
      "properties": {
        "parcel_id": "P0096",
        "survey_no": "196/1",
        "survey_number": "196",
        "owner_name": "Synthetic Owner 096",
        "ocr_owner_name": "Synthetic Owner 096",
        "area_acres": 14.2201,
        "ocr_area_acres": 14.2201,
        "area_hectares": 5.755,
        "land_class": "Agricultural",
        "district": "Anantapur",
        "state": "Andhra Pradesh",
        "village": "Example Village",
        "document_id": "DOC-00096",
        "confidence": 0.975,
        "verification_status": "Verified",
        "validation_issue": "",
        "is_disputed": false,
        "color": "#00C896"
      }
    },
    {
      "type": "Feature",
      "id": "P0097",
      "geometry": {
        "type": "Polygon",
        "coordinates": [
          [
            [
              77.6006,
              14.6562
            ],
            [
              77.6026,
              14.6562
            ],
            [
              77.6026,
              14.6578
            ],
            [
              77.6006,
              14.6578
            ],
            [
              77.6006,
              14.6562
            ]
          ]
        ]
      },
      "properties": {
        "parcel_id": "P0097",
        "survey_no": "197",
        "survey_number": "197",
        "owner_name": "Synthetic Owner 097",
        "ocr_owner_name": "Synthetic Owner 115",
        "area_acres": 14.2201,
        "ocr_area_acres": 14.2201,
        "area_hectares": 5.755,
        "land_class": "Government",
        "district": "Anantapur",
        "state": "Andhra Pradesh",
        "village": "Example Village",
        "document_id": "DOC-00097",
        "confidence": 0.684,
        "verification_status": "Conflict",
        "validation_issue": "Owner mismatch",
        "is_disputed": true,
        "color": "#FF4757"
      }
    },
    {
      "type": "Feature",
      "id": "P0098",
      "geometry": {
        "type": "Polygon",
        "coordinates": [
          [
            [
              77.603,
              14.6562
            ],
            [
              77.605,
              14.6562
            ],
            [
              77.605,
              14.6578
            ],
            [
              77.603,
              14.6578
            ],
            [
              77.603,
              14.6562
            ]
          ]
        ]
      },
      "properties": {
        "parcel_id": "P0098",
        "survey_no": "198",
        "survey_number": "198",
        "owner_name": "Synthetic Owner 098",
        "ocr_owner_name": "Synthetic Owner 098",
        "area_acres": 14.2201,
        "ocr_area_acres": 14.2201,
        "area_hectares": 5.755,
        "land_class": "Water Body",
        "district": "Anantapur",
        "state": "Andhra Pradesh",
        "village": "Example Village",
        "document_id": "DOC-00098",
        "confidence": 0.696,
        "verification_status": "Review Required",
        "validation_issue": "Low OCR confidence",
        "is_disputed": false,
        "color": "#FFB800"
      }
    },
    {
      "type": "Feature",
      "id": "P0099",
      "geometry": {
        "type": "Polygon",
        "coordinates": [
          [
            [
              77.6054,
              14.6562
            ],
            [
              77.6074,
              14.6562
            ],
            [
              77.6074,
              14.6578
            ],
            [
              77.6054,
              14.6578
            ],
            [
              77.6054,
              14.6562
            ]
          ]
        ]
      },
      "properties": {
        "parcel_id": "P0099",
        "survey_no": "199",
        "survey_number": "199",
        "owner_name": "Synthetic Owner 099",
        "ocr_owner_name": "Synthetic Owner 099",
        "area_acres": 14.2201,
        "ocr_area_acres": 14.2201,
        "area_hectares": 5.755,
        "land_class": "Agricultural",
        "district": "Anantapur",
        "state": "Andhra Pradesh",
        "village": "Example Village",
        "document_id": "DOC-00099",
        "confidence": 0.939,
        "verification_status": "Verified",
        "validation_issue": "",
        "is_disputed": false,
        "color": "#00C896"
      }
    },
    {
      "type": "Feature",
      "id": "P0100",
      "geometry": {
        "type": "Polygon",
        "coordinates": [
          [
            [
              77.6078,
              14.6562
            ],
            [
              77.6098,
              14.6562
            ],
            [
              77.6098,
              14.6578
            ],
            [
              77.6078,
              14.6578
            ],
            [
              77.6078,
              14.6562
            ]
          ]
        ]
      },
      "properties": {
        "parcel_id": "P0100",
        "survey_no": "200",
        "survey_number": "200",
        "owner_name": "Synthetic Owner 100",
        "ocr_owner_name": "Synthetic Owner 100",
        "area_acres": 14.2201,
        "ocr_area_acres": 14.2201,
        "area_hectares": 5.755,
        "land_class": "Government",
        "district": "Anantapur",
        "state": "Andhra Pradesh",
        "village": "Example Village",
        "document_id": "DOC-00100",
        "confidence": 0.948,
        "verification_status": "Verified",
        "validation_issue": "",
        "is_disputed": false,
        "color": "#00C896"
      }
    },
    {
      "type": "Feature",
      "id": "P0101",
      "geometry": {
        "type": "Polygon",
        "coordinates": [
          [
            [
              77.5502,
              14.6582
            ],
            [
              77.5522,
              14.6582
            ],
            [
              77.5522,
              14.6598
            ],
            [
              77.5502,
              14.6598
            ],
            [
              77.5502,
              14.6582
            ]
          ]
        ]
      },
      "properties": {
        "parcel_id": "P0101",
        "survey_no": "201/3",
        "survey_number": "201",
        "owner_name": "Synthetic Owner 101",
        "ocr_owner_name": "Synthetic Owner 101",
        "area_acres": 14.22,
        "ocr_area_acres": 14.22,
        "area_hectares": 5.755,
        "land_class": "Water Body",
        "district": "Anantapur",
        "state": "Andhra Pradesh",
        "village": "Example Village",
        "document_id": "DOC-00101",
        "confidence": 0.957,
        "verification_status": "Verified",
        "validation_issue": "",
        "is_disputed": false,
        "color": "#00C896"
      }
    },
    {
      "type": "Feature",
      "id": "P0102",
      "geometry": {
        "type": "Polygon",
        "coordinates": [
          [
            [
              77.5526,
              14.6582
            ],
            [
              77.5546,
              14.6582
            ],
            [
              77.5546,
              14.6598
            ],
            [
              77.5526,
              14.6598
            ],
            [
              77.5526,
              14.6582
            ]
          ]
        ]
      },
      "properties": {
        "parcel_id": "P0102",
        "survey_no": "202",
        "survey_number": "202",
        "owner_name": "Synthetic Owner 102",
        "ocr_owner_name": "Synthetic Owner 102",
        "area_acres": 14.22,
        "ocr_area_acres": 14.22,
        "area_hectares": 5.755,
        "land_class": "Agricultural",
        "district": "Anantapur",
        "state": "Andhra Pradesh",
        "village": "Example Village",
        "document_id": "DOC-00102",
        "confidence": 0.444,
        "verification_status": "Conflict",
        "validation_issue": "Survey number uncertainty",
        "is_disputed": true,
        "color": "#FF4757"
      }
    },
    {
      "type": "Feature",
      "id": "P0103",
      "geometry": {
        "type": "Polygon",
        "coordinates": [
          [
            [
              77.555,
              14.6582
            ],
            [
              77.557,
              14.6582
            ],
            [
              77.557,
              14.6598
            ],
            [
              77.555,
              14.6598
            ],
            [
              77.555,
              14.6582
            ]
          ]
        ]
      },
      "properties": {
        "parcel_id": "P0103",
        "survey_no": "203",
        "survey_number": "203",
        "owner_name": "Synthetic Owner 103",
        "ocr_owner_name": "Synthetic Owner 103",
        "area_acres": 14.22,
        "ocr_area_acres": 14.22,
        "area_hectares": 5.755,
        "land_class": "Government",
        "district": "Anantapur",
        "state": "Andhra Pradesh",
        "village": "Example Village",
        "document_id": "DOC-00103",
        "confidence": 0.975,
        "verification_status": "Verified",
        "validation_issue": "",
        "is_disputed": false,
        "color": "#00C896"
      }
    },
    {
      "type": "Feature",
      "id": "P0104",
      "geometry": {
        "type": "Polygon",
        "coordinates": [
          [
            [
              77.5574,
              14.6582
            ],
            [
              77.5594,
              14.6582
            ],
            [
              77.5594,
              14.6598
            ],
            [
              77.5574,
              14.6598
            ],
            [
              77.5574,
              14.6582
            ]
          ]
        ]
      },
      "properties": {
        "parcel_id": "P0104",
        "survey_no": "204",
        "survey_number": "204",
        "owner_name": "Synthetic Owner 104",
        "ocr_owner_name": "Synthetic Owner 104",
        "area_acres": 14.22,
        "ocr_area_acres": 14.22,
        "area_hectares": 5.755,
        "land_class": "Water Body",
        "district": "Anantapur",
        "state": "Andhra Pradesh",
        "village": "Example Village",
        "document_id": "DOC-00104",
        "confidence": 0.984,
        "verification_status": "Verified",
        "validation_issue": "",
        "is_disputed": false,
        "color": "#00C896"
      }
    },
    {
      "type": "Feature",
      "id": "P0105",
      "geometry": {
        "type": "Polygon",
        "coordinates": [
          [
            [
              77.5598,
              14.6582
            ],
            [
              77.5618,
              14.6582
            ],
            [
              77.5618,
              14.6598
            ],
            [
              77.5598,
              14.6598
            ],
            [
              77.5598,
              14.6582
            ]
          ]
        ]
      },
      "properties": {
        "parcel_id": "P0105",
        "survey_no": "205",
        "survey_number": "205",
        "owner_name": "Synthetic Owner 105",
        "ocr_owner_name": "Synthetic Owner 105",
        "area_acres": 14.22,
        "ocr_area_acres": 14.22,
        "area_hectares": 5.755,
        "land_class": "Agricultural",
        "district": "Anantapur",
        "state": "Andhra Pradesh",
        "village": "Example Village",
        "document_id": "DOC-00105",
        "confidence": 0.93,
        "verification_status": "Verified",
        "validation_issue": "",
        "is_disputed": false,
        "color": "#00C896"
      }
    },
    {
      "type": "Feature",
      "id": "P0106",
      "geometry": {
        "type": "Polygon",
        "coordinates": [
          [
            [
              77.5622,
              14.6582
            ],
            [
              77.5642,
              14.6582
            ],
            [
              77.5642,
              14.6598
            ],
            [
              77.5622,
              14.6598
            ],
            [
              77.5622,
              14.6582
            ]
          ]
        ]
      },
      "properties": {
        "parcel_id": "P0106",
        "survey_no": "206/2",
        "survey_number": "206",
        "owner_name": "Synthetic Owner 106",
        "ocr_owner_name": "Synthetic Owner 106",
        "area_acres": 14.22,
        "ocr_area_acres": 14.22,
        "area_hectares": 5.755,
        "land_class": "Government",
        "district": "Anantapur",
        "state": "Andhra Pradesh",
        "village": "Example Village",
        "document_id": "DOC-00106",
        "confidence": 0.939,
        "verification_status": "Verified",
        "validation_issue": "",
        "is_disputed": false,
        "color": "#00C896"
      }
    },
    {
      "type": "Feature",
      "id": "P0107",
      "geometry": {
        "type": "Polygon",
        "coordinates": [
          [
            [
              77.5646,
              14.6582
            ],
            [
              77.5666,
              14.6582
            ],
            [
              77.5666,
              14.6598
            ],
            [
              77.5646,
              14.6598
            ],
            [
              77.5646,
              14.6582
            ]
          ]
        ]
      },
      "properties": {
        "parcel_id": "P0107",
        "survey_no": "207",
        "survey_number": "207",
        "owner_name": "Synthetic Owner 107",
        "ocr_owner_name": "Synthetic Owner 107",
        "area_acres": 14.22,
        "ocr_area_acres": 14.22,
        "area_hectares": 5.755,
        "land_class": "Water Body",
        "district": "Anantapur",
        "state": "Andhra Pradesh",
        "village": "Example Village",
        "document_id": "DOC-00107",
        "confidence": 0.948,
        "verification_status": "Verified",
        "validation_issue": "",
        "is_disputed": false,
        "color": "#00C896"
      }
    },
    {
      "type": "Feature",
      "id": "P0108",
      "geometry": {
        "type": "Polygon",
        "coordinates": [
          [
            [
              77.567,
              14.6582
            ],
            [
              77.569,
              14.6582
            ],
            [
              77.569,
              14.6598
            ],
            [
              77.567,
              14.6598
            ],
            [
              77.567,
              14.6582
            ]
          ]
        ]
      },
      "properties": {
        "parcel_id": "P0108",
        "survey_no": "208",
        "survey_number": "208",
        "owner_name": "Synthetic Owner 108",
        "ocr_owner_name": "Synthetic Owner 108",
        "area_acres": 14.22,
        "ocr_area_acres": 14.22,
        "area_hectares": 5.755,
        "land_class": "Agricultural",
        "district": "Anantapur",
        "state": "Andhra Pradesh",
        "village": "Example Village",
        "document_id": "DOC-00108",
        "confidence": 0.957,
        "verification_status": "Verified",
        "validation_issue": "",
        "is_disputed": false,
        "color": "#00C896"
      }
    },
    {
      "type": "Feature",
      "id": "P0109",
      "geometry": {
        "type": "Polygon",
        "coordinates": [
          [
            [
              77.5694,
              14.6582
            ],
            [
              77.5714,
              14.6582
            ],
            [
              77.5714,
              14.6598
            ],
            [
              77.5694,
              14.6598
            ],
            [
              77.5694,
              14.6582
            ]
          ]
        ]
      },
      "properties": {
        "parcel_id": "P0109",
        "survey_no": "209",
        "survey_number": "209",
        "owner_name": "Synthetic Owner 109",
        "ocr_owner_name": "Synthetic Owner 109",
        "area_acres": 14.22,
        "ocr_area_acres": 14.22,
        "area_hectares": 5.755,
        "land_class": "Government",
        "district": "Anantapur",
        "state": "Andhra Pradesh",
        "village": "Example Village",
        "document_id": "DOC-00109",
        "confidence": 0.966,
        "verification_status": "Verified",
        "validation_issue": "",
        "is_disputed": false,
        "color": "#00C896"
      }
    },
    {
      "type": "Feature",
      "id": "P0110",
      "geometry": {
        "type": "Polygon",
        "coordinates": [
          [
            [
              77.5718,
              14.6582
            ],
            [
              77.5738,
              14.6582
            ],
            [
              77.5738,
              14.6598
            ],
            [
              77.5718,
              14.6598
            ],
            [
              77.5718,
              14.6582
            ]
          ]
        ]
      },
      "properties": {
        "parcel_id": "P0110",
        "survey_no": "210",
        "survey_number": "210",
        "owner_name": "Synthetic Owner 110",
        "ocr_owner_name": "Synthetic Owner 110",
        "area_acres": 14.22,
        "ocr_area_acres": 14.22,
        "area_hectares": 5.755,
        "land_class": "Water Body",
        "district": "Anantapur",
        "state": "Andhra Pradesh",
        "village": "Example Village",
        "document_id": "DOC-00110",
        "confidence": 0.76,
        "verification_status": "Review Required",
        "validation_issue": "Missing mutation information",
        "is_disputed": false,
        "color": "#FFB800"
      }
    },
    {
      "type": "Feature",
      "id": "P0111",
      "geometry": {
        "type": "Polygon",
        "coordinates": [
          [
            [
              77.5742,
              14.6582
            ],
            [
              77.5762,
              14.6582
            ],
            [
              77.5762,
              14.6598
            ],
            [
              77.5742,
              14.6598
            ],
            [
              77.5742,
              14.6582
            ]
          ]
        ]
      },
      "properties": {
        "parcel_id": "P0111",
        "survey_no": "211/1",
        "survey_number": "211",
        "owner_name": "Synthetic Owner 111",
        "ocr_owner_name": "Synthetic Owner 111",
        "area_acres": 14.22,
        "ocr_area_acres": 14.22,
        "area_hectares": 5.755,
        "land_class": "Agricultural",
        "district": "Anantapur",
        "state": "Andhra Pradesh",
        "village": "Example Village",
        "document_id": "DOC-00111",
        "confidence": 0.984,
        "verification_status": "Verified",
        "validation_issue": "",
        "is_disputed": false,
        "color": "#00C896"
      }
    },
    {
      "type": "Feature",
      "id": "P0112",
      "geometry": {
        "type": "Polygon",
        "coordinates": [
          [
            [
              77.5766,
              14.6582
            ],
            [
              77.5786,
              14.6582
            ],
            [
              77.5786,
              14.6598
            ],
            [
              77.5766,
              14.6598
            ],
            [
              77.5766,
              14.6582
            ]
          ]
        ]
      },
      "properties": {
        "parcel_id": "P0112",
        "survey_no": "212",
        "survey_number": "212",
        "owner_name": "Synthetic Owner 112",
        "ocr_owner_name": "Synthetic Owner 112",
        "area_acres": 14.22,
        "ocr_area_acres": 14.22,
        "area_hectares": 5.755,
        "land_class": "Government",
        "district": "Anantapur",
        "state": "Andhra Pradesh",
        "village": "Example Village",
        "document_id": "DOC-00112",
        "confidence": 0.564,
        "verification_status": "Conflict",
        "validation_issue": "Survey number uncertainty",
        "is_disputed": true,
        "color": "#FF4757"
      }
    },
    {
      "type": "Feature",
      "id": "P0113",
      "geometry": {
        "type": "Polygon",
        "coordinates": [
          [
            [
              77.579,
              14.6582
            ],
            [
              77.581,
              14.6582
            ],
            [
              77.581,
              14.6598
            ],
            [
              77.579,
              14.6598
            ],
            [
              77.579,
              14.6582
            ]
          ]
        ]
      },
      "properties": {
        "parcel_id": "P0113",
        "survey_no": "213",
        "survey_number": "213",
        "owner_name": "Synthetic Owner 113",
        "ocr_owner_name": "Synthetic Owner 113",
        "area_acres": 14.22,
        "ocr_area_acres": 14.22,
        "area_hectares": 5.755,
        "land_class": "Water Body",
        "district": "Anantapur",
        "state": "Andhra Pradesh",
        "village": "Example Village",
        "document_id": "DOC-00113",
        "confidence": 0.939,
        "verification_status": "Verified",
        "validation_issue": "",
        "is_disputed": false,
        "color": "#00C896"
      }
    },
    {
      "type": "Feature",
      "id": "P0114",
      "geometry": {
        "type": "Polygon",
        "coordinates": [
          [
            [
              77.5814,
              14.6582
            ],
            [
              77.5834,
              14.6582
            ],
            [
              77.5834,
              14.6598
            ],
            [
              77.5814,
              14.6598
            ],
            [
              77.5814,
              14.6582
            ]
          ]
        ]
      },
      "properties": {
        "parcel_id": "P0114",
        "survey_no": "214",
        "survey_number": "214",
        "owner_name": "Synthetic Owner 114",
        "ocr_owner_name": "Synthetic Owner 114",
        "area_acres": 14.22,
        "ocr_area_acres": 14.22,
        "area_hectares": 5.755,
        "land_class": "Agricultural",
        "district": "Anantapur",
        "state": "Andhra Pradesh",
        "village": "Example Village",
        "document_id": "DOC-00114",
        "confidence": 0.948,
        "verification_status": "Verified",
        "validation_issue": "",
        "is_disputed": false,
        "color": "#00C896"
      }
    },
    {
      "type": "Feature",
      "id": "P0115",
      "geometry": {
        "type": "Polygon",
        "coordinates": [
          [
            [
              77.5838,
              14.6582
            ],
            [
              77.5858,
              14.6582
            ],
            [
              77.5858,
              14.6598
            ],
            [
              77.5838,
              14.6598
            ],
            [
              77.5838,
              14.6582
            ]
          ]
        ]
      },
      "properties": {
        "parcel_id": "P0115",
        "survey_no": "215",
        "survey_number": "215",
        "owner_name": "Synthetic Owner 115",
        "ocr_owner_name": "Synthetic Owner 115",
        "area_acres": 14.22,
        "ocr_area_acres": 14.22,
        "area_hectares": 5.755,
        "land_class": "Government",
        "district": "Anantapur",
        "state": "Andhra Pradesh",
        "village": "Example Village",
        "document_id": "DOC-00115",
        "confidence": 0.957,
        "verification_status": "Verified",
        "validation_issue": "",
        "is_disputed": false,
        "color": "#00C896"
      }
    },
    {
      "type": "Feature",
      "id": "P0116",
      "geometry": {
        "type": "Polygon",
        "coordinates": [
          [
            [
              77.5862,
              14.6582
            ],
            [
              77.5882,
              14.6582
            ],
            [
              77.5882,
              14.6598
            ],
            [
              77.5862,
              14.6598
            ],
            [
              77.5862,
              14.6582
            ]
          ]
        ]
      },
      "properties": {
        "parcel_id": "P0116",
        "survey_no": "216/3",
        "survey_number": "216",
        "owner_name": "Synthetic Owner 116",
        "ocr_owner_name": "Synthetic Owner 116",
        "area_acres": 14.22,
        "ocr_area_acres": 14.22,
        "area_hectares": 5.755,
        "land_class": "Water Body",
        "district": "Anantapur",
        "state": "Andhra Pradesh",
        "village": "Example Village",
        "document_id": "DOC-00116",
        "confidence": 0.966,
        "verification_status": "Verified",
        "validation_issue": "",
        "is_disputed": false,
        "color": "#00C896"
      }
    },
    {
      "type": "Feature",
      "id": "P0117",
      "geometry": {
        "type": "Polygon",
        "coordinates": [
          [
            [
              77.5886,
              14.6582
            ],
            [
              77.5906,
              14.6582
            ],
            [
              77.5906,
              14.6598
            ],
            [
              77.5886,
              14.6598
            ],
            [
              77.5886,
              14.6582
            ]
          ]
        ]
      },
      "properties": {
        "parcel_id": "P0117",
        "survey_no": "217",
        "survey_number": "217",
        "owner_name": "Synthetic Owner 117",
        "ocr_owner_name": "Synthetic Owner 117",
        "area_acres": 14.22,
        "ocr_area_acres": 15.3576,
        "area_hectares": 5.755,
        "land_class": "Agricultural",
        "district": "Anantapur",
        "state": "Andhra Pradesh",
        "village": "Example Village",
        "document_id": "DOC-00117",
        "confidence": 0.624,
        "verification_status": "Conflict",
        "validation_issue": "Area mismatch",
        "is_disputed": true,
        "color": "#FF4757"
      }
    },
    {
      "type": "Feature",
      "id": "P0118",
      "geometry": {
        "type": "Polygon",
        "coordinates": [
          [
            [
              77.591,
              14.6582
            ],
            [
              77.593,
              14.6582
            ],
            [
              77.593,
              14.6598
            ],
            [
              77.591,
              14.6598
            ],
            [
              77.591,
              14.6582
            ]
          ]
        ]
      },
      "properties": {
        "parcel_id": "P0118",
        "survey_no": "218",
        "survey_number": "218",
        "owner_name": "Synthetic Owner 118",
        "ocr_owner_name": "Synthetic Owner 118",
        "area_acres": 14.22,
        "ocr_area_acres": 14.22,
        "area_hectares": 5.755,
        "land_class": "Government",
        "district": "Anantapur",
        "state": "Andhra Pradesh",
        "village": "Example Village",
        "document_id": "DOC-00118",
        "confidence": 0.984,
        "verification_status": "Verified",
        "validation_issue": "",
        "is_disputed": false,
        "color": "#00C896"
      }
    },
    {
      "type": "Feature",
      "id": "P0119",
      "geometry": {
        "type": "Polygon",
        "coordinates": [
          [
            [
              77.5934,
              14.6582
            ],
            [
              77.5954,
              14.6582
            ],
            [
              77.5954,
              14.6598
            ],
            [
              77.5934,
              14.6598
            ],
            [
              77.5934,
              14.6582
            ]
          ]
        ]
      },
      "properties": {
        "parcel_id": "P0119",
        "survey_no": "219",
        "survey_number": "219",
        "owner_name": "Synthetic Owner 119",
        "ocr_owner_name": "Synthetic Owner 119",
        "area_acres": 14.22,
        "ocr_area_acres": 14.22,
        "area_hectares": 5.755,
        "land_class": "Water Body",
        "district": "Anantapur",
        "state": "Andhra Pradesh",
        "village": "Example Village",
        "document_id": "DOC-00119",
        "confidence": 0.868,
        "verification_status": "Review Required",
        "validation_issue": "Possible duplicate",
        "is_disputed": false,
        "color": "#FFB800"
      }
    },
    {
      "type": "Feature",
      "id": "P0120",
      "geometry": {
        "type": "Polygon",
        "coordinates": [
          [
            [
              77.5958,
              14.6582
            ],
            [
              77.5978,
              14.6582
            ],
            [
              77.5978,
              14.6598
            ],
            [
              77.5958,
              14.6598
            ],
            [
              77.5958,
              14.6582
            ]
          ]
        ]
      },
      "properties": {
        "parcel_id": "P0120",
        "survey_no": "220",
        "survey_number": "220",
        "owner_name": "Synthetic Owner 120",
        "ocr_owner_name": "Synthetic Owner 120",
        "area_acres": 14.22,
        "ocr_area_acres": 14.22,
        "area_hectares": 5.755,
        "land_class": "Agricultural",
        "district": "Anantapur",
        "state": "Andhra Pradesh",
        "village": "Example Village",
        "document_id": "DOC-00120",
        "confidence": 0.7,
        "verification_status": "Review Required",
        "validation_issue": "Missing mutation information",
        "is_disputed": false,
        "color": "#FFB800"
      }
    },
    {
      "type": "Feature",
      "id": "P0121",
      "geometry": {
        "type": "Polygon",
        "coordinates": [
          [
            [
              77.5982,
              14.6582
            ],
            [
              77.6002,
              14.6582
            ],
            [
              77.6002,
              14.6598
            ],
            [
              77.5982,
              14.6598
            ],
            [
              77.5982,
              14.6582
            ]
          ]
        ]
      },
      "properties": {
        "parcel_id": "P0121",
        "survey_no": "221/2",
        "survey_number": "221",
        "owner_name": "Synthetic Owner 121",
        "ocr_owner_name": "Synthetic Owner 139",
        "area_acres": 14.22,
        "ocr_area_acres": 14.22,
        "area_hectares": 5.755,
        "land_class": "Government",
        "district": "Anantapur",
        "state": "Andhra Pradesh",
        "village": "Example Village",
        "document_id": "DOC-00121",
        "confidence": 0.672,
        "verification_status": "Conflict",
        "validation_issue": "Owner mismatch",
        "is_disputed": true,
        "color": "#FF4757"
      }
    },
    {
      "type": "Feature",
      "id": "P0122",
      "geometry": {
        "type": "Polygon",
        "coordinates": [
          [
            [
              77.6006,
              14.6582
            ],
            [
              77.6026,
              14.6582
            ],
            [
              77.6026,
              14.6598
            ],
            [
              77.6006,
              14.6598
            ],
            [
              77.6006,
              14.6582
            ]
          ]
        ]
      },
      "properties": {
        "parcel_id": "P0122",
        "survey_no": "222",
        "survey_number": "222",
        "owner_name": "Synthetic Owner 122",
        "ocr_owner_name": "Synthetic Owner 122",
        "area_acres": 14.22,
        "ocr_area_acres": 14.22,
        "area_hectares": 5.755,
        "land_class": "Water Body",
        "district": "Anantapur",
        "state": "Andhra Pradesh",
        "village": "Example Village",
        "document_id": "DOC-00122",
        "confidence": 0.724,
        "verification_status": "Review Required",
        "validation_issue": "Missing mutation information",
        "is_disputed": false,
        "color": "#FFB800"
      }
    },
    {
      "type": "Feature",
      "id": "P0123",
      "geometry": {
        "type": "Polygon",
        "coordinates": [
          [
            [
              77.603,
              14.6582
            ],
            [
              77.605,
              14.6582
            ],
            [
              77.605,
              14.6598
            ],
            [
              77.603,
              14.6598
            ],
            [
              77.603,
              14.6582
            ]
          ]
        ]
      },
      "properties": {
        "parcel_id": "P0123",
        "survey_no": "223",
        "survey_number": "223",
        "owner_name": "Synthetic Owner 123",
        "ocr_owner_name": "Synthetic Owner 123",
        "area_acres": 14.22,
        "ocr_area_acres": 14.22,
        "area_hectares": 5.755,
        "land_class": "Agricultural",
        "district": "Anantapur",
        "state": "Andhra Pradesh",
        "village": "Example Village",
        "document_id": "DOC-00123",
        "confidence": 0.966,
        "verification_status": "Verified",
        "validation_issue": "",
        "is_disputed": false,
        "color": "#00C896"
      }
    },
    {
      "type": "Feature",
      "id": "P0124",
      "geometry": {
        "type": "Polygon",
        "coordinates": [
          [
            [
              77.6054,
              14.6582
            ],
            [
              77.6074,
              14.6582
            ],
            [
              77.6074,
              14.6598
            ],
            [
              77.6054,
              14.6598
            ],
            [
              77.6054,
              14.6582
            ]
          ]
        ]
      },
      "properties": {
        "parcel_id": "P0124",
        "survey_no": "224",
        "survey_number": "224",
        "owner_name": "Synthetic Owner 124",
        "ocr_owner_name": "Synthetic Owner 124",
        "area_acres": 14.22,
        "ocr_area_acres": 14.22,
        "area_hectares": 5.755,
        "land_class": "Government",
        "district": "Anantapur",
        "state": "Andhra Pradesh",
        "village": "Example Village",
        "document_id": "DOC-00124",
        "confidence": 0.975,
        "verification_status": "Verified",
        "validation_issue": "",
        "is_disputed": false,
        "color": "#00C896"
      }
    },
    {
      "type": "Feature",
      "id": "P0125",
      "geometry": {
        "type": "Polygon",
        "coordinates": [
          [
            [
              77.6078,
              14.6582
            ],
            [
              77.6098,
              14.6582
            ],
            [
              77.6098,
              14.6598
            ],
            [
              77.6078,
              14.6598
            ],
            [
              77.6078,
              14.6582
            ]
          ]
        ]
      },
      "properties": {
        "parcel_id": "P0125",
        "survey_no": "225",
        "survey_number": "225",
        "owner_name": "Synthetic Owner 125",
        "ocr_owner_name": "Synthetic Owner 125",
        "area_acres": 14.22,
        "ocr_area_acres": 14.22,
        "area_hectares": 5.755,
        "land_class": "Water Body",
        "district": "Anantapur",
        "state": "Andhra Pradesh",
        "village": "Example Village",
        "document_id": "DOC-00125",
        "confidence": 0.984,
        "verification_status": "Verified",
        "validation_issue": "",
        "is_disputed": false,
        "color": "#00C896"
      }
    },
    {
      "type": "Feature",
      "id": "P0126",
      "geometry": {
        "type": "Polygon",
        "coordinates": [
          [
            [
              77.5502,
              14.6602
            ],
            [
              77.5522,
              14.6602
            ],
            [
              77.5522,
              14.6618
            ],
            [
              77.5502,
              14.6618
            ],
            [
              77.5502,
              14.6602
            ]
          ]
        ]
      },
      "properties": {
        "parcel_id": "P0126",
        "survey_no": "226/1",
        "survey_number": "226",
        "owner_name": "Synthetic Owner 126",
        "ocr_owner_name": "Synthetic Owner 126",
        "area_acres": 14.2198,
        "ocr_area_acres": 14.2198,
        "area_hectares": 5.755,
        "land_class": "Agricultural",
        "district": "Anantapur",
        "state": "Andhra Pradesh",
        "village": "Example Village",
        "document_id": "DOC-00126",
        "confidence": 0.93,
        "verification_status": "Verified",
        "validation_issue": "",
        "is_disputed": false,
        "color": "#00C896"
      }
    },
    {
      "type": "Feature",
      "id": "P0127",
      "geometry": {
        "type": "Polygon",
        "coordinates": [
          [
            [
              77.5526,
              14.6602
            ],
            [
              77.5546,
              14.6602
            ],
            [
              77.5546,
              14.6618
            ],
            [
              77.5526,
              14.6618
            ],
            [
              77.5526,
              14.6602
            ]
          ]
        ]
      },
      "properties": {
        "parcel_id": "P0127",
        "survey_no": "227",
        "survey_number": "227",
        "owner_name": "Synthetic Owner 127",
        "ocr_owner_name": "Synthetic Owner 127",
        "area_acres": 14.2198,
        "ocr_area_acres": 14.2198,
        "area_hectares": 5.755,
        "land_class": "Government",
        "district": "Anantapur",
        "state": "Andhra Pradesh",
        "village": "Example Village",
        "document_id": "DOC-00127",
        "confidence": 0.939,
        "verification_status": "Verified",
        "validation_issue": "",
        "is_disputed": false,
        "color": "#00C896"
      }
    },
    {
      "type": "Feature",
      "id": "P0128",
      "geometry": {
        "type": "Polygon",
        "coordinates": [
          [
            [
              77.555,
              14.6602
            ],
            [
              77.557,
              14.6602
            ],
            [
              77.557,
              14.6618
            ],
            [
              77.555,
              14.6618
            ],
            [
              77.555,
              14.6602
            ]
          ]
        ]
      },
      "properties": {
        "parcel_id": "P0128",
        "survey_no": "228",
        "survey_number": "228",
        "owner_name": "Synthetic Owner 128",
        "ocr_owner_name": "Synthetic Owner 128",
        "area_acres": 14.2198,
        "ocr_area_acres": 14.2198,
        "area_hectares": 5.755,
        "land_class": "Water Body",
        "district": "Anantapur",
        "state": "Andhra Pradesh",
        "village": "Example Village",
        "document_id": "DOC-00128",
        "confidence": 0.456,
        "verification_status": "Review Required",
        "validation_issue": "Low OCR confidence",
        "is_disputed": false,
        "color": "#FFB800"
      }
    },
    {
      "type": "Feature",
      "id": "P0129",
      "geometry": {
        "type": "Polygon",
        "coordinates": [
          [
            [
              77.5574,
              14.6602
            ],
            [
              77.5594,
              14.6602
            ],
            [
              77.5594,
              14.6618
            ],
            [
              77.5574,
              14.6618
            ],
            [
              77.5574,
              14.6602
            ]
          ]
        ]
      },
      "properties": {
        "parcel_id": "P0129",
        "survey_no": "229",
        "survey_number": "229",
        "owner_name": "Synthetic Owner 129",
        "ocr_owner_name": "Synthetic Owner 129",
        "area_acres": 14.2198,
        "ocr_area_acres": 14.2198,
        "area_hectares": 5.755,
        "land_class": "Agricultural",
        "district": "Anantapur",
        "state": "Andhra Pradesh",
        "village": "Example Village",
        "document_id": "DOC-00129",
        "confidence": 0.808,
        "verification_status": "Review Required",
        "validation_issue": "Missing mutation information",
        "is_disputed": false,
        "color": "#FFB800"
      }
    },
    {
      "type": "Feature",
      "id": "P0130",
      "geometry": {
        "type": "Polygon",
        "coordinates": [
          [
            [
              77.5598,
              14.6602
            ],
            [
              77.5618,
              14.6602
            ],
            [
              77.5618,
              14.6618
            ],
            [
              77.5598,
              14.6618
            ],
            [
              77.5598,
              14.6602
            ]
          ]
        ]
      },
      "properties": {
        "parcel_id": "P0130",
        "survey_no": "230",
        "survey_number": "230",
        "owner_name": "Synthetic Owner 130",
        "ocr_owner_name": "Synthetic Owner 130",
        "area_acres": 14.2198,
        "ocr_area_acres": 14.2198,
        "area_hectares": 5.755,
        "land_class": "Government",
        "district": "Anantapur",
        "state": "Andhra Pradesh",
        "village": "Example Village",
        "document_id": "DOC-00130",
        "confidence": 0.82,
        "verification_status": "Review Required",
        "validation_issue": "Missing mutation information",
        "is_disputed": false,
        "color": "#FFB800"
      }
    },
    {
      "type": "Feature",
      "id": "P0131",
      "geometry": {
        "type": "Polygon",
        "coordinates": [
          [
            [
              77.5622,
              14.6602
            ],
            [
              77.5642,
              14.6602
            ],
            [
              77.5642,
              14.6618
            ],
            [
              77.5622,
              14.6618
            ],
            [
              77.5622,
              14.6602
            ]
          ]
        ]
      },
      "properties": {
        "parcel_id": "P0131",
        "survey_no": "231/3",
        "survey_number": "231",
        "owner_name": "Synthetic Owner 131",
        "ocr_owner_name": "Synthetic Owner 131",
        "area_acres": 14.2198,
        "ocr_area_acres": 14.2198,
        "area_hectares": 5.755,
        "land_class": "Water Body",
        "district": "Anantapur",
        "state": "Andhra Pradesh",
        "village": "Example Village",
        "document_id": "DOC-00131",
        "confidence": 0.975,
        "verification_status": "Verified",
        "validation_issue": "",
        "is_disputed": false,
        "color": "#00C896"
      }
    },
    {
      "type": "Feature",
      "id": "P0132",
      "geometry": {
        "type": "Polygon",
        "coordinates": [
          [
            [
              77.5646,
              14.6602
            ],
            [
              77.5666,
              14.6602
            ],
            [
              77.5666,
              14.6618
            ],
            [
              77.5646,
              14.6618
            ],
            [
              77.5646,
              14.6602
            ]
          ]
        ]
      },
      "properties": {
        "parcel_id": "P0132",
        "survey_no": "232",
        "survey_number": "232",
        "owner_name": "Synthetic Owner 132",
        "ocr_owner_name": "Synthetic Owner 132",
        "area_acres": 14.2198,
        "ocr_area_acres": 14.2198,
        "area_hectares": 5.755,
        "land_class": "Agricultural",
        "district": "Anantapur",
        "state": "Andhra Pradesh",
        "village": "Example Village",
        "document_id": "DOC-00132",
        "confidence": 0.984,
        "verification_status": "Verified",
        "validation_issue": "",
        "is_disputed": false,
        "color": "#00C896"
      }
    },
    {
      "type": "Feature",
      "id": "P0133",
      "geometry": {
        "type": "Polygon",
        "coordinates": [
          [
            [
              77.567,
              14.6602
            ],
            [
              77.569,
              14.6602
            ],
            [
              77.569,
              14.6618
            ],
            [
              77.567,
              14.6618
            ],
            [
              77.567,
              14.6602
            ]
          ]
        ]
      },
      "properties": {
        "parcel_id": "P0133",
        "survey_no": "233",
        "survey_number": "233",
        "owner_name": "Synthetic Owner 133",
        "ocr_owner_name": "Synthetic Owner 133",
        "area_acres": 14.2198,
        "ocr_area_acres": 14.2198,
        "area_hectares": 5.755,
        "land_class": "Government",
        "district": "Anantapur",
        "state": "Andhra Pradesh",
        "village": "Example Village",
        "document_id": "DOC-00133",
        "confidence": 0.93,
        "verification_status": "Verified",
        "validation_issue": "",
        "is_disputed": false,
        "color": "#00C896"
      }
    },
    {
      "type": "Feature",
      "id": "P0134",
      "geometry": {
        "type": "Polygon",
        "coordinates": [
          [
            [
              77.5694,
              14.6602
            ],
            [
              77.5714,
              14.6602
            ],
            [
              77.5714,
              14.6618
            ],
            [
              77.5694,
              14.6618
            ],
            [
              77.5694,
              14.6602
            ]
          ]
        ]
      },
      "properties": {
        "parcel_id": "P0134",
        "survey_no": "234",
        "survey_number": "234",
        "owner_name": "Synthetic Owner 134",
        "ocr_owner_name": "Synthetic Owner 134",
        "area_acres": 14.2198,
        "ocr_area_acres": 14.2198,
        "area_hectares": 5.755,
        "land_class": "Water Body",
        "district": "Anantapur",
        "state": "Andhra Pradesh",
        "village": "Example Village",
        "document_id": "DOC-00134",
        "confidence": 0.939,
        "verification_status": "Verified",
        "validation_issue": "",
        "is_disputed": false,
        "color": "#00C896"
      }
    },
    {
      "type": "Feature",
      "id": "P0135",
      "geometry": {
        "type": "Polygon",
        "coordinates": [
          [
            [
              77.5718,
              14.6602
            ],
            [
              77.5738,
              14.6602
            ],
            [
              77.5738,
              14.6618
            ],
            [
              77.5718,
              14.6618
            ],
            [
              77.5718,
              14.6602
            ]
          ]
        ]
      },
      "properties": {
        "parcel_id": "P0135",
        "survey_no": "235",
        "survey_number": "235",
        "owner_name": "Synthetic Owner 135",
        "ocr_owner_name": "Synthetic Owner 135",
        "area_acres": 14.2198,
        "ocr_area_acres": 14.2198,
        "area_hectares": 5.755,
        "land_class": "Agricultural",
        "district": "Anantapur",
        "state": "Andhra Pradesh",
        "village": "Example Village",
        "document_id": "DOC-00135",
        "confidence": 0.948,
        "verification_status": "Verified",
        "validation_issue": "",
        "is_disputed": false,
        "color": "#00C896"
      }
    },
    {
      "type": "Feature",
      "id": "P0136",
      "geometry": {
        "type": "Polygon",
        "coordinates": [
          [
            [
              77.5742,
              14.6602
            ],
            [
              77.5762,
              14.6602
            ],
            [
              77.5762,
              14.6618
            ],
            [
              77.5742,
              14.6618
            ],
            [
              77.5742,
              14.6602
            ]
          ]
        ]
      },
      "properties": {
        "parcel_id": "P0136",
        "survey_no": "236/2",
        "survey_number": "236",
        "owner_name": "Synthetic Owner 136",
        "ocr_owner_name": "Synthetic Owner 136",
        "area_acres": 14.2198,
        "ocr_area_acres": 14.2198,
        "area_hectares": 5.755,
        "land_class": "Government",
        "district": "Anantapur",
        "state": "Andhra Pradesh",
        "village": "Example Village",
        "document_id": "DOC-00136",
        "confidence": 0.957,
        "verification_status": "Verified",
        "validation_issue": "",
        "is_disputed": false,
        "color": "#00C896"
      }
    },
    {
      "type": "Feature",
      "id": "P0137",
      "geometry": {
        "type": "Polygon",
        "coordinates": [
          [
            [
              77.5766,
              14.6602
            ],
            [
              77.5786,
              14.6602
            ],
            [
              77.5786,
              14.6618
            ],
            [
              77.5766,
              14.6618
            ],
            [
              77.5766,
              14.6602
            ]
          ]
        ]
      },
      "properties": {
        "parcel_id": "P0137",
        "survey_no": "237",
        "survey_number": "237",
        "owner_name": "Synthetic Owner 137",
        "ocr_owner_name": "Synthetic Owner 137",
        "area_acres": 14.2198,
        "ocr_area_acres": 14.2198,
        "area_hectares": 5.755,
        "land_class": "Water Body",
        "district": "Anantapur",
        "state": "Andhra Pradesh",
        "village": "Example Village",
        "document_id": "DOC-00137",
        "confidence": 0.966,
        "verification_status": "Verified",
        "validation_issue": "",
        "is_disputed": false,
        "color": "#00C896"
      }
    },
    {
      "type": "Feature",
      "id": "P0138",
      "geometry": {
        "type": "Polygon",
        "coordinates": [
          [
            [
              77.579,
              14.6602
            ],
            [
              77.581,
              14.6602
            ],
            [
              77.581,
              14.6618
            ],
            [
              77.579,
              14.6618
            ],
            [
              77.579,
              14.6602
            ]
          ]
        ]
      },
      "properties": {
        "parcel_id": "P0138",
        "survey_no": "238",
        "survey_number": "238",
        "owner_name": "Synthetic Owner 138",
        "ocr_owner_name": "Synthetic Owner 138",
        "area_acres": 14.2198,
        "ocr_area_acres": 14.2198,
        "area_hectares": 5.755,
        "land_class": "Agricultural",
        "district": "Anantapur",
        "state": "Andhra Pradesh",
        "village": "Example Village",
        "document_id": "DOC-00138",
        "confidence": 0.975,
        "verification_status": "Verified",
        "validation_issue": "",
        "is_disputed": false,
        "color": "#00C896"
      }
    },
    {
      "type": "Feature",
      "id": "P0139",
      "geometry": {
        "type": "Polygon",
        "coordinates": [
          [
            [
              77.5814,
              14.6602
            ],
            [
              77.5834,
              14.6602
            ],
            [
              77.5834,
              14.6618
            ],
            [
              77.5814,
              14.6618
            ],
            [
              77.5814,
              14.6602
            ]
          ]
        ]
      },
      "properties": {
        "parcel_id": "P0139",
        "survey_no": "239",
        "survey_number": "239",
        "owner_name": "Synthetic Owner 139",
        "ocr_owner_name": "Synthetic Owner 139",
        "area_acres": 14.2198,
        "ocr_area_acres": 14.2198,
        "area_hectares": 5.755,
        "land_class": "Government",
        "district": "Anantapur",
        "state": "Andhra Pradesh",
        "village": "Example Village",
        "document_id": "DOC-00139",
        "confidence": 0.588,
        "verification_status": "Review Required",
        "validation_issue": "Low OCR confidence",
        "is_disputed": false,
        "color": "#FFB800"
      }
    },
    {
      "type": "Feature",
      "id": "P0140",
      "geometry": {
        "type": "Polygon",
        "coordinates": [
          [
            [
              77.5838,
              14.6602
            ],
            [
              77.5858,
              14.6602
            ],
            [
              77.5858,
              14.6618
            ],
            [
              77.5838,
              14.6618
            ],
            [
              77.5838,
              14.6602
            ]
          ]
        ]
      },
      "properties": {
        "parcel_id": "P0140",
        "survey_no": "240",
        "survey_number": "240",
        "owner_name": "Synthetic Owner 140",
        "ocr_owner_name": "Synthetic Owner 140",
        "area_acres": 14.2198,
        "ocr_area_acres": 14.2198,
        "area_hectares": 5.755,
        "land_class": "Water Body",
        "district": "Anantapur",
        "state": "Andhra Pradesh",
        "village": "Example Village",
        "document_id": "DOC-00140",
        "confidence": 0.93,
        "verification_status": "Verified",
        "validation_issue": "",
        "is_disputed": false,
        "color": "#00C896"
      }
    },
    {
      "type": "Feature",
      "id": "P0141",
      "geometry": {
        "type": "Polygon",
        "coordinates": [
          [
            [
              77.5862,
              14.6602
            ],
            [
              77.5882,
              14.6602
            ],
            [
              77.5882,
              14.6618
            ],
            [
              77.5862,
              14.6618
            ],
            [
              77.5862,
              14.6602
            ]
          ]
        ]
      },
      "properties": {
        "parcel_id": "P0141",
        "survey_no": "241/1",
        "survey_number": "241",
        "owner_name": "Synthetic Owner 141",
        "ocr_owner_name": "Synthetic Owner 141",
        "area_acres": 14.2198,
        "ocr_area_acres": 14.2198,
        "area_hectares": 5.755,
        "land_class": "Agricultural",
        "district": "Anantapur",
        "state": "Andhra Pradesh",
        "village": "Example Village",
        "document_id": "DOC-00141",
        "confidence": 0.772,
        "verification_status": "Review Required",
        "validation_issue": "Possible duplicate",
        "is_disputed": false,
        "color": "#FFB800"
      }
    },
    {
      "type": "Feature",
      "id": "P0142",
      "geometry": {
        "type": "Polygon",
        "coordinates": [
          [
            [
              77.5886,
              14.6602
            ],
            [
              77.5906,
              14.6602
            ],
            [
              77.5906,
              14.6618
            ],
            [
              77.5886,
              14.6618
            ],
            [
              77.5886,
              14.6602
            ]
          ]
        ]
      },
      "properties": {
        "parcel_id": "P0142",
        "survey_no": "242",
        "survey_number": "242",
        "owner_name": "Synthetic Owner 142",
        "ocr_owner_name": "Synthetic Owner 142",
        "area_acres": 14.2198,
        "ocr_area_acres": 14.2198,
        "area_hectares": 5.755,
        "land_class": "Government",
        "district": "Anantapur",
        "state": "Andhra Pradesh",
        "village": "Example Village",
        "document_id": "DOC-00142",
        "confidence": 0.784,
        "verification_status": "Review Required",
        "validation_issue": "Possible duplicate",
        "is_disputed": false,
        "color": "#FFB800"
      }
    },
    {
      "type": "Feature",
      "id": "P0143",
      "geometry": {
        "type": "Polygon",
        "coordinates": [
          [
            [
              77.591,
              14.6602
            ],
            [
              77.593,
              14.6602
            ],
            [
              77.593,
              14.6618
            ],
            [
              77.591,
              14.6618
            ],
            [
              77.591,
              14.6602
            ]
          ]
        ]
      },
      "properties": {
        "parcel_id": "P0143",
        "survey_no": "243",
        "survey_number": "243",
        "owner_name": "Synthetic Owner 143",
        "ocr_owner_name": "Synthetic Owner 143",
        "area_acres": 14.2198,
        "ocr_area_acres": 14.2198,
        "area_hectares": 5.755,
        "land_class": "Water Body",
        "district": "Anantapur",
        "state": "Andhra Pradesh",
        "village": "Example Village",
        "document_id": "DOC-00143",
        "confidence": 0.636,
        "verification_status": "Review Required",
        "validation_issue": "Low OCR confidence",
        "is_disputed": false,
        "color": "#FFB800"
      }
    },
    {
      "type": "Feature",
      "id": "P0144",
      "geometry": {
        "type": "Polygon",
        "coordinates": [
          [
            [
              77.5934,
              14.6602
            ],
            [
              77.5954,
              14.6602
            ],
            [
              77.5954,
              14.6618
            ],
            [
              77.5934,
              14.6618
            ],
            [
              77.5934,
              14.6602
            ]
          ]
        ]
      },
      "properties": {
        "parcel_id": "P0144",
        "survey_no": "244",
        "survey_number": "244",
        "owner_name": "Synthetic Owner 144",
        "ocr_owner_name": "Synthetic Owner 144",
        "area_acres": 14.2198,
        "ocr_area_acres": 14.2198,
        "area_hectares": 5.755,
        "land_class": "Agricultural",
        "district": "Anantapur",
        "state": "Andhra Pradesh",
        "village": "Example Village",
        "document_id": "DOC-00144",
        "confidence": 0.966,
        "verification_status": "Verified",
        "validation_issue": "",
        "is_disputed": false,
        "color": "#00C896"
      }
    },
    {
      "type": "Feature",
      "id": "P0145",
      "geometry": {
        "type": "Polygon",
        "coordinates": [
          [
            [
              77.5958,
              14.6602
            ],
            [
              77.5978,
              14.6602
            ],
            [
              77.5978,
              14.6618
            ],
            [
              77.5958,
              14.6618
            ],
            [
              77.5958,
              14.6602
            ]
          ]
        ]
      },
      "properties": {
        "parcel_id": "P0145",
        "survey_no": "245",
        "survey_number": "245",
        "owner_name": "Synthetic Owner 145",
        "ocr_owner_name": "Synthetic Owner 145",
        "area_acres": 14.2198,
        "ocr_area_acres": 14.2198,
        "area_hectares": 5.755,
        "land_class": "Government",
        "district": "Anantapur",
        "state": "Andhra Pradesh",
        "village": "Example Village",
        "document_id": "DOC-00145",
        "confidence": 0.66,
        "verification_status": "Review Required",
        "validation_issue": "Low OCR confidence",
        "is_disputed": false,
        "color": "#FFB800"
      }
    },
    {
      "type": "Feature",
      "id": "P0146",
      "geometry": {
        "type": "Polygon",
        "coordinates": [
          [
            [
              77.5982,
              14.6602
            ],
            [
              77.6002,
              14.6602
            ],
            [
              77.6002,
              14.6618
            ],
            [
              77.5982,
              14.6618
            ],
            [
              77.5982,
              14.6602
            ]
          ]
        ]
      },
      "properties": {
        "parcel_id": "P0146",
        "survey_no": "246/3",
        "survey_number": "246",
        "owner_name": "Synthetic Owner 146",
        "ocr_owner_name": "Synthetic Owner 146",
        "area_acres": 14.2198,
        "ocr_area_acres": 15.3574,
        "area_hectares": 5.755,
        "land_class": "Water Body",
        "district": "Anantapur",
        "state": "Andhra Pradesh",
        "village": "Example Village",
        "document_id": "DOC-00146",
        "confidence": 0.672,
        "verification_status": "Conflict",
        "validation_issue": "Area mismatch",
        "is_disputed": true,
        "color": "#FF4757"
      }
    },
    {
      "type": "Feature",
      "id": "P0147",
      "geometry": {
        "type": "Polygon",
        "coordinates": [
          [
            [
              77.6006,
              14.6602
            ],
            [
              77.6026,
              14.6602
            ],
            [
              77.6026,
              14.6618
            ],
            [
              77.6006,
              14.6618
            ],
            [
              77.6006,
              14.6602
            ]
          ]
        ]
      },
      "properties": {
        "parcel_id": "P0147",
        "survey_no": "247",
        "survey_number": "247",
        "owner_name": "Synthetic Owner 147",
        "ocr_owner_name": "Synthetic Owner 147",
        "area_acres": 14.2198,
        "ocr_area_acres": 14.2198,
        "area_hectares": 5.755,
        "land_class": "Agricultural",
        "district": "Anantapur",
        "state": "Andhra Pradesh",
        "village": "Example Village",
        "document_id": "DOC-00147",
        "confidence": 0.93,
        "verification_status": "Verified",
        "validation_issue": "",
        "is_disputed": false,
        "color": "#00C896"
      }
    },
    {
      "type": "Feature",
      "id": "P0148",
      "geometry": {
        "type": "Polygon",
        "coordinates": [
          [
            [
              77.603,
              14.6602
            ],
            [
              77.605,
              14.6602
            ],
            [
              77.605,
              14.6618
            ],
            [
              77.603,
              14.6618
            ],
            [
              77.603,
              14.6602
            ]
          ]
        ]
      },
      "properties": {
        "parcel_id": "P0148",
        "survey_no": "248",
        "survey_number": "248",
        "owner_name": "Synthetic Owner 148",
        "ocr_owner_name": "Synthetic Owner 148",
        "area_acres": 14.2198,
        "ocr_area_acres": 14.2198,
        "area_hectares": 5.755,
        "land_class": "Government",
        "district": "Anantapur",
        "state": "Andhra Pradesh",
        "village": "Example Village",
        "document_id": "DOC-00148",
        "confidence": 0.939,
        "verification_status": "Verified",
        "validation_issue": "",
        "is_disputed": false,
        "color": "#00C896"
      }
    },
    {
      "type": "Feature",
      "id": "P0149",
      "geometry": {
        "type": "Polygon",
        "coordinates": [
          [
            [
              77.6054,
              14.6602
            ],
            [
              77.6074,
              14.6602
            ],
            [
              77.6074,
              14.6618
            ],
            [
              77.6054,
              14.6618
            ],
            [
              77.6054,
              14.6602
            ]
          ]
        ]
      },
      "properties": {
        "parcel_id": "P0149",
        "survey_no": "249",
        "survey_number": "249",
        "owner_name": "Synthetic Owner 149",
        "ocr_owner_name": "Synthetic Owner 149",
        "area_acres": 14.2198,
        "ocr_area_acres": 14.2198,
        "area_hectares": 5.755,
        "land_class": "Water Body",
        "district": "Anantapur",
        "state": "Andhra Pradesh",
        "village": "Example Village",
        "document_id": "DOC-00149",
        "confidence": 0.868,
        "verification_status": "Review Required",
        "validation_issue": "Missing mutation information",
        "is_disputed": false,
        "color": "#FFB800"
      }
    },
    {
      "type": "Feature",
      "id": "P0150",
      "geometry": {
        "type": "Polygon",
        "coordinates": [
          [
            [
              77.6078,
              14.6602
            ],
            [
              77.6098,
              14.6602
            ],
            [
              77.6098,
              14.6618
            ],
            [
              77.6078,
              14.6618
            ],
            [
              77.6078,
              14.6602
            ]
          ]
        ]
      },
      "properties": {
        "parcel_id": "P0150",
        "survey_no": "250",
        "survey_number": "250",
        "owner_name": "Synthetic Owner 150",
        "ocr_owner_name": "Synthetic Owner 150",
        "area_acres": 14.2198,
        "ocr_area_acres": 14.2198,
        "area_hectares": 5.755,
        "land_class": "Agricultural",
        "district": "Anantapur",
        "state": "Andhra Pradesh",
        "village": "Example Village",
        "document_id": "DOC-00150",
        "confidence": 0.957,
        "verification_status": "Verified",
        "validation_issue": "",
        "is_disputed": false,
        "color": "#00C896"
      }
    },
    {
      "type": "Feature",
      "id": "P0151",
      "geometry": {
        "type": "Polygon",
        "coordinates": [
          [
            [
              77.5502,
              14.6622
            ],
            [
              77.5522,
              14.6622
            ],
            [
              77.5522,
              14.6638
            ],
            [
              77.5502,
              14.6638
            ],
            [
              77.5502,
              14.6622
            ]
          ]
        ]
      },
      "properties": {
        "parcel_id": "P0151",
        "survey_no": "251/2",
        "survey_number": "251",
        "owner_name": "Synthetic Owner 151",
        "ocr_owner_name": "Synthetic Owner 151",
        "area_acres": 14.2197,
        "ocr_area_acres": 14.2197,
        "area_hectares": 5.755,
        "land_class": "Government",
        "district": "Anantapur",
        "state": "Andhra Pradesh",
        "village": "Example Village",
        "document_id": "DOC-00151",
        "confidence": 0.966,
        "verification_status": "Verified",
        "validation_issue": "",
        "is_disputed": false,
        "color": "#00C896"
      }
    },
    {
      "type": "Feature",
      "id": "P0152",
      "geometry": {
        "type": "Polygon",
        "coordinates": [
          [
            [
              77.5526,
              14.6622
            ],
            [
              77.5546,
              14.6622
            ],
            [
              77.5546,
              14.6638
            ],
            [
              77.5526,
              14.6638
            ],
            [
              77.5526,
              14.6622
            ]
          ]
        ]
      },
      "properties": {
        "parcel_id": "P0152",
        "survey_no": "252",
        "survey_number": "252",
        "owner_name": "Synthetic Owner 152",
        "ocr_owner_name": "Synthetic Owner 152",
        "area_acres": 14.2197,
        "ocr_area_acres": 14.2197,
        "area_hectares": 5.755,
        "land_class": "Water Body",
        "district": "Anantapur",
        "state": "Andhra Pradesh",
        "village": "Example Village",
        "document_id": "DOC-00152",
        "confidence": 0.975,
        "verification_status": "Verified",
        "validation_issue": "",
        "is_disputed": false,
        "color": "#00C896"
      }
    },
    {
      "type": "Feature",
      "id": "P0153",
      "geometry": {
        "type": "Polygon",
        "coordinates": [
          [
            [
              77.555,
              14.6622
            ],
            [
              77.557,
              14.6622
            ],
            [
              77.557,
              14.6638
            ],
            [
              77.555,
              14.6638
            ],
            [
              77.555,
              14.6622
            ]
          ]
        ]
      },
      "properties": {
        "parcel_id": "P0153",
        "survey_no": "253",
        "survey_number": "253",
        "owner_name": "Synthetic Owner 153",
        "ocr_owner_name": "Synthetic Owner 153",
        "area_acres": 14.2197,
        "ocr_area_acres": 14.2197,
        "area_hectares": 5.755,
        "land_class": "Agricultural",
        "district": "Anantapur",
        "state": "Andhra Pradesh",
        "village": "Example Village",
        "document_id": "DOC-00153",
        "confidence": 0.984,
        "verification_status": "Verified",
        "validation_issue": "",
        "is_disputed": false,
        "color": "#00C896"
      }
    },
    {
      "type": "Feature",
      "id": "P0154",
      "geometry": {
        "type": "Polygon",
        "coordinates": [
          [
            [
              77.5574,
              14.6622
            ],
            [
              77.5594,
              14.6622
            ],
            [
              77.5594,
              14.6638
            ],
            [
              77.5574,
              14.6638
            ],
            [
              77.5574,
              14.6622
            ]
          ]
        ]
      },
      "properties": {
        "parcel_id": "P0154",
        "survey_no": "254",
        "survey_number": "254",
        "owner_name": "Synthetic Owner 154",
        "ocr_owner_name": "Synthetic Owner 154",
        "area_acres": 14.2197,
        "ocr_area_acres": 14.2197,
        "area_hectares": 5.755,
        "land_class": "Government",
        "district": "Anantapur",
        "state": "Andhra Pradesh",
        "village": "Example Village",
        "document_id": "DOC-00154",
        "confidence": 0.93,
        "verification_status": "Verified",
        "validation_issue": "",
        "is_disputed": false,
        "color": "#00C896"
      }
    },
    {
      "type": "Feature",
      "id": "P0155",
      "geometry": {
        "type": "Polygon",
        "coordinates": [
          [
            [
              77.5598,
              14.6622
            ],
            [
              77.5618,
              14.6622
            ],
            [
              77.5618,
              14.6638
            ],
            [
              77.5598,
              14.6638
            ],
            [
              77.5598,
              14.6622
            ]
          ]
        ]
      },
      "properties": {
        "parcel_id": "P0155",
        "survey_no": "255",
        "survey_number": "255",
        "owner_name": "Synthetic Owner 155",
        "ocr_owner_name": "Synthetic Owner 155",
        "area_acres": 14.2197,
        "ocr_area_acres": 14.2197,
        "area_hectares": 5.755,
        "land_class": "Water Body",
        "district": "Anantapur",
        "state": "Andhra Pradesh",
        "village": "Example Village",
        "document_id": "DOC-00155",
        "confidence": 0.939,
        "verification_status": "Verified",
        "validation_issue": "",
        "is_disputed": false,
        "color": "#00C896"
      }
    },
    {
      "type": "Feature",
      "id": "P0156",
      "geometry": {
        "type": "Polygon",
        "coordinates": [
          [
            [
              77.5622,
              14.6622
            ],
            [
              77.5642,
              14.6622
            ],
            [
              77.5642,
              14.6638
            ],
            [
              77.5622,
              14.6638
            ],
            [
              77.5622,
              14.6622
            ]
          ]
        ]
      },
      "properties": {
        "parcel_id": "P0156",
        "survey_no": "256/1",
        "survey_number": "256",
        "owner_name": "Synthetic Owner 156",
        "ocr_owner_name": "Synthetic Owner 156",
        "area_acres": 14.2197,
        "ocr_area_acres": 14.2197,
        "area_hectares": 5.755,
        "land_class": "Agricultural",
        "district": "Anantapur",
        "state": "Andhra Pradesh",
        "village": "Example Village",
        "document_id": "DOC-00156",
        "confidence": 0.772,
        "verification_status": "Review Required",
        "validation_issue": "Possible duplicate",
        "is_disputed": false,
        "color": "#FFB800"
      }
    },
    {
      "type": "Feature",
      "id": "P0157",
      "geometry": {
        "type": "Polygon",
        "coordinates": [
          [
            [
              77.5646,
              14.6622
            ],
            [
              77.5666,
              14.6622
            ],
            [
              77.5666,
              14.6638
            ],
            [
              77.5646,
              14.6638
            ],
            [
              77.5646,
              14.6622
            ]
          ]
        ]
      },
      "properties": {
        "parcel_id": "P0157",
        "survey_no": "257",
        "survey_number": "257",
        "owner_name": "Synthetic Owner 157",
        "ocr_owner_name": "Synthetic Owner 157",
        "area_acres": 14.2197,
        "ocr_area_acres": 14.2197,
        "area_hectares": 5.755,
        "land_class": "Government",
        "district": "Anantapur",
        "state": "Andhra Pradesh",
        "village": "Example Village",
        "document_id": "DOC-00157",
        "confidence": 0.957,
        "verification_status": "Verified",
        "validation_issue": "",
        "is_disputed": false,
        "color": "#00C896"
      }
    },
    {
      "type": "Feature",
      "id": "P0158",
      "geometry": {
        "type": "Polygon",
        "coordinates": [
          [
            [
              77.567,
              14.6622
            ],
            [
              77.569,
              14.6622
            ],
            [
              77.569,
              14.6638
            ],
            [
              77.567,
              14.6638
            ],
            [
              77.567,
              14.6622
            ]
          ]
        ]
      },
      "properties": {
        "parcel_id": "P0158",
        "survey_no": "258",
        "survey_number": "258",
        "owner_name": "Synthetic Owner 158",
        "ocr_owner_name": "Synthetic Owner 158",
        "area_acres": 14.2197,
        "ocr_area_acres": 14.2197,
        "area_hectares": 5.755,
        "land_class": "Water Body",
        "district": "Anantapur",
        "state": "Andhra Pradesh",
        "village": "Example Village",
        "document_id": "DOC-00158",
        "confidence": 0.796,
        "verification_status": "Review Required",
        "validation_issue": "Missing mutation information",
        "is_disputed": false,
        "color": "#FFB800"
      }
    },
    {
      "type": "Feature",
      "id": "P0159",
      "geometry": {
        "type": "Polygon",
        "coordinates": [
          [
            [
              77.5694,
              14.6622
            ],
            [
              77.5714,
              14.6622
            ],
            [
              77.5714,
              14.6638
            ],
            [
              77.5694,
              14.6638
            ],
            [
              77.5694,
              14.6622
            ]
          ]
        ]
      },
      "properties": {
        "parcel_id": "P0159",
        "survey_no": "259",
        "survey_number": "259",
        "owner_name": "Synthetic Owner 159",
        "ocr_owner_name": "Synthetic Owner 159",
        "area_acres": 14.2197,
        "ocr_area_acres": 14.2197,
        "area_hectares": 5.755,
        "land_class": "Agricultural",
        "district": "Anantapur",
        "state": "Andhra Pradesh",
        "village": "Example Village",
        "document_id": "DOC-00159",
        "confidence": 0.975,
        "verification_status": "Verified",
        "validation_issue": "",
        "is_disputed": false,
        "color": "#00C896"
      }
    },
    {
      "type": "Feature",
      "id": "P0160",
      "geometry": {
        "type": "Polygon",
        "coordinates": [
          [
            [
              77.5718,
              14.6622
            ],
            [
              77.5738,
              14.6622
            ],
            [
              77.5738,
              14.6638
            ],
            [
              77.5718,
              14.6638
            ],
            [
              77.5718,
              14.6622
            ]
          ]
        ]
      },
      "properties": {
        "parcel_id": "P0160",
        "survey_no": "260",
        "survey_number": "260",
        "owner_name": "Synthetic Owner 160",
        "ocr_owner_name": "Synthetic Owner 160",
        "area_acres": 14.2197,
        "ocr_area_acres": 14.2197,
        "area_hectares": 5.755,
        "land_class": "Government",
        "district": "Anantapur",
        "state": "Andhra Pradesh",
        "village": "Example Village",
        "document_id": "DOC-00160",
        "confidence": 0.984,
        "verification_status": "Verified",
        "validation_issue": "",
        "is_disputed": false,
        "color": "#00C896"
      }
    },
    {
      "type": "Feature",
      "id": "P0161",
      "geometry": {
        "type": "Polygon",
        "coordinates": [
          [
            [
              77.5742,
              14.6622
            ],
            [
              77.5762,
              14.6622
            ],
            [
              77.5762,
              14.6638
            ],
            [
              77.5742,
              14.6638
            ],
            [
              77.5742,
              14.6622
            ]
          ]
        ]
      },
      "properties": {
        "parcel_id": "P0161",
        "survey_no": "261/3",
        "survey_number": "261",
        "owner_name": "Synthetic Owner 161",
        "ocr_owner_name": "Synthetic Owner 161",
        "area_acres": 14.2197,
        "ocr_area_acres": 14.2197,
        "area_hectares": 5.755,
        "land_class": "Water Body",
        "district": "Anantapur",
        "state": "Andhra Pradesh",
        "village": "Example Village",
        "document_id": "DOC-00161",
        "confidence": 0.93,
        "verification_status": "Verified",
        "validation_issue": "",
        "is_disputed": false,
        "color": "#00C896"
      }
    },
    {
      "type": "Feature",
      "id": "P0162",
      "geometry": {
        "type": "Polygon",
        "coordinates": [
          [
            [
              77.5766,
              14.6622
            ],
            [
              77.5786,
              14.6622
            ],
            [
              77.5786,
              14.6638
            ],
            [
              77.5766,
              14.6638
            ],
            [
              77.5766,
              14.6622
            ]
          ]
        ]
      },
      "properties": {
        "parcel_id": "P0162",
        "survey_no": "262",
        "survey_number": "262",
        "owner_name": "Synthetic Owner 162",
        "ocr_owner_name": "Synthetic Owner 162",
        "area_acres": 14.2197,
        "ocr_area_acres": 14.2197,
        "area_hectares": 5.755,
        "land_class": "Agricultural",
        "district": "Anantapur",
        "state": "Andhra Pradesh",
        "village": "Example Village",
        "document_id": "DOC-00162",
        "confidence": 0.844,
        "verification_status": "Review Required",
        "validation_issue": "Missing mutation information",
        "is_disputed": false,
        "color": "#FFB800"
      }
    },
    {
      "type": "Feature",
      "id": "P0163",
      "geometry": {
        "type": "Polygon",
        "coordinates": [
          [
            [
              77.579,
              14.6622
            ],
            [
              77.581,
              14.6622
            ],
            [
              77.581,
              14.6638
            ],
            [
              77.579,
              14.6638
            ],
            [
              77.579,
              14.6622
            ]
          ]
        ]
      },
      "properties": {
        "parcel_id": "P0163",
        "survey_no": "263",
        "survey_number": "263",
        "owner_name": "Synthetic Owner 163",
        "ocr_owner_name": "Synthetic Owner 163",
        "area_acres": 14.2197,
        "ocr_area_acres": 14.2197,
        "area_hectares": 5.755,
        "land_class": "Government",
        "district": "Anantapur",
        "state": "Andhra Pradesh",
        "village": "Example Village",
        "document_id": "DOC-00163",
        "confidence": 0.948,
        "verification_status": "Verified",
        "validation_issue": "",
        "is_disputed": false,
        "color": "#00C896"
      }
    },
    {
      "type": "Feature",
      "id": "P0164",
      "geometry": {
        "type": "Polygon",
        "coordinates": [
          [
            [
              77.5814,
              14.6622
            ],
            [
              77.5834,
              14.6622
            ],
            [
              77.5834,
              14.6638
            ],
            [
              77.5814,
              14.6638
            ],
            [
              77.5814,
              14.6622
            ]
          ]
        ]
      },
      "properties": {
        "parcel_id": "P0164",
        "survey_no": "264",
        "survey_number": "264",
        "owner_name": "Synthetic Owner 164",
        "ocr_owner_name": "Synthetic Owner 164",
        "area_acres": 14.2197,
        "ocr_area_acres": 14.2197,
        "area_hectares": 5.755,
        "land_class": "Water Body",
        "district": "Anantapur",
        "state": "Andhra Pradesh",
        "village": "Example Village",
        "document_id": "DOC-00164",
        "confidence": 0.588,
        "verification_status": "Review Required",
        "validation_issue": "Low OCR confidence",
        "is_disputed": false,
        "color": "#FFB800"
      }
    },
    {
      "type": "Feature",
      "id": "P0165",
      "geometry": {
        "type": "Polygon",
        "coordinates": [
          [
            [
              77.5838,
              14.6622
            ],
            [
              77.5858,
              14.6622
            ],
            [
              77.5858,
              14.6638
            ],
            [
              77.5838,
              14.6638
            ],
            [
              77.5838,
              14.6622
            ]
          ]
        ]
      },
      "properties": {
        "parcel_id": "P0165",
        "survey_no": "265",
        "survey_number": "265",
        "owner_name": "Synthetic Owner 165",
        "ocr_owner_name": "Synthetic Owner 165",
        "area_acres": 14.2197,
        "ocr_area_acres": 14.2197,
        "area_hectares": 5.755,
        "land_class": "Agricultural",
        "district": "Anantapur",
        "state": "Andhra Pradesh",
        "village": "Example Village",
        "document_id": "DOC-00165",
        "confidence": 0.966,
        "verification_status": "Verified",
        "validation_issue": "",
        "is_disputed": false,
        "color": "#00C896"
      }
    },
    {
      "type": "Feature",
      "id": "P0166",
      "geometry": {
        "type": "Polygon",
        "coordinates": [
          [
            [
              77.5862,
              14.6622
            ],
            [
              77.5882,
              14.6622
            ],
            [
              77.5882,
              14.6638
            ],
            [
              77.5862,
              14.6638
            ],
            [
              77.5862,
              14.6622
            ]
          ]
        ]
      },
      "properties": {
        "parcel_id": "P0166",
        "survey_no": "266/2",
        "survey_number": "266",
        "owner_name": "Synthetic Owner 166",
        "ocr_owner_name": "Synthetic Owner 166",
        "area_acres": 14.2197,
        "ocr_area_acres": 14.2197,
        "area_hectares": 5.755,
        "land_class": "Government",
        "district": "Anantapur",
        "state": "Andhra Pradesh",
        "village": "Example Village",
        "document_id": "DOC-00166",
        "confidence": 0.975,
        "verification_status": "Verified",
        "validation_issue": "",
        "is_disputed": false,
        "color": "#00C896"
      }
    },
    {
      "type": "Feature",
      "id": "P0167",
      "geometry": {
        "type": "Polygon",
        "coordinates": [
          [
            [
              77.5886,
              14.6622
            ],
            [
              77.5906,
              14.6622
            ],
            [
              77.5906,
              14.6638
            ],
            [
              77.5886,
              14.6638
            ],
            [
              77.5886,
              14.6622
            ]
          ]
        ]
      },
      "properties": {
        "parcel_id": "P0167",
        "survey_no": "267",
        "survey_number": "267",
        "owner_name": "Synthetic Owner 167",
        "ocr_owner_name": "Synthetic Owner 167",
        "area_acres": 14.2197,
        "ocr_area_acres": 14.2197,
        "area_hectares": 5.755,
        "land_class": "Water Body",
        "district": "Anantapur",
        "state": "Andhra Pradesh",
        "village": "Example Village",
        "document_id": "DOC-00167",
        "confidence": 0.724,
        "verification_status": "Review Required",
        "validation_issue": "Missing mutation information",
        "is_disputed": false,
        "color": "#FFB800"
      }
    },
    {
      "type": "Feature",
      "id": "P0168",
      "geometry": {
        "type": "Polygon",
        "coordinates": [
          [
            [
              77.591,
              14.6622
            ],
            [
              77.593,
              14.6622
            ],
            [
              77.593,
              14.6638
            ],
            [
              77.591,
              14.6638
            ],
            [
              77.591,
              14.6622
            ]
          ]
        ]
      },
      "properties": {
        "parcel_id": "P0168",
        "survey_no": "268",
        "survey_number": "268",
        "owner_name": "Synthetic Owner 168",
        "ocr_owner_name": "Synthetic Owner 168",
        "area_acres": 14.2197,
        "ocr_area_acres": 14.2197,
        "area_hectares": 5.755,
        "land_class": "Agricultural",
        "district": "Anantapur",
        "state": "Andhra Pradesh",
        "village": "Example Village",
        "document_id": "DOC-00168",
        "confidence": 0.736,
        "verification_status": "Review Required",
        "validation_issue": "Missing mutation information",
        "is_disputed": false,
        "color": "#FFB800"
      }
    },
    {
      "type": "Feature",
      "id": "P0169",
      "geometry": {
        "type": "Polygon",
        "coordinates": [
          [
            [
              77.5934,
              14.6622
            ],
            [
              77.5954,
              14.6622
            ],
            [
              77.5954,
              14.6638
            ],
            [
              77.5934,
              14.6638
            ],
            [
              77.5934,
              14.6622
            ]
          ]
        ]
      },
      "properties": {
        "parcel_id": "P0169",
        "survey_no": "269",
        "survey_number": "269",
        "owner_name": "Synthetic Owner 169",
        "ocr_owner_name": "Synthetic Owner 169",
        "area_acres": 14.2197,
        "ocr_area_acres": 14.2197,
        "area_hectares": 5.755,
        "land_class": "Government",
        "district": "Anantapur",
        "state": "Andhra Pradesh",
        "village": "Example Village",
        "document_id": "DOC-00169",
        "confidence": 0.939,
        "verification_status": "Verified",
        "validation_issue": "",
        "is_disputed": false,
        "color": "#00C896"
      }
    },
    {
      "type": "Feature",
      "id": "P0170",
      "geometry": {
        "type": "Polygon",
        "coordinates": [
          [
            [
              77.5958,
              14.6622
            ],
            [
              77.5978,
              14.6622
            ],
            [
              77.5978,
              14.6638
            ],
            [
              77.5958,
              14.6638
            ],
            [
              77.5958,
              14.6622
            ]
          ]
        ]
      },
      "properties": {
        "parcel_id": "P0170",
        "survey_no": "270",
        "survey_number": "270",
        "owner_name": "Synthetic Owner 170",
        "ocr_owner_name": "Synthetic Owner 170",
        "area_acres": 14.2197,
        "ocr_area_acres": 14.2197,
        "area_hectares": 5.755,
        "land_class": "Water Body",
        "district": "Anantapur",
        "state": "Andhra Pradesh",
        "village": "Example Village",
        "document_id": "DOC-00170",
        "confidence": 0.948,
        "verification_status": "Verified",
        "validation_issue": "",
        "is_disputed": false,
        "color": "#00C896"
      }
    },
    {
      "type": "Feature",
      "id": "P0171",
      "geometry": {
        "type": "Polygon",
        "coordinates": [
          [
            [
              77.5982,
              14.6622
            ],
            [
              77.6002,
              14.6622
            ],
            [
              77.6002,
              14.6638
            ],
            [
              77.5982,
              14.6638
            ],
            [
              77.5982,
              14.6622
            ]
          ]
        ]
      },
      "properties": {
        "parcel_id": "P0171",
        "survey_no": "271/1",
        "survey_number": "271",
        "owner_name": "Synthetic Owner 171",
        "ocr_owner_name": "Synthetic Owner 171",
        "area_acres": 14.2197,
        "ocr_area_acres": 14.2197,
        "area_hectares": 5.755,
        "land_class": "Agricultural",
        "district": "Anantapur",
        "state": "Andhra Pradesh",
        "village": "Example Village",
        "document_id": "DOC-00171",
        "confidence": 0.957,
        "verification_status": "Verified",
        "validation_issue": "",
        "is_disputed": false,
        "color": "#00C896"
      }
    },
    {
      "type": "Feature",
      "id": "P0172",
      "geometry": {
        "type": "Polygon",
        "coordinates": [
          [
            [
              77.6006,
              14.6622
            ],
            [
              77.6026,
              14.6622
            ],
            [
              77.6026,
              14.6638
            ],
            [
              77.6006,
              14.6638
            ],
            [
              77.6006,
              14.6622
            ]
          ]
        ]
      },
      "properties": {
        "parcel_id": "P0172",
        "survey_no": "272",
        "survey_number": "272",
        "owner_name": "Synthetic Owner 172",
        "ocr_owner_name": "Synthetic Owner 172",
        "area_acres": 14.2197,
        "ocr_area_acres": 14.2197,
        "area_hectares": 5.755,
        "land_class": "Government",
        "district": "Anantapur",
        "state": "Andhra Pradesh",
        "village": "Example Village",
        "document_id": "DOC-00172",
        "confidence": 0.784,
        "verification_status": "Review Required",
        "validation_issue": "Missing mutation information",
        "is_disputed": false,
        "color": "#FFB800"
      }
    },
    {
      "type": "Feature",
      "id": "P0173",
      "geometry": {
        "type": "Polygon",
        "coordinates": [
          [
            [
              77.603,
              14.6622
            ],
            [
              77.605,
              14.6622
            ],
            [
              77.605,
              14.6638
            ],
            [
              77.603,
              14.6638
            ],
            [
              77.603,
              14.6622
            ]
          ]
        ]
      },
      "properties": {
        "parcel_id": "P0173",
        "survey_no": "273",
        "survey_number": "273",
        "owner_name": "Synthetic Owner 173",
        "ocr_owner_name": "Synthetic Owner 173",
        "area_acres": 14.2197,
        "ocr_area_acres": 15.3573,
        "area_hectares": 5.755,
        "land_class": "Water Body",
        "district": "Anantapur",
        "state": "Andhra Pradesh",
        "village": "Example Village",
        "document_id": "DOC-00173",
        "confidence": 0.696,
        "verification_status": "Conflict",
        "validation_issue": "Area mismatch",
        "is_disputed": true,
        "color": "#FF4757"
      }
    },
    {
      "type": "Feature",
      "id": "P0174",
      "geometry": {
        "type": "Polygon",
        "coordinates": [
          [
            [
              77.6054,
              14.6622
            ],
            [
              77.6074,
              14.6622
            ],
            [
              77.6074,
              14.6638
            ],
            [
              77.6054,
              14.6638
            ],
            [
              77.6054,
              14.6622
            ]
          ]
        ]
      },
      "properties": {
        "parcel_id": "P0174",
        "survey_no": "274",
        "survey_number": "274",
        "owner_name": "Synthetic Owner 174",
        "ocr_owner_name": "Synthetic Owner 174",
        "area_acres": 14.2197,
        "ocr_area_acres": 14.2197,
        "area_hectares": 5.755,
        "land_class": "Agricultural",
        "district": "Anantapur",
        "state": "Andhra Pradesh",
        "village": "Example Village",
        "document_id": "DOC-00174",
        "confidence": 0.808,
        "verification_status": "Review Required",
        "validation_issue": "Possible duplicate",
        "is_disputed": false,
        "color": "#FFB800"
      }
    },
    {
      "type": "Feature",
      "id": "P0175",
      "geometry": {
        "type": "Polygon",
        "coordinates": [
          [
            [
              77.6078,
              14.6622
            ],
            [
              77.6098,
              14.6622
            ],
            [
              77.6098,
              14.6638
            ],
            [
              77.6078,
              14.6638
            ],
            [
              77.6078,
              14.6622
            ]
          ]
        ]
      },
      "properties": {
        "parcel_id": "P0175",
        "survey_no": "275",
        "survey_number": "275",
        "owner_name": "Synthetic Owner 175",
        "ocr_owner_name": "Synthetic Owner 175",
        "area_acres": 14.2197,
        "ocr_area_acres": 15.3573,
        "area_hectares": 5.755,
        "land_class": "Government",
        "district": "Anantapur",
        "state": "Andhra Pradesh",
        "village": "Example Village",
        "document_id": "DOC-00175",
        "confidence": 0.42,
        "verification_status": "Conflict",
        "validation_issue": "Area mismatch",
        "is_disputed": true,
        "color": "#FF4757"
      }
    },
    {
      "type": "Feature",
      "id": "P0176",
      "geometry": {
        "type": "Polygon",
        "coordinates": [
          [
            [
              77.5502,
              14.6642
            ],
            [
              77.5522,
              14.6642
            ],
            [
              77.5522,
              14.6658
            ],
            [
              77.5502,
              14.6658
            ],
            [
              77.5502,
              14.6642
            ]
          ]
        ]
      },
      "properties": {
        "parcel_id": "P0176",
        "survey_no": "276/3",
        "survey_number": "276",
        "owner_name": "Synthetic Owner 176",
        "ocr_owner_name": "Synthetic Owner 176",
        "area_acres": 14.2196,
        "ocr_area_acres": 14.2196,
        "area_hectares": 5.754,
        "land_class": "Water Body",
        "district": "Anantapur",
        "state": "Andhra Pradesh",
        "village": "Example Village",
        "document_id": "DOC-00176",
        "confidence": 0.939,
        "verification_status": "Verified",
        "validation_issue": "",
        "is_disputed": false,
        "color": "#00C896"
      }
    },
    {
      "type": "Feature",
      "id": "P0177",
      "geometry": {
        "type": "Polygon",
        "coordinates": [
          [
            [
              77.5526,
              14.6642
            ],
            [
              77.5546,
              14.6642
            ],
            [
              77.5546,
              14.6658
            ],
            [
              77.5526,
              14.6658
            ],
            [
              77.5526,
              14.6642
            ]
          ]
        ]
      },
      "properties": {
        "parcel_id": "P0177",
        "survey_no": "277",
        "survey_number": "277",
        "owner_name": "Synthetic Owner 177",
        "ocr_owner_name": "Synthetic Owner 177",
        "area_acres": 14.2196,
        "ocr_area_acres": 14.2196,
        "area_hectares": 5.754,
        "land_class": "Agricultural",
        "district": "Anantapur",
        "state": "Andhra Pradesh",
        "village": "Example Village",
        "document_id": "DOC-00177",
        "confidence": 0.948,
        "verification_status": "Verified",
        "validation_issue": "",
        "is_disputed": false,
        "color": "#00C896"
      }
    },
    {
      "type": "Feature",
      "id": "P0178",
      "geometry": {
        "type": "Polygon",
        "coordinates": [
          [
            [
              77.555,
              14.6642
            ],
            [
              77.557,
              14.6642
            ],
            [
              77.557,
              14.6658
            ],
            [
              77.555,
              14.6658
            ],
            [
              77.555,
              14.6642
            ]
          ]
        ]
      },
      "properties": {
        "parcel_id": "P0178",
        "survey_no": "278",
        "survey_number": "278",
        "owner_name": "Synthetic Owner 178",
        "ocr_owner_name": "Synthetic Owner 178",
        "area_acres": 14.2196,
        "ocr_area_acres": 14.2196,
        "area_hectares": 5.754,
        "land_class": "Government",
        "district": "Anantapur",
        "state": "Andhra Pradesh",
        "village": "Example Village",
        "document_id": "DOC-00178",
        "confidence": 0.456,
        "verification_status": "Review Required",
        "validation_issue": "Low OCR confidence",
        "is_disputed": false,
        "color": "#FFB800"
      }
    },
    {
      "type": "Feature",
      "id": "P0179",
      "geometry": {
        "type": "Polygon",
        "coordinates": [
          [
            [
              77.5574,
              14.6642
            ],
            [
              77.5594,
              14.6642
            ],
            [
              77.5594,
              14.6658
            ],
            [
              77.5574,
              14.6658
            ],
            [
              77.5574,
              14.6642
            ]
          ]
        ]
      },
      "properties": {
        "parcel_id": "P0179",
        "survey_no": "279",
        "survey_number": "279",
        "owner_name": "Synthetic Owner 179",
        "ocr_owner_name": "Synthetic Owner 179",
        "area_acres": 14.2196,
        "ocr_area_acres": 14.2196,
        "area_hectares": 5.754,
        "land_class": "Water Body",
        "district": "Anantapur",
        "state": "Andhra Pradesh",
        "village": "Example Village",
        "document_id": "DOC-00179",
        "confidence": 0.966,
        "verification_status": "Verified",
        "validation_issue": "",
        "is_disputed": false,
        "color": "#00C896"
      }
    },
    {
      "type": "Feature",
      "id": "P0180",
      "geometry": {
        "type": "Polygon",
        "coordinates": [
          [
            [
              77.5598,
              14.6642
            ],
            [
              77.5618,
              14.6642
            ],
            [
              77.5618,
              14.6658
            ],
            [
              77.5598,
              14.6658
            ],
            [
              77.5598,
              14.6642
            ]
          ]
        ]
      },
      "properties": {
        "parcel_id": "P0180",
        "survey_no": "280",
        "survey_number": "280",
        "owner_name": "Synthetic Owner 180",
        "ocr_owner_name": "Synthetic Owner 180",
        "area_acres": 14.2196,
        "ocr_area_acres": 14.2196,
        "area_hectares": 5.754,
        "land_class": "Agricultural",
        "district": "Anantapur",
        "state": "Andhra Pradesh",
        "village": "Example Village",
        "document_id": "DOC-00180",
        "confidence": 0.7,
        "verification_status": "Review Required",
        "validation_issue": "Missing mutation information",
        "is_disputed": false,
        "color": "#FFB800"
      }
    },
    {
      "type": "Feature",
      "id": "P0181",
      "geometry": {
        "type": "Polygon",
        "coordinates": [
          [
            [
              77.5622,
              14.6642
            ],
            [
              77.5642,
              14.6642
            ],
            [
              77.5642,
              14.6658
            ],
            [
              77.5622,
              14.6658
            ],
            [
              77.5622,
              14.6642
            ]
          ]
        ]
      },
      "properties": {
        "parcel_id": "P0181",
        "survey_no": "281/2",
        "survey_number": "281",
        "owner_name": "Synthetic Owner 181",
        "ocr_owner_name": "Synthetic Owner 181",
        "area_acres": 14.2196,
        "ocr_area_acres": 14.2196,
        "area_hectares": 5.754,
        "land_class": "Government",
        "district": "Anantapur",
        "state": "Andhra Pradesh",
        "village": "Example Village",
        "document_id": "DOC-00181",
        "confidence": 0.984,
        "verification_status": "Verified",
        "validation_issue": "",
        "is_disputed": false,
        "color": "#00C896"
      }
    },
    {
      "type": "Feature",
      "id": "P0182",
      "geometry": {
        "type": "Polygon",
        "coordinates": [
          [
            [
              77.5646,
              14.6642
            ],
            [
              77.5666,
              14.6642
            ],
            [
              77.5666,
              14.6658
            ],
            [
              77.5646,
              14.6658
            ],
            [
              77.5646,
              14.6642
            ]
          ]
        ]
      },
      "properties": {
        "parcel_id": "P0182",
        "survey_no": "282",
        "survey_number": "282",
        "owner_name": "Synthetic Owner 182",
        "ocr_owner_name": "Synthetic Owner 182",
        "area_acres": 14.2196,
        "ocr_area_acres": 14.2196,
        "area_hectares": 5.754,
        "land_class": "Water Body",
        "district": "Anantapur",
        "state": "Andhra Pradesh",
        "village": "Example Village",
        "document_id": "DOC-00182",
        "confidence": 0.724,
        "verification_status": "Review Required",
        "validation_issue": "Missing mutation information",
        "is_disputed": false,
        "color": "#FFB800"
      }
    },
    {
      "type": "Feature",
      "id": "P0183",
      "geometry": {
        "type": "Polygon",
        "coordinates": [
          [
            [
              77.567,
              14.6642
            ],
            [
              77.569,
              14.6642
            ],
            [
              77.569,
              14.6658
            ],
            [
              77.567,
              14.6658
            ],
            [
              77.567,
              14.6642
            ]
          ]
        ]
      },
      "properties": {
        "parcel_id": "P0183",
        "survey_no": "283",
        "survey_number": "283",
        "owner_name": "Synthetic Owner 183",
        "ocr_owner_name": "Synthetic Owner 183",
        "area_acres": 14.2196,
        "ocr_area_acres": 14.2196,
        "area_hectares": 5.754,
        "land_class": "Agricultural",
        "district": "Anantapur",
        "state": "Andhra Pradesh",
        "village": "Example Village",
        "document_id": "DOC-00183",
        "confidence": 0.736,
        "verification_status": "Review Required",
        "validation_issue": "Missing mutation information",
        "is_disputed": false,
        "color": "#FFB800"
      }
    },
    {
      "type": "Feature",
      "id": "P0184",
      "geometry": {
        "type": "Polygon",
        "coordinates": [
          [
            [
              77.5694,
              14.6642
            ],
            [
              77.5714,
              14.6642
            ],
            [
              77.5714,
              14.6658
            ],
            [
              77.5694,
              14.6658
            ],
            [
              77.5694,
              14.6642
            ]
          ]
        ]
      },
      "properties": {
        "parcel_id": "P0184",
        "survey_no": "284",
        "survey_number": "284",
        "owner_name": "Synthetic Owner 184",
        "ocr_owner_name": "Synthetic Owner 184",
        "area_acres": 14.2196,
        "ocr_area_acres": 14.2196,
        "area_hectares": 5.754,
        "land_class": "Government",
        "district": "Anantapur",
        "state": "Andhra Pradesh",
        "village": "Example Village",
        "document_id": "DOC-00184",
        "confidence": 0.948,
        "verification_status": "Verified",
        "validation_issue": "",
        "is_disputed": false,
        "color": "#00C896"
      }
    },
    {
      "type": "Feature",
      "id": "P0185",
      "geometry": {
        "type": "Polygon",
        "coordinates": [
          [
            [
              77.5718,
              14.6642
            ],
            [
              77.5738,
              14.6642
            ],
            [
              77.5738,
              14.6658
            ],
            [
              77.5718,
              14.6658
            ],
            [
              77.5718,
              14.6642
            ]
          ]
        ]
      },
      "properties": {
        "parcel_id": "P0185",
        "survey_no": "285",
        "survey_number": "285",
        "owner_name": "Synthetic Owner 185",
        "ocr_owner_name": "Synthetic Owner 185",
        "area_acres": 14.2196,
        "ocr_area_acres": 14.2196,
        "area_hectares": 5.754,
        "land_class": "Water Body",
        "district": "Anantapur",
        "state": "Andhra Pradesh",
        "village": "Example Village",
        "document_id": "DOC-00185",
        "confidence": 0.957,
        "verification_status": "Verified",
        "validation_issue": "",
        "is_disputed": false,
        "color": "#00C896"
      }
    },
    {
      "type": "Feature",
      "id": "P0186",
      "geometry": {
        "type": "Polygon",
        "coordinates": [
          [
            [
              77.5742,
              14.6642
            ],
            [
              77.5762,
              14.6642
            ],
            [
              77.5762,
              14.6658
            ],
            [
              77.5742,
              14.6658
            ],
            [
              77.5742,
              14.6642
            ]
          ]
        ]
      },
      "properties": {
        "parcel_id": "P0186",
        "survey_no": "286/1",
        "survey_number": "286",
        "owner_name": "Synthetic Owner 186",
        "ocr_owner_name": "Synthetic Owner 186",
        "area_acres": 14.2196,
        "ocr_area_acres": 14.2196,
        "area_hectares": 5.754,
        "land_class": "Agricultural",
        "district": "Anantapur",
        "state": "Andhra Pradesh",
        "village": "Example Village",
        "document_id": "DOC-00186",
        "confidence": 0.772,
        "verification_status": "Review Required",
        "validation_issue": "Missing mutation information",
        "is_disputed": false,
        "color": "#FFB800"
      }
    },
    {
      "type": "Feature",
      "id": "P0187",
      "geometry": {
        "type": "Polygon",
        "coordinates": [
          [
            [
              77.5766,
              14.6642
            ],
            [
              77.5786,
              14.6642
            ],
            [
              77.5786,
              14.6658
            ],
            [
              77.5766,
              14.6658
            ],
            [
              77.5766,
              14.6642
            ]
          ]
        ]
      },
      "properties": {
        "parcel_id": "P0187",
        "survey_no": "287",
        "survey_number": "287",
        "owner_name": "Synthetic Owner 187",
        "ocr_owner_name": "Synthetic Owner 187",
        "area_acres": 14.2196,
        "ocr_area_acres": 14.2196,
        "area_hectares": 5.754,
        "land_class": "Government",
        "district": "Anantapur",
        "state": "Andhra Pradesh",
        "village": "Example Village",
        "document_id": "DOC-00187",
        "confidence": 0.975,
        "verification_status": "Verified",
        "validation_issue": "",
        "is_disputed": false,
        "color": "#00C896"
      }
    },
    {
      "type": "Feature",
      "id": "P0188",
      "geometry": {
        "type": "Polygon",
        "coordinates": [
          [
            [
              77.579,
              14.6642
            ],
            [
              77.581,
              14.6642
            ],
            [
              77.581,
              14.6658
            ],
            [
              77.579,
              14.6658
            ],
            [
              77.579,
              14.6642
            ]
          ]
        ]
      },
      "properties": {
        "parcel_id": "P0188",
        "survey_no": "288",
        "survey_number": "288",
        "owner_name": "Synthetic Owner 188",
        "ocr_owner_name": "Synthetic Owner 188",
        "area_acres": 14.2196,
        "ocr_area_acres": 14.2196,
        "area_hectares": 5.754,
        "land_class": "Water Body",
        "district": "Anantapur",
        "state": "Andhra Pradesh",
        "village": "Example Village",
        "document_id": "DOC-00188",
        "confidence": 0.984,
        "verification_status": "Verified",
        "validation_issue": "",
        "is_disputed": false,
        "color": "#00C896"
      }
    },
    {
      "type": "Feature",
      "id": "P0189",
      "geometry": {
        "type": "Polygon",
        "coordinates": [
          [
            [
              77.5814,
              14.6642
            ],
            [
              77.5834,
              14.6642
            ],
            [
              77.5834,
              14.6658
            ],
            [
              77.5814,
              14.6658
            ],
            [
              77.5814,
              14.6642
            ]
          ]
        ]
      },
      "properties": {
        "parcel_id": "P0189",
        "survey_no": "289",
        "survey_number": "289",
        "owner_name": "Synthetic Owner 189",
        "ocr_owner_name": "Synthetic Owner 189",
        "area_acres": 14.2196,
        "ocr_area_acres": 14.2196,
        "area_hectares": 5.754,
        "land_class": "Agricultural",
        "district": "Anantapur",
        "state": "Andhra Pradesh",
        "village": "Example Village",
        "document_id": "DOC-00189",
        "confidence": 0.93,
        "verification_status": "Verified",
        "validation_issue": "",
        "is_disputed": false,
        "color": "#00C896"
      }
    },
    {
      "type": "Feature",
      "id": "P0190",
      "geometry": {
        "type": "Polygon",
        "coordinates": [
          [
            [
              77.5838,
              14.6642
            ],
            [
              77.5858,
              14.6642
            ],
            [
              77.5858,
              14.6658
            ],
            [
              77.5838,
              14.6658
            ],
            [
              77.5838,
              14.6642
            ]
          ]
        ]
      },
      "properties": {
        "parcel_id": "P0190",
        "survey_no": "290",
        "survey_number": "290",
        "owner_name": "Synthetic Owner 190",
        "ocr_owner_name": "Synthetic Owner 190",
        "area_acres": 14.2196,
        "ocr_area_acres": 14.2196,
        "area_hectares": 5.754,
        "land_class": "Government",
        "district": "Anantapur",
        "state": "Andhra Pradesh",
        "village": "Example Village",
        "document_id": "DOC-00190",
        "confidence": 0.939,
        "verification_status": "Verified",
        "validation_issue": "",
        "is_disputed": false,
        "color": "#00C896"
      }
    },
    {
      "type": "Feature",
      "id": "P0191",
      "geometry": {
        "type": "Polygon",
        "coordinates": [
          [
            [
              77.5862,
              14.6642
            ],
            [
              77.5882,
              14.6642
            ],
            [
              77.5882,
              14.6658
            ],
            [
              77.5862,
              14.6658
            ],
            [
              77.5862,
              14.6642
            ]
          ]
        ]
      },
      "properties": {
        "parcel_id": "P0191",
        "survey_no": "291/3",
        "survey_number": "291",
        "owner_name": "Synthetic Owner 191",
        "ocr_owner_name": "Synthetic Owner 191",
        "area_acres": 14.2196,
        "ocr_area_acres": 14.2196,
        "area_hectares": 5.754,
        "land_class": "Water Body",
        "district": "Anantapur",
        "state": "Andhra Pradesh",
        "village": "Example Village",
        "document_id": "DOC-00191",
        "confidence": 0.948,
        "verification_status": "Verified",
        "validation_issue": "",
        "is_disputed": false,
        "color": "#00C896"
      }
    },
    {
      "type": "Feature",
      "id": "P0192",
      "geometry": {
        "type": "Polygon",
        "coordinates": [
          [
            [
              77.5886,
              14.6642
            ],
            [
              77.5906,
              14.6642
            ],
            [
              77.5906,
              14.6658
            ],
            [
              77.5886,
              14.6658
            ],
            [
              77.5886,
              14.6642
            ]
          ]
        ]
      },
      "properties": {
        "parcel_id": "P0192",
        "survey_no": "292",
        "survey_number": "292",
        "owner_name": "Synthetic Owner 192",
        "ocr_owner_name": "Synthetic Owner 192",
        "area_acres": 14.2196,
        "ocr_area_acres": 14.2196,
        "area_hectares": 5.754,
        "land_class": "Agricultural",
        "district": "Anantapur",
        "state": "Andhra Pradesh",
        "village": "Example Village",
        "document_id": "DOC-00192",
        "confidence": 0.844,
        "verification_status": "Review Required",
        "validation_issue": "Possible duplicate",
        "is_disputed": false,
        "color": "#FFB800"
      }
    },
    {
      "type": "Feature",
      "id": "P0193",
      "geometry": {
        "type": "Polygon",
        "coordinates": [
          [
            [
              77.591,
              14.6642
            ],
            [
              77.593,
              14.6642
            ],
            [
              77.593,
              14.6658
            ],
            [
              77.591,
              14.6658
            ],
            [
              77.591,
              14.6642
            ]
          ]
        ]
      },
      "properties": {
        "parcel_id": "P0193",
        "survey_no": "293",
        "survey_number": "293",
        "owner_name": "Synthetic Owner 193",
        "ocr_owner_name": "Synthetic Owner 193",
        "area_acres": 14.2196,
        "ocr_area_acres": 14.2196,
        "area_hectares": 5.754,
        "land_class": "Government",
        "district": "Anantapur",
        "state": "Andhra Pradesh",
        "village": "Example Village",
        "document_id": "DOC-00193",
        "confidence": 0.966,
        "verification_status": "Verified",
        "validation_issue": "",
        "is_disputed": false,
        "color": "#00C896"
      }
    },
    {
      "type": "Feature",
      "id": "P0194",
      "geometry": {
        "type": "Polygon",
        "coordinates": [
          [
            [
              77.5934,
              14.6642
            ],
            [
              77.5954,
              14.6642
            ],
            [
              77.5954,
              14.6658
            ],
            [
              77.5934,
              14.6658
            ],
            [
              77.5934,
              14.6642
            ]
          ]
        ]
      },
      "properties": {
        "parcel_id": "P0194",
        "survey_no": "294",
        "survey_number": "294",
        "owner_name": "Synthetic Owner 194",
        "ocr_owner_name": "Synthetic Owner 194",
        "area_acres": 14.2196,
        "ocr_area_acres": 14.2196,
        "area_hectares": 5.754,
        "land_class": "Water Body",
        "district": "Anantapur",
        "state": "Andhra Pradesh",
        "village": "Example Village",
        "document_id": "DOC-00194",
        "confidence": 0.648,
        "verification_status": "Conflict",
        "validation_issue": "Survey number uncertainty",
        "is_disputed": true,
        "color": "#FF4757"
      }
    },
    {
      "type": "Feature",
      "id": "P0195",
      "geometry": {
        "type": "Polygon",
        "coordinates": [
          [
            [
              77.5958,
              14.6642
            ],
            [
              77.5978,
              14.6642
            ],
            [
              77.5978,
              14.6658
            ],
            [
              77.5958,
              14.6658
            ],
            [
              77.5958,
              14.6642
            ]
          ]
        ]
      },
      "properties": {
        "parcel_id": "P0195",
        "survey_no": "295",
        "survey_number": "295",
        "owner_name": "Synthetic Owner 195",
        "ocr_owner_name": "Synthetic Owner 195",
        "area_acres": 14.2196,
        "ocr_area_acres": 14.2196,
        "area_hectares": 5.754,
        "land_class": "Agricultural",
        "district": "Anantapur",
        "state": "Andhra Pradesh",
        "village": "Example Village",
        "document_id": "DOC-00195",
        "confidence": 0.984,
        "verification_status": "Verified",
        "validation_issue": "",
        "is_disputed": false,
        "color": "#00C896"
      }
    },
    {
      "type": "Feature",
      "id": "P0196",
      "geometry": {
        "type": "Polygon",
        "coordinates": [
          [
            [
              77.5982,
              14.6642
            ],
            [
              77.6002,
              14.6642
            ],
            [
              77.6002,
              14.6658
            ],
            [
              77.5982,
              14.6658
            ],
            [
              77.5982,
              14.6642
            ]
          ]
        ]
      },
      "properties": {
        "parcel_id": "P0196",
        "survey_no": "296/2",
        "survey_number": "296",
        "owner_name": "Synthetic Owner 196",
        "ocr_owner_name": "Synthetic Owner 196",
        "area_acres": 14.2196,
        "ocr_area_acres": 14.2196,
        "area_hectares": 5.754,
        "land_class": "Government",
        "district": "Anantapur",
        "state": "Andhra Pradesh",
        "village": "Example Village",
        "document_id": "DOC-00196",
        "confidence": 0.93,
        "verification_status": "Verified",
        "validation_issue": "",
        "is_disputed": false,
        "color": "#00C896"
      }
    },
    {
      "type": "Feature",
      "id": "P0197",
      "geometry": {
        "type": "Polygon",
        "coordinates": [
          [
            [
              77.6006,
              14.6642
            ],
            [
              77.6026,
              14.6642
            ],
            [
              77.6026,
              14.6658
            ],
            [
              77.6006,
              14.6658
            ],
            [
              77.6006,
              14.6642
            ]
          ]
        ]
      },
      "properties": {
        "parcel_id": "P0197",
        "survey_no": "297",
        "survey_number": "297",
        "owner_name": "Synthetic Owner 197",
        "ocr_owner_name": "Synthetic Owner 197",
        "area_acres": 14.2196,
        "ocr_area_acres": 14.2196,
        "area_hectares": 5.754,
        "land_class": "Water Body",
        "district": "Anantapur",
        "state": "Andhra Pradesh",
        "village": "Example Village",
        "document_id": "DOC-00197",
        "confidence": 0.939,
        "verification_status": "Verified",
        "validation_issue": "",
        "is_disputed": false,
        "color": "#00C896"
      }
    },
    {
      "type": "Feature",
      "id": "P0198",
      "geometry": {
        "type": "Polygon",
        "coordinates": [
          [
            [
              77.603,
              14.6642
            ],
            [
              77.605,
              14.6642
            ],
            [
              77.605,
              14.6658
            ],
            [
              77.603,
              14.6658
            ],
            [
              77.603,
              14.6642
            ]
          ]
        ]
      },
      "properties": {
        "parcel_id": "P0198",
        "survey_no": "298",
        "survey_number": "298",
        "owner_name": "Synthetic Owner 198",
        "ocr_owner_name": "Synthetic Owner 198",
        "area_acres": 14.2196,
        "ocr_area_acres": 15.3572,
        "area_hectares": 5.754,
        "land_class": "Agricultural",
        "district": "Anantapur",
        "state": "Andhra Pradesh",
        "village": "Example Village",
        "document_id": "DOC-00198",
        "confidence": 0.696,
        "verification_status": "Conflict",
        "validation_issue": "Area mismatch",
        "is_disputed": true,
        "color": "#FF4757"
      }
    },
    {
      "type": "Feature",
      "id": "P0199",
      "geometry": {
        "type": "Polygon",
        "coordinates": [
          [
            [
              77.6054,
              14.6642
            ],
            [
              77.6074,
              14.6642
            ],
            [
              77.6074,
              14.6658
            ],
            [
              77.6054,
              14.6658
            ],
            [
              77.6054,
              14.6642
            ]
          ]
        ]
      },
      "properties": {
        "parcel_id": "P0199",
        "survey_no": "299",
        "survey_number": "299",
        "owner_name": "Synthetic Owner 199",
        "ocr_owner_name": "Synthetic Owner 199",
        "area_acres": 14.2196,
        "ocr_area_acres": 14.2196,
        "area_hectares": 5.754,
        "land_class": "Government",
        "district": "Anantapur",
        "state": "Andhra Pradesh",
        "village": "Example Village",
        "document_id": "DOC-00199",
        "confidence": 0.957,
        "verification_status": "Verified",
        "validation_issue": "",
        "is_disputed": false,
        "color": "#00C896"
      }
    },
    {
      "type": "Feature",
      "id": "P0200",
      "geometry": {
        "type": "Polygon",
        "coordinates": [
          [
            [
              77.6078,
              14.6642
            ],
            [
              77.6098,
              14.6642
            ],
            [
              77.6098,
              14.6658
            ],
            [
              77.6078,
              14.6658
            ],
            [
              77.6078,
              14.6642
            ]
          ]
        ]
      },
      "properties": {
        "parcel_id": "P0200",
        "survey_no": "300",
        "survey_number": "300",
        "owner_name": "Synthetic Owner 200",
        "ocr_owner_name": "Synthetic Owner 200",
        "area_acres": 14.2196,
        "ocr_area_acres": 14.2196,
        "area_hectares": 5.754,
        "land_class": "Water Body",
        "district": "Anantapur",
        "state": "Andhra Pradesh",
        "village": "Example Village",
        "document_id": "DOC-00200",
        "confidence": 0.966,
        "verification_status": "Verified",
        "validation_issue": "",
        "is_disputed": false,
        "color": "#00C896"
      }
    },
    {
      "type": "Feature",
      "id": "P0201",
      "geometry": {
        "type": "Polygon",
        "coordinates": [
          [
            [
              77.5502,
              14.6662
            ],
            [
              77.5522,
              14.6662
            ],
            [
              77.5522,
              14.6678
            ],
            [
              77.5502,
              14.6678
            ],
            [
              77.5502,
              14.6662
            ]
          ]
        ]
      },
      "properties": {
        "parcel_id": "P0201",
        "survey_no": "301/1",
        "survey_number": "301",
        "owner_name": "Synthetic Owner 201",
        "ocr_owner_name": "Synthetic Owner 201",
        "area_acres": 14.2195,
        "ocr_area_acres": 14.2195,
        "area_hectares": 5.754,
        "land_class": "Agricultural",
        "district": "Anantapur",
        "state": "Andhra Pradesh",
        "village": "Example Village",
        "document_id": "DOC-00201",
        "confidence": 0.772,
        "verification_status": "Review Required",
        "validation_issue": "Missing mutation information",
        "is_disputed": false,
        "color": "#FFB800"
      }
    },
    {
      "type": "Feature",
      "id": "P0202",
      "geometry": {
        "type": "Polygon",
        "coordinates": [
          [
            [
              77.5526,
              14.6662
            ],
            [
              77.5546,
              14.6662
            ],
            [
              77.5546,
              14.6678
            ],
            [
              77.5526,
              14.6678
            ],
            [
              77.5526,
              14.6662
            ]
          ]
        ]
      },
      "properties": {
        "parcel_id": "P0202",
        "survey_no": "302",
        "survey_number": "302",
        "owner_name": "Synthetic Owner 202",
        "ocr_owner_name": "Synthetic Owner 202",
        "area_acres": 14.2195,
        "ocr_area_acres": 14.2195,
        "area_hectares": 5.754,
        "land_class": "Government",
        "district": "Anantapur",
        "state": "Andhra Pradesh",
        "village": "Example Village",
        "document_id": "DOC-00202",
        "confidence": 0.984,
        "verification_status": "Verified",
        "validation_issue": "",
        "is_disputed": false,
        "color": "#00C896"
      }
    },
    {
      "type": "Feature",
      "id": "P0203",
      "geometry": {
        "type": "Polygon",
        "coordinates": [
          [
            [
              77.555,
              14.6662
            ],
            [
              77.557,
              14.6662
            ],
            [
              77.557,
              14.6678
            ],
            [
              77.555,
              14.6678
            ],
            [
              77.555,
              14.6662
            ]
          ]
        ]
      },
      "properties": {
        "parcel_id": "P0203",
        "survey_no": "303",
        "survey_number": "303",
        "owner_name": "Synthetic Owner 203",
        "ocr_owner_name": "Synthetic Owner 203",
        "area_acres": 14.2195,
        "ocr_area_acres": 15.3571,
        "area_hectares": 5.754,
        "land_class": "Water Body",
        "district": "Anantapur",
        "state": "Andhra Pradesh",
        "village": "Example Village",
        "document_id": "DOC-00203",
        "confidence": 0.456,
        "verification_status": "Conflict",
        "validation_issue": "Area mismatch",
        "is_disputed": true,
        "color": "#FF4757"
      }
    },
    {
      "type": "Feature",
      "id": "P0204",
      "geometry": {
        "type": "Polygon",
        "coordinates": [
          [
            [
              77.5574,
              14.6662
            ],
            [
              77.5594,
              14.6662
            ],
            [
              77.5594,
              14.6678
            ],
            [
              77.5574,
              14.6678
            ],
            [
              77.5574,
              14.6662
            ]
          ]
        ]
      },
      "properties": {
        "parcel_id": "P0204",
        "survey_no": "304",
        "survey_number": "304",
        "owner_name": "Synthetic Owner 204",
        "ocr_owner_name": "Synthetic Owner 204",
        "area_acres": 14.2195,
        "ocr_area_acres": 14.2195,
        "area_hectares": 5.754,
        "land_class": "Agricultural",
        "district": "Anantapur",
        "state": "Andhra Pradesh",
        "village": "Example Village",
        "document_id": "DOC-00204",
        "confidence": 0.468,
        "verification_status": "Review Required",
        "validation_issue": "Low OCR confidence",
        "is_disputed": false,
        "color": "#FFB800"
      }
    },
    {
      "type": "Feature",
      "id": "P0205",
      "geometry": {
        "type": "Polygon",
        "coordinates": [
          [
            [
              77.5598,
              14.6662
            ],
            [
              77.5618,
              14.6662
            ],
            [
              77.5618,
              14.6678
            ],
            [
              77.5598,
              14.6678
            ],
            [
              77.5598,
              14.6662
            ]
          ]
        ]
      },
      "properties": {
        "parcel_id": "P0205",
        "survey_no": "305",
        "survey_number": "305",
        "owner_name": "Synthetic Owner 205",
        "ocr_owner_name": "Synthetic Owner 223",
        "area_acres": 14.2195,
        "ocr_area_acres": 14.2195,
        "area_hectares": 5.754,
        "land_class": "Government",
        "district": "Anantapur",
        "state": "Andhra Pradesh",
        "village": "Example Village",
        "document_id": "DOC-00205",
        "confidence": 0.48,
        "verification_status": "Conflict",
        "validation_issue": "Owner mismatch",
        "is_disputed": true,
        "color": "#FF4757"
      }
    },
    {
      "type": "Feature",
      "id": "P0206",
      "geometry": {
        "type": "Polygon",
        "coordinates": [
          [
            [
              77.5622,
              14.6662
            ],
            [
              77.5642,
              14.6662
            ],
            [
              77.5642,
              14.6678
            ],
            [
              77.5622,
              14.6678
            ],
            [
              77.5622,
              14.6662
            ]
          ]
        ]
      },
      "properties": {
        "parcel_id": "P0206",
        "survey_no": "306/3",
        "survey_number": "306",
        "owner_name": "Synthetic Owner 206",
        "ocr_owner_name": "Synthetic Owner 206",
        "area_acres": 14.2195,
        "ocr_area_acres": 14.2195,
        "area_hectares": 5.754,
        "land_class": "Water Body",
        "district": "Anantapur",
        "state": "Andhra Pradesh",
        "village": "Example Village",
        "document_id": "DOC-00206",
        "confidence": 0.832,
        "verification_status": "Review Required",
        "validation_issue": "Possible duplicate",
        "is_disputed": false,
        "color": "#FFB800"
      }
    },
    {
      "type": "Feature",
      "id": "P0207",
      "geometry": {
        "type": "Polygon",
        "coordinates": [
          [
            [
              77.5646,
              14.6662
            ],
            [
              77.5666,
              14.6662
            ],
            [
              77.5666,
              14.6678
            ],
            [
              77.5646,
              14.6678
            ],
            [
              77.5646,
              14.6662
            ]
          ]
        ]
      },
      "properties": {
        "parcel_id": "P0207",
        "survey_no": "307",
        "survey_number": "307",
        "owner_name": "Synthetic Owner 207",
        "ocr_owner_name": "Synthetic Owner 207",
        "area_acres": 14.2195,
        "ocr_area_acres": 14.2195,
        "area_hectares": 5.754,
        "land_class": "Agricultural",
        "district": "Anantapur",
        "state": "Andhra Pradesh",
        "village": "Example Village",
        "document_id": "DOC-00207",
        "confidence": 0.966,
        "verification_status": "Verified",
        "validation_issue": "",
        "is_disputed": false,
        "color": "#00C896"
      }
    },
    {
      "type": "Feature",
      "id": "P0208",
      "geometry": {
        "type": "Polygon",
        "coordinates": [
          [
            [
              77.567,
              14.6662
            ],
            [
              77.569,
              14.6662
            ],
            [
              77.569,
              14.6678
            ],
            [
              77.567,
              14.6678
            ],
            [
              77.567,
              14.6662
            ]
          ]
        ]
      },
      "properties": {
        "parcel_id": "P0208",
        "survey_no": "308",
        "survey_number": "308",
        "owner_name": "Synthetic Owner 208",
        "ocr_owner_name": "Synthetic Owner 208",
        "area_acres": 14.2195,
        "ocr_area_acres": 14.2195,
        "area_hectares": 5.754,
        "land_class": "Government",
        "district": "Anantapur",
        "state": "Andhra Pradesh",
        "village": "Example Village",
        "document_id": "DOC-00208",
        "confidence": 0.975,
        "verification_status": "Verified",
        "validation_issue": "",
        "is_disputed": false,
        "color": "#00C896"
      }
    },
    {
      "type": "Feature",
      "id": "P0209",
      "geometry": {
        "type": "Polygon",
        "coordinates": [
          [
            [
              77.5694,
              14.6662
            ],
            [
              77.5714,
              14.6662
            ],
            [
              77.5714,
              14.6678
            ],
            [
              77.5694,
              14.6678
            ],
            [
              77.5694,
              14.6662
            ]
          ]
        ]
      },
      "properties": {
        "parcel_id": "P0209",
        "survey_no": "309",
        "survey_number": "309",
        "owner_name": "Synthetic Owner 209",
        "ocr_owner_name": "Synthetic Owner 209",
        "area_acres": 14.2195,
        "ocr_area_acres": 14.2195,
        "area_hectares": 5.754,
        "land_class": "Water Body",
        "district": "Anantapur",
        "state": "Andhra Pradesh",
        "village": "Example Village",
        "document_id": "DOC-00209",
        "confidence": 0.868,
        "verification_status": "Review Required",
        "validation_issue": "Possible duplicate",
        "is_disputed": false,
        "color": "#FFB800"
      }
    },
    {
      "type": "Feature",
      "id": "P0210",
      "geometry": {
        "type": "Polygon",
        "coordinates": [
          [
            [
              77.5718,
              14.6662
            ],
            [
              77.5738,
              14.6662
            ],
            [
              77.5738,
              14.6678
            ],
            [
              77.5718,
              14.6678
            ],
            [
              77.5718,
              14.6662
            ]
          ]
        ]
      },
      "properties": {
        "parcel_id": "P0210",
        "survey_no": "310",
        "survey_number": "310",
        "owner_name": "Synthetic Owner 210",
        "ocr_owner_name": "Synthetic Owner 210",
        "area_acres": 14.2195,
        "ocr_area_acres": 14.2195,
        "area_hectares": 5.754,
        "land_class": "Agricultural",
        "district": "Anantapur",
        "state": "Andhra Pradesh",
        "village": "Example Village",
        "document_id": "DOC-00210",
        "confidence": 0.93,
        "verification_status": "Verified",
        "validation_issue": "",
        "is_disputed": false,
        "color": "#00C896"
      }
    },
    {
      "type": "Feature",
      "id": "P0211",
      "geometry": {
        "type": "Polygon",
        "coordinates": [
          [
            [
              77.5742,
              14.6662
            ],
            [
              77.5762,
              14.6662
            ],
            [
              77.5762,
              14.6678
            ],
            [
              77.5742,
              14.6678
            ],
            [
              77.5742,
              14.6662
            ]
          ]
        ]
      },
      "properties": {
        "parcel_id": "P0211",
        "survey_no": "311/2",
        "survey_number": "311",
        "owner_name": "Synthetic Owner 211",
        "ocr_owner_name": "Synthetic Owner 211",
        "area_acres": 14.2195,
        "ocr_area_acres": 14.2195,
        "area_hectares": 5.754,
        "land_class": "Government",
        "district": "Anantapur",
        "state": "Andhra Pradesh",
        "village": "Example Village",
        "document_id": "DOC-00211",
        "confidence": 0.939,
        "verification_status": "Verified",
        "validation_issue": "",
        "is_disputed": false,
        "color": "#00C896"
      }
    },
    {
      "type": "Feature",
      "id": "P0212",
      "geometry": {
        "type": "Polygon",
        "coordinates": [
          [
            [
              77.5766,
              14.6662
            ],
            [
              77.5786,
              14.6662
            ],
            [
              77.5786,
              14.6678
            ],
            [
              77.5766,
              14.6678
            ],
            [
              77.5766,
              14.6662
            ]
          ]
        ]
      },
      "properties": {
        "parcel_id": "P0212",
        "survey_no": "312",
        "survey_number": "312",
        "owner_name": "Synthetic Owner 212",
        "ocr_owner_name": "Synthetic Owner 212",
        "area_acres": 14.2195,
        "ocr_area_acres": 14.2195,
        "area_hectares": 5.754,
        "land_class": "Water Body",
        "district": "Anantapur",
        "state": "Andhra Pradesh",
        "village": "Example Village",
        "document_id": "DOC-00212",
        "confidence": 0.948,
        "verification_status": "Verified",
        "validation_issue": "",
        "is_disputed": false,
        "color": "#00C896"
      }
    },
    {
      "type": "Feature",
      "id": "P0213",
      "geometry": {
        "type": "Polygon",
        "coordinates": [
          [
            [
              77.579,
              14.6662
            ],
            [
              77.581,
              14.6662
            ],
            [
              77.581,
              14.6678
            ],
            [
              77.579,
              14.6678
            ],
            [
              77.579,
              14.6662
            ]
          ]
        ]
      },
      "properties": {
        "parcel_id": "P0213",
        "survey_no": "313",
        "survey_number": "313",
        "owner_name": "Synthetic Owner 213",
        "ocr_owner_name": "Synthetic Owner 213",
        "area_acres": 14.2195,
        "ocr_area_acres": 14.2195,
        "area_hectares": 5.754,
        "land_class": "Agricultural",
        "district": "Anantapur",
        "state": "Andhra Pradesh",
        "village": "Example Village",
        "document_id": "DOC-00213",
        "confidence": 0.957,
        "verification_status": "Verified",
        "validation_issue": "",
        "is_disputed": false,
        "color": "#00C896"
      }
    },
    {
      "type": "Feature",
      "id": "P0214",
      "geometry": {
        "type": "Polygon",
        "coordinates": [
          [
            [
              77.5814,
              14.6662
            ],
            [
              77.5834,
              14.6662
            ],
            [
              77.5834,
              14.6678
            ],
            [
              77.5814,
              14.6678
            ],
            [
              77.5814,
              14.6662
            ]
          ]
        ]
      },
      "properties": {
        "parcel_id": "P0214",
        "survey_no": "314",
        "survey_number": "314",
        "owner_name": "Synthetic Owner 214",
        "ocr_owner_name": "Synthetic Owner 214",
        "area_acres": 14.2195,
        "ocr_area_acres": 14.2195,
        "area_hectares": 5.754,
        "land_class": "Government",
        "district": "Anantapur",
        "state": "Andhra Pradesh",
        "village": "Example Village",
        "document_id": "DOC-00214",
        "confidence": 0.966,
        "verification_status": "Verified",
        "validation_issue": "",
        "is_disputed": false,
        "color": "#00C896"
      }
    },
    {
      "type": "Feature",
      "id": "P0215",
      "geometry": {
        "type": "Polygon",
        "coordinates": [
          [
            [
              77.5838,
              14.6662
            ],
            [
              77.5858,
              14.6662
            ],
            [
              77.5858,
              14.6678
            ],
            [
              77.5838,
              14.6678
            ],
            [
              77.5838,
              14.6662
            ]
          ]
        ]
      },
      "properties": {
        "parcel_id": "P0215",
        "survey_no": "315",
        "survey_number": "315",
        "owner_name": "Synthetic Owner 215",
        "ocr_owner_name": "Synthetic Owner 215",
        "area_acres": 14.2195,
        "ocr_area_acres": 14.2195,
        "area_hectares": 5.754,
        "land_class": "Water Body",
        "district": "Anantapur",
        "state": "Andhra Pradesh",
        "village": "Example Village",
        "document_id": "DOC-00215",
        "confidence": 0.975,
        "verification_status": "Verified",
        "validation_issue": "",
        "is_disputed": false,
        "color": "#00C896"
      }
    },
    {
      "type": "Feature",
      "id": "P0216",
      "geometry": {
        "type": "Polygon",
        "coordinates": [
          [
            [
              77.5862,
              14.6662
            ],
            [
              77.5882,
              14.6662
            ],
            [
              77.5882,
              14.6678
            ],
            [
              77.5862,
              14.6678
            ],
            [
              77.5862,
              14.6662
            ]
          ]
        ]
      },
      "properties": {
        "parcel_id": "P0216",
        "survey_no": "316/1",
        "survey_number": "316",
        "owner_name": "Synthetic Owner 216",
        "ocr_owner_name": "Synthetic Owner 234",
        "area_acres": 14.2195,
        "ocr_area_acres": 14.2195,
        "area_hectares": 5.754,
        "land_class": "Agricultural",
        "district": "Anantapur",
        "state": "Andhra Pradesh",
        "village": "Example Village",
        "document_id": "DOC-00216",
        "confidence": 0.612,
        "verification_status": "Conflict",
        "validation_issue": "Owner mismatch",
        "is_disputed": true,
        "color": "#FF4757"
      }
    },
    {
      "type": "Feature",
      "id": "P0217",
      "geometry": {
        "type": "Polygon",
        "coordinates": [
          [
            [
              77.5886,
              14.6662
            ],
            [
              77.5906,
              14.6662
            ],
            [
              77.5906,
              14.6678
            ],
            [
              77.5886,
              14.6678
            ],
            [
              77.5886,
              14.6662
            ]
          ]
        ]
      },
      "properties": {
        "parcel_id": "P0217",
        "survey_no": "317",
        "survey_number": "317",
        "owner_name": "Synthetic Owner 217",
        "ocr_owner_name": "Synthetic Owner 217",
        "area_acres": 14.2195,
        "ocr_area_acres": 14.2195,
        "area_hectares": 5.754,
        "land_class": "Government",
        "district": "Anantapur",
        "state": "Andhra Pradesh",
        "village": "Example Village",
        "document_id": "DOC-00217",
        "confidence": 0.93,
        "verification_status": "Verified",
        "validation_issue": "",
        "is_disputed": false,
        "color": "#00C896"
      }
    },
    {
      "type": "Feature",
      "id": "P0218",
      "geometry": {
        "type": "Polygon",
        "coordinates": [
          [
            [
              77.591,
              14.6662
            ],
            [
              77.593,
              14.6662
            ],
            [
              77.593,
              14.6678
            ],
            [
              77.591,
              14.6678
            ],
            [
              77.591,
              14.6662
            ]
          ]
        ]
      },
      "properties": {
        "parcel_id": "P0218",
        "survey_no": "318",
        "survey_number": "318",
        "owner_name": "Synthetic Owner 218",
        "ocr_owner_name": "Synthetic Owner 218",
        "area_acres": 14.2195,
        "ocr_area_acres": 14.2195,
        "area_hectares": 5.754,
        "land_class": "Water Body",
        "district": "Anantapur",
        "state": "Andhra Pradesh",
        "village": "Example Village",
        "document_id": "DOC-00218",
        "confidence": 0.939,
        "verification_status": "Verified",
        "validation_issue": "",
        "is_disputed": false,
        "color": "#00C896"
      }
    },
    {
      "type": "Feature",
      "id": "P0219",
      "geometry": {
        "type": "Polygon",
        "coordinates": [
          [
            [
              77.5934,
              14.6662
            ],
            [
              77.5954,
              14.6662
            ],
            [
              77.5954,
              14.6678
            ],
            [
              77.5934,
              14.6678
            ],
            [
              77.5934,
              14.6662
            ]
          ]
        ]
      },
      "properties": {
        "parcel_id": "P0219",
        "survey_no": "319",
        "survey_number": "319",
        "owner_name": "Synthetic Owner 219",
        "ocr_owner_name": "Synthetic Owner 219",
        "area_acres": 14.2195,
        "ocr_area_acres": 14.2195,
        "area_hectares": 5.754,
        "land_class": "Agricultural",
        "district": "Anantapur",
        "state": "Andhra Pradesh",
        "village": "Example Village",
        "document_id": "DOC-00219",
        "confidence": 0.948,
        "verification_status": "Verified",
        "validation_issue": "",
        "is_disputed": false,
        "color": "#00C896"
      }
    },
    {
      "type": "Feature",
      "id": "P0220",
      "geometry": {
        "type": "Polygon",
        "coordinates": [
          [
            [
              77.5958,
              14.6662
            ],
            [
              77.5978,
              14.6662
            ],
            [
              77.5978,
              14.6678
            ],
            [
              77.5958,
              14.6678
            ],
            [
              77.5958,
              14.6662
            ]
          ]
        ]
      },
      "properties": {
        "parcel_id": "P0220",
        "survey_no": "320",
        "survey_number": "320",
        "owner_name": "Synthetic Owner 220",
        "ocr_owner_name": "Synthetic Owner 220",
        "area_acres": 14.2195,
        "ocr_area_acres": 14.2195,
        "area_hectares": 5.754,
        "land_class": "Government",
        "district": "Anantapur",
        "state": "Andhra Pradesh",
        "village": "Example Village",
        "document_id": "DOC-00220",
        "confidence": 0.957,
        "verification_status": "Verified",
        "validation_issue": "",
        "is_disputed": false,
        "color": "#00C896"
      }
    },
    {
      "type": "Feature",
      "id": "P0221",
      "geometry": {
        "type": "Polygon",
        "coordinates": [
          [
            [
              77.5982,
              14.6662
            ],
            [
              77.6002,
              14.6662
            ],
            [
              77.6002,
              14.6678
            ],
            [
              77.5982,
              14.6678
            ],
            [
              77.5982,
              14.6662
            ]
          ]
        ]
      },
      "properties": {
        "parcel_id": "P0221",
        "survey_no": "321/3",
        "survey_number": "321",
        "owner_name": "Synthetic Owner 221",
        "ocr_owner_name": "Synthetic Owner 221",
        "area_acres": 14.2195,
        "ocr_area_acres": 14.2195,
        "area_hectares": 5.754,
        "land_class": "Water Body",
        "district": "Anantapur",
        "state": "Andhra Pradesh",
        "village": "Example Village",
        "document_id": "DOC-00221",
        "confidence": 0.966,
        "verification_status": "Verified",
        "validation_issue": "",
        "is_disputed": false,
        "color": "#00C896"
      }
    },
    {
      "type": "Feature",
      "id": "P0222",
      "geometry": {
        "type": "Polygon",
        "coordinates": [
          [
            [
              77.6006,
              14.6662
            ],
            [
              77.6026,
              14.6662
            ],
            [
              77.6026,
              14.6678
            ],
            [
              77.6006,
              14.6678
            ],
            [
              77.6006,
              14.6662
            ]
          ]
        ]
      },
      "properties": {
        "parcel_id": "P0222",
        "survey_no": "322",
        "survey_number": "322",
        "owner_name": "Synthetic Owner 222",
        "ocr_owner_name": "Synthetic Owner 222",
        "area_acres": 14.2195,
        "ocr_area_acres": 14.2195,
        "area_hectares": 5.754,
        "land_class": "Agricultural",
        "district": "Anantapur",
        "state": "Andhra Pradesh",
        "village": "Example Village",
        "document_id": "DOC-00222",
        "confidence": 0.844,
        "verification_status": "Review Required",
        "validation_issue": "Possible duplicate",
        "is_disputed": false,
        "color": "#FFB800"
      }
    },
    {
      "type": "Feature",
      "id": "P0223",
      "geometry": {
        "type": "Polygon",
        "coordinates": [
          [
            [
              77.603,
              14.6662
            ],
            [
              77.605,
              14.6662
            ],
            [
              77.605,
              14.6678
            ],
            [
              77.603,
              14.6678
            ],
            [
              77.603,
              14.6662
            ]
          ]
        ]
      },
      "properties": {
        "parcel_id": "P0223",
        "survey_no": "323",
        "survey_number": "323",
        "owner_name": "Synthetic Owner 223",
        "ocr_owner_name": "Synthetic Owner 223",
        "area_acres": 14.2195,
        "ocr_area_acres": 14.2195,
        "area_hectares": 5.754,
        "land_class": "Government",
        "district": "Anantapur",
        "state": "Andhra Pradesh",
        "village": "Example Village",
        "document_id": "DOC-00223",
        "confidence": 0.984,
        "verification_status": "Verified",
        "validation_issue": "",
        "is_disputed": false,
        "color": "#00C896"
      }
    },
    {
      "type": "Feature",
      "id": "P0224",
      "geometry": {
        "type": "Polygon",
        "coordinates": [
          [
            [
              77.6054,
              14.6662
            ],
            [
              77.6074,
              14.6662
            ],
            [
              77.6074,
              14.6678
            ],
            [
              77.6054,
              14.6678
            ],
            [
              77.6054,
              14.6662
            ]
          ]
        ]
      },
      "properties": {
        "parcel_id": "P0224",
        "survey_no": "324",
        "survey_number": "324",
        "owner_name": "Synthetic Owner 224",
        "ocr_owner_name": "Synthetic Owner 224",
        "area_acres": 14.2195,
        "ocr_area_acres": 14.2195,
        "area_hectares": 5.754,
        "land_class": "Water Body",
        "district": "Anantapur",
        "state": "Andhra Pradesh",
        "village": "Example Village",
        "document_id": "DOC-00224",
        "confidence": 0.93,
        "verification_status": "Verified",
        "validation_issue": "",
        "is_disputed": false,
        "color": "#00C896"
      }
    },
    {
      "type": "Feature",
      "id": "P0225",
      "geometry": {
        "type": "Polygon",
        "coordinates": [
          [
            [
              77.6078,
              14.6662
            ],
            [
              77.6098,
              14.6662
            ],
            [
              77.6098,
              14.6678
            ],
            [
              77.6078,
              14.6678
            ],
            [
              77.6078,
              14.6662
            ]
          ]
        ]
      },
      "properties": {
        "parcel_id": "P0225",
        "survey_no": "325",
        "survey_number": "325",
        "owner_name": "Synthetic Owner 225",
        "ocr_owner_name": "Synthetic Owner 225",
        "area_acres": 14.2195,
        "ocr_area_acres": 14.2195,
        "area_hectares": 5.754,
        "land_class": "Agricultural",
        "district": "Anantapur",
        "state": "Andhra Pradesh",
        "village": "Example Village",
        "document_id": "DOC-00225",
        "confidence": 0.939,
        "verification_status": "Verified",
        "validation_issue": "",
        "is_disputed": false,
        "color": "#00C896"
      }
    },
    {
      "type": "Feature",
      "id": "P0226",
      "geometry": {
        "type": "Polygon",
        "coordinates": [
          [
            [
              77.5502,
              14.6682
            ],
            [
              77.5522,
              14.6682
            ],
            [
              77.5522,
              14.6698
            ],
            [
              77.5502,
              14.6698
            ],
            [
              77.5502,
              14.6682
            ]
          ]
        ]
      },
      "properties": {
        "parcel_id": "P0226",
        "survey_no": "326/2",
        "survey_number": "326",
        "owner_name": "Synthetic Owner 226",
        "ocr_owner_name": "Synthetic Owner 226",
        "area_acres": 14.2193,
        "ocr_area_acres": 14.2193,
        "area_hectares": 5.754,
        "land_class": "Government",
        "district": "Anantapur",
        "state": "Andhra Pradesh",
        "village": "Example Village",
        "document_id": "DOC-00226",
        "confidence": 0.948,
        "verification_status": "Verified",
        "validation_issue": "",
        "is_disputed": false,
        "color": "#00C896"
      }
    },
    {
      "type": "Feature",
      "id": "P0227",
      "geometry": {
        "type": "Polygon",
        "coordinates": [
          [
            [
              77.5526,
              14.6682
            ],
            [
              77.5546,
              14.6682
            ],
            [
              77.5546,
              14.6698
            ],
            [
              77.5526,
              14.6698
            ],
            [
              77.5526,
              14.6682
            ]
          ]
        ]
      },
      "properties": {
        "parcel_id": "P0227",
        "survey_no": "327",
        "survey_number": "327",
        "owner_name": "Synthetic Owner 227",
        "ocr_owner_name": "Synthetic Owner 227",
        "area_acres": 14.2193,
        "ocr_area_acres": 14.2193,
        "area_hectares": 5.754,
        "land_class": "Water Body",
        "district": "Anantapur",
        "state": "Andhra Pradesh",
        "village": "Example Village",
        "document_id": "DOC-00227",
        "confidence": 0.957,
        "verification_status": "Verified",
        "validation_issue": "",
        "is_disputed": false,
        "color": "#00C896"
      }
    },
    {
      "type": "Feature",
      "id": "P0228",
      "geometry": {
        "type": "Polygon",
        "coordinates": [
          [
            [
              77.555,
              14.6682
            ],
            [
              77.557,
              14.6682
            ],
            [
              77.557,
              14.6698
            ],
            [
              77.555,
              14.6698
            ],
            [
              77.555,
              14.6682
            ]
          ]
        ]
      },
      "properties": {
        "parcel_id": "P0228",
        "survey_no": "328",
        "survey_number": "328",
        "owner_name": "Synthetic Owner 228",
        "ocr_owner_name": "Synthetic Owner 228",
        "area_acres": 14.2193,
        "ocr_area_acres": 14.2193,
        "area_hectares": 5.754,
        "land_class": "Agricultural",
        "district": "Anantapur",
        "state": "Andhra Pradesh",
        "village": "Example Village",
        "document_id": "DOC-00228",
        "confidence": 0.736,
        "verification_status": "Review Required",
        "validation_issue": "Missing mutation information",
        "is_disputed": false,
        "color": "#FFB800"
      }
    },
    {
      "type": "Feature",
      "id": "P0229",
      "geometry": {
        "type": "Polygon",
        "coordinates": [
          [
            [
              77.5574,
              14.6682
            ],
            [
              77.5594,
              14.6682
            ],
            [
              77.5594,
              14.6698
            ],
            [
              77.5574,
              14.6698
            ],
            [
              77.5574,
              14.6682
            ]
          ]
        ]
      },
      "properties": {
        "parcel_id": "P0229",
        "survey_no": "329",
        "survey_number": "329",
        "owner_name": "Synthetic Owner 229",
        "ocr_owner_name": "Synthetic Owner 229",
        "area_acres": 14.2193,
        "ocr_area_acres": 14.2193,
        "area_hectares": 5.754,
        "land_class": "Government",
        "district": "Anantapur",
        "state": "Andhra Pradesh",
        "village": "Example Village",
        "document_id": "DOC-00229",
        "confidence": 0.975,
        "verification_status": "Verified",
        "validation_issue": "",
        "is_disputed": false,
        "color": "#00C896"
      }
    },
    {
      "type": "Feature",
      "id": "P0230",
      "geometry": {
        "type": "Polygon",
        "coordinates": [
          [
            [
              77.5598,
              14.6682
            ],
            [
              77.5618,
              14.6682
            ],
            [
              77.5618,
              14.6698
            ],
            [
              77.5598,
              14.6698
            ],
            [
              77.5598,
              14.6682
            ]
          ]
        ]
      },
      "properties": {
        "parcel_id": "P0230",
        "survey_no": "330",
        "survey_number": "330",
        "owner_name": "Synthetic Owner 230",
        "ocr_owner_name": "Synthetic Owner 230",
        "area_acres": 14.2193,
        "ocr_area_acres": 14.2193,
        "area_hectares": 5.754,
        "land_class": "Water Body",
        "district": "Anantapur",
        "state": "Andhra Pradesh",
        "village": "Example Village",
        "document_id": "DOC-00230",
        "confidence": 0.984,
        "verification_status": "Verified",
        "validation_issue": "",
        "is_disputed": false,
        "color": "#00C896"
      }
    },
    {
      "type": "Feature",
      "id": "P0231",
      "geometry": {
        "type": "Polygon",
        "coordinates": [
          [
            [
              77.5622,
              14.6682
            ],
            [
              77.5642,
              14.6682
            ],
            [
              77.5642,
              14.6698
            ],
            [
              77.5622,
              14.6698
            ],
            [
              77.5622,
              14.6682
            ]
          ]
        ]
      },
      "properties": {
        "parcel_id": "P0231",
        "survey_no": "331/1",
        "survey_number": "331",
        "owner_name": "Synthetic Owner 231",
        "ocr_owner_name": "Synthetic Owner 231",
        "area_acres": 14.2193,
        "ocr_area_acres": 14.2193,
        "area_hectares": 5.754,
        "land_class": "Agricultural",
        "district": "Anantapur",
        "state": "Andhra Pradesh",
        "village": "Example Village",
        "document_id": "DOC-00231",
        "confidence": 0.93,
        "verification_status": "Verified",
        "validation_issue": "",
        "is_disputed": false,
        "color": "#00C896"
      }
    },
    {
      "type": "Feature",
      "id": "P0232",
      "geometry": {
        "type": "Polygon",
        "coordinates": [
          [
            [
              77.5646,
              14.6682
            ],
            [
              77.5666,
              14.6682
            ],
            [
              77.5666,
              14.6698
            ],
            [
              77.5646,
              14.6698
            ],
            [
              77.5646,
              14.6682
            ]
          ]
        ]
      },
      "properties": {
        "parcel_id": "P0232",
        "survey_no": "332",
        "survey_number": "332",
        "owner_name": "Synthetic Owner 232",
        "ocr_owner_name": "Synthetic Owner 232",
        "area_acres": 14.2193,
        "ocr_area_acres": 14.2193,
        "area_hectares": 5.754,
        "land_class": "Government",
        "district": "Anantapur",
        "state": "Andhra Pradesh",
        "village": "Example Village",
        "document_id": "DOC-00232",
        "confidence": 0.939,
        "verification_status": "Verified",
        "validation_issue": "",
        "is_disputed": false,
        "color": "#00C896"
      }
    },
    {
      "type": "Feature",
      "id": "P0233",
      "geometry": {
        "type": "Polygon",
        "coordinates": [
          [
            [
              77.567,
              14.6682
            ],
            [
              77.569,
              14.6682
            ],
            [
              77.569,
              14.6698
            ],
            [
              77.567,
              14.6698
            ],
            [
              77.567,
              14.6682
            ]
          ]
        ]
      },
      "properties": {
        "parcel_id": "P0233",
        "survey_no": "333",
        "survey_number": "333",
        "owner_name": "Synthetic Owner 233",
        "ocr_owner_name": "Synthetic Owner 233",
        "area_acres": 14.2193,
        "ocr_area_acres": 14.2193,
        "area_hectares": 5.754,
        "land_class": "Water Body",
        "district": "Anantapur",
        "state": "Andhra Pradesh",
        "village": "Example Village",
        "document_id": "DOC-00233",
        "confidence": 0.948,
        "verification_status": "Verified",
        "validation_issue": "",
        "is_disputed": false,
        "color": "#00C896"
      }
    },
    {
      "type": "Feature",
      "id": "P0234",
      "geometry": {
        "type": "Polygon",
        "coordinates": [
          [
            [
              77.5694,
              14.6682
            ],
            [
              77.5714,
              14.6682
            ],
            [
              77.5714,
              14.6698
            ],
            [
              77.5694,
              14.6698
            ],
            [
              77.5694,
              14.6682
            ]
          ]
        ]
      },
      "properties": {
        "parcel_id": "P0234",
        "survey_no": "334",
        "survey_number": "334",
        "owner_name": "Synthetic Owner 234",
        "ocr_owner_name": "Synthetic Owner 234",
        "area_acres": 14.2193,
        "ocr_area_acres": 14.2193,
        "area_hectares": 5.754,
        "land_class": "Agricultural",
        "district": "Anantapur",
        "state": "Andhra Pradesh",
        "village": "Example Village",
        "document_id": "DOC-00234",
        "confidence": 0.957,
        "verification_status": "Verified",
        "validation_issue": "",
        "is_disputed": false,
        "color": "#00C896"
      }
    },
    {
      "type": "Feature",
      "id": "P0235",
      "geometry": {
        "type": "Polygon",
        "coordinates": [
          [
            [
              77.5718,
              14.6682
            ],
            [
              77.5738,
              14.6682
            ],
            [
              77.5738,
              14.6698
            ],
            [
              77.5718,
              14.6698
            ],
            [
              77.5718,
              14.6682
            ]
          ]
        ]
      },
      "properties": {
        "parcel_id": "P0235",
        "survey_no": "335",
        "survey_number": "335",
        "owner_name": "Synthetic Owner 235",
        "ocr_owner_name": "Synthetic Owner 235",
        "area_acres": 14.2193,
        "ocr_area_acres": 14.2193,
        "area_hectares": 5.754,
        "land_class": "Government",
        "district": "Anantapur",
        "state": "Andhra Pradesh",
        "village": "Example Village",
        "document_id": "DOC-00235",
        "confidence": 0.966,
        "verification_status": "Verified",
        "validation_issue": "",
        "is_disputed": false,
        "color": "#00C896"
      }
    },
    {
      "type": "Feature",
      "id": "P0236",
      "geometry": {
        "type": "Polygon",
        "coordinates": [
          [
            [
              77.5742,
              14.6682
            ],
            [
              77.5762,
              14.6682
            ],
            [
              77.5762,
              14.6698
            ],
            [
              77.5742,
              14.6698
            ],
            [
              77.5742,
              14.6682
            ]
          ]
        ]
      },
      "properties": {
        "parcel_id": "P0236",
        "survey_no": "336/3",
        "survey_number": "336",
        "owner_name": "Synthetic Owner 236",
        "ocr_owner_name": "Synthetic Owner 236",
        "area_acres": 14.2193,
        "ocr_area_acres": 14.2193,
        "area_hectares": 5.754,
        "land_class": "Water Body",
        "district": "Anantapur",
        "state": "Andhra Pradesh",
        "village": "Example Village",
        "document_id": "DOC-00236",
        "confidence": 0.975,
        "verification_status": "Verified",
        "validation_issue": "",
        "is_disputed": false,
        "color": "#00C896"
      }
    },
    {
      "type": "Feature",
      "id": "P0237",
      "geometry": {
        "type": "Polygon",
        "coordinates": [
          [
            [
              77.5766,
              14.6682
            ],
            [
              77.5786,
              14.6682
            ],
            [
              77.5786,
              14.6698
            ],
            [
              77.5766,
              14.6698
            ],
            [
              77.5766,
              14.6682
            ]
          ]
        ]
      },
      "properties": {
        "parcel_id": "P0237",
        "survey_no": "337",
        "survey_number": "337",
        "owner_name": "Synthetic Owner 237",
        "ocr_owner_name": "Synthetic Owner 237",
        "area_acres": 14.2193,
        "ocr_area_acres": 14.2193,
        "area_hectares": 5.754,
        "land_class": "Agricultural",
        "district": "Anantapur",
        "state": "Andhra Pradesh",
        "village": "Example Village",
        "document_id": "DOC-00237",
        "confidence": 0.984,
        "verification_status": "Verified",
        "validation_issue": "",
        "is_disputed": false,
        "color": "#00C896"
      }
    },
    {
      "type": "Feature",
      "id": "P0238",
      "geometry": {
        "type": "Polygon",
        "coordinates": [
          [
            [
              77.579,
              14.6682
            ],
            [
              77.581,
              14.6682
            ],
            [
              77.581,
              14.6698
            ],
            [
              77.579,
              14.6698
            ],
            [
              77.579,
              14.6682
            ]
          ]
        ]
      },
      "properties": {
        "parcel_id": "P0238",
        "survey_no": "338",
        "survey_number": "338",
        "owner_name": "Synthetic Owner 238",
        "ocr_owner_name": "Synthetic Owner 238",
        "area_acres": 14.2193,
        "ocr_area_acres": 14.2193,
        "area_hectares": 5.754,
        "land_class": "Government",
        "district": "Anantapur",
        "state": "Andhra Pradesh",
        "village": "Example Village",
        "document_id": "DOC-00238",
        "confidence": 0.93,
        "verification_status": "Verified",
        "validation_issue": "",
        "is_disputed": false,
        "color": "#00C896"
      }
    },
    {
      "type": "Feature",
      "id": "P0239",
      "geometry": {
        "type": "Polygon",
        "coordinates": [
          [
            [
              77.5814,
              14.6682
            ],
            [
              77.5834,
              14.6682
            ],
            [
              77.5834,
              14.6698
            ],
            [
              77.5814,
              14.6698
            ],
            [
              77.5814,
              14.6682
            ]
          ]
        ]
      },
      "properties": {
        "parcel_id": "P0239",
        "survey_no": "339",
        "survey_number": "339",
        "owner_name": "Synthetic Owner 239",
        "ocr_owner_name": "Synthetic Owner 239",
        "area_acres": 14.2193,
        "ocr_area_acres": 15.3568,
        "area_hectares": 5.754,
        "land_class": "Water Body",
        "district": "Anantapur",
        "state": "Andhra Pradesh",
        "village": "Example Village",
        "document_id": "DOC-00239",
        "confidence": 0.588,
        "verification_status": "Conflict",
        "validation_issue": "Area mismatch",
        "is_disputed": true,
        "color": "#FF4757"
      }
    },
    {
      "type": "Feature",
      "id": "P0240",
      "geometry": {
        "type": "Polygon",
        "coordinates": [
          [
            [
              77.5838,
              14.6682
            ],
            [
              77.5858,
              14.6682
            ],
            [
              77.5858,
              14.6698
            ],
            [
              77.5838,
              14.6698
            ],
            [
              77.5838,
              14.6682
            ]
          ]
        ]
      },
      "properties": {
        "parcel_id": "P0240",
        "survey_no": "340",
        "survey_number": "340",
        "owner_name": "Synthetic Owner 240",
        "ocr_owner_name": "Synthetic Owner 240",
        "area_acres": 14.2193,
        "ocr_area_acres": 14.2193,
        "area_hectares": 5.754,
        "land_class": "Agricultural",
        "district": "Anantapur",
        "state": "Andhra Pradesh",
        "village": "Example Village",
        "document_id": "DOC-00240",
        "confidence": 0.948,
        "verification_status": "Verified",
        "validation_issue": "",
        "is_disputed": false,
        "color": "#00C896"
      }
    },
    {
      "type": "Feature",
      "id": "P0241",
      "geometry": {
        "type": "Polygon",
        "coordinates": [
          [
            [
              77.5862,
              14.6682
            ],
            [
              77.5882,
              14.6682
            ],
            [
              77.5882,
              14.6698
            ],
            [
              77.5862,
              14.6698
            ],
            [
              77.5862,
              14.6682
            ]
          ]
        ]
      },
      "properties": {
        "parcel_id": "P0241",
        "survey_no": "341/2",
        "survey_number": "341",
        "owner_name": "Synthetic Owner 241",
        "ocr_owner_name": "Synthetic Owner 241",
        "area_acres": 14.2193,
        "ocr_area_acres": 14.2193,
        "area_hectares": 5.754,
        "land_class": "Government",
        "district": "Anantapur",
        "state": "Andhra Pradesh",
        "village": "Example Village",
        "document_id": "DOC-00241",
        "confidence": 0.957,
        "verification_status": "Verified",
        "validation_issue": "",
        "is_disputed": false,
        "color": "#00C896"
      }
    },
    {
      "type": "Feature",
      "id": "P0242",
      "geometry": {
        "type": "Polygon",
        "coordinates": [
          [
            [
              77.5886,
              14.6682
            ],
            [
              77.5906,
              14.6682
            ],
            [
              77.5906,
              14.6698
            ],
            [
              77.5886,
              14.6698
            ],
            [
              77.5886,
              14.6682
            ]
          ]
        ]
      },
      "properties": {
        "parcel_id": "P0242",
        "survey_no": "342",
        "survey_number": "342",
        "owner_name": "Synthetic Owner 242",
        "ocr_owner_name": "Synthetic Owner 242",
        "area_acres": 14.2193,
        "ocr_area_acres": 14.2193,
        "area_hectares": 5.754,
        "land_class": "Water Body",
        "district": "Anantapur",
        "state": "Andhra Pradesh",
        "village": "Example Village",
        "document_id": "DOC-00242",
        "confidence": 0.624,
        "verification_status": "Review Required",
        "validation_issue": "Low OCR confidence",
        "is_disputed": false,
        "color": "#FFB800"
      }
    },
    {
      "type": "Feature",
      "id": "P0243",
      "geometry": {
        "type": "Polygon",
        "coordinates": [
          [
            [
              77.591,
              14.6682
            ],
            [
              77.593,
              14.6682
            ],
            [
              77.593,
              14.6698
            ],
            [
              77.591,
              14.6698
            ],
            [
              77.591,
              14.6682
            ]
          ]
        ]
      },
      "properties": {
        "parcel_id": "P0243",
        "survey_no": "343",
        "survey_number": "343",
        "owner_name": "Synthetic Owner 243",
        "ocr_owner_name": "Synthetic Owner 243",
        "area_acres": 14.2193,
        "ocr_area_acres": 14.2193,
        "area_hectares": 5.754,
        "land_class": "Agricultural",
        "district": "Anantapur",
        "state": "Andhra Pradesh",
        "village": "Example Village",
        "document_id": "DOC-00243",
        "confidence": 0.975,
        "verification_status": "Verified",
        "validation_issue": "",
        "is_disputed": false,
        "color": "#00C896"
      }
    },
    {
      "type": "Feature",
      "id": "P0244",
      "geometry": {
        "type": "Polygon",
        "coordinates": [
          [
            [
              77.5934,
              14.6682
            ],
            [
              77.5954,
              14.6682
            ],
            [
              77.5954,
              14.6698
            ],
            [
              77.5934,
              14.6698
            ],
            [
              77.5934,
              14.6682
            ]
          ]
        ]
      },
      "properties": {
        "parcel_id": "P0244",
        "survey_no": "344",
        "survey_number": "344",
        "owner_name": "Synthetic Owner 244",
        "ocr_owner_name": "Synthetic Owner 244",
        "area_acres": 14.2193,
        "ocr_area_acres": 14.2193,
        "area_hectares": 5.754,
        "land_class": "Government",
        "district": "Anantapur",
        "state": "Andhra Pradesh",
        "village": "Example Village",
        "document_id": "DOC-00244",
        "confidence": 0.984,
        "verification_status": "Verified",
        "validation_issue": "",
        "is_disputed": false,
        "color": "#00C896"
      }
    },
    {
      "type": "Feature",
      "id": "P0245",
      "geometry": {
        "type": "Polygon",
        "coordinates": [
          [
            [
              77.5958,
              14.6682
            ],
            [
              77.5978,
              14.6682
            ],
            [
              77.5978,
              14.6698
            ],
            [
              77.5958,
              14.6698
            ],
            [
              77.5958,
              14.6682
            ]
          ]
        ]
      },
      "properties": {
        "parcel_id": "P0245",
        "survey_no": "345",
        "survey_number": "345",
        "owner_name": "Synthetic Owner 245",
        "ocr_owner_name": "Synthetic Owner 245",
        "area_acres": 14.2193,
        "ocr_area_acres": 14.2193,
        "area_hectares": 5.754,
        "land_class": "Water Body",
        "district": "Anantapur",
        "state": "Andhra Pradesh",
        "village": "Example Village",
        "document_id": "DOC-00245",
        "confidence": 0.66,
        "verification_status": "Conflict",
        "validation_issue": "Survey number uncertainty",
        "is_disputed": true,
        "color": "#FF4757"
      }
    },
    {
      "type": "Feature",
      "id": "P0246",
      "geometry": {
        "type": "Polygon",
        "coordinates": [
          [
            [
              77.5982,
              14.6682
            ],
            [
              77.6002,
              14.6682
            ],
            [
              77.6002,
              14.6698
            ],
            [
              77.5982,
              14.6698
            ],
            [
              77.5982,
              14.6682
            ]
          ]
        ]
      },
      "properties": {
        "parcel_id": "P0246",
        "survey_no": "346/1",
        "survey_number": "346",
        "owner_name": "Synthetic Owner 246",
        "ocr_owner_name": "Synthetic Owner 246",
        "area_acres": 14.2193,
        "ocr_area_acres": 14.2193,
        "area_hectares": 5.754,
        "land_class": "Agricultural",
        "district": "Anantapur",
        "state": "Andhra Pradesh",
        "village": "Example Village",
        "document_id": "DOC-00246",
        "confidence": 0.939,
        "verification_status": "Verified",
        "validation_issue": "",
        "is_disputed": false,
        "color": "#00C896"
      }
    },
    {
      "type": "Feature",
      "id": "P0247",
      "geometry": {
        "type": "Polygon",
        "coordinates": [
          [
            [
              77.6006,
              14.6682
            ],
            [
              77.6026,
              14.6682
            ],
            [
              77.6026,
              14.6698
            ],
            [
              77.6006,
              14.6698
            ],
            [
              77.6006,
              14.6682
            ]
          ]
        ]
      },
      "properties": {
        "parcel_id": "P0247",
        "survey_no": "347",
        "survey_number": "347",
        "owner_name": "Synthetic Owner 247",
        "ocr_owner_name": "Synthetic Owner 247",
        "area_acres": 14.2193,
        "ocr_area_acres": 14.2193,
        "area_hectares": 5.754,
        "land_class": "Government",
        "district": "Anantapur",
        "state": "Andhra Pradesh",
        "village": "Example Village",
        "document_id": "DOC-00247",
        "confidence": 0.948,
        "verification_status": "Verified",
        "validation_issue": "",
        "is_disputed": false,
        "color": "#00C896"
      }
    },
    {
      "type": "Feature",
      "id": "P0248",
      "geometry": {
        "type": "Polygon",
        "coordinates": [
          [
            [
              77.603,
              14.6682
            ],
            [
              77.605,
              14.6682
            ],
            [
              77.605,
              14.6698
            ],
            [
              77.603,
              14.6698
            ],
            [
              77.603,
              14.6682
            ]
          ]
        ]
      },
      "properties": {
        "parcel_id": "P0248",
        "survey_no": "348",
        "survey_number": "348",
        "owner_name": "Synthetic Owner 248",
        "ocr_owner_name": "Synthetic Owner 248",
        "area_acres": 14.2193,
        "ocr_area_acres": 14.2193,
        "area_hectares": 5.754,
        "land_class": "Water Body",
        "district": "Anantapur",
        "state": "Andhra Pradesh",
        "village": "Example Village",
        "document_id": "DOC-00248",
        "confidence": 0.796,
        "verification_status": "Review Required",
        "validation_issue": "Possible duplicate",
        "is_disputed": false,
        "color": "#FFB800"
      }
    },
    {
      "type": "Feature",
      "id": "P0249",
      "geometry": {
        "type": "Polygon",
        "coordinates": [
          [
            [
              77.6054,
              14.6682
            ],
            [
              77.6074,
              14.6682
            ],
            [
              77.6074,
              14.6698
            ],
            [
              77.6054,
              14.6698
            ],
            [
              77.6054,
              14.6682
            ]
          ]
        ]
      },
      "properties": {
        "parcel_id": "P0249",
        "survey_no": "349",
        "survey_number": "349",
        "owner_name": "Synthetic Owner 249",
        "ocr_owner_name": "Synthetic Owner 249",
        "area_acres": 14.2193,
        "ocr_area_acres": 14.2193,
        "area_hectares": 5.754,
        "land_class": "Agricultural",
        "district": "Anantapur",
        "state": "Andhra Pradesh",
        "village": "Example Village",
        "document_id": "DOC-00249",
        "confidence": 0.966,
        "verification_status": "Verified",
        "validation_issue": "",
        "is_disputed": false,
        "color": "#00C896"
      }
    },
    {
      "type": "Feature",
      "id": "P0250",
      "geometry": {
        "type": "Polygon",
        "coordinates": [
          [
            [
              77.6078,
              14.6682
            ],
            [
              77.6098,
              14.6682
            ],
            [
              77.6098,
              14.6698
            ],
            [
              77.6078,
              14.6698
            ],
            [
              77.6078,
              14.6682
            ]
          ]
        ]
      },
      "properties": {
        "parcel_id": "P0250",
        "survey_no": "350",
        "survey_number": "350",
        "owner_name": "Synthetic Owner 250",
        "ocr_owner_name": "Synthetic Owner 250",
        "area_acres": 14.2193,
        "ocr_area_acres": 14.2193,
        "area_hectares": 5.754,
        "land_class": "Government",
        "district": "Anantapur",
        "state": "Andhra Pradesh",
        "village": "Example Village",
        "document_id": "DOC-00250",
        "confidence": 0.975,
        "verification_status": "Verified",
        "validation_issue": "",
        "is_disputed": false,
        "color": "#00C896"
      }
    },
    {
      "type": "Feature",
      "id": "P0251",
      "geometry": {
        "type": "Polygon",
        "coordinates": [
          [
            [
              77.5502,
              14.6702
            ],
            [
              77.5522,
              14.6702
            ],
            [
              77.5522,
              14.6718
            ],
            [
              77.5502,
              14.6718
            ],
            [
              77.5502,
              14.6702
            ]
          ]
        ]
      },
      "properties": {
        "parcel_id": "P0251",
        "survey_no": "351/3",
        "survey_number": "351",
        "owner_name": "Synthetic Owner 251",
        "ocr_owner_name": "Synthetic Owner 251",
        "area_acres": 14.2192,
        "ocr_area_acres": 14.2192,
        "area_hectares": 5.754,
        "land_class": "Water Body",
        "district": "Anantapur",
        "state": "Andhra Pradesh",
        "village": "Example Village",
        "document_id": "DOC-00251",
        "confidence": 0.984,
        "verification_status": "Verified",
        "validation_issue": "",
        "is_disputed": false,
        "color": "#00C896"
      }
    },
    {
      "type": "Feature",
      "id": "P0252",
      "geometry": {
        "type": "Polygon",
        "coordinates": [
          [
            [
              77.5526,
              14.6702
            ],
            [
              77.5546,
              14.6702
            ],
            [
              77.5546,
              14.6718
            ],
            [
              77.5526,
              14.6718
            ],
            [
              77.5526,
              14.6702
            ]
          ]
        ]
      },
      "properties": {
        "parcel_id": "P0252",
        "survey_no": "352",
        "survey_number": "352",
        "owner_name": "Synthetic Owner 252",
        "ocr_owner_name": "Synthetic Owner 252",
        "area_acres": 14.2192,
        "ocr_area_acres": 14.2192,
        "area_hectares": 5.754,
        "land_class": "Agricultural",
        "district": "Anantapur",
        "state": "Andhra Pradesh",
        "village": "Example Village",
        "document_id": "DOC-00252",
        "confidence": 0.93,
        "verification_status": "Verified",
        "validation_issue": "",
        "is_disputed": false,
        "color": "#00C896"
      }
    },
    {
      "type": "Feature",
      "id": "P0253",
      "geometry": {
        "type": "Polygon",
        "coordinates": [
          [
            [
              77.555,
              14.6702
            ],
            [
              77.557,
              14.6702
            ],
            [
              77.557,
              14.6718
            ],
            [
              77.555,
              14.6718
            ],
            [
              77.555,
              14.6702
            ]
          ]
        ]
      },
      "properties": {
        "parcel_id": "P0253",
        "survey_no": "353",
        "survey_number": "353",
        "owner_name": "Synthetic Owner 253",
        "ocr_owner_name": "Synthetic Owner 253",
        "area_acres": 14.2192,
        "ocr_area_acres": 14.2192,
        "area_hectares": 5.754,
        "land_class": "Government",
        "district": "Anantapur",
        "state": "Andhra Pradesh",
        "village": "Example Village",
        "document_id": "DOC-00253",
        "confidence": 0.939,
        "verification_status": "Verified",
        "validation_issue": "",
        "is_disputed": false,
        "color": "#00C896"
      }
    },
    {
      "type": "Feature",
      "id": "P0254",
      "geometry": {
        "type": "Polygon",
        "coordinates": [
          [
            [
              77.5574,
              14.6702
            ],
            [
              77.5594,
              14.6702
            ],
            [
              77.5594,
              14.6718
            ],
            [
              77.5574,
              14.6718
            ],
            [
              77.5574,
              14.6702
            ]
          ]
        ]
      },
      "properties": {
        "parcel_id": "P0254",
        "survey_no": "354",
        "survey_number": "354",
        "owner_name": "Synthetic Owner 254",
        "ocr_owner_name": "Synthetic Owner 254",
        "area_acres": 14.2192,
        "ocr_area_acres": 14.2192,
        "area_hectares": 5.754,
        "land_class": "Water Body",
        "district": "Anantapur",
        "state": "Andhra Pradesh",
        "village": "Example Village",
        "document_id": "DOC-00254",
        "confidence": 0.868,
        "verification_status": "Review Required",
        "validation_issue": "Missing mutation information",
        "is_disputed": false,
        "color": "#FFB800"
      }
    },
    {
      "type": "Feature",
      "id": "P0255",
      "geometry": {
        "type": "Polygon",
        "coordinates": [
          [
            [
              77.5598,
              14.6702
            ],
            [
              77.5618,
              14.6702
            ],
            [
              77.5618,
              14.6718
            ],
            [
              77.5598,
              14.6718
            ],
            [
              77.5598,
              14.6702
            ]
          ]
        ]
      },
      "properties": {
        "parcel_id": "P0255",
        "survey_no": "355",
        "survey_number": "355",
        "owner_name": "Synthetic Owner 255",
        "ocr_owner_name": "Synthetic Owner 255",
        "area_acres": 14.2192,
        "ocr_area_acres": 14.2192,
        "area_hectares": 5.754,
        "land_class": "Agricultural",
        "district": "Anantapur",
        "state": "Andhra Pradesh",
        "village": "Example Village",
        "document_id": "DOC-00255",
        "confidence": 0.7,
        "verification_status": "Review Required",
        "validation_issue": "Possible duplicate",
        "is_disputed": false,
        "color": "#FFB800"
      }
    },
    {
      "type": "Feature",
      "id": "P0256",
      "geometry": {
        "type": "Polygon",
        "coordinates": [
          [
            [
              77.5622,
              14.6702
            ],
            [
              77.5642,
              14.6702
            ],
            [
              77.5642,
              14.6718
            ],
            [
              77.5622,
              14.6718
            ],
            [
              77.5622,
              14.6702
            ]
          ]
        ]
      },
      "properties": {
        "parcel_id": "P0256",
        "survey_no": "356/2",
        "survey_number": "356",
        "owner_name": "Synthetic Owner 256",
        "ocr_owner_name": "Synthetic Owner 256",
        "area_acres": 14.2192,
        "ocr_area_acres": 14.2192,
        "area_hectares": 5.754,
        "land_class": "Government",
        "district": "Anantapur",
        "state": "Andhra Pradesh",
        "village": "Example Village",
        "document_id": "DOC-00256",
        "confidence": 0.966,
        "verification_status": "Verified",
        "validation_issue": "",
        "is_disputed": false,
        "color": "#00C896"
      }
    },
    {
      "type": "Feature",
      "id": "P0257",
      "geometry": {
        "type": "Polygon",
        "coordinates": [
          [
            [
              77.5646,
              14.6702
            ],
            [
              77.5666,
              14.6702
            ],
            [
              77.5666,
              14.6718
            ],
            [
              77.5646,
              14.6718
            ],
            [
              77.5646,
              14.6702
            ]
          ]
        ]
      },
      "properties": {
        "parcel_id": "P0257",
        "survey_no": "357",
        "survey_number": "357",
        "owner_name": "Synthetic Owner 257",
        "ocr_owner_name": "Synthetic Owner 257",
        "area_acres": 14.2192,
        "ocr_area_acres": 14.2192,
        "area_hectares": 5.754,
        "land_class": "Water Body",
        "district": "Anantapur",
        "state": "Andhra Pradesh",
        "village": "Example Village",
        "document_id": "DOC-00257",
        "confidence": 0.724,
        "verification_status": "Review Required",
        "validation_issue": "Missing mutation information",
        "is_disputed": false,
        "color": "#FFB800"
      }
    },
    {
      "type": "Feature",
      "id": "P0258",
      "geometry": {
        "type": "Polygon",
        "coordinates": [
          [
            [
              77.567,
              14.6702
            ],
            [
              77.569,
              14.6702
            ],
            [
              77.569,
              14.6718
            ],
            [
              77.567,
              14.6718
            ],
            [
              77.567,
              14.6702
            ]
          ]
        ]
      },
      "properties": {
        "parcel_id": "P0258",
        "survey_no": "358",
        "survey_number": "358",
        "owner_name": "Synthetic Owner 258",
        "ocr_owner_name": "Synthetic Owner 258",
        "area_acres": 14.2192,
        "ocr_area_acres": 14.2192,
        "area_hectares": 5.754,
        "land_class": "Agricultural",
        "district": "Anantapur",
        "state": "Andhra Pradesh",
        "village": "Example Village",
        "document_id": "DOC-00258",
        "confidence": 0.984,
        "verification_status": "Verified",
        "validation_issue": "",
        "is_disputed": false,
        "color": "#00C896"
      }
    },
    {
      "type": "Feature",
      "id": "P0259",
      "geometry": {
        "type": "Polygon",
        "coordinates": [
          [
            [
              77.5694,
              14.6702
            ],
            [
              77.5714,
              14.6702
            ],
            [
              77.5714,
              14.6718
            ],
            [
              77.5694,
              14.6718
            ],
            [
              77.5694,
              14.6702
            ]
          ]
        ]
      },
      "properties": {
        "parcel_id": "P0259",
        "survey_no": "359",
        "survey_number": "359",
        "owner_name": "Synthetic Owner 259",
        "ocr_owner_name": "Synthetic Owner 259",
        "area_acres": 14.2192,
        "ocr_area_acres": 14.2192,
        "area_hectares": 5.754,
        "land_class": "Government",
        "district": "Anantapur",
        "state": "Andhra Pradesh",
        "village": "Example Village",
        "document_id": "DOC-00259",
        "confidence": 0.93,
        "verification_status": "Verified",
        "validation_issue": "",
        "is_disputed": false,
        "color": "#00C896"
      }
    },
    {
      "type": "Feature",
      "id": "P0260",
      "geometry": {
        "type": "Polygon",
        "coordinates": [
          [
            [
              77.5718,
              14.6702
            ],
            [
              77.5738,
              14.6702
            ],
            [
              77.5738,
              14.6718
            ],
            [
              77.5718,
              14.6718
            ],
            [
              77.5718,
              14.6702
            ]
          ]
        ]
      },
      "properties": {
        "parcel_id": "P0260",
        "survey_no": "360",
        "survey_number": "360",
        "owner_name": "Synthetic Owner 260",
        "ocr_owner_name": "Synthetic Owner 260",
        "area_acres": 14.2192,
        "ocr_area_acres": 14.2192,
        "area_hectares": 5.754,
        "land_class": "Water Body",
        "district": "Anantapur",
        "state": "Andhra Pradesh",
        "village": "Example Village",
        "document_id": "DOC-00260",
        "confidence": 0.939,
        "verification_status": "Verified",
        "validation_issue": "",
        "is_disputed": false,
        "color": "#00C896"
      }
    },
    {
      "type": "Feature",
      "id": "P0261",
      "geometry": {
        "type": "Polygon",
        "coordinates": [
          [
            [
              77.5742,
              14.6702
            ],
            [
              77.5762,
              14.6702
            ],
            [
              77.5762,
              14.6718
            ],
            [
              77.5742,
              14.6718
            ],
            [
              77.5742,
              14.6702
            ]
          ]
        ]
      },
      "properties": {
        "parcel_id": "P0261",
        "survey_no": "361/1",
        "survey_number": "361",
        "owner_name": "Synthetic Owner 261",
        "ocr_owner_name": "Synthetic Owner 261",
        "area_acres": 14.2192,
        "ocr_area_acres": 14.2192,
        "area_hectares": 5.754,
        "land_class": "Agricultural",
        "district": "Anantapur",
        "state": "Andhra Pradesh",
        "village": "Example Village",
        "document_id": "DOC-00261",
        "confidence": 0.552,
        "verification_status": "Review Required",
        "validation_issue": "Low OCR confidence",
        "is_disputed": false,
        "color": "#FFB800"
      }
    },
    {
      "type": "Feature",
      "id": "P0262",
      "geometry": {
        "type": "Polygon",
        "coordinates": [
          [
            [
              77.5766,
              14.6702
            ],
            [
              77.5786,
              14.6702
            ],
            [
              77.5786,
              14.6718
            ],
            [
              77.5766,
              14.6718
            ],
            [
              77.5766,
              14.6702
            ]
          ]
        ]
      },
      "properties": {
        "parcel_id": "P0262",
        "survey_no": "362",
        "survey_number": "362",
        "owner_name": "Synthetic Owner 262",
        "ocr_owner_name": "Synthetic Owner 262",
        "area_acres": 14.2192,
        "ocr_area_acres": 14.2192,
        "area_hectares": 5.754,
        "land_class": "Government",
        "district": "Anantapur",
        "state": "Andhra Pradesh",
        "village": "Example Village",
        "document_id": "DOC-00262",
        "confidence": 0.957,
        "verification_status": "Verified",
        "validation_issue": "",
        "is_disputed": false,
        "color": "#00C896"
      }
    },
    {
      "type": "Feature",
      "id": "P0263",
      "geometry": {
        "type": "Polygon",
        "coordinates": [
          [
            [
              77.579,
              14.6702
            ],
            [
              77.581,
              14.6702
            ],
            [
              77.581,
              14.6718
            ],
            [
              77.579,
              14.6718
            ],
            [
              77.579,
              14.6702
            ]
          ]
        ]
      },
      "properties": {
        "parcel_id": "P0263",
        "survey_no": "363",
        "survey_number": "363",
        "owner_name": "Synthetic Owner 263",
        "ocr_owner_name": "Synthetic Owner 263",
        "area_acres": 14.2192,
        "ocr_area_acres": 14.2192,
        "area_hectares": 5.754,
        "land_class": "Water Body",
        "district": "Anantapur",
        "state": "Andhra Pradesh",
        "village": "Example Village",
        "document_id": "DOC-00263",
        "confidence": 0.796,
        "verification_status": "Review Required",
        "validation_issue": "Possible duplicate",
        "is_disputed": false,
        "color": "#FFB800"
      }
    },
    {
      "type": "Feature",
      "id": "P0264",
      "geometry": {
        "type": "Polygon",
        "coordinates": [
          [
            [
              77.5814,
              14.6702
            ],
            [
              77.5834,
              14.6702
            ],
            [
              77.5834,
              14.6718
            ],
            [
              77.5814,
              14.6718
            ],
            [
              77.5814,
              14.6702
            ]
          ]
        ]
      },
      "properties": {
        "parcel_id": "P0264",
        "survey_no": "364",
        "survey_number": "364",
        "owner_name": "Synthetic Owner 264",
        "ocr_owner_name": "Synthetic Owner 264",
        "area_acres": 14.2192,
        "ocr_area_acres": 14.2192,
        "area_hectares": 5.754,
        "land_class": "Agricultural",
        "district": "Anantapur",
        "state": "Andhra Pradesh",
        "village": "Example Village",
        "document_id": "DOC-00264",
        "confidence": 0.975,
        "verification_status": "Verified",
        "validation_issue": "",
        "is_disputed": false,
        "color": "#00C896"
      }
    },
    {
      "type": "Feature",
      "id": "P0265",
      "geometry": {
        "type": "Polygon",
        "coordinates": [
          [
            [
              77.5838,
              14.6702
            ],
            [
              77.5858,
              14.6702
            ],
            [
              77.5858,
              14.6718
            ],
            [
              77.5838,
              14.6718
            ],
            [
              77.5838,
              14.6702
            ]
          ]
        ]
      },
      "properties": {
        "parcel_id": "P0265",
        "survey_no": "365",
        "survey_number": "365",
        "owner_name": "Synthetic Owner 265",
        "ocr_owner_name": "Synthetic Owner 265",
        "area_acres": 14.2192,
        "ocr_area_acres": 14.2192,
        "area_hectares": 5.754,
        "land_class": "Government",
        "district": "Anantapur",
        "state": "Andhra Pradesh",
        "village": "Example Village",
        "document_id": "DOC-00265",
        "confidence": 0.984,
        "verification_status": "Verified",
        "validation_issue": "",
        "is_disputed": false,
        "color": "#00C896"
      }
    },
    {
      "type": "Feature",
      "id": "P0266",
      "geometry": {
        "type": "Polygon",
        "coordinates": [
          [
            [
              77.5862,
              14.6702
            ],
            [
              77.5882,
              14.6702
            ],
            [
              77.5882,
              14.6718
            ],
            [
              77.5862,
              14.6718
            ],
            [
              77.5862,
              14.6702
            ]
          ]
        ]
      },
      "properties": {
        "parcel_id": "P0266",
        "survey_no": "366/3",
        "survey_number": "366",
        "owner_name": "Synthetic Owner 266",
        "ocr_owner_name": "Synthetic Owner 266",
        "area_acres": 14.2192,
        "ocr_area_acres": 14.2192,
        "area_hectares": 5.754,
        "land_class": "Water Body",
        "district": "Anantapur",
        "state": "Andhra Pradesh",
        "village": "Example Village",
        "document_id": "DOC-00266",
        "confidence": 0.93,
        "verification_status": "Verified",
        "validation_issue": "",
        "is_disputed": false,
        "color": "#00C896"
      }
    },
    {
      "type": "Feature",
      "id": "P0267",
      "geometry": {
        "type": "Polygon",
        "coordinates": [
          [
            [
              77.5886,
              14.6702
            ],
            [
              77.5906,
              14.6702
            ],
            [
              77.5906,
              14.6718
            ],
            [
              77.5886,
              14.6718
            ],
            [
              77.5886,
              14.6702
            ]
          ]
        ]
      },
      "properties": {
        "parcel_id": "P0267",
        "survey_no": "367",
        "survey_number": "367",
        "owner_name": "Synthetic Owner 267",
        "ocr_owner_name": "Synthetic Owner 267",
        "area_acres": 14.2192,
        "ocr_area_acres": 14.2192,
        "area_hectares": 5.754,
        "land_class": "Agricultural",
        "district": "Anantapur",
        "state": "Andhra Pradesh",
        "village": "Example Village",
        "document_id": "DOC-00267",
        "confidence": 0.939,
        "verification_status": "Verified",
        "validation_issue": "",
        "is_disputed": false,
        "color": "#00C896"
      }
    },
    {
      "type": "Feature",
      "id": "P0268",
      "geometry": {
        "type": "Polygon",
        "coordinates": [
          [
            [
              77.591,
              14.6702
            ],
            [
              77.593,
              14.6702
            ],
            [
              77.593,
              14.6718
            ],
            [
              77.591,
              14.6718
            ],
            [
              77.591,
              14.6702
            ]
          ]
        ]
      },
      "properties": {
        "parcel_id": "P0268",
        "survey_no": "368",
        "survey_number": "368",
        "owner_name": "Synthetic Owner 268",
        "ocr_owner_name": "Synthetic Owner 268",
        "area_acres": 14.2192,
        "ocr_area_acres": 14.2192,
        "area_hectares": 5.754,
        "land_class": "Government",
        "district": "Anantapur",
        "state": "Andhra Pradesh",
        "village": "Example Village",
        "document_id": "DOC-00268",
        "confidence": 0.856,
        "verification_status": "Review Required",
        "validation_issue": "Possible duplicate",
        "is_disputed": false,
        "color": "#FFB800"
      }
    },
    {
      "type": "Feature",
      "id": "P0269",
      "geometry": {
        "type": "Polygon",
        "coordinates": [
          [
            [
              77.5934,
              14.6702
            ],
            [
              77.5954,
              14.6702
            ],
            [
              77.5954,
              14.6718
            ],
            [
              77.5934,
              14.6718
            ],
            [
              77.5934,
              14.6702
            ]
          ]
        ]
      },
      "properties": {
        "parcel_id": "P0269",
        "survey_no": "369",
        "survey_number": "369",
        "owner_name": "Synthetic Owner 269",
        "ocr_owner_name": "Synthetic Owner 269",
        "area_acres": 14.2192,
        "ocr_area_acres": 15.3567,
        "area_hectares": 5.754,
        "land_class": "Water Body",
        "district": "Anantapur",
        "state": "Andhra Pradesh",
        "village": "Example Village",
        "document_id": "DOC-00269",
        "confidence": 0.648,
        "verification_status": "Conflict",
        "validation_issue": "Area mismatch",
        "is_disputed": true,
        "color": "#FF4757"
      }
    },
    {
      "type": "Feature",
      "id": "P0270",
      "geometry": {
        "type": "Polygon",
        "coordinates": [
          [
            [
              77.5958,
              14.6702
            ],
            [
              77.5978,
              14.6702
            ],
            [
              77.5978,
              14.6718
            ],
            [
              77.5958,
              14.6718
            ],
            [
              77.5958,
              14.6702
            ]
          ]
        ]
      },
      "properties": {
        "parcel_id": "P0270",
        "survey_no": "370",
        "survey_number": "370",
        "owner_name": "Synthetic Owner 270",
        "ocr_owner_name": "Synthetic Owner 270",
        "area_acres": 14.2192,
        "ocr_area_acres": 14.2192,
        "area_hectares": 5.754,
        "land_class": "Agricultural",
        "district": "Anantapur",
        "state": "Andhra Pradesh",
        "village": "Example Village",
        "document_id": "DOC-00270",
        "confidence": 0.966,
        "verification_status": "Verified",
        "validation_issue": "",
        "is_disputed": false,
        "color": "#00C896"
      }
    },
    {
      "type": "Feature",
      "id": "P0271",
      "geometry": {
        "type": "Polygon",
        "coordinates": [
          [
            [
              77.5982,
              14.6702
            ],
            [
              77.6002,
              14.6702
            ],
            [
              77.6002,
              14.6718
            ],
            [
              77.5982,
              14.6718
            ],
            [
              77.5982,
              14.6702
            ]
          ]
        ]
      },
      "properties": {
        "parcel_id": "P0271",
        "survey_no": "371/2",
        "survey_number": "371",
        "owner_name": "Synthetic Owner 271",
        "ocr_owner_name": "Synthetic Owner 271",
        "area_acres": 14.2192,
        "ocr_area_acres": 14.2192,
        "area_hectares": 5.754,
        "land_class": "Government",
        "district": "Anantapur",
        "state": "Andhra Pradesh",
        "village": "Example Village",
        "document_id": "DOC-00271",
        "confidence": 0.975,
        "verification_status": "Verified",
        "validation_issue": "",
        "is_disputed": false,
        "color": "#00C896"
      }
    },
    {
      "type": "Feature",
      "id": "P0272",
      "geometry": {
        "type": "Polygon",
        "coordinates": [
          [
            [
              77.6006,
              14.6702
            ],
            [
              77.6026,
              14.6702
            ],
            [
              77.6026,
              14.6718
            ],
            [
              77.6006,
              14.6718
            ],
            [
              77.6006,
              14.6702
            ]
          ]
        ]
      },
      "properties": {
        "parcel_id": "P0272",
        "survey_no": "372",
        "survey_number": "372",
        "owner_name": "Synthetic Owner 272",
        "ocr_owner_name": "Synthetic Owner 272",
        "area_acres": 14.2192,
        "ocr_area_acres": 14.2192,
        "area_hectares": 5.754,
        "land_class": "Water Body",
        "district": "Anantapur",
        "state": "Andhra Pradesh",
        "village": "Example Village",
        "document_id": "DOC-00272",
        "confidence": 0.984,
        "verification_status": "Verified",
        "validation_issue": "",
        "is_disputed": false,
        "color": "#00C896"
      }
    },
    {
      "type": "Feature",
      "id": "P0273",
      "geometry": {
        "type": "Polygon",
        "coordinates": [
          [
            [
              77.603,
              14.6702
            ],
            [
              77.605,
              14.6702
            ],
            [
              77.605,
              14.6718
            ],
            [
              77.603,
              14.6718
            ],
            [
              77.603,
              14.6702
            ]
          ]
        ]
      },
      "properties": {
        "parcel_id": "P0273",
        "survey_no": "373",
        "survey_number": "373",
        "owner_name": "Synthetic Owner 273",
        "ocr_owner_name": "Synthetic Owner 273",
        "area_acres": 14.2192,
        "ocr_area_acres": 14.2192,
        "area_hectares": 5.754,
        "land_class": "Agricultural",
        "district": "Anantapur",
        "state": "Andhra Pradesh",
        "village": "Example Village",
        "document_id": "DOC-00273",
        "confidence": 0.93,
        "verification_status": "Verified",
        "validation_issue": "",
        "is_disputed": false,
        "color": "#00C896"
      }
    },
    {
      "type": "Feature",
      "id": "P0274",
      "geometry": {
        "type": "Polygon",
        "coordinates": [
          [
            [
              77.6054,
              14.6702
            ],
            [
              77.6074,
              14.6702
            ],
            [
              77.6074,
              14.6718
            ],
            [
              77.6054,
              14.6718
            ],
            [
              77.6054,
              14.6702
            ]
          ]
        ]
      },
      "properties": {
        "parcel_id": "P0274",
        "survey_no": "374",
        "survey_number": "374",
        "owner_name": "Synthetic Owner 274",
        "ocr_owner_name": "Synthetic Owner 292",
        "area_acres": 14.2192,
        "ocr_area_acres": 14.2192,
        "area_hectares": 5.754,
        "land_class": "Government",
        "district": "Anantapur",
        "state": "Andhra Pradesh",
        "village": "Example Village",
        "document_id": "DOC-00274",
        "confidence": 0.708,
        "verification_status": "Conflict",
        "validation_issue": "Owner mismatch",
        "is_disputed": true,
        "color": "#FF4757"
      }
    },
    {
      "type": "Feature",
      "id": "P0275",
      "geometry": {
        "type": "Polygon",
        "coordinates": [
          [
            [
              77.6078,
              14.6702
            ],
            [
              77.6098,
              14.6702
            ],
            [
              77.6098,
              14.6718
            ],
            [
              77.6078,
              14.6718
            ],
            [
              77.6078,
              14.6702
            ]
          ]
        ]
      },
      "properties": {
        "parcel_id": "P0275",
        "survey_no": "375",
        "survey_number": "375",
        "owner_name": "Synthetic Owner 275",
        "ocr_owner_name": "Synthetic Owner 275",
        "area_acres": 14.2192,
        "ocr_area_acres": 14.2192,
        "area_hectares": 5.754,
        "land_class": "Water Body",
        "district": "Anantapur",
        "state": "Andhra Pradesh",
        "village": "Example Village",
        "document_id": "DOC-00275",
        "confidence": 0.948,
        "verification_status": "Verified",
        "validation_issue": "",
        "is_disputed": false,
        "color": "#00C896"
      }
    },
    {
      "type": "Feature",
      "id": "P0276",
      "geometry": {
        "type": "Polygon",
        "coordinates": [
          [
            [
              77.5502,
              14.6722
            ],
            [
              77.5522,
              14.6722
            ],
            [
              77.5522,
              14.6738
            ],
            [
              77.5502,
              14.6738
            ],
            [
              77.5502,
              14.6722
            ]
          ]
        ]
      },
      "properties": {
        "parcel_id": "P0276",
        "survey_no": "376/1",
        "survey_number": "376",
        "owner_name": "Synthetic Owner 276",
        "ocr_owner_name": "Synthetic Owner 276",
        "area_acres": 14.2191,
        "ocr_area_acres": 14.2191,
        "area_hectares": 5.754,
        "land_class": "Agricultural",
        "district": "Anantapur",
        "state": "Andhra Pradesh",
        "village": "Example Village",
        "document_id": "DOC-00276",
        "confidence": 0.957,
        "verification_status": "Verified",
        "validation_issue": "",
        "is_disputed": false,
        "color": "#00C896"
      }
    },
    {
      "type": "Feature",
      "id": "P0277",
      "geometry": {
        "type": "Polygon",
        "coordinates": [
          [
            [
              77.5526,
              14.6722
            ],
            [
              77.5546,
              14.6722
            ],
            [
              77.5546,
              14.6738
            ],
            [
              77.5526,
              14.6738
            ],
            [
              77.5526,
              14.6722
            ]
          ]
        ]
      },
      "properties": {
        "parcel_id": "P0277",
        "survey_no": "377",
        "survey_number": "377",
        "owner_name": "Synthetic Owner 277",
        "ocr_owner_name": "Synthetic Owner 277",
        "area_acres": 14.2191,
        "ocr_area_acres": 14.2191,
        "area_hectares": 5.754,
        "land_class": "Government",
        "district": "Anantapur",
        "state": "Andhra Pradesh",
        "village": "Example Village",
        "document_id": "DOC-00277",
        "confidence": 0.966,
        "verification_status": "Verified",
        "validation_issue": "",
        "is_disputed": false,
        "color": "#00C896"
      }
    },
    {
      "type": "Feature",
      "id": "P0278",
      "geometry": {
        "type": "Polygon",
        "coordinates": [
          [
            [
              77.555,
              14.6722
            ],
            [
              77.557,
              14.6722
            ],
            [
              77.557,
              14.6738
            ],
            [
              77.555,
              14.6738
            ],
            [
              77.555,
              14.6722
            ]
          ]
        ]
      },
      "properties": {
        "parcel_id": "P0278",
        "survey_no": "378",
        "survey_number": "378",
        "owner_name": "Synthetic Owner 278",
        "ocr_owner_name": "Synthetic Owner 278",
        "area_acres": 14.2191,
        "ocr_area_acres": 14.2191,
        "area_hectares": 5.754,
        "land_class": "Water Body",
        "district": "Anantapur",
        "state": "Andhra Pradesh",
        "village": "Example Village",
        "document_id": "DOC-00278",
        "confidence": 0.975,
        "verification_status": "Verified",
        "validation_issue": "",
        "is_disputed": false,
        "color": "#00C896"
      }
    },
    {
      "type": "Feature",
      "id": "P0279",
      "geometry": {
        "type": "Polygon",
        "coordinates": [
          [
            [
              77.5574,
              14.6722
            ],
            [
              77.5594,
              14.6722
            ],
            [
              77.5594,
              14.6738
            ],
            [
              77.5574,
              14.6738
            ],
            [
              77.5574,
              14.6722
            ]
          ]
        ]
      },
      "properties": {
        "parcel_id": "P0279",
        "survey_no": "379",
        "survey_number": "379",
        "owner_name": "Synthetic Owner 279",
        "ocr_owner_name": "Synthetic Owner 279",
        "area_acres": 14.2191,
        "ocr_area_acres": 14.2191,
        "area_hectares": 5.754,
        "land_class": "Agricultural",
        "district": "Anantapur",
        "state": "Andhra Pradesh",
        "village": "Example Village",
        "document_id": "DOC-00279",
        "confidence": 0.808,
        "verification_status": "Review Required",
        "validation_issue": "Missing mutation information",
        "is_disputed": false,
        "color": "#FFB800"
      }
    },
    {
      "type": "Feature",
      "id": "P0280",
      "geometry": {
        "type": "Polygon",
        "coordinates": [
          [
            [
              77.5598,
              14.6722
            ],
            [
              77.5618,
              14.6722
            ],
            [
              77.5618,
              14.6738
            ],
            [
              77.5598,
              14.6738
            ],
            [
              77.5598,
              14.6722
            ]
          ]
        ]
      },
      "properties": {
        "parcel_id": "P0280",
        "survey_no": "380",
        "survey_number": "380",
        "owner_name": "Synthetic Owner 280",
        "ocr_owner_name": "Synthetic Owner 280",
        "area_acres": 14.2191,
        "ocr_area_acres": 14.2191,
        "area_hectares": 5.754,
        "land_class": "Government",
        "district": "Anantapur",
        "state": "Andhra Pradesh",
        "village": "Example Village",
        "document_id": "DOC-00280",
        "confidence": 0.93,
        "verification_status": "Verified",
        "validation_issue": "",
        "is_disputed": false,
        "color": "#00C896"
      }
    },
    {
      "type": "Feature",
      "id": "P0281",
      "geometry": {
        "type": "Polygon",
        "coordinates": [
          [
            [
              77.5622,
              14.6722
            ],
            [
              77.5642,
              14.6722
            ],
            [
              77.5642,
              14.6738
            ],
            [
              77.5622,
              14.6738
            ],
            [
              77.5622,
              14.6722
            ]
          ]
        ]
      },
      "properties": {
        "parcel_id": "P0281",
        "survey_no": "381/3",
        "survey_number": "381",
        "owner_name": "Synthetic Owner 281",
        "ocr_owner_name": "Synthetic Owner 281",
        "area_acres": 14.2191,
        "ocr_area_acres": 14.2191,
        "area_hectares": 5.754,
        "land_class": "Water Body",
        "district": "Anantapur",
        "state": "Andhra Pradesh",
        "village": "Example Village",
        "document_id": "DOC-00281",
        "confidence": 0.939,
        "verification_status": "Verified",
        "validation_issue": "",
        "is_disputed": false,
        "color": "#00C896"
      }
    },
    {
      "type": "Feature",
      "id": "P0282",
      "geometry": {
        "type": "Polygon",
        "coordinates": [
          [
            [
              77.5646,
              14.6722
            ],
            [
              77.5666,
              14.6722
            ],
            [
              77.5666,
              14.6738
            ],
            [
              77.5646,
              14.6738
            ],
            [
              77.5646,
              14.6722
            ]
          ]
        ]
      },
      "properties": {
        "parcel_id": "P0282",
        "survey_no": "382",
        "survey_number": "382",
        "owner_name": "Synthetic Owner 282",
        "ocr_owner_name": "Synthetic Owner 282",
        "area_acres": 14.2191,
        "ocr_area_acres": 14.2191,
        "area_hectares": 5.754,
        "land_class": "Agricultural",
        "district": "Anantapur",
        "state": "Andhra Pradesh",
        "village": "Example Village",
        "document_id": "DOC-00282",
        "confidence": 0.948,
        "verification_status": "Verified",
        "validation_issue": "",
        "is_disputed": false,
        "color": "#00C896"
      }
    },
    {
      "type": "Feature",
      "id": "P0283",
      "geometry": {
        "type": "Polygon",
        "coordinates": [
          [
            [
              77.567,
              14.6722
            ],
            [
              77.569,
              14.6722
            ],
            [
              77.569,
              14.6738
            ],
            [
              77.567,
              14.6738
            ],
            [
              77.567,
              14.6722
            ]
          ]
        ]
      },
      "properties": {
        "parcel_id": "P0283",
        "survey_no": "383",
        "survey_number": "383",
        "owner_name": "Synthetic Owner 283",
        "ocr_owner_name": "Synthetic Owner 283",
        "area_acres": 14.2191,
        "ocr_area_acres": 14.2191,
        "area_hectares": 5.754,
        "land_class": "Government",
        "district": "Anantapur",
        "state": "Andhra Pradesh",
        "village": "Example Village",
        "document_id": "DOC-00283",
        "confidence": 0.957,
        "verification_status": "Verified",
        "validation_issue": "",
        "is_disputed": false,
        "color": "#00C896"
      }
    },
    {
      "type": "Feature",
      "id": "P0284",
      "geometry": {
        "type": "Polygon",
        "coordinates": [
          [
            [
              77.5694,
              14.6722
            ],
            [
              77.5714,
              14.6722
            ],
            [
              77.5714,
              14.6738
            ],
            [
              77.5694,
              14.6738
            ],
            [
              77.5694,
              14.6722
            ]
          ]
        ]
      },
      "properties": {
        "parcel_id": "P0284",
        "survey_no": "384",
        "survey_number": "384",
        "owner_name": "Synthetic Owner 284",
        "ocr_owner_name": "Synthetic Owner 284",
        "area_acres": 14.2191,
        "ocr_area_acres": 14.2191,
        "area_hectares": 5.754,
        "land_class": "Water Body",
        "district": "Anantapur",
        "state": "Andhra Pradesh",
        "village": "Example Village",
        "document_id": "DOC-00284",
        "confidence": 0.966,
        "verification_status": "Verified",
        "validation_issue": "",
        "is_disputed": false,
        "color": "#00C896"
      }
    },
    {
      "type": "Feature",
      "id": "P0285",
      "geometry": {
        "type": "Polygon",
        "coordinates": [
          [
            [
              77.5718,
              14.6722
            ],
            [
              77.5738,
              14.6722
            ],
            [
              77.5738,
              14.6738
            ],
            [
              77.5718,
              14.6738
            ],
            [
              77.5718,
              14.6722
            ]
          ]
        ]
      },
      "properties": {
        "parcel_id": "P0285",
        "survey_no": "385",
        "survey_number": "385",
        "owner_name": "Synthetic Owner 285",
        "ocr_owner_name": "Synthetic Owner 285",
        "area_acres": 14.2191,
        "ocr_area_acres": 14.2191,
        "area_hectares": 5.754,
        "land_class": "Agricultural",
        "district": "Anantapur",
        "state": "Andhra Pradesh",
        "village": "Example Village",
        "document_id": "DOC-00285",
        "confidence": 0.975,
        "verification_status": "Verified",
        "validation_issue": "",
        "is_disputed": false,
        "color": "#00C896"
      }
    },
    {
      "type": "Feature",
      "id": "P0286",
      "geometry": {
        "type": "Polygon",
        "coordinates": [
          [
            [
              77.5742,
              14.6722
            ],
            [
              77.5762,
              14.6722
            ],
            [
              77.5762,
              14.6738
            ],
            [
              77.5742,
              14.6738
            ],
            [
              77.5742,
              14.6722
            ]
          ]
        ]
      },
      "properties": {
        "parcel_id": "P0286",
        "survey_no": "386/2",
        "survey_number": "386",
        "owner_name": "Synthetic Owner 286",
        "ocr_owner_name": "Synthetic Owner 286",
        "area_acres": 14.2191,
        "ocr_area_acres": 14.2191,
        "area_hectares": 5.754,
        "land_class": "Government",
        "district": "Anantapur",
        "state": "Andhra Pradesh",
        "village": "Example Village",
        "document_id": "DOC-00286",
        "confidence": 0.984,
        "verification_status": "Verified",
        "validation_issue": "",
        "is_disputed": false,
        "color": "#00C896"
      }
    },
    {
      "type": "Feature",
      "id": "P0287",
      "geometry": {
        "type": "Polygon",
        "coordinates": [
          [
            [
              77.5766,
              14.6722
            ],
            [
              77.5786,
              14.6722
            ],
            [
              77.5786,
              14.6738
            ],
            [
              77.5766,
              14.6738
            ],
            [
              77.5766,
              14.6722
            ]
          ]
        ]
      },
      "properties": {
        "parcel_id": "P0287",
        "survey_no": "387",
        "survey_number": "387",
        "owner_name": "Synthetic Owner 287",
        "ocr_owner_name": "Synthetic Owner 287",
        "area_acres": 14.2191,
        "ocr_area_acres": 14.2191,
        "area_hectares": 5.754,
        "land_class": "Water Body",
        "district": "Anantapur",
        "state": "Andhra Pradesh",
        "village": "Example Village",
        "document_id": "DOC-00287",
        "confidence": 0.93,
        "verification_status": "Verified",
        "validation_issue": "",
        "is_disputed": false,
        "color": "#00C896"
      }
    },
    {
      "type": "Feature",
      "id": "P0288",
      "geometry": {
        "type": "Polygon",
        "coordinates": [
          [
            [
              77.579,
              14.6722
            ],
            [
              77.581,
              14.6722
            ],
            [
              77.581,
              14.6738
            ],
            [
              77.579,
              14.6738
            ],
            [
              77.579,
              14.6722
            ]
          ]
        ]
      },
      "properties": {
        "parcel_id": "P0288",
        "survey_no": "388",
        "survey_number": "388",
        "owner_name": "Synthetic Owner 288",
        "ocr_owner_name": "Synthetic Owner 288",
        "area_acres": 14.2191,
        "ocr_area_acres": 14.2191,
        "area_hectares": 5.754,
        "land_class": "Agricultural",
        "district": "Anantapur",
        "state": "Andhra Pradesh",
        "village": "Example Village",
        "document_id": "DOC-00288",
        "confidence": 0.939,
        "verification_status": "Verified",
        "validation_issue": "",
        "is_disputed": false,
        "color": "#00C896"
      }
    },
    {
      "type": "Feature",
      "id": "P0289",
      "geometry": {
        "type": "Polygon",
        "coordinates": [
          [
            [
              77.5814,
              14.6722
            ],
            [
              77.5834,
              14.6722
            ],
            [
              77.5834,
              14.6738
            ],
            [
              77.5814,
              14.6738
            ],
            [
              77.5814,
              14.6722
            ]
          ]
        ]
      },
      "properties": {
        "parcel_id": "P0289",
        "survey_no": "389",
        "survey_number": "389",
        "owner_name": "Synthetic Owner 289",
        "ocr_owner_name": "Synthetic Owner 289",
        "area_acres": 14.2191,
        "ocr_area_acres": 14.2191,
        "area_hectares": 5.754,
        "land_class": "Government",
        "district": "Anantapur",
        "state": "Andhra Pradesh",
        "village": "Example Village",
        "document_id": "DOC-00289",
        "confidence": 0.588,
        "verification_status": "Conflict",
        "validation_issue": "Survey number uncertainty",
        "is_disputed": true,
        "color": "#FF4757"
      }
    },
    {
      "type": "Feature",
      "id": "P0290",
      "geometry": {
        "type": "Polygon",
        "coordinates": [
          [
            [
              77.5838,
              14.6722
            ],
            [
              77.5858,
              14.6722
            ],
            [
              77.5858,
              14.6738
            ],
            [
              77.5838,
              14.6738
            ],
            [
              77.5838,
              14.6722
            ]
          ]
        ]
      },
      "properties": {
        "parcel_id": "P0290",
        "survey_no": "390",
        "survey_number": "390",
        "owner_name": "Synthetic Owner 290",
        "ocr_owner_name": "Synthetic Owner 290",
        "area_acres": 14.2191,
        "ocr_area_acres": 14.2191,
        "area_hectares": 5.754,
        "land_class": "Water Body",
        "district": "Anantapur",
        "state": "Andhra Pradesh",
        "village": "Example Village",
        "document_id": "DOC-00290",
        "confidence": 0.957,
        "verification_status": "Verified",
        "validation_issue": "",
        "is_disputed": false,
        "color": "#00C896"
      }
    },
    {
      "type": "Feature",
      "id": "P0291",
      "geometry": {
        "type": "Polygon",
        "coordinates": [
          [
            [
              77.5862,
              14.6722
            ],
            [
              77.5882,
              14.6722
            ],
            [
              77.5882,
              14.6738
            ],
            [
              77.5862,
              14.6738
            ],
            [
              77.5862,
              14.6722
            ]
          ]
        ]
      },
      "properties": {
        "parcel_id": "P0291",
        "survey_no": "391/1",
        "survey_number": "391",
        "owner_name": "Synthetic Owner 291",
        "ocr_owner_name": "Synthetic Owner 291",
        "area_acres": 14.2191,
        "ocr_area_acres": 14.2191,
        "area_hectares": 5.754,
        "land_class": "Agricultural",
        "district": "Anantapur",
        "state": "Andhra Pradesh",
        "village": "Example Village",
        "document_id": "DOC-00291",
        "confidence": 0.966,
        "verification_status": "Verified",
        "validation_issue": "",
        "is_disputed": false,
        "color": "#00C896"
      }
    },
    {
      "type": "Feature",
      "id": "P0292",
      "geometry": {
        "type": "Polygon",
        "coordinates": [
          [
            [
              77.5886,
              14.6722
            ],
            [
              77.5906,
              14.6722
            ],
            [
              77.5906,
              14.6738
            ],
            [
              77.5886,
              14.6738
            ],
            [
              77.5886,
              14.6722
            ]
          ]
        ]
      },
      "properties": {
        "parcel_id": "P0292",
        "survey_no": "392",
        "survey_number": "392",
        "owner_name": "Synthetic Owner 292",
        "ocr_owner_name": "Synthetic Owner 292",
        "area_acres": 14.2191,
        "ocr_area_acres": 14.2191,
        "area_hectares": 5.754,
        "land_class": "Government",
        "district": "Anantapur",
        "state": "Andhra Pradesh",
        "village": "Example Village",
        "document_id": "DOC-00292",
        "confidence": 0.784,
        "verification_status": "Review Required",
        "validation_issue": "Possible duplicate",
        "is_disputed": false,
        "color": "#FFB800"
      }
    },
    {
      "type": "Feature",
      "id": "P0293",
      "geometry": {
        "type": "Polygon",
        "coordinates": [
          [
            [
              77.591,
              14.6722
            ],
            [
              77.593,
              14.6722
            ],
            [
              77.593,
              14.6738
            ],
            [
              77.591,
              14.6738
            ],
            [
              77.591,
              14.6722
            ]
          ]
        ]
      },
      "properties": {
        "parcel_id": "P0293",
        "survey_no": "393",
        "survey_number": "393",
        "owner_name": "Synthetic Owner 293",
        "ocr_owner_name": "Synthetic Owner 311",
        "area_acres": 14.2191,
        "ocr_area_acres": 14.2191,
        "area_hectares": 5.754,
        "land_class": "Water Body",
        "district": "Anantapur",
        "state": "Andhra Pradesh",
        "village": "Example Village",
        "document_id": "DOC-00293",
        "confidence": 0.636,
        "verification_status": "Conflict",
        "validation_issue": "Owner mismatch",
        "is_disputed": true,
        "color": "#FF4757"
      }
    },
    {
      "type": "Feature",
      "id": "P0294",
      "geometry": {
        "type": "Polygon",
        "coordinates": [
          [
            [
              77.5934,
              14.6722
            ],
            [
              77.5954,
              14.6722
            ],
            [
              77.5954,
              14.6738
            ],
            [
              77.5934,
              14.6738
            ],
            [
              77.5934,
              14.6722
            ]
          ]
        ]
      },
      "properties": {
        "parcel_id": "P0294",
        "survey_no": "394",
        "survey_number": "394",
        "owner_name": "Synthetic Owner 294",
        "ocr_owner_name": "Synthetic Owner 294",
        "area_acres": 14.2191,
        "ocr_area_acres": 14.2191,
        "area_hectares": 5.754,
        "land_class": "Agricultural",
        "district": "Anantapur",
        "state": "Andhra Pradesh",
        "village": "Example Village",
        "document_id": "DOC-00294",
        "confidence": 0.93,
        "verification_status": "Verified",
        "validation_issue": "",
        "is_disputed": false,
        "color": "#00C896"
      }
    },
    {
      "type": "Feature",
      "id": "P0295",
      "geometry": {
        "type": "Polygon",
        "coordinates": [
          [
            [
              77.5958,
              14.6722
            ],
            [
              77.5978,
              14.6722
            ],
            [
              77.5978,
              14.6738
            ],
            [
              77.5958,
              14.6738
            ],
            [
              77.5958,
              14.6722
            ]
          ]
        ]
      },
      "properties": {
        "parcel_id": "P0295",
        "survey_no": "395",
        "survey_number": "395",
        "owner_name": "Synthetic Owner 295",
        "ocr_owner_name": "Synthetic Owner 313",
        "area_acres": 14.2191,
        "ocr_area_acres": 14.2191,
        "area_hectares": 5.754,
        "land_class": "Government",
        "district": "Anantapur",
        "state": "Andhra Pradesh",
        "village": "Example Village",
        "document_id": "DOC-00295",
        "confidence": 0.66,
        "verification_status": "Conflict",
        "validation_issue": "Owner mismatch",
        "is_disputed": true,
        "color": "#FF4757"
      }
    },
    {
      "type": "Feature",
      "id": "P0296",
      "geometry": {
        "type": "Polygon",
        "coordinates": [
          [
            [
              77.5982,
              14.6722
            ],
            [
              77.6002,
              14.6722
            ],
            [
              77.6002,
              14.6738
            ],
            [
              77.5982,
              14.6738
            ],
            [
              77.5982,
              14.6722
            ]
          ]
        ]
      },
      "properties": {
        "parcel_id": "P0296",
        "survey_no": "396/3",
        "survey_number": "396",
        "owner_name": "Synthetic Owner 296",
        "ocr_owner_name": "Synthetic Owner 296",
        "area_acres": 14.2191,
        "ocr_area_acres": 14.2191,
        "area_hectares": 5.754,
        "land_class": "Water Body",
        "district": "Anantapur",
        "state": "Andhra Pradesh",
        "village": "Example Village",
        "document_id": "DOC-00296",
        "confidence": 0.948,
        "verification_status": "Verified",
        "validation_issue": "",
        "is_disputed": false,
        "color": "#00C896"
      }
    },
    {
      "type": "Feature",
      "id": "P0297",
      "geometry": {
        "type": "Polygon",
        "coordinates": [
          [
            [
              77.6006,
              14.6722
            ],
            [
              77.6026,
              14.6722
            ],
            [
              77.6026,
              14.6738
            ],
            [
              77.6006,
              14.6738
            ],
            [
              77.6006,
              14.6722
            ]
          ]
        ]
      },
      "properties": {
        "parcel_id": "P0297",
        "survey_no": "397",
        "survey_number": "397",
        "owner_name": "Synthetic Owner 297",
        "ocr_owner_name": "Synthetic Owner 297",
        "area_acres": 14.2191,
        "ocr_area_acres": 14.2191,
        "area_hectares": 5.754,
        "land_class": "Agricultural",
        "district": "Anantapur",
        "state": "Andhra Pradesh",
        "village": "Example Village",
        "document_id": "DOC-00297",
        "confidence": 0.684,
        "verification_status": "Review Required",
        "validation_issue": "Low OCR confidence",
        "is_disputed": false,
        "color": "#FFB800"
      }
    },
    {
      "type": "Feature",
      "id": "P0298",
      "geometry": {
        "type": "Polygon",
        "coordinates": [
          [
            [
              77.603,
              14.6722
            ],
            [
              77.605,
              14.6722
            ],
            [
              77.605,
              14.6738
            ],
            [
              77.603,
              14.6738
            ],
            [
              77.603,
              14.6722
            ]
          ]
        ]
      },
      "properties": {
        "parcel_id": "P0298",
        "survey_no": "398",
        "survey_number": "398",
        "owner_name": "Synthetic Owner 298",
        "ocr_owner_name": "Synthetic Owner 298",
        "area_acres": 14.2191,
        "ocr_area_acres": 14.2191,
        "area_hectares": 5.754,
        "land_class": "Government",
        "district": "Anantapur",
        "state": "Andhra Pradesh",
        "village": "Example Village",
        "document_id": "DOC-00298",
        "confidence": 0.966,
        "verification_status": "Verified",
        "validation_issue": "",
        "is_disputed": false,
        "color": "#00C896"
      }
    },
    {
      "type": "Feature",
      "id": "P0299",
      "geometry": {
        "type": "Polygon",
        "coordinates": [
          [
            [
              77.6054,
              14.6722
            ],
            [
              77.6074,
              14.6722
            ],
            [
              77.6074,
              14.6738
            ],
            [
              77.6054,
              14.6738
            ],
            [
              77.6054,
              14.6722
            ]
          ]
        ]
      },
      "properties": {
        "parcel_id": "P0299",
        "survey_no": "399",
        "survey_number": "399",
        "owner_name": "Synthetic Owner 299",
        "ocr_owner_name": "Synthetic Owner 299",
        "area_acres": 14.2191,
        "ocr_area_acres": 14.2191,
        "area_hectares": 5.754,
        "land_class": "Water Body",
        "district": "Anantapur",
        "state": "Andhra Pradesh",
        "village": "Example Village",
        "document_id": "DOC-00299",
        "confidence": 0.868,
        "verification_status": "Review Required",
        "validation_issue": "Missing mutation information",
        "is_disputed": false,
        "color": "#FFB800"
      }
    },
    {
      "type": "Feature",
      "id": "P0300",
      "geometry": {
        "type": "Polygon",
        "coordinates": [
          [
            [
              77.6078,
              14.6722
            ],
            [
              77.6098,
              14.6722
            ],
            [
              77.6098,
              14.6738
            ],
            [
              77.6078,
              14.6738
            ],
            [
              77.6078,
              14.6722
            ]
          ]
        ]
      },
      "properties": {
        "parcel_id": "P0300",
        "survey_no": "400",
        "survey_number": "400",
        "owner_name": "Synthetic Owner 300",
        "ocr_owner_name": "Synthetic Owner 300",
        "area_acres": 14.2191,
        "ocr_area_acres": 14.2191,
        "area_hectares": 5.754,
        "land_class": "Agricultural",
        "district": "Anantapur",
        "state": "Andhra Pradesh",
        "village": "Example Village",
        "document_id": "DOC-00300",
        "confidence": 0.984,
        "verification_status": "Verified",
        "validation_issue": "",
        "is_disputed": false,
        "color": "#00C896"
      }
    },
    {
      "type": "Feature",
      "id": "P0301",
      "geometry": {
        "type": "Polygon",
        "coordinates": [
          [
            [
              77.5502,
              14.6742
            ],
            [
              77.5522,
              14.6742
            ],
            [
              77.5522,
              14.6758
            ],
            [
              77.5502,
              14.6758
            ],
            [
              77.5502,
              14.6742
            ]
          ]
        ]
      },
      "properties": {
        "parcel_id": "P0301",
        "survey_no": "401/2",
        "survey_number": "401",
        "owner_name": "Synthetic Owner 301",
        "ocr_owner_name": "Synthetic Owner 301",
        "area_acres": 14.2189,
        "ocr_area_acres": 14.2189,
        "area_hectares": 5.754,
        "land_class": "Government",
        "district": "Anantapur",
        "state": "Andhra Pradesh",
        "village": "Example Village",
        "document_id": "DOC-00301",
        "confidence": 0.93,
        "verification_status": "Verified",
        "validation_issue": "",
        "is_disputed": false,
        "color": "#00C896"
      }
    },
    {
      "type": "Feature",
      "id": "P0302",
      "geometry": {
        "type": "Polygon",
        "coordinates": [
          [
            [
              77.5526,
              14.6742
            ],
            [
              77.5546,
              14.6742
            ],
            [
              77.5546,
              14.6758
            ],
            [
              77.5526,
              14.6758
            ],
            [
              77.5526,
              14.6742
            ]
          ]
        ]
      },
      "properties": {
        "parcel_id": "P0302",
        "survey_no": "402",
        "survey_number": "402",
        "owner_name": "Synthetic Owner 302",
        "ocr_owner_name": "Synthetic Owner 302",
        "area_acres": 14.2189,
        "ocr_area_acres": 14.2189,
        "area_hectares": 5.754,
        "land_class": "Water Body",
        "district": "Anantapur",
        "state": "Andhra Pradesh",
        "village": "Example Village",
        "document_id": "DOC-00302",
        "confidence": 0.939,
        "verification_status": "Verified",
        "validation_issue": "",
        "is_disputed": false,
        "color": "#00C896"
      }
    },
    {
      "type": "Feature",
      "id": "P0303",
      "geometry": {
        "type": "Polygon",
        "coordinates": [
          [
            [
              77.555,
              14.6742
            ],
            [
              77.557,
              14.6742
            ],
            [
              77.557,
              14.6758
            ],
            [
              77.555,
              14.6758
            ],
            [
              77.555,
              14.6742
            ]
          ]
        ]
      },
      "properties": {
        "parcel_id": "P0303",
        "survey_no": "403",
        "survey_number": "403",
        "owner_name": "Synthetic Owner 303",
        "ocr_owner_name": "Synthetic Owner 303",
        "area_acres": 14.2189,
        "ocr_area_acres": 14.2189,
        "area_hectares": 5.754,
        "land_class": "Agricultural",
        "district": "Anantapur",
        "state": "Andhra Pradesh",
        "village": "Example Village",
        "document_id": "DOC-00303",
        "confidence": 0.948,
        "verification_status": "Verified",
        "validation_issue": "",
        "is_disputed": false,
        "color": "#00C896"
      }
    },
    {
      "type": "Feature",
      "id": "P0304",
      "geometry": {
        "type": "Polygon",
        "coordinates": [
          [
            [
              77.5574,
              14.6742
            ],
            [
              77.5594,
              14.6742
            ],
            [
              77.5594,
              14.6758
            ],
            [
              77.5574,
              14.6758
            ],
            [
              77.5574,
              14.6742
            ]
          ]
        ]
      },
      "properties": {
        "parcel_id": "P0304",
        "survey_no": "404",
        "survey_number": "404",
        "owner_name": "Synthetic Owner 304",
        "ocr_owner_name": "Synthetic Owner 322",
        "area_acres": 14.2189,
        "ocr_area_acres": 14.2189,
        "area_hectares": 5.754,
        "land_class": "Government",
        "district": "Anantapur",
        "state": "Andhra Pradesh",
        "village": "Example Village",
        "document_id": "DOC-00304",
        "confidence": 0.468,
        "verification_status": "Conflict",
        "validation_issue": "Owner mismatch",
        "is_disputed": true,
        "color": "#FF4757"
      }
    },
    {
      "type": "Feature",
      "id": "P0305",
      "geometry": {
        "type": "Polygon",
        "coordinates": [
          [
            [
              77.5598,
              14.6742
            ],
            [
              77.5618,
              14.6742
            ],
            [
              77.5618,
              14.6758
            ],
            [
              77.5598,
              14.6758
            ],
            [
              77.5598,
              14.6742
            ]
          ]
        ]
      },
      "properties": {
        "parcel_id": "P0305",
        "survey_no": "405",
        "survey_number": "405",
        "owner_name": "Synthetic Owner 305",
        "ocr_owner_name": "Synthetic Owner 305",
        "area_acres": 14.2189,
        "ocr_area_acres": 14.2189,
        "area_hectares": 5.754,
        "land_class": "Water Body",
        "district": "Anantapur",
        "state": "Andhra Pradesh",
        "village": "Example Village",
        "document_id": "DOC-00305",
        "confidence": 0.76,
        "verification_status": "Review Required",
        "validation_issue": "Possible duplicate",
        "is_disputed": false,
        "color": "#FFB800"
      }
    },
    {
      "type": "Feature",
      "id": "P0306",
      "geometry": {
        "type": "Polygon",
        "coordinates": [
          [
            [
              77.5622,
              14.6742
            ],
            [
              77.5642,
              14.6742
            ],
            [
              77.5642,
              14.6758
            ],
            [
              77.5622,
              14.6758
            ],
            [
              77.5622,
              14.6742
            ]
          ]
        ]
      },
      "properties": {
        "parcel_id": "P0306",
        "survey_no": "406/1",
        "survey_number": "406",
        "owner_name": "Synthetic Owner 306",
        "ocr_owner_name": "Synthetic Owner 324",
        "area_acres": 14.2189,
        "ocr_area_acres": 14.2189,
        "area_hectares": 5.754,
        "land_class": "Agricultural",
        "district": "Anantapur",
        "state": "Andhra Pradesh",
        "village": "Example Village",
        "document_id": "DOC-00306",
        "confidence": 0.492,
        "verification_status": "Conflict",
        "validation_issue": "Owner mismatch",
        "is_disputed": true,
        "color": "#FF4757"
      }
    },
    {
      "type": "Feature",
      "id": "P0307",
      "geometry": {
        "type": "Polygon",
        "coordinates": [
          [
            [
              77.5646,
              14.6742
            ],
            [
              77.5666,
              14.6742
            ],
            [
              77.5666,
              14.6758
            ],
            [
              77.5646,
              14.6758
            ],
            [
              77.5646,
              14.6742
            ]
          ]
        ]
      },
      "properties": {
        "parcel_id": "P0307",
        "survey_no": "407",
        "survey_number": "407",
        "owner_name": "Synthetic Owner 307",
        "ocr_owner_name": "Synthetic Owner 307",
        "area_acres": 14.2189,
        "ocr_area_acres": 14.2189,
        "area_hectares": 5.754,
        "land_class": "Government",
        "district": "Anantapur",
        "state": "Andhra Pradesh",
        "village": "Example Village",
        "document_id": "DOC-00307",
        "confidence": 0.504,
        "verification_status": "Review Required",
        "validation_issue": "Low OCR confidence",
        "is_disputed": false,
        "color": "#FFB800"
      }
    },
    {
      "type": "Feature",
      "id": "P0308",
      "geometry": {
        "type": "Polygon",
        "coordinates": [
          [
            [
              77.567,
              14.6742
            ],
            [
              77.569,
              14.6742
            ],
            [
              77.569,
              14.6758
            ],
            [
              77.567,
              14.6758
            ],
            [
              77.567,
              14.6742
            ]
          ]
        ]
      },
      "properties": {
        "parcel_id": "P0308",
        "survey_no": "408",
        "survey_number": "408",
        "owner_name": "Synthetic Owner 308",
        "ocr_owner_name": "Synthetic Owner 308",
        "area_acres": 14.2189,
        "ocr_area_acres": 14.2189,
        "area_hectares": 5.754,
        "land_class": "Water Body",
        "district": "Anantapur",
        "state": "Andhra Pradesh",
        "village": "Example Village",
        "document_id": "DOC-00308",
        "confidence": 0.93,
        "verification_status": "Verified",
        "validation_issue": "",
        "is_disputed": false,
        "color": "#00C896"
      }
    },
    {
      "type": "Feature",
      "id": "P0309",
      "geometry": {
        "type": "Polygon",
        "coordinates": [
          [
            [
              77.5694,
              14.6742
            ],
            [
              77.5714,
              14.6742
            ],
            [
              77.5714,
              14.6758
            ],
            [
              77.5694,
              14.6758
            ],
            [
              77.5694,
              14.6742
            ]
          ]
        ]
      },
      "properties": {
        "parcel_id": "P0309",
        "survey_no": "409",
        "survey_number": "409",
        "owner_name": "Synthetic Owner 309",
        "ocr_owner_name": "Synthetic Owner 309",
        "area_acres": 14.2189,
        "ocr_area_acres": 14.2189,
        "area_hectares": 5.754,
        "land_class": "Agricultural",
        "district": "Anantapur",
        "state": "Andhra Pradesh",
        "village": "Example Village",
        "document_id": "DOC-00309",
        "confidence": 0.939,
        "verification_status": "Verified",
        "validation_issue": "",
        "is_disputed": false,
        "color": "#00C896"
      }
    },
    {
      "type": "Feature",
      "id": "P0310",
      "geometry": {
        "type": "Polygon",
        "coordinates": [
          [
            [
              77.5718,
              14.6742
            ],
            [
              77.5738,
              14.6742
            ],
            [
              77.5738,
              14.6758
            ],
            [
              77.5718,
              14.6758
            ],
            [
              77.5718,
              14.6742
            ]
          ]
        ]
      },
      "properties": {
        "parcel_id": "P0310",
        "survey_no": "410",
        "survey_number": "410",
        "owner_name": "Synthetic Owner 310",
        "ocr_owner_name": "Synthetic Owner 310",
        "area_acres": 14.2189,
        "ocr_area_acres": 14.2189,
        "area_hectares": 5.754,
        "land_class": "Government",
        "district": "Anantapur",
        "state": "Andhra Pradesh",
        "village": "Example Village",
        "document_id": "DOC-00310",
        "confidence": 0.948,
        "verification_status": "Verified",
        "validation_issue": "",
        "is_disputed": false,
        "color": "#00C896"
      }
    },
    {
      "type": "Feature",
      "id": "P0311",
      "geometry": {
        "type": "Polygon",
        "coordinates": [
          [
            [
              77.5742,
              14.6742
            ],
            [
              77.5762,
              14.6742
            ],
            [
              77.5762,
              14.6758
            ],
            [
              77.5742,
              14.6758
            ],
            [
              77.5742,
              14.6742
            ]
          ]
        ]
      },
      "properties": {
        "parcel_id": "P0311",
        "survey_no": "411/3",
        "survey_number": "411",
        "owner_name": "Synthetic Owner 311",
        "ocr_owner_name": "Synthetic Owner 311",
        "area_acres": 14.2189,
        "ocr_area_acres": 14.2189,
        "area_hectares": 5.754,
        "land_class": "Water Body",
        "district": "Anantapur",
        "state": "Andhra Pradesh",
        "village": "Example Village",
        "document_id": "DOC-00311",
        "confidence": 0.957,
        "verification_status": "Verified",
        "validation_issue": "",
        "is_disputed": false,
        "color": "#00C896"
      }
    },
    {
      "type": "Feature",
      "id": "P0312",
      "geometry": {
        "type": "Polygon",
        "coordinates": [
          [
            [
              77.5766,
              14.6742
            ],
            [
              77.5786,
              14.6742
            ],
            [
              77.5786,
              14.6758
            ],
            [
              77.5766,
              14.6758
            ],
            [
              77.5766,
              14.6742
            ]
          ]
        ]
      },
      "properties": {
        "parcel_id": "P0312",
        "survey_no": "412",
        "survey_number": "412",
        "owner_name": "Synthetic Owner 312",
        "ocr_owner_name": "Synthetic Owner 312",
        "area_acres": 14.2189,
        "ocr_area_acres": 14.2189,
        "area_hectares": 5.754,
        "land_class": "Agricultural",
        "district": "Anantapur",
        "state": "Andhra Pradesh",
        "village": "Example Village",
        "document_id": "DOC-00312",
        "confidence": 0.966,
        "verification_status": "Verified",
        "validation_issue": "",
        "is_disputed": false,
        "color": "#00C896"
      }
    },
    {
      "type": "Feature",
      "id": "P0313",
      "geometry": {
        "type": "Polygon",
        "coordinates": [
          [
            [
              77.579,
              14.6742
            ],
            [
              77.581,
              14.6742
            ],
            [
              77.581,
              14.6758
            ],
            [
              77.579,
              14.6758
            ],
            [
              77.579,
              14.6742
            ]
          ]
        ]
      },
      "properties": {
        "parcel_id": "P0313",
        "survey_no": "413",
        "survey_number": "413",
        "owner_name": "Synthetic Owner 313",
        "ocr_owner_name": "Synthetic Owner 313",
        "area_acres": 14.2189,
        "ocr_area_acres": 14.2189,
        "area_hectares": 5.754,
        "land_class": "Government",
        "district": "Anantapur",
        "state": "Andhra Pradesh",
        "village": "Example Village",
        "document_id": "DOC-00313",
        "confidence": 0.856,
        "verification_status": "Review Required",
        "validation_issue": "Missing mutation information",
        "is_disputed": false,
        "color": "#FFB800"
      }
    },
    {
      "type": "Feature",
      "id": "P0314",
      "geometry": {
        "type": "Polygon",
        "coordinates": [
          [
            [
              77.5814,
              14.6742
            ],
            [
              77.5834,
              14.6742
            ],
            [
              77.5834,
              14.6758
            ],
            [
              77.5814,
              14.6758
            ],
            [
              77.5814,
              14.6742
            ]
          ]
        ]
      },
      "properties": {
        "parcel_id": "P0314",
        "survey_no": "414",
        "survey_number": "414",
        "owner_name": "Synthetic Owner 314",
        "ocr_owner_name": "Synthetic Owner 314",
        "area_acres": 14.2189,
        "ocr_area_acres": 14.2189,
        "area_hectares": 5.754,
        "land_class": "Water Body",
        "district": "Anantapur",
        "state": "Andhra Pradesh",
        "village": "Example Village",
        "document_id": "DOC-00314",
        "confidence": 0.984,
        "verification_status": "Verified",
        "validation_issue": "",
        "is_disputed": false,
        "color": "#00C896"
      }
    },
    {
      "type": "Feature",
      "id": "P0315",
      "geometry": {
        "type": "Polygon",
        "coordinates": [
          [
            [
              77.5838,
              14.6742
            ],
            [
              77.5858,
              14.6742
            ],
            [
              77.5858,
              14.6758
            ],
            [
              77.5838,
              14.6758
            ],
            [
              77.5838,
              14.6742
            ]
          ]
        ]
      },
      "properties": {
        "parcel_id": "P0315",
        "survey_no": "415",
        "survey_number": "415",
        "owner_name": "Synthetic Owner 315",
        "ocr_owner_name": "Synthetic Owner 315",
        "area_acres": 14.2189,
        "ocr_area_acres": 14.2189,
        "area_hectares": 5.754,
        "land_class": "Agricultural",
        "district": "Anantapur",
        "state": "Andhra Pradesh",
        "village": "Example Village",
        "document_id": "DOC-00315",
        "confidence": 0.93,
        "verification_status": "Verified",
        "validation_issue": "",
        "is_disputed": false,
        "color": "#00C896"
      }
    },
    {
      "type": "Feature",
      "id": "P0316",
      "geometry": {
        "type": "Polygon",
        "coordinates": [
          [
            [
              77.5862,
              14.6742
            ],
            [
              77.5882,
              14.6742
            ],
            [
              77.5882,
              14.6758
            ],
            [
              77.5862,
              14.6758
            ],
            [
              77.5862,
              14.6742
            ]
          ]
        ]
      },
      "properties": {
        "parcel_id": "P0316",
        "survey_no": "416/2",
        "survey_number": "416",
        "owner_name": "Synthetic Owner 316",
        "ocr_owner_name": "Synthetic Owner 316",
        "area_acres": 14.2189,
        "ocr_area_acres": 14.2189,
        "area_hectares": 5.754,
        "land_class": "Government",
        "district": "Anantapur",
        "state": "Andhra Pradesh",
        "village": "Example Village",
        "document_id": "DOC-00316",
        "confidence": 0.939,
        "verification_status": "Verified",
        "validation_issue": "",
        "is_disputed": false,
        "color": "#00C896"
      }
    },
    {
      "type": "Feature",
      "id": "P0317",
      "geometry": {
        "type": "Polygon",
        "coordinates": [
          [
            [
              77.5886,
              14.6742
            ],
            [
              77.5906,
              14.6742
            ],
            [
              77.5906,
              14.6758
            ],
            [
              77.5886,
              14.6758
            ],
            [
              77.5886,
              14.6742
            ]
          ]
        ]
      },
      "properties": {
        "parcel_id": "P0317",
        "survey_no": "417",
        "survey_number": "417",
        "owner_name": "Synthetic Owner 317",
        "ocr_owner_name": "Synthetic Owner 317",
        "area_acres": 14.2189,
        "ocr_area_acres": 14.2189,
        "area_hectares": 5.754,
        "land_class": "Water Body",
        "district": "Anantapur",
        "state": "Andhra Pradesh",
        "village": "Example Village",
        "document_id": "DOC-00317",
        "confidence": 0.948,
        "verification_status": "Verified",
        "validation_issue": "",
        "is_disputed": false,
        "color": "#00C896"
      }
    },
    {
      "type": "Feature",
      "id": "P0318",
      "geometry": {
        "type": "Polygon",
        "coordinates": [
          [
            [
              77.591,
              14.6742
            ],
            [
              77.593,
              14.6742
            ],
            [
              77.593,
              14.6758
            ],
            [
              77.591,
              14.6758
            ],
            [
              77.591,
              14.6742
            ]
          ]
        ]
      },
      "properties": {
        "parcel_id": "P0318",
        "survey_no": "418",
        "survey_number": "418",
        "owner_name": "Synthetic Owner 318",
        "ocr_owner_name": "Synthetic Owner 318",
        "area_acres": 14.2189,
        "ocr_area_acres": 14.2189,
        "area_hectares": 5.754,
        "land_class": "Agricultural",
        "district": "Anantapur",
        "state": "Andhra Pradesh",
        "village": "Example Village",
        "document_id": "DOC-00318",
        "confidence": 0.957,
        "verification_status": "Verified",
        "validation_issue": "",
        "is_disputed": false,
        "color": "#00C896"
      }
    },
    {
      "type": "Feature",
      "id": "P0319",
      "geometry": {
        "type": "Polygon",
        "coordinates": [
          [
            [
              77.5934,
              14.6742
            ],
            [
              77.5954,
              14.6742
            ],
            [
              77.5954,
              14.6758
            ],
            [
              77.5934,
              14.6758
            ],
            [
              77.5934,
              14.6742
            ]
          ]
        ]
      },
      "properties": {
        "parcel_id": "P0319",
        "survey_no": "419",
        "survey_number": "419",
        "owner_name": "Synthetic Owner 319",
        "ocr_owner_name": "Synthetic Owner 319",
        "area_acres": 14.2189,
        "ocr_area_acres": 14.2189,
        "area_hectares": 5.754,
        "land_class": "Government",
        "district": "Anantapur",
        "state": "Andhra Pradesh",
        "village": "Example Village",
        "document_id": "DOC-00319",
        "confidence": 0.748,
        "verification_status": "Review Required",
        "validation_issue": "Missing mutation information",
        "is_disputed": false,
        "color": "#FFB800"
      }
    },
    {
      "type": "Feature",
      "id": "P0320",
      "geometry": {
        "type": "Polygon",
        "coordinates": [
          [
            [
              77.5958,
              14.6742
            ],
            [
              77.5978,
              14.6742
            ],
            [
              77.5978,
              14.6758
            ],
            [
              77.5958,
              14.6758
            ],
            [
              77.5958,
              14.6742
            ]
          ]
        ]
      },
      "properties": {
        "parcel_id": "P0320",
        "survey_no": "420",
        "survey_number": "420",
        "owner_name": "Synthetic Owner 320",
        "ocr_owner_name": "Synthetic Owner 320",
        "area_acres": 14.2189,
        "ocr_area_acres": 14.2189,
        "area_hectares": 5.754,
        "land_class": "Water Body",
        "district": "Anantapur",
        "state": "Andhra Pradesh",
        "village": "Example Village",
        "document_id": "DOC-00320",
        "confidence": 0.975,
        "verification_status": "Verified",
        "validation_issue": "",
        "is_disputed": false,
        "color": "#00C896"
      }
    },
    {
      "type": "Feature",
      "id": "P0321",
      "geometry": {
        "type": "Polygon",
        "coordinates": [
          [
            [
              77.5982,
              14.6742
            ],
            [
              77.6002,
              14.6742
            ],
            [
              77.6002,
              14.6758
            ],
            [
              77.5982,
              14.6758
            ],
            [
              77.5982,
              14.6742
            ]
          ]
        ]
      },
      "properties": {
        "parcel_id": "P0321",
        "survey_no": "421/1",
        "survey_number": "421",
        "owner_name": "Synthetic Owner 321",
        "ocr_owner_name": "Synthetic Owner 321",
        "area_acres": 14.2189,
        "ocr_area_acres": 14.2189,
        "area_hectares": 5.754,
        "land_class": "Agricultural",
        "district": "Anantapur",
        "state": "Andhra Pradesh",
        "village": "Example Village",
        "document_id": "DOC-00321",
        "confidence": 0.984,
        "verification_status": "Verified",
        "validation_issue": "",
        "is_disputed": false,
        "color": "#00C896"
      }
    },
    {
      "type": "Feature",
      "id": "P0322",
      "geometry": {
        "type": "Polygon",
        "coordinates": [
          [
            [
              77.6006,
              14.6742
            ],
            [
              77.6026,
              14.6742
            ],
            [
              77.6026,
              14.6758
            ],
            [
              77.6006,
              14.6758
            ],
            [
              77.6006,
              14.6742
            ]
          ]
        ]
      },
      "properties": {
        "parcel_id": "P0322",
        "survey_no": "422",
        "survey_number": "422",
        "owner_name": "Synthetic Owner 322",
        "ocr_owner_name": "Synthetic Owner 322",
        "area_acres": 14.2189,
        "ocr_area_acres": 14.2189,
        "area_hectares": 5.754,
        "land_class": "Government",
        "district": "Anantapur",
        "state": "Andhra Pradesh",
        "village": "Example Village",
        "document_id": "DOC-00322",
        "confidence": 0.93,
        "verification_status": "Verified",
        "validation_issue": "",
        "is_disputed": false,
        "color": "#00C896"
      }
    },
    {
      "type": "Feature",
      "id": "P0323",
      "geometry": {
        "type": "Polygon",
        "coordinates": [
          [
            [
              77.603,
              14.6742
            ],
            [
              77.605,
              14.6742
            ],
            [
              77.605,
              14.6758
            ],
            [
              77.603,
              14.6758
            ],
            [
              77.603,
              14.6742
            ]
          ]
        ]
      },
      "properties": {
        "parcel_id": "P0323",
        "survey_no": "423",
        "survey_number": "423",
        "owner_name": "Synthetic Owner 323",
        "ocr_owner_name": "Synthetic Owner 323",
        "area_acres": 14.2189,
        "ocr_area_acres": 14.2189,
        "area_hectares": 5.754,
        "land_class": "Water Body",
        "district": "Anantapur",
        "state": "Andhra Pradesh",
        "village": "Example Village",
        "document_id": "DOC-00323",
        "confidence": 0.939,
        "verification_status": "Verified",
        "validation_issue": "",
        "is_disputed": false,
        "color": "#00C896"
      }
    },
    {
      "type": "Feature",
      "id": "P0324",
      "geometry": {
        "type": "Polygon",
        "coordinates": [
          [
            [
              77.6054,
              14.6742
            ],
            [
              77.6074,
              14.6742
            ],
            [
              77.6074,
              14.6758
            ],
            [
              77.6054,
              14.6758
            ],
            [
              77.6054,
              14.6742
            ]
          ]
        ]
      },
      "properties": {
        "parcel_id": "P0324",
        "survey_no": "424",
        "survey_number": "424",
        "owner_name": "Synthetic Owner 324",
        "ocr_owner_name": "Synthetic Owner 324",
        "area_acres": 14.2189,
        "ocr_area_acres": 14.2189,
        "area_hectares": 5.754,
        "land_class": "Agricultural",
        "district": "Anantapur",
        "state": "Andhra Pradesh",
        "village": "Example Village",
        "document_id": "DOC-00324",
        "confidence": 0.948,
        "verification_status": "Verified",
        "validation_issue": "",
        "is_disputed": false,
        "color": "#00C896"
      }
    },
    {
      "type": "Feature",
      "id": "P0325",
      "geometry": {
        "type": "Polygon",
        "coordinates": [
          [
            [
              77.6078,
              14.6742
            ],
            [
              77.6098,
              14.6742
            ],
            [
              77.6098,
              14.6758
            ],
            [
              77.6078,
              14.6758
            ],
            [
              77.6078,
              14.6742
            ]
          ]
        ]
      },
      "properties": {
        "parcel_id": "P0325",
        "survey_no": "425",
        "survey_number": "425",
        "owner_name": "Synthetic Owner 325",
        "ocr_owner_name": "Synthetic Owner 325",
        "area_acres": 14.2189,
        "ocr_area_acres": 14.2189,
        "area_hectares": 5.754,
        "land_class": "Government",
        "district": "Anantapur",
        "state": "Andhra Pradesh",
        "village": "Example Village",
        "document_id": "DOC-00325",
        "confidence": 0.957,
        "verification_status": "Verified",
        "validation_issue": "",
        "is_disputed": false,
        "color": "#00C896"
      }
    },
    {
      "type": "Feature",
      "id": "P0326",
      "geometry": {
        "type": "Polygon",
        "coordinates": [
          [
            [
              77.5502,
              14.6762
            ],
            [
              77.5522,
              14.6762
            ],
            [
              77.5522,
              14.6778
            ],
            [
              77.5502,
              14.6778
            ],
            [
              77.5502,
              14.6762
            ]
          ]
        ]
      },
      "properties": {
        "parcel_id": "P0326",
        "survey_no": "426/3",
        "survey_number": "426",
        "owner_name": "Synthetic Owner 326",
        "ocr_owner_name": "Synthetic Owner 326",
        "area_acres": 14.2188,
        "ocr_area_acres": 14.2188,
        "area_hectares": 5.754,
        "land_class": "Water Body",
        "district": "Anantapur",
        "state": "Andhra Pradesh",
        "village": "Example Village",
        "document_id": "DOC-00326",
        "confidence": 0.432,
        "verification_status": "Review Required",
        "validation_issue": "Low OCR confidence",
        "is_disputed": false,
        "color": "#FFB800"
      }
    },
    {
      "type": "Feature",
      "id": "P0327",
      "geometry": {
        "type": "Polygon",
        "coordinates": [
          [
            [
              77.5526,
              14.6762
            ],
            [
              77.5546,
              14.6762
            ],
            [
              77.5546,
              14.6778
            ],
            [
              77.5526,
              14.6778
            ],
            [
              77.5526,
              14.6762
            ]
          ]
        ]
      },
      "properties": {
        "parcel_id": "P0327",
        "survey_no": "427",
        "survey_number": "427",
        "owner_name": "Synthetic Owner 327",
        "ocr_owner_name": "Synthetic Owner 327",
        "area_acres": 14.2188,
        "ocr_area_acres": 14.2188,
        "area_hectares": 5.754,
        "land_class": "Agricultural",
        "district": "Anantapur",
        "state": "Andhra Pradesh",
        "village": "Example Village",
        "document_id": "DOC-00327",
        "confidence": 0.975,
        "verification_status": "Verified",
        "validation_issue": "",
        "is_disputed": false,
        "color": "#00C896"
      }
    },
    {
      "type": "Feature",
      "id": "P0328",
      "geometry": {
        "type": "Polygon",
        "coordinates": [
          [
            [
              77.555,
              14.6762
            ],
            [
              77.557,
              14.6762
            ],
            [
              77.557,
              14.6778
            ],
            [
              77.555,
              14.6778
            ],
            [
              77.555,
              14.6762
            ]
          ]
        ]
      },
      "properties": {
        "parcel_id": "P0328",
        "survey_no": "428",
        "survey_number": "428",
        "owner_name": "Synthetic Owner 328",
        "ocr_owner_name": "Synthetic Owner 328",
        "area_acres": 14.2188,
        "ocr_area_acres": 14.2188,
        "area_hectares": 5.754,
        "land_class": "Government",
        "district": "Anantapur",
        "state": "Andhra Pradesh",
        "village": "Example Village",
        "document_id": "DOC-00328",
        "confidence": 0.984,
        "verification_status": "Verified",
        "validation_issue": "",
        "is_disputed": false,
        "color": "#00C896"
      }
    },
    {
      "type": "Feature",
      "id": "P0329",
      "geometry": {
        "type": "Polygon",
        "coordinates": [
          [
            [
              77.5574,
              14.6762
            ],
            [
              77.5594,
              14.6762
            ],
            [
              77.5594,
              14.6778
            ],
            [
              77.5574,
              14.6778
            ],
            [
              77.5574,
              14.6762
            ]
          ]
        ]
      },
      "properties": {
        "parcel_id": "P0329",
        "survey_no": "429",
        "survey_number": "429",
        "owner_name": "Synthetic Owner 329",
        "ocr_owner_name": "Synthetic Owner 329",
        "area_acres": 14.2188,
        "ocr_area_acres": 14.2188,
        "area_hectares": 5.754,
        "land_class": "Water Body",
        "district": "Anantapur",
        "state": "Andhra Pradesh",
        "village": "Example Village",
        "document_id": "DOC-00329",
        "confidence": 0.93,
        "verification_status": "Verified",
        "validation_issue": "",
        "is_disputed": false,
        "color": "#00C896"
      }
    },
    {
      "type": "Feature",
      "id": "P0330",
      "geometry": {
        "type": "Polygon",
        "coordinates": [
          [
            [
              77.5598,
              14.6762
            ],
            [
              77.5618,
              14.6762
            ],
            [
              77.5618,
              14.6778
            ],
            [
              77.5598,
              14.6778
            ],
            [
              77.5598,
              14.6762
            ]
          ]
        ]
      },
      "properties": {
        "parcel_id": "P0330",
        "survey_no": "430",
        "survey_number": "430",
        "owner_name": "Synthetic Owner 330",
        "ocr_owner_name": "Synthetic Owner 330",
        "area_acres": 14.2188,
        "ocr_area_acres": 14.2188,
        "area_hectares": 5.754,
        "land_class": "Agricultural",
        "district": "Anantapur",
        "state": "Andhra Pradesh",
        "village": "Example Village",
        "document_id": "DOC-00330",
        "confidence": 0.939,
        "verification_status": "Verified",
        "validation_issue": "",
        "is_disputed": false,
        "color": "#00C896"
      }
    },
    {
      "type": "Feature",
      "id": "P0331",
      "geometry": {
        "type": "Polygon",
        "coordinates": [
          [
            [
              77.5622,
              14.6762
            ],
            [
              77.5642,
              14.6762
            ],
            [
              77.5642,
              14.6778
            ],
            [
              77.5622,
              14.6778
            ],
            [
              77.5622,
              14.6762
            ]
          ]
        ]
      },
      "properties": {
        "parcel_id": "P0331",
        "survey_no": "431/2",
        "survey_number": "431",
        "owner_name": "Synthetic Owner 331",
        "ocr_owner_name": "Synthetic Owner 331",
        "area_acres": 14.2188,
        "ocr_area_acres": 14.2188,
        "area_hectares": 5.754,
        "land_class": "Government",
        "district": "Anantapur",
        "state": "Andhra Pradesh",
        "village": "Example Village",
        "document_id": "DOC-00331",
        "confidence": 0.712,
        "verification_status": "Review Required",
        "validation_issue": "Possible duplicate",
        "is_disputed": false,
        "color": "#FFB800"
      }
    },
    {
      "type": "Feature",
      "id": "P0332",
      "geometry": {
        "type": "Polygon",
        "coordinates": [
          [
            [
              77.5646,
              14.6762
            ],
            [
              77.5666,
              14.6762
            ],
            [
              77.5666,
              14.6778
            ],
            [
              77.5646,
              14.6778
            ],
            [
              77.5646,
              14.6762
            ]
          ]
        ]
      },
      "properties": {
        "parcel_id": "P0332",
        "survey_no": "432",
        "survey_number": "432",
        "owner_name": "Synthetic Owner 332",
        "ocr_owner_name": "Synthetic Owner 332",
        "area_acres": 14.2188,
        "ocr_area_acres": 14.2188,
        "area_hectares": 5.754,
        "land_class": "Water Body",
        "district": "Anantapur",
        "state": "Andhra Pradesh",
        "village": "Example Village",
        "document_id": "DOC-00332",
        "confidence": 0.957,
        "verification_status": "Verified",
        "validation_issue": "",
        "is_disputed": false,
        "color": "#00C896"
      }
    },
    {
      "type": "Feature",
      "id": "P0333",
      "geometry": {
        "type": "Polygon",
        "coordinates": [
          [
            [
              77.567,
              14.6762
            ],
            [
              77.569,
              14.6762
            ],
            [
              77.569,
              14.6778
            ],
            [
              77.567,
              14.6778
            ],
            [
              77.567,
              14.6762
            ]
          ]
        ]
      },
      "properties": {
        "parcel_id": "P0333",
        "survey_no": "433",
        "survey_number": "433",
        "owner_name": "Synthetic Owner 333",
        "ocr_owner_name": "Synthetic Owner 333",
        "area_acres": 14.2188,
        "ocr_area_acres": 14.2188,
        "area_hectares": 5.754,
        "land_class": "Agricultural",
        "district": "Anantapur",
        "state": "Andhra Pradesh",
        "village": "Example Village",
        "document_id": "DOC-00333",
        "confidence": 0.966,
        "verification_status": "Verified",
        "validation_issue": "",
        "is_disputed": false,
        "color": "#00C896"
      }
    },
    {
      "type": "Feature",
      "id": "P0334",
      "geometry": {
        "type": "Polygon",
        "coordinates": [
          [
            [
              77.5694,
              14.6762
            ],
            [
              77.5714,
              14.6762
            ],
            [
              77.5714,
              14.6778
            ],
            [
              77.5694,
              14.6778
            ],
            [
              77.5694,
              14.6762
            ]
          ]
        ]
      },
      "properties": {
        "parcel_id": "P0334",
        "survey_no": "434",
        "survey_number": "434",
        "owner_name": "Synthetic Owner 334",
        "ocr_owner_name": "Synthetic Owner 334",
        "area_acres": 14.2188,
        "ocr_area_acres": 14.2188,
        "area_hectares": 5.754,
        "land_class": "Government",
        "district": "Anantapur",
        "state": "Andhra Pradesh",
        "village": "Example Village",
        "document_id": "DOC-00334",
        "confidence": 0.975,
        "verification_status": "Verified",
        "validation_issue": "",
        "is_disputed": false,
        "color": "#00C896"
      }
    },
    {
      "type": "Feature",
      "id": "P0335",
      "geometry": {
        "type": "Polygon",
        "coordinates": [
          [
            [
              77.5718,
              14.6762
            ],
            [
              77.5738,
              14.6762
            ],
            [
              77.5738,
              14.6778
            ],
            [
              77.5718,
              14.6778
            ],
            [
              77.5718,
              14.6762
            ]
          ]
        ]
      },
      "properties": {
        "parcel_id": "P0335",
        "survey_no": "435",
        "survey_number": "435",
        "owner_name": "Synthetic Owner 335",
        "ocr_owner_name": "Synthetic Owner 335",
        "area_acres": 14.2188,
        "ocr_area_acres": 14.2188,
        "area_hectares": 5.754,
        "land_class": "Water Body",
        "district": "Anantapur",
        "state": "Andhra Pradesh",
        "village": "Example Village",
        "document_id": "DOC-00335",
        "confidence": 0.984,
        "verification_status": "Verified",
        "validation_issue": "",
        "is_disputed": false,
        "color": "#00C896"
      }
    },
    {
      "type": "Feature",
      "id": "P0336",
      "geometry": {
        "type": "Polygon",
        "coordinates": [
          [
            [
              77.5742,
              14.6762
            ],
            [
              77.5762,
              14.6762
            ],
            [
              77.5762,
              14.6778
            ],
            [
              77.5742,
              14.6778
            ],
            [
              77.5742,
              14.6762
            ]
          ]
        ]
      },
      "properties": {
        "parcel_id": "P0336",
        "survey_no": "436/1",
        "survey_number": "436",
        "owner_name": "Synthetic Owner 336",
        "ocr_owner_name": "Synthetic Owner 336",
        "area_acres": 14.2188,
        "ocr_area_acres": 15.3563,
        "area_hectares": 5.754,
        "land_class": "Agricultural",
        "district": "Anantapur",
        "state": "Andhra Pradesh",
        "village": "Example Village",
        "document_id": "DOC-00336",
        "confidence": 0.552,
        "verification_status": "Conflict",
        "validation_issue": "Area mismatch",
        "is_disputed": true,
        "color": "#FF4757"
      }
    },
    {
      "type": "Feature",
      "id": "P0337",
      "geometry": {
        "type": "Polygon",
        "coordinates": [
          [
            [
              77.5766,
              14.6762
            ],
            [
              77.5786,
              14.6762
            ],
            [
              77.5786,
              14.6778
            ],
            [
              77.5766,
              14.6778
            ],
            [
              77.5766,
              14.6762
            ]
          ]
        ]
      },
      "properties": {
        "parcel_id": "P0337",
        "survey_no": "437",
        "survey_number": "437",
        "owner_name": "Synthetic Owner 337",
        "ocr_owner_name": "Synthetic Owner 337",
        "area_acres": 14.2188,
        "ocr_area_acres": 14.2188,
        "area_hectares": 5.754,
        "land_class": "Government",
        "district": "Anantapur",
        "state": "Andhra Pradesh",
        "village": "Example Village",
        "document_id": "DOC-00337",
        "confidence": 0.939,
        "verification_status": "Verified",
        "validation_issue": "",
        "is_disputed": false,
        "color": "#00C896"
      }
    },
    {
      "type": "Feature",
      "id": "P0338",
      "geometry": {
        "type": "Polygon",
        "coordinates": [
          [
            [
              77.579,
              14.6762
            ],
            [
              77.581,
              14.6762
            ],
            [
              77.581,
              14.6778
            ],
            [
              77.579,
              14.6778
            ],
            [
              77.579,
              14.6762
            ]
          ]
        ]
      },
      "properties": {
        "parcel_id": "P0338",
        "survey_no": "438",
        "survey_number": "438",
        "owner_name": "Synthetic Owner 338",
        "ocr_owner_name": "Synthetic Owner 338",
        "area_acres": 14.2188,
        "ocr_area_acres": 14.2188,
        "area_hectares": 5.754,
        "land_class": "Water Body",
        "district": "Anantapur",
        "state": "Andhra Pradesh",
        "village": "Example Village",
        "document_id": "DOC-00338",
        "confidence": 0.948,
        "verification_status": "Verified",
        "validation_issue": "",
        "is_disputed": false,
        "color": "#00C896"
      }
    },
    {
      "type": "Feature",
      "id": "P0339",
      "geometry": {
        "type": "Polygon",
        "coordinates": [
          [
            [
              77.5814,
              14.6762
            ],
            [
              77.5834,
              14.6762
            ],
            [
              77.5834,
              14.6778
            ],
            [
              77.5814,
              14.6778
            ],
            [
              77.5814,
              14.6762
            ]
          ]
        ]
      },
      "properties": {
        "parcel_id": "P0339",
        "survey_no": "439",
        "survey_number": "439",
        "owner_name": "Synthetic Owner 339",
        "ocr_owner_name": "Synthetic Owner 339",
        "area_acres": 14.2188,
        "ocr_area_acres": 14.2188,
        "area_hectares": 5.754,
        "land_class": "Agricultural",
        "district": "Anantapur",
        "state": "Andhra Pradesh",
        "village": "Example Village",
        "document_id": "DOC-00339",
        "confidence": 0.957,
        "verification_status": "Verified",
        "validation_issue": "",
        "is_disputed": false,
        "color": "#00C896"
      }
    },
    {
      "type": "Feature",
      "id": "P0340",
      "geometry": {
        "type": "Polygon",
        "coordinates": [
          [
            [
              77.5838,
              14.6762
            ],
            [
              77.5858,
              14.6762
            ],
            [
              77.5858,
              14.6778
            ],
            [
              77.5838,
              14.6778
            ],
            [
              77.5838,
              14.6762
            ]
          ]
        ]
      },
      "properties": {
        "parcel_id": "P0340",
        "survey_no": "440",
        "survey_number": "440",
        "owner_name": "Synthetic Owner 340",
        "ocr_owner_name": "Synthetic Owner 340",
        "area_acres": 14.2188,
        "ocr_area_acres": 14.2188,
        "area_hectares": 5.754,
        "land_class": "Government",
        "district": "Anantapur",
        "state": "Andhra Pradesh",
        "village": "Example Village",
        "document_id": "DOC-00340",
        "confidence": 0.966,
        "verification_status": "Verified",
        "validation_issue": "",
        "is_disputed": false,
        "color": "#00C896"
      }
    },
    {
      "type": "Feature",
      "id": "P0341",
      "geometry": {
        "type": "Polygon",
        "coordinates": [
          [
            [
              77.5862,
              14.6762
            ],
            [
              77.5882,
              14.6762
            ],
            [
              77.5882,
              14.6778
            ],
            [
              77.5862,
              14.6778
            ],
            [
              77.5862,
              14.6762
            ]
          ]
        ]
      },
      "properties": {
        "parcel_id": "P0341",
        "survey_no": "441/3",
        "survey_number": "441",
        "owner_name": "Synthetic Owner 341",
        "ocr_owner_name": "Synthetic Owner 341",
        "area_acres": 14.2188,
        "ocr_area_acres": 14.2188,
        "area_hectares": 5.754,
        "land_class": "Water Body",
        "district": "Anantapur",
        "state": "Andhra Pradesh",
        "village": "Example Village",
        "document_id": "DOC-00341",
        "confidence": 0.975,
        "verification_status": "Verified",
        "validation_issue": "",
        "is_disputed": false,
        "color": "#00C896"
      }
    },
    {
      "type": "Feature",
      "id": "P0342",
      "geometry": {
        "type": "Polygon",
        "coordinates": [
          [
            [
              77.5886,
              14.6762
            ],
            [
              77.5906,
              14.6762
            ],
            [
              77.5906,
              14.6778
            ],
            [
              77.5886,
              14.6778
            ],
            [
              77.5886,
              14.6762
            ]
          ]
        ]
      },
      "properties": {
        "parcel_id": "P0342",
        "survey_no": "442",
        "survey_number": "442",
        "owner_name": "Synthetic Owner 342",
        "ocr_owner_name": "Synthetic Owner 342",
        "area_acres": 14.2188,
        "ocr_area_acres": 14.2188,
        "area_hectares": 5.754,
        "land_class": "Agricultural",
        "district": "Anantapur",
        "state": "Andhra Pradesh",
        "village": "Example Village",
        "document_id": "DOC-00342",
        "confidence": 0.624,
        "verification_status": "Review Required",
        "validation_issue": "Low OCR confidence",
        "is_disputed": false,
        "color": "#FFB800"
      }
    },
    {
      "type": "Feature",
      "id": "P0343",
      "geometry": {
        "type": "Polygon",
        "coordinates": [
          [
            [
              77.591,
              14.6762
            ],
            [
              77.593,
              14.6762
            ],
            [
              77.593,
              14.6778
            ],
            [
              77.591,
              14.6778
            ],
            [
              77.591,
              14.6762
            ]
          ]
        ]
      },
      "properties": {
        "parcel_id": "P0343",
        "survey_no": "443",
        "survey_number": "443",
        "owner_name": "Synthetic Owner 343",
        "ocr_owner_name": "Synthetic Owner 343",
        "area_acres": 14.2188,
        "ocr_area_acres": 14.2188,
        "area_hectares": 5.754,
        "land_class": "Government",
        "district": "Anantapur",
        "state": "Andhra Pradesh",
        "village": "Example Village",
        "document_id": "DOC-00343",
        "confidence": 0.93,
        "verification_status": "Verified",
        "validation_issue": "",
        "is_disputed": false,
        "color": "#00C896"
      }
    },
    {
      "type": "Feature",
      "id": "P0344",
      "geometry": {
        "type": "Polygon",
        "coordinates": [
          [
            [
              77.5934,
              14.6762
            ],
            [
              77.5954,
              14.6762
            ],
            [
              77.5954,
              14.6778
            ],
            [
              77.5934,
              14.6778
            ],
            [
              77.5934,
              14.6762
            ]
          ]
        ]
      },
      "properties": {
        "parcel_id": "P0344",
        "survey_no": "444",
        "survey_number": "444",
        "owner_name": "Synthetic Owner 344",
        "ocr_owner_name": "Synthetic Owner 344",
        "area_acres": 14.2188,
        "ocr_area_acres": 14.2188,
        "area_hectares": 5.754,
        "land_class": "Water Body",
        "district": "Anantapur",
        "state": "Andhra Pradesh",
        "village": "Example Village",
        "document_id": "DOC-00344",
        "confidence": 0.939,
        "verification_status": "Verified",
        "validation_issue": "",
        "is_disputed": false,
        "color": "#00C896"
      }
    },
    {
      "type": "Feature",
      "id": "P0345",
      "geometry": {
        "type": "Polygon",
        "coordinates": [
          [
            [
              77.5958,
              14.6762
            ],
            [
              77.5978,
              14.6762
            ],
            [
              77.5978,
              14.6778
            ],
            [
              77.5958,
              14.6778
            ],
            [
              77.5958,
              14.6762
            ]
          ]
        ]
      },
      "properties": {
        "parcel_id": "P0345",
        "survey_no": "445",
        "survey_number": "445",
        "owner_name": "Synthetic Owner 345",
        "ocr_owner_name": "Synthetic Owner 363",
        "area_acres": 14.2188,
        "ocr_area_acres": 14.2188,
        "area_hectares": 5.754,
        "land_class": "Agricultural",
        "district": "Anantapur",
        "state": "Andhra Pradesh",
        "village": "Example Village",
        "document_id": "DOC-00345",
        "confidence": 0.66,
        "verification_status": "Conflict",
        "validation_issue": "Owner mismatch",
        "is_disputed": true,
        "color": "#FF4757"
      }
    },
    {
      "type": "Feature",
      "id": "P0346",
      "geometry": {
        "type": "Polygon",
        "coordinates": [
          [
            [
              77.5982,
              14.6762
            ],
            [
              77.6002,
              14.6762
            ],
            [
              77.6002,
              14.6778
            ],
            [
              77.5982,
              14.6778
            ],
            [
              77.5982,
              14.6762
            ]
          ]
        ]
      },
      "properties": {
        "parcel_id": "P0346",
        "survey_no": "446/2",
        "survey_number": "446",
        "owner_name": "Synthetic Owner 346",
        "ocr_owner_name": "Synthetic Owner 346",
        "area_acres": 14.2188,
        "ocr_area_acres": 14.2188,
        "area_hectares": 5.754,
        "land_class": "Government",
        "district": "Anantapur",
        "state": "Andhra Pradesh",
        "village": "Example Village",
        "document_id": "DOC-00346",
        "confidence": 0.957,
        "verification_status": "Verified",
        "validation_issue": "",
        "is_disputed": false,
        "color": "#00C896"
      }
    },
    {
      "type": "Feature",
      "id": "P0347",
      "geometry": {
        "type": "Polygon",
        "coordinates": [
          [
            [
              77.6006,
              14.6762
            ],
            [
              77.6026,
              14.6762
            ],
            [
              77.6026,
              14.6778
            ],
            [
              77.6006,
              14.6778
            ],
            [
              77.6006,
              14.6762
            ]
          ]
        ]
      },
      "properties": {
        "parcel_id": "P0347",
        "survey_no": "447",
        "survey_number": "447",
        "owner_name": "Synthetic Owner 347",
        "ocr_owner_name": "Synthetic Owner 347",
        "area_acres": 14.2188,
        "ocr_area_acres": 14.2188,
        "area_hectares": 5.754,
        "land_class": "Water Body",
        "district": "Anantapur",
        "state": "Andhra Pradesh",
        "village": "Example Village",
        "document_id": "DOC-00347",
        "confidence": 0.966,
        "verification_status": "Verified",
        "validation_issue": "",
        "is_disputed": false,
        "color": "#00C896"
      }
    },
    {
      "type": "Feature",
      "id": "P0348",
      "geometry": {
        "type": "Polygon",
        "coordinates": [
          [
            [
              77.603,
              14.6762
            ],
            [
              77.605,
              14.6762
            ],
            [
              77.605,
              14.6778
            ],
            [
              77.603,
              14.6778
            ],
            [
              77.603,
              14.6762
            ]
          ]
        ]
      },
      "properties": {
        "parcel_id": "P0348",
        "survey_no": "448",
        "survey_number": "448",
        "owner_name": "Synthetic Owner 348",
        "ocr_owner_name": "Synthetic Owner 366",
        "area_acres": 14.2188,
        "ocr_area_acres": 14.2188,
        "area_hectares": 5.754,
        "land_class": "Agricultural",
        "district": "Anantapur",
        "state": "Andhra Pradesh",
        "village": "Example Village",
        "document_id": "DOC-00348",
        "confidence": 0.696,
        "verification_status": "Conflict",
        "validation_issue": "Owner mismatch",
        "is_disputed": true,
        "color": "#FF4757"
      }
    },
    {
      "type": "Feature",
      "id": "P0349",
      "geometry": {
        "type": "Polygon",
        "coordinates": [
          [
            [
              77.6054,
              14.6762
            ],
            [
              77.6074,
              14.6762
            ],
            [
              77.6074,
              14.6778
            ],
            [
              77.6054,
              14.6778
            ],
            [
              77.6054,
              14.6762
            ]
          ]
        ]
      },
      "properties": {
        "parcel_id": "P0349",
        "survey_no": "449",
        "survey_number": "449",
        "owner_name": "Synthetic Owner 349",
        "ocr_owner_name": "Synthetic Owner 349",
        "area_acres": 14.2188,
        "ocr_area_acres": 14.2188,
        "area_hectares": 5.754,
        "land_class": "Government",
        "district": "Anantapur",
        "state": "Andhra Pradesh",
        "village": "Example Village",
        "document_id": "DOC-00349",
        "confidence": 0.708,
        "verification_status": "Review Required",
        "validation_issue": "Low OCR confidence",
        "is_disputed": false,
        "color": "#FFB800"
      }
    },
    {
      "type": "Feature",
      "id": "P0350",
      "geometry": {
        "type": "Polygon",
        "coordinates": [
          [
            [
              77.6078,
              14.6762
            ],
            [
              77.6098,
              14.6762
            ],
            [
              77.6098,
              14.6778
            ],
            [
              77.6078,
              14.6778
            ],
            [
              77.6078,
              14.6762
            ]
          ]
        ]
      },
      "properties": {
        "parcel_id": "P0350",
        "survey_no": "450",
        "survey_number": "450",
        "owner_name": "Synthetic Owner 350",
        "ocr_owner_name": "Synthetic Owner 350",
        "area_acres": 14.2188,
        "ocr_area_acres": 14.2188,
        "area_hectares": 5.754,
        "land_class": "Water Body",
        "district": "Anantapur",
        "state": "Andhra Pradesh",
        "village": "Example Village",
        "document_id": "DOC-00350",
        "confidence": 0.42,
        "verification_status": "Review Required",
        "validation_issue": "Low OCR confidence",
        "is_disputed": false,
        "color": "#FFB800"
      }
    },
    {
      "type": "Feature",
      "id": "P0351",
      "geometry": {
        "type": "Polygon",
        "coordinates": [
          [
            [
              77.5502,
              14.6782
            ],
            [
              77.5522,
              14.6782
            ],
            [
              77.5522,
              14.6798
            ],
            [
              77.5502,
              14.6798
            ],
            [
              77.5502,
              14.6782
            ]
          ]
        ]
      },
      "properties": {
        "parcel_id": "P0351",
        "survey_no": "451/1",
        "survey_number": "451",
        "owner_name": "Synthetic Owner 351",
        "ocr_owner_name": "Synthetic Owner 351",
        "area_acres": 14.2187,
        "ocr_area_acres": 14.2187,
        "area_hectares": 5.754,
        "land_class": "Agricultural",
        "district": "Anantapur",
        "state": "Andhra Pradesh",
        "village": "Example Village",
        "document_id": "DOC-00351",
        "confidence": 0.772,
        "verification_status": "Review Required",
        "validation_issue": "Missing mutation information",
        "is_disputed": false,
        "color": "#FFB800"
      }
    },
    {
      "type": "Feature",
      "id": "P0352",
      "geometry": {
        "type": "Polygon",
        "coordinates": [
          [
            [
              77.5526,
              14.6782
            ],
            [
              77.5546,
              14.6782
            ],
            [
              77.5546,
              14.6798
            ],
            [
              77.5526,
              14.6798
            ],
            [
              77.5526,
              14.6782
            ]
          ]
        ]
      },
      "properties": {
        "parcel_id": "P0352",
        "survey_no": "452",
        "survey_number": "452",
        "owner_name": "Synthetic Owner 352",
        "ocr_owner_name": "Synthetic Owner 352",
        "area_acres": 14.2187,
        "ocr_area_acres": 14.2187,
        "area_hectares": 5.754,
        "land_class": "Government",
        "district": "Anantapur",
        "state": "Andhra Pradesh",
        "village": "Example Village",
        "document_id": "DOC-00352",
        "confidence": 0.948,
        "verification_status": "Verified",
        "validation_issue": "",
        "is_disputed": false,
        "color": "#00C896"
      }
    },
    {
      "type": "Feature",
      "id": "P0353",
      "geometry": {
        "type": "Polygon",
        "coordinates": [
          [
            [
              77.555,
              14.6782
            ],
            [
              77.557,
              14.6782
            ],
            [
              77.557,
              14.6798
            ],
            [
              77.555,
              14.6798
            ],
            [
              77.555,
              14.6782
            ]
          ]
        ]
      },
      "properties": {
        "parcel_id": "P0353",
        "survey_no": "453",
        "survey_number": "453",
        "owner_name": "Synthetic Owner 353",
        "ocr_owner_name": "Synthetic Owner 353",
        "area_acres": 14.2187,
        "ocr_area_acres": 14.2187,
        "area_hectares": 5.754,
        "land_class": "Water Body",
        "district": "Anantapur",
        "state": "Andhra Pradesh",
        "village": "Example Village",
        "document_id": "DOC-00353",
        "confidence": 0.957,
        "verification_status": "Verified",
        "validation_issue": "",
        "is_disputed": false,
        "color": "#00C896"
      }
    },
    {
      "type": "Feature",
      "id": "P0354",
      "geometry": {
        "type": "Polygon",
        "coordinates": [
          [
            [
              77.5574,
              14.6782
            ],
            [
              77.5594,
              14.6782
            ],
            [
              77.5594,
              14.6798
            ],
            [
              77.5574,
              14.6798
            ],
            [
              77.5574,
              14.6782
            ]
          ]
        ]
      },
      "properties": {
        "parcel_id": "P0354",
        "survey_no": "454",
        "survey_number": "454",
        "owner_name": "Synthetic Owner 354",
        "ocr_owner_name": "Synthetic Owner 354",
        "area_acres": 14.2187,
        "ocr_area_acres": 14.2187,
        "area_hectares": 5.754,
        "land_class": "Agricultural",
        "district": "Anantapur",
        "state": "Andhra Pradesh",
        "village": "Example Village",
        "document_id": "DOC-00354",
        "confidence": 0.808,
        "verification_status": "Review Required",
        "validation_issue": "Possible duplicate",
        "is_disputed": false,
        "color": "#FFB800"
      }
    },
    {
      "type": "Feature",
      "id": "P0355",
      "geometry": {
        "type": "Polygon",
        "coordinates": [
          [
            [
              77.5598,
              14.6782
            ],
            [
              77.5618,
              14.6782
            ],
            [
              77.5618,
              14.6798
            ],
            [
              77.5598,
              14.6798
            ],
            [
              77.5598,
              14.6782
            ]
          ]
        ]
      },
      "properties": {
        "parcel_id": "P0355",
        "survey_no": "455",
        "survey_number": "455",
        "owner_name": "Synthetic Owner 355",
        "ocr_owner_name": "Synthetic Owner 355",
        "area_acres": 14.2187,
        "ocr_area_acres": 14.2187,
        "area_hectares": 5.754,
        "land_class": "Government",
        "district": "Anantapur",
        "state": "Andhra Pradesh",
        "village": "Example Village",
        "document_id": "DOC-00355",
        "confidence": 0.975,
        "verification_status": "Verified",
        "validation_issue": "",
        "is_disputed": false,
        "color": "#00C896"
      }
    },
    {
      "type": "Feature",
      "id": "P0356",
      "geometry": {
        "type": "Polygon",
        "coordinates": [
          [
            [
              77.5622,
              14.6782
            ],
            [
              77.5642,
              14.6782
            ],
            [
              77.5642,
              14.6798
            ],
            [
              77.5622,
              14.6798
            ],
            [
              77.5622,
              14.6782
            ]
          ]
        ]
      },
      "properties": {
        "parcel_id": "P0356",
        "survey_no": "456/3",
        "survey_number": "456",
        "owner_name": "Synthetic Owner 356",
        "ocr_owner_name": "Synthetic Owner 356",
        "area_acres": 14.2187,
        "ocr_area_acres": 14.2187,
        "area_hectares": 5.754,
        "land_class": "Water Body",
        "district": "Anantapur",
        "state": "Andhra Pradesh",
        "village": "Example Village",
        "document_id": "DOC-00356",
        "confidence": 0.984,
        "verification_status": "Verified",
        "validation_issue": "",
        "is_disputed": false,
        "color": "#00C896"
      }
    },
    {
      "type": "Feature",
      "id": "P0357",
      "geometry": {
        "type": "Polygon",
        "coordinates": [
          [
            [
              77.5646,
              14.6782
            ],
            [
              77.5666,
              14.6782
            ],
            [
              77.5666,
              14.6798
            ],
            [
              77.5646,
              14.6798
            ],
            [
              77.5646,
              14.6782
            ]
          ]
        ]
      },
      "properties": {
        "parcel_id": "P0357",
        "survey_no": "457",
        "survey_number": "457",
        "owner_name": "Synthetic Owner 357",
        "ocr_owner_name": "Synthetic Owner 357",
        "area_acres": 14.2187,
        "ocr_area_acres": 14.2187,
        "area_hectares": 5.754,
        "land_class": "Agricultural",
        "district": "Anantapur",
        "state": "Andhra Pradesh",
        "village": "Example Village",
        "document_id": "DOC-00357",
        "confidence": 0.844,
        "verification_status": "Review Required",
        "validation_issue": "Missing mutation information",
        "is_disputed": false,
        "color": "#FFB800"
      }
    },
    {
      "type": "Feature",
      "id": "P0358",
      "geometry": {
        "type": "Polygon",
        "coordinates": [
          [
            [
              77.567,
              14.6782
            ],
            [
              77.569,
              14.6782
            ],
            [
              77.569,
              14.6798
            ],
            [
              77.567,
              14.6798
            ],
            [
              77.567,
              14.6782
            ]
          ]
        ]
      },
      "properties": {
        "parcel_id": "P0358",
        "survey_no": "458",
        "survey_number": "458",
        "owner_name": "Synthetic Owner 358",
        "ocr_owner_name": "Synthetic Owner 358",
        "area_acres": 14.2187,
        "ocr_area_acres": 14.2187,
        "area_hectares": 5.754,
        "land_class": "Government",
        "district": "Anantapur",
        "state": "Andhra Pradesh",
        "village": "Example Village",
        "document_id": "DOC-00358",
        "confidence": 0.939,
        "verification_status": "Verified",
        "validation_issue": "",
        "is_disputed": false,
        "color": "#00C896"
      }
    },
    {
      "type": "Feature",
      "id": "P0359",
      "geometry": {
        "type": "Polygon",
        "coordinates": [
          [
            [
              77.5694,
              14.6782
            ],
            [
              77.5714,
              14.6782
            ],
            [
              77.5714,
              14.6798
            ],
            [
              77.5694,
              14.6798
            ],
            [
              77.5694,
              14.6782
            ]
          ]
        ]
      },
      "properties": {
        "parcel_id": "P0359",
        "survey_no": "459",
        "survey_number": "459",
        "owner_name": "Synthetic Owner 359",
        "ocr_owner_name": "Synthetic Owner 359",
        "area_acres": 14.2187,
        "ocr_area_acres": 14.2187,
        "area_hectares": 5.754,
        "land_class": "Water Body",
        "district": "Anantapur",
        "state": "Andhra Pradesh",
        "village": "Example Village",
        "document_id": "DOC-00359",
        "confidence": 0.948,
        "verification_status": "Verified",
        "validation_issue": "",
        "is_disputed": false,
        "color": "#00C896"
      }
    },
    {
      "type": "Feature",
      "id": "P0360",
      "geometry": {
        "type": "Polygon",
        "coordinates": [
          [
            [
              77.5718,
              14.6782
            ],
            [
              77.5738,
              14.6782
            ],
            [
              77.5738,
              14.6798
            ],
            [
              77.5718,
              14.6798
            ],
            [
              77.5718,
              14.6782
            ]
          ]
        ]
      },
      "properties": {
        "parcel_id": "P0360",
        "survey_no": "460",
        "survey_number": "460",
        "owner_name": "Synthetic Owner 360",
        "ocr_owner_name": "Synthetic Owner 360",
        "area_acres": 14.2187,
        "ocr_area_acres": 14.2187,
        "area_hectares": 5.754,
        "land_class": "Agricultural",
        "district": "Anantapur",
        "state": "Andhra Pradesh",
        "village": "Example Village",
        "document_id": "DOC-00360",
        "confidence": 0.957,
        "verification_status": "Verified",
        "validation_issue": "",
        "is_disputed": false,
        "color": "#00C896"
      }
    },
    {
      "type": "Feature",
      "id": "P0361",
      "geometry": {
        "type": "Polygon",
        "coordinates": [
          [
            [
              77.5742,
              14.6782
            ],
            [
              77.5762,
              14.6782
            ],
            [
              77.5762,
              14.6798
            ],
            [
              77.5742,
              14.6798
            ],
            [
              77.5742,
              14.6782
            ]
          ]
        ]
      },
      "properties": {
        "parcel_id": "P0361",
        "survey_no": "461/2",
        "survey_number": "461",
        "owner_name": "Synthetic Owner 361",
        "ocr_owner_name": "Synthetic Owner 361",
        "area_acres": 14.2187,
        "ocr_area_acres": 14.2187,
        "area_hectares": 5.754,
        "land_class": "Government",
        "district": "Anantapur",
        "state": "Andhra Pradesh",
        "village": "Example Village",
        "document_id": "DOC-00361",
        "confidence": 0.552,
        "verification_status": "Review Required",
        "validation_issue": "Low OCR confidence",
        "is_disputed": false,
        "color": "#FFB800"
      }
    },
    {
      "type": "Feature",
      "id": "P0362",
      "geometry": {
        "type": "Polygon",
        "coordinates": [
          [
            [
              77.5766,
              14.6782
            ],
            [
              77.5786,
              14.6782
            ],
            [
              77.5786,
              14.6798
            ],
            [
              77.5766,
              14.6798
            ],
            [
              77.5766,
              14.6782
            ]
          ]
        ]
      },
      "properties": {
        "parcel_id": "P0362",
        "survey_no": "462",
        "survey_number": "462",
        "owner_name": "Synthetic Owner 362",
        "ocr_owner_name": "Synthetic Owner 362",
        "area_acres": 14.2187,
        "ocr_area_acres": 14.2187,
        "area_hectares": 5.754,
        "land_class": "Water Body",
        "district": "Anantapur",
        "state": "Andhra Pradesh",
        "village": "Example Village",
        "document_id": "DOC-00362",
        "confidence": 0.975,
        "verification_status": "Verified",
        "validation_issue": "",
        "is_disputed": false,
        "color": "#00C896"
      }
    },
    {
      "type": "Feature",
      "id": "P0363",
      "geometry": {
        "type": "Polygon",
        "coordinates": [
          [
            [
              77.579,
              14.6782
            ],
            [
              77.581,
              14.6782
            ],
            [
              77.581,
              14.6798
            ],
            [
              77.579,
              14.6798
            ],
            [
              77.579,
              14.6782
            ]
          ]
        ]
      },
      "properties": {
        "parcel_id": "P0363",
        "survey_no": "463",
        "survey_number": "463",
        "owner_name": "Synthetic Owner 363",
        "ocr_owner_name": "Synthetic Owner 363",
        "area_acres": 14.2187,
        "ocr_area_acres": 14.2187,
        "area_hectares": 5.754,
        "land_class": "Agricultural",
        "district": "Anantapur",
        "state": "Andhra Pradesh",
        "village": "Example Village",
        "document_id": "DOC-00363",
        "confidence": 0.736,
        "verification_status": "Review Required",
        "validation_issue": "Possible duplicate",
        "is_disputed": false,
        "color": "#FFB800"
      }
    },
    {
      "type": "Feature",
      "id": "P0364",
      "geometry": {
        "type": "Polygon",
        "coordinates": [
          [
            [
              77.5814,
              14.6782
            ],
            [
              77.5834,
              14.6782
            ],
            [
              77.5834,
              14.6798
            ],
            [
              77.5814,
              14.6798
            ],
            [
              77.5814,
              14.6782
            ]
          ]
        ]
      },
      "properties": {
        "parcel_id": "P0364",
        "survey_no": "464",
        "survey_number": "464",
        "owner_name": "Synthetic Owner 364",
        "ocr_owner_name": "Synthetic Owner 364",
        "area_acres": 14.2187,
        "ocr_area_acres": 14.2187,
        "area_hectares": 5.754,
        "land_class": "Government",
        "district": "Anantapur",
        "state": "Andhra Pradesh",
        "village": "Example Village",
        "document_id": "DOC-00364",
        "confidence": 0.93,
        "verification_status": "Verified",
        "validation_issue": "",
        "is_disputed": false,
        "color": "#00C896"
      }
    },
    {
      "type": "Feature",
      "id": "P0365",
      "geometry": {
        "type": "Polygon",
        "coordinates": [
          [
            [
              77.5838,
              14.6782
            ],
            [
              77.5858,
              14.6782
            ],
            [
              77.5858,
              14.6798
            ],
            [
              77.5838,
              14.6798
            ],
            [
              77.5838,
              14.6782
            ]
          ]
        ]
      },
      "properties": {
        "parcel_id": "P0365",
        "survey_no": "465",
        "survey_number": "465",
        "owner_name": "Synthetic Owner 365",
        "ocr_owner_name": "Synthetic Owner 365",
        "area_acres": 14.2187,
        "ocr_area_acres": 14.2187,
        "area_hectares": 5.754,
        "land_class": "Water Body",
        "district": "Anantapur",
        "state": "Andhra Pradesh",
        "village": "Example Village",
        "document_id": "DOC-00365",
        "confidence": 0.939,
        "verification_status": "Verified",
        "validation_issue": "",
        "is_disputed": false,
        "color": "#00C896"
      }
    },
    {
      "type": "Feature",
      "id": "P0366",
      "geometry": {
        "type": "Polygon",
        "coordinates": [
          [
            [
              77.5862,
              14.6782
            ],
            [
              77.5882,
              14.6782
            ],
            [
              77.5882,
              14.6798
            ],
            [
              77.5862,
              14.6798
            ],
            [
              77.5862,
              14.6782
            ]
          ]
        ]
      },
      "properties": {
        "parcel_id": "P0366",
        "survey_no": "466/1",
        "survey_number": "466",
        "owner_name": "Synthetic Owner 366",
        "ocr_owner_name": "Synthetic Owner 366",
        "area_acres": 14.2187,
        "ocr_area_acres": 14.2187,
        "area_hectares": 5.754,
        "land_class": "Agricultural",
        "district": "Anantapur",
        "state": "Andhra Pradesh",
        "village": "Example Village",
        "document_id": "DOC-00366",
        "confidence": 0.612,
        "verification_status": "Review Required",
        "validation_issue": "Low OCR confidence",
        "is_disputed": false,
        "color": "#FFB800"
      }
    },
    {
      "type": "Feature",
      "id": "P0367",
      "geometry": {
        "type": "Polygon",
        "coordinates": [
          [
            [
              77.5886,
              14.6782
            ],
            [
              77.5906,
              14.6782
            ],
            [
              77.5906,
              14.6798
            ],
            [
              77.5886,
              14.6798
            ],
            [
              77.5886,
              14.6782
            ]
          ]
        ]
      },
      "properties": {
        "parcel_id": "P0367",
        "survey_no": "467",
        "survey_number": "467",
        "owner_name": "Synthetic Owner 367",
        "ocr_owner_name": "Synthetic Owner 367",
        "area_acres": 14.2187,
        "ocr_area_acres": 14.2187,
        "area_hectares": 5.754,
        "land_class": "Government",
        "district": "Anantapur",
        "state": "Andhra Pradesh",
        "village": "Example Village",
        "document_id": "DOC-00367",
        "confidence": 0.784,
        "verification_status": "Review Required",
        "validation_issue": "Missing mutation information",
        "is_disputed": false,
        "color": "#FFB800"
      }
    },
    {
      "type": "Feature",
      "id": "P0368",
      "geometry": {
        "type": "Polygon",
        "coordinates": [
          [
            [
              77.591,
              14.6782
            ],
            [
              77.593,
              14.6782
            ],
            [
              77.593,
              14.6798
            ],
            [
              77.591,
              14.6798
            ],
            [
              77.591,
              14.6782
            ]
          ]
        ]
      },
      "properties": {
        "parcel_id": "P0368",
        "survey_no": "468",
        "survey_number": "468",
        "owner_name": "Synthetic Owner 368",
        "ocr_owner_name": "Synthetic Owner 368",
        "area_acres": 14.2187,
        "ocr_area_acres": 14.2187,
        "area_hectares": 5.754,
        "land_class": "Water Body",
        "district": "Anantapur",
        "state": "Andhra Pradesh",
        "village": "Example Village",
        "document_id": "DOC-00368",
        "confidence": 0.966,
        "verification_status": "Verified",
        "validation_issue": "",
        "is_disputed": false,
        "color": "#00C896"
      }
    },
    {
      "type": "Feature",
      "id": "P0369",
      "geometry": {
        "type": "Polygon",
        "coordinates": [
          [
            [
              77.5934,
              14.6782
            ],
            [
              77.5954,
              14.6782
            ],
            [
              77.5954,
              14.6798
            ],
            [
              77.5934,
              14.6798
            ],
            [
              77.5934,
              14.6782
            ]
          ]
        ]
      },
      "properties": {
        "parcel_id": "P0369",
        "survey_no": "469",
        "survey_number": "469",
        "owner_name": "Synthetic Owner 369",
        "ocr_owner_name": "Synthetic Owner 369",
        "area_acres": 14.2187,
        "ocr_area_acres": 14.2187,
        "area_hectares": 5.754,
        "land_class": "Agricultural",
        "district": "Anantapur",
        "state": "Andhra Pradesh",
        "village": "Example Village",
        "document_id": "DOC-00369",
        "confidence": 0.975,
        "verification_status": "Verified",
        "validation_issue": "",
        "is_disputed": false,
        "color": "#00C896"
      }
    },
    {
      "type": "Feature",
      "id": "P0370",
      "geometry": {
        "type": "Polygon",
        "coordinates": [
          [
            [
              77.5958,
              14.6782
            ],
            [
              77.5978,
              14.6782
            ],
            [
              77.5978,
              14.6798
            ],
            [
              77.5958,
              14.6798
            ],
            [
              77.5958,
              14.6782
            ]
          ]
        ]
      },
      "properties": {
        "parcel_id": "P0370",
        "survey_no": "470",
        "survey_number": "470",
        "owner_name": "Synthetic Owner 370",
        "ocr_owner_name": "Synthetic Owner 370",
        "area_acres": 14.2187,
        "ocr_area_acres": 14.2187,
        "area_hectares": 5.754,
        "land_class": "Government",
        "district": "Anantapur",
        "state": "Andhra Pradesh",
        "village": "Example Village",
        "document_id": "DOC-00370",
        "confidence": 0.984,
        "verification_status": "Verified",
        "validation_issue": "",
        "is_disputed": false,
        "color": "#00C896"
      }
    },
    {
      "type": "Feature",
      "id": "P0371",
      "geometry": {
        "type": "Polygon",
        "coordinates": [
          [
            [
              77.5982,
              14.6782
            ],
            [
              77.6002,
              14.6782
            ],
            [
              77.6002,
              14.6798
            ],
            [
              77.5982,
              14.6798
            ],
            [
              77.5982,
              14.6782
            ]
          ]
        ]
      },
      "properties": {
        "parcel_id": "P0371",
        "survey_no": "471/3",
        "survey_number": "471",
        "owner_name": "Synthetic Owner 371",
        "ocr_owner_name": "Synthetic Owner 371",
        "area_acres": 14.2187,
        "ocr_area_acres": 14.2187,
        "area_hectares": 5.754,
        "land_class": "Water Body",
        "district": "Anantapur",
        "state": "Andhra Pradesh",
        "village": "Example Village",
        "document_id": "DOC-00371",
        "confidence": 0.93,
        "verification_status": "Verified",
        "validation_issue": "",
        "is_disputed": false,
        "color": "#00C896"
      }
    },
    {
      "type": "Feature",
      "id": "P0372",
      "geometry": {
        "type": "Polygon",
        "coordinates": [
          [
            [
              77.6006,
              14.6782
            ],
            [
              77.6026,
              14.6782
            ],
            [
              77.6026,
              14.6798
            ],
            [
              77.6006,
              14.6798
            ],
            [
              77.6006,
              14.6782
            ]
          ]
        ]
      },
      "properties": {
        "parcel_id": "P0372",
        "survey_no": "472",
        "survey_number": "472",
        "owner_name": "Synthetic Owner 372",
        "ocr_owner_name": "Synthetic Owner 372",
        "area_acres": 14.2187,
        "ocr_area_acres": 14.2187,
        "area_hectares": 5.754,
        "land_class": "Agricultural",
        "district": "Anantapur",
        "state": "Andhra Pradesh",
        "village": "Example Village",
        "document_id": "DOC-00372",
        "confidence": 0.939,
        "verification_status": "Verified",
        "validation_issue": "",
        "is_disputed": false,
        "color": "#00C896"
      }
    },
    {
      "type": "Feature",
      "id": "P0373",
      "geometry": {
        "type": "Polygon",
        "coordinates": [
          [
            [
              77.603,
              14.6782
            ],
            [
              77.605,
              14.6782
            ],
            [
              77.605,
              14.6798
            ],
            [
              77.603,
              14.6798
            ],
            [
              77.603,
              14.6782
            ]
          ]
        ]
      },
      "properties": {
        "parcel_id": "P0373",
        "survey_no": "473",
        "survey_number": "473",
        "owner_name": "Synthetic Owner 373",
        "ocr_owner_name": "Synthetic Owner 373",
        "area_acres": 14.2187,
        "ocr_area_acres": 14.2187,
        "area_hectares": 5.754,
        "land_class": "Government",
        "district": "Anantapur",
        "state": "Andhra Pradesh",
        "village": "Example Village",
        "document_id": "DOC-00373",
        "confidence": 0.948,
        "verification_status": "Verified",
        "validation_issue": "",
        "is_disputed": false,
        "color": "#00C896"
      }
    },
    {
      "type": "Feature",
      "id": "P0374",
      "geometry": {
        "type": "Polygon",
        "coordinates": [
          [
            [
              77.6054,
              14.6782
            ],
            [
              77.6074,
              14.6782
            ],
            [
              77.6074,
              14.6798
            ],
            [
              77.6054,
              14.6798
            ],
            [
              77.6054,
              14.6782
            ]
          ]
        ]
      },
      "properties": {
        "parcel_id": "P0374",
        "survey_no": "474",
        "survey_number": "474",
        "owner_name": "Synthetic Owner 374",
        "ocr_owner_name": "Synthetic Owner 374",
        "area_acres": 14.2187,
        "ocr_area_acres": 14.2187,
        "area_hectares": 5.754,
        "land_class": "Water Body",
        "district": "Anantapur",
        "state": "Andhra Pradesh",
        "village": "Example Village",
        "document_id": "DOC-00374",
        "confidence": 0.957,
        "verification_status": "Verified",
        "validation_issue": "",
        "is_disputed": false,
        "color": "#00C896"
      }
    },
    {
      "type": "Feature",
      "id": "P0375",
      "geometry": {
        "type": "Polygon",
        "coordinates": [
          [
            [
              77.6078,
              14.6782
            ],
            [
              77.6098,
              14.6782
            ],
            [
              77.6098,
              14.6798
            ],
            [
              77.6078,
              14.6798
            ],
            [
              77.6078,
              14.6782
            ]
          ]
        ]
      },
      "properties": {
        "parcel_id": "P0375",
        "survey_no": "475",
        "survey_number": "475",
        "owner_name": "Synthetic Owner 375",
        "ocr_owner_name": "Synthetic Owner 375",
        "area_acres": 14.2187,
        "ocr_area_acres": 14.2187,
        "area_hectares": 5.754,
        "land_class": "Agricultural",
        "district": "Anantapur",
        "state": "Andhra Pradesh",
        "village": "Example Village",
        "document_id": "DOC-00375",
        "confidence": 0.966,
        "verification_status": "Verified",
        "validation_issue": "",
        "is_disputed": false,
        "color": "#00C896"
      }
    },
    {
      "type": "Feature",
      "id": "P0376",
      "geometry": {
        "type": "Polygon",
        "coordinates": [
          [
            [
              77.5502,
              14.6802
            ],
            [
              77.5522,
              14.6802
            ],
            [
              77.5522,
              14.6818
            ],
            [
              77.5502,
              14.6818
            ],
            [
              77.5502,
              14.6802
            ]
          ]
        ]
      },
      "properties": {
        "parcel_id": "P0376",
        "survey_no": "476/2",
        "survey_number": "476",
        "owner_name": "Synthetic Owner 376",
        "ocr_owner_name": "Synthetic Owner 376",
        "area_acres": 14.2185,
        "ocr_area_acres": 14.2185,
        "area_hectares": 5.754,
        "land_class": "Government",
        "district": "Anantapur",
        "state": "Andhra Pradesh",
        "village": "Example Village",
        "document_id": "DOC-00376",
        "confidence": 0.712,
        "verification_status": "Review Required",
        "validation_issue": "Missing mutation information",
        "is_disputed": false,
        "color": "#FFB800"
      }
    },
    {
      "type": "Feature",
      "id": "P0377",
      "geometry": {
        "type": "Polygon",
        "coordinates": [
          [
            [
              77.5526,
              14.6802
            ],
            [
              77.5546,
              14.6802
            ],
            [
              77.5546,
              14.6818
            ],
            [
              77.5526,
              14.6818
            ],
            [
              77.5526,
              14.6802
            ]
          ]
        ]
      },
      "properties": {
        "parcel_id": "P0377",
        "survey_no": "477",
        "survey_number": "477",
        "owner_name": "Synthetic Owner 377",
        "ocr_owner_name": "Synthetic Owner 377",
        "area_acres": 14.2185,
        "ocr_area_acres": 14.2185,
        "area_hectares": 5.754,
        "land_class": "Water Body",
        "district": "Anantapur",
        "state": "Andhra Pradesh",
        "village": "Example Village",
        "document_id": "DOC-00377",
        "confidence": 0.724,
        "verification_status": "Review Required",
        "validation_issue": "Missing mutation information",
        "is_disputed": false,
        "color": "#FFB800"
      }
    },
    {
      "type": "Feature",
      "id": "P0378",
      "geometry": {
        "type": "Polygon",
        "coordinates": [
          [
            [
              77.555,
              14.6802
            ],
            [
              77.557,
              14.6802
            ],
            [
              77.557,
              14.6818
            ],
            [
              77.555,
              14.6818
            ],
            [
              77.555,
              14.6802
            ]
          ]
        ]
      },
      "properties": {
        "parcel_id": "P0378",
        "survey_no": "478",
        "survey_number": "478",
        "owner_name": "Synthetic Owner 378",
        "ocr_owner_name": "Synthetic Owner 378",
        "area_acres": 14.2185,
        "ocr_area_acres": 14.2185,
        "area_hectares": 5.754,
        "land_class": "Agricultural",
        "district": "Anantapur",
        "state": "Andhra Pradesh",
        "village": "Example Village",
        "document_id": "DOC-00378",
        "confidence": 0.736,
        "verification_status": "Review Required",
        "validation_issue": "Missing mutation information",
        "is_disputed": false,
        "color": "#FFB800"
      }
    },
    {
      "type": "Feature",
      "id": "P0379",
      "geometry": {
        "type": "Polygon",
        "coordinates": [
          [
            [
              77.5574,
              14.6802
            ],
            [
              77.5594,
              14.6802
            ],
            [
              77.5594,
              14.6818
            ],
            [
              77.5574,
              14.6818
            ],
            [
              77.5574,
              14.6802
            ]
          ]
        ]
      },
      "properties": {
        "parcel_id": "P0379",
        "survey_no": "479",
        "survey_number": "479",
        "owner_name": "Synthetic Owner 379",
        "ocr_owner_name": "Synthetic Owner 379",
        "area_acres": 14.2185,
        "ocr_area_acres": 14.2185,
        "area_hectares": 5.754,
        "land_class": "Government",
        "district": "Anantapur",
        "state": "Andhra Pradesh",
        "village": "Example Village",
        "document_id": "DOC-00379",
        "confidence": 0.939,
        "verification_status": "Verified",
        "validation_issue": "",
        "is_disputed": false,
        "color": "#00C896"
      }
    },
    {
      "type": "Feature",
      "id": "P0380",
      "geometry": {
        "type": "Polygon",
        "coordinates": [
          [
            [
              77.5598,
              14.6802
            ],
            [
              77.5618,
              14.6802
            ],
            [
              77.5618,
              14.6818
            ],
            [
              77.5598,
              14.6818
            ],
            [
              77.5598,
              14.6802
            ]
          ]
        ]
      },
      "properties": {
        "parcel_id": "P0380",
        "survey_no": "480",
        "survey_number": "480",
        "owner_name": "Synthetic Owner 380",
        "ocr_owner_name": "Synthetic Owner 380",
        "area_acres": 14.2185,
        "ocr_area_acres": 14.2185,
        "area_hectares": 5.754,
        "land_class": "Water Body",
        "district": "Anantapur",
        "state": "Andhra Pradesh",
        "village": "Example Village",
        "document_id": "DOC-00380",
        "confidence": 0.48,
        "verification_status": "Conflict",
        "validation_issue": "Survey number uncertainty",
        "is_disputed": true,
        "color": "#FF4757"
      }
    },
    {
      "type": "Feature",
      "id": "P0381",
      "geometry": {
        "type": "Polygon",
        "coordinates": [
          [
            [
              77.5622,
              14.6802
            ],
            [
              77.5642,
              14.6802
            ],
            [
              77.5642,
              14.6818
            ],
            [
              77.5622,
              14.6818
            ],
            [
              77.5622,
              14.6802
            ]
          ]
        ]
      },
      "properties": {
        "parcel_id": "P0381",
        "survey_no": "481/1",
        "survey_number": "481",
        "owner_name": "Synthetic Owner 381",
        "ocr_owner_name": "Synthetic Owner 381",
        "area_acres": 14.2185,
        "ocr_area_acres": 14.2185,
        "area_hectares": 5.754,
        "land_class": "Agricultural",
        "district": "Anantapur",
        "state": "Andhra Pradesh",
        "village": "Example Village",
        "document_id": "DOC-00381",
        "confidence": 0.772,
        "verification_status": "Review Required",
        "validation_issue": "Possible duplicate",
        "is_disputed": false,
        "color": "#FFB800"
      }
    },
    {
      "type": "Feature",
      "id": "P0382",
      "geometry": {
        "type": "Polygon",
        "coordinates": [
          [
            [
              77.5646,
              14.6802
            ],
            [
              77.5666,
              14.6802
            ],
            [
              77.5666,
              14.6818
            ],
            [
              77.5646,
              14.6818
            ],
            [
              77.5646,
              14.6802
            ]
          ]
        ]
      },
      "properties": {
        "parcel_id": "P0382",
        "survey_no": "482",
        "survey_number": "482",
        "owner_name": "Synthetic Owner 382",
        "ocr_owner_name": "Synthetic Owner 382",
        "area_acres": 14.2185,
        "ocr_area_acres": 14.2185,
        "area_hectares": 5.754,
        "land_class": "Government",
        "district": "Anantapur",
        "state": "Andhra Pradesh",
        "village": "Example Village",
        "document_id": "DOC-00382",
        "confidence": 0.966,
        "verification_status": "Verified",
        "validation_issue": "",
        "is_disputed": false,
        "color": "#00C896"
      }
    },
    {
      "type": "Feature",
      "id": "P0383",
      "geometry": {
        "type": "Polygon",
        "coordinates": [
          [
            [
              77.567,
              14.6802
            ],
            [
              77.569,
              14.6802
            ],
            [
              77.569,
              14.6818
            ],
            [
              77.567,
              14.6818
            ],
            [
              77.567,
              14.6802
            ]
          ]
        ]
      },
      "properties": {
        "parcel_id": "P0383",
        "survey_no": "483",
        "survey_number": "483",
        "owner_name": "Synthetic Owner 383",
        "ocr_owner_name": "Synthetic Owner 383",
        "area_acres": 14.2185,
        "ocr_area_acres": 14.2185,
        "area_hectares": 5.754,
        "land_class": "Water Body",
        "district": "Anantapur",
        "state": "Andhra Pradesh",
        "village": "Example Village",
        "document_id": "DOC-00383",
        "confidence": 0.975,
        "verification_status": "Verified",
        "validation_issue": "",
        "is_disputed": false,
        "color": "#00C896"
      }
    },
    {
      "type": "Feature",
      "id": "P0384",
      "geometry": {
        "type": "Polygon",
        "coordinates": [
          [
            [
              77.5694,
              14.6802
            ],
            [
              77.5714,
              14.6802
            ],
            [
              77.5714,
              14.6818
            ],
            [
              77.5694,
              14.6818
            ],
            [
              77.5694,
              14.6802
            ]
          ]
        ]
      },
      "properties": {
        "parcel_id": "P0384",
        "survey_no": "484",
        "survey_number": "484",
        "owner_name": "Synthetic Owner 384",
        "ocr_owner_name": "Synthetic Owner 384",
        "area_acres": 14.2185,
        "ocr_area_acres": 14.2185,
        "area_hectares": 5.754,
        "land_class": "Agricultural",
        "district": "Anantapur",
        "state": "Andhra Pradesh",
        "village": "Example Village",
        "document_id": "DOC-00384",
        "confidence": 0.808,
        "verification_status": "Review Required",
        "validation_issue": "Missing mutation information",
        "is_disputed": false,
        "color": "#FFB800"
      }
    },
    {
      "type": "Feature",
      "id": "P0385",
      "geometry": {
        "type": "Polygon",
        "coordinates": [
          [
            [
              77.5718,
              14.6802
            ],
            [
              77.5738,
              14.6802
            ],
            [
              77.5738,
              14.6818
            ],
            [
              77.5718,
              14.6818
            ],
            [
              77.5718,
              14.6802
            ]
          ]
        ]
      },
      "properties": {
        "parcel_id": "P0385",
        "survey_no": "485",
        "survey_number": "485",
        "owner_name": "Synthetic Owner 385",
        "ocr_owner_name": "Synthetic Owner 385",
        "area_acres": 14.2185,
        "ocr_area_acres": 14.2185,
        "area_hectares": 5.754,
        "land_class": "Government",
        "district": "Anantapur",
        "state": "Andhra Pradesh",
        "village": "Example Village",
        "document_id": "DOC-00385",
        "confidence": 0.93,
        "verification_status": "Verified",
        "validation_issue": "",
        "is_disputed": false,
        "color": "#00C896"
      }
    },
    {
      "type": "Feature",
      "id": "P0386",
      "geometry": {
        "type": "Polygon",
        "coordinates": [
          [
            [
              77.5742,
              14.6802
            ],
            [
              77.5762,
              14.6802
            ],
            [
              77.5762,
              14.6818
            ],
            [
              77.5742,
              14.6818
            ],
            [
              77.5742,
              14.6802
            ]
          ]
        ]
      },
      "properties": {
        "parcel_id": "P0386",
        "survey_no": "486/3",
        "survey_number": "486",
        "owner_name": "Synthetic Owner 386",
        "ocr_owner_name": "Synthetic Owner 386",
        "area_acres": 14.2185,
        "ocr_area_acres": 14.2185,
        "area_hectares": 5.754,
        "land_class": "Water Body",
        "district": "Anantapur",
        "state": "Andhra Pradesh",
        "village": "Example Village",
        "document_id": "DOC-00386",
        "confidence": 0.939,
        "verification_status": "Verified",
        "validation_issue": "",
        "is_disputed": false,
        "color": "#00C896"
      }
    },
    {
      "type": "Feature",
      "id": "P0387",
      "geometry": {
        "type": "Polygon",
        "coordinates": [
          [
            [
              77.5766,
              14.6802
            ],
            [
              77.5786,
              14.6802
            ],
            [
              77.5786,
              14.6818
            ],
            [
              77.5766,
              14.6818
            ],
            [
              77.5766,
              14.6802
            ]
          ]
        ]
      },
      "properties": {
        "parcel_id": "P0387",
        "survey_no": "487",
        "survey_number": "487",
        "owner_name": "Synthetic Owner 387",
        "ocr_owner_name": "Synthetic Owner 387",
        "area_acres": 14.2185,
        "ocr_area_acres": 14.2185,
        "area_hectares": 5.754,
        "land_class": "Agricultural",
        "district": "Anantapur",
        "state": "Andhra Pradesh",
        "village": "Example Village",
        "document_id": "DOC-00387",
        "confidence": 0.948,
        "verification_status": "Verified",
        "validation_issue": "",
        "is_disputed": false,
        "color": "#00C896"
      }
    },
    {
      "type": "Feature",
      "id": "P0388",
      "geometry": {
        "type": "Polygon",
        "coordinates": [
          [
            [
              77.579,
              14.6802
            ],
            [
              77.581,
              14.6802
            ],
            [
              77.581,
              14.6818
            ],
            [
              77.579,
              14.6818
            ],
            [
              77.579,
              14.6802
            ]
          ]
        ]
      },
      "properties": {
        "parcel_id": "P0388",
        "survey_no": "488",
        "survey_number": "488",
        "owner_name": "Synthetic Owner 388",
        "ocr_owner_name": "Synthetic Owner 388",
        "area_acres": 14.2185,
        "ocr_area_acres": 14.2185,
        "area_hectares": 5.754,
        "land_class": "Government",
        "district": "Anantapur",
        "state": "Andhra Pradesh",
        "village": "Example Village",
        "document_id": "DOC-00388",
        "confidence": 0.957,
        "verification_status": "Verified",
        "validation_issue": "",
        "is_disputed": false,
        "color": "#00C896"
      }
    },
    {
      "type": "Feature",
      "id": "P0389",
      "geometry": {
        "type": "Polygon",
        "coordinates": [
          [
            [
              77.5814,
              14.6802
            ],
            [
              77.5834,
              14.6802
            ],
            [
              77.5834,
              14.6818
            ],
            [
              77.5814,
              14.6818
            ],
            [
              77.5814,
              14.6802
            ]
          ]
        ]
      },
      "properties": {
        "parcel_id": "P0389",
        "survey_no": "489",
        "survey_number": "489",
        "owner_name": "Synthetic Owner 389",
        "ocr_owner_name": "Synthetic Owner 389",
        "area_acres": 14.2185,
        "ocr_area_acres": 14.2185,
        "area_hectares": 5.754,
        "land_class": "Water Body",
        "district": "Anantapur",
        "state": "Andhra Pradesh",
        "village": "Example Village",
        "document_id": "DOC-00389",
        "confidence": 0.966,
        "verification_status": "Verified",
        "validation_issue": "",
        "is_disputed": false,
        "color": "#00C896"
      }
    },
    {
      "type": "Feature",
      "id": "P0390",
      "geometry": {
        "type": "Polygon",
        "coordinates": [
          [
            [
              77.5838,
              14.6802
            ],
            [
              77.5858,
              14.6802
            ],
            [
              77.5858,
              14.6818
            ],
            [
              77.5838,
              14.6818
            ],
            [
              77.5838,
              14.6802
            ]
          ]
        ]
      },
      "properties": {
        "parcel_id": "P0390",
        "survey_no": "490",
        "survey_number": "490",
        "owner_name": "Synthetic Owner 390",
        "ocr_owner_name": "Synthetic Owner 390",
        "area_acres": 14.2185,
        "ocr_area_acres": 14.2185,
        "area_hectares": 5.754,
        "land_class": "Agricultural",
        "district": "Anantapur",
        "state": "Andhra Pradesh",
        "village": "Example Village",
        "document_id": "DOC-00390",
        "confidence": 0.975,
        "verification_status": "Verified",
        "validation_issue": "",
        "is_disputed": false,
        "color": "#00C896"
      }
    },
    {
      "type": "Feature",
      "id": "P0391",
      "geometry": {
        "type": "Polygon",
        "coordinates": [
          [
            [
              77.5862,
              14.6802
            ],
            [
              77.5882,
              14.6802
            ],
            [
              77.5882,
              14.6818
            ],
            [
              77.5862,
              14.6818
            ],
            [
              77.5862,
              14.6802
            ]
          ]
        ]
      },
      "properties": {
        "parcel_id": "P0391",
        "survey_no": "491/2",
        "survey_number": "491",
        "owner_name": "Synthetic Owner 391",
        "ocr_owner_name": "Synthetic Owner 391",
        "area_acres": 14.2185,
        "ocr_area_acres": 14.2185,
        "area_hectares": 5.754,
        "land_class": "Government",
        "district": "Anantapur",
        "state": "Andhra Pradesh",
        "village": "Example Village",
        "document_id": "DOC-00391",
        "confidence": 0.984,
        "verification_status": "Verified",
        "validation_issue": "",
        "is_disputed": false,
        "color": "#00C896"
      }
    },
    {
      "type": "Feature",
      "id": "P0392",
      "geometry": {
        "type": "Polygon",
        "coordinates": [
          [
            [
              77.5886,
              14.6802
            ],
            [
              77.5906,
              14.6802
            ],
            [
              77.5906,
              14.6818
            ],
            [
              77.5886,
              14.6818
            ],
            [
              77.5886,
              14.6802
            ]
          ]
        ]
      },
      "properties": {
        "parcel_id": "P0392",
        "survey_no": "492",
        "survey_number": "492",
        "owner_name": "Synthetic Owner 392",
        "ocr_owner_name": "Synthetic Owner 392",
        "area_acres": 14.2185,
        "ocr_area_acres": 14.2185,
        "area_hectares": 5.754,
        "land_class": "Water Body",
        "district": "Anantapur",
        "state": "Andhra Pradesh",
        "village": "Example Village",
        "document_id": "DOC-00392",
        "confidence": 0.93,
        "verification_status": "Verified",
        "validation_issue": "",
        "is_disputed": false,
        "color": "#00C896"
      }
    },
    {
      "type": "Feature",
      "id": "P0393",
      "geometry": {
        "type": "Polygon",
        "coordinates": [
          [
            [
              77.591,
              14.6802
            ],
            [
              77.593,
              14.6802
            ],
            [
              77.593,
              14.6818
            ],
            [
              77.591,
              14.6818
            ],
            [
              77.591,
              14.6802
            ]
          ]
        ]
      },
      "properties": {
        "parcel_id": "P0393",
        "survey_no": "493",
        "survey_number": "493",
        "owner_name": "Synthetic Owner 393",
        "ocr_owner_name": "Synthetic Owner 393",
        "area_acres": 14.2185,
        "ocr_area_acres": 14.2185,
        "area_hectares": 5.754,
        "land_class": "Agricultural",
        "district": "Anantapur",
        "state": "Andhra Pradesh",
        "village": "Example Village",
        "document_id": "DOC-00393",
        "confidence": 0.636,
        "verification_status": "Conflict",
        "validation_issue": "Survey number uncertainty",
        "is_disputed": true,
        "color": "#FF4757"
      }
    },
    {
      "type": "Feature",
      "id": "P0394",
      "geometry": {
        "type": "Polygon",
        "coordinates": [
          [
            [
              77.5934,
              14.6802
            ],
            [
              77.5954,
              14.6802
            ],
            [
              77.5954,
              14.6818
            ],
            [
              77.5934,
              14.6818
            ],
            [
              77.5934,
              14.6802
            ]
          ]
        ]
      },
      "properties": {
        "parcel_id": "P0394",
        "survey_no": "494",
        "survey_number": "494",
        "owner_name": "Synthetic Owner 394",
        "ocr_owner_name": "Synthetic Owner 394",
        "area_acres": 14.2185,
        "ocr_area_acres": 14.2185,
        "area_hectares": 5.754,
        "land_class": "Government",
        "district": "Anantapur",
        "state": "Andhra Pradesh",
        "village": "Example Village",
        "document_id": "DOC-00394",
        "confidence": 0.948,
        "verification_status": "Verified",
        "validation_issue": "",
        "is_disputed": false,
        "color": "#00C896"
      }
    },
    {
      "type": "Feature",
      "id": "P0395",
      "geometry": {
        "type": "Polygon",
        "coordinates": [
          [
            [
              77.5958,
              14.6802
            ],
            [
              77.5978,
              14.6802
            ],
            [
              77.5978,
              14.6818
            ],
            [
              77.5958,
              14.6818
            ],
            [
              77.5958,
              14.6802
            ]
          ]
        ]
      },
      "properties": {
        "parcel_id": "P0395",
        "survey_no": "495",
        "survey_number": "495",
        "owner_name": "Synthetic Owner 395",
        "ocr_owner_name": "Synthetic Owner 395",
        "area_acres": 14.2185,
        "ocr_area_acres": 14.2185,
        "area_hectares": 5.754,
        "land_class": "Water Body",
        "district": "Anantapur",
        "state": "Andhra Pradesh",
        "village": "Example Village",
        "document_id": "DOC-00395",
        "confidence": 0.957,
        "verification_status": "Verified",
        "validation_issue": "",
        "is_disputed": false,
        "color": "#00C896"
      }
    },
    {
      "type": "Feature",
      "id": "P0396",
      "geometry": {
        "type": "Polygon",
        "coordinates": [
          [
            [
              77.5982,
              14.6802
            ],
            [
              77.6002,
              14.6802
            ],
            [
              77.6002,
              14.6818
            ],
            [
              77.5982,
              14.6818
            ],
            [
              77.5982,
              14.6802
            ]
          ]
        ]
      },
      "properties": {
        "parcel_id": "P0396",
        "survey_no": "496/1",
        "survey_number": "496",
        "owner_name": "Synthetic Owner 396",
        "ocr_owner_name": "Synthetic Owner 396",
        "area_acres": 14.2185,
        "ocr_area_acres": 14.2185,
        "area_hectares": 5.754,
        "land_class": "Agricultural",
        "district": "Anantapur",
        "state": "Andhra Pradesh",
        "village": "Example Village",
        "document_id": "DOC-00396",
        "confidence": 0.966,
        "verification_status": "Verified",
        "validation_issue": "",
        "is_disputed": false,
        "color": "#00C896"
      }
    },
    {
      "type": "Feature",
      "id": "P0397",
      "geometry": {
        "type": "Polygon",
        "coordinates": [
          [
            [
              77.6006,
              14.6802
            ],
            [
              77.6026,
              14.6802
            ],
            [
              77.6026,
              14.6818
            ],
            [
              77.6006,
              14.6818
            ],
            [
              77.6006,
              14.6802
            ]
          ]
        ]
      },
      "properties": {
        "parcel_id": "P0397",
        "survey_no": "497",
        "survey_number": "497",
        "owner_name": "Synthetic Owner 397",
        "ocr_owner_name": "Synthetic Owner 397",
        "area_acres": 14.2185,
        "ocr_area_acres": 14.2185,
        "area_hectares": 5.754,
        "land_class": "Government",
        "district": "Anantapur",
        "state": "Andhra Pradesh",
        "village": "Example Village",
        "document_id": "DOC-00397",
        "confidence": 0.784,
        "verification_status": "Review Required",
        "validation_issue": "Possible duplicate",
        "is_disputed": false,
        "color": "#FFB800"
      }
    },
    {
      "type": "Feature",
      "id": "P0398",
      "geometry": {
        "type": "Polygon",
        "coordinates": [
          [
            [
              77.603,
              14.6802
            ],
            [
              77.605,
              14.6802
            ],
            [
              77.605,
              14.6818
            ],
            [
              77.603,
              14.6818
            ],
            [
              77.603,
              14.6802
            ]
          ]
        ]
      },
      "properties": {
        "parcel_id": "P0398",
        "survey_no": "498",
        "survey_number": "498",
        "owner_name": "Synthetic Owner 398",
        "ocr_owner_name": "Synthetic Owner 398",
        "area_acres": 14.2185,
        "ocr_area_acres": 14.2185,
        "area_hectares": 5.754,
        "land_class": "Water Body",
        "district": "Anantapur",
        "state": "Andhra Pradesh",
        "village": "Example Village",
        "document_id": "DOC-00398",
        "confidence": 0.796,
        "verification_status": "Review Required",
        "validation_issue": "Possible duplicate",
        "is_disputed": false,
        "color": "#FFB800"
      }
    },
    {
      "type": "Feature",
      "id": "P0399",
      "geometry": {
        "type": "Polygon",
        "coordinates": [
          [
            [
              77.6054,
              14.6802
            ],
            [
              77.6074,
              14.6802
            ],
            [
              77.6074,
              14.6818
            ],
            [
              77.6054,
              14.6818
            ],
            [
              77.6054,
              14.6802
            ]
          ]
        ]
      },
      "properties": {
        "parcel_id": "P0399",
        "survey_no": "499",
        "survey_number": "499",
        "owner_name": "Synthetic Owner 399",
        "ocr_owner_name": "Synthetic Owner 417",
        "area_acres": 14.2185,
        "ocr_area_acres": 14.2185,
        "area_hectares": 5.754,
        "land_class": "Agricultural",
        "district": "Anantapur",
        "state": "Andhra Pradesh",
        "village": "Example Village",
        "document_id": "DOC-00399",
        "confidence": 0.708,
        "verification_status": "Conflict",
        "validation_issue": "Owner mismatch",
        "is_disputed": true,
        "color": "#FF4757"
      }
    },
    {
      "type": "Feature",
      "id": "P0400",
      "geometry": {
        "type": "Polygon",
        "coordinates": [
          [
            [
              77.6078,
              14.6802
            ],
            [
              77.6098,
              14.6802
            ],
            [
              77.6098,
              14.6818
            ],
            [
              77.6078,
              14.6818
            ],
            [
              77.6078,
              14.6802
            ]
          ]
        ]
      },
      "properties": {
        "parcel_id": "P0400",
        "survey_no": "500",
        "survey_number": "500",
        "owner_name": "Synthetic Owner 400",
        "ocr_owner_name": "Synthetic Owner 400",
        "area_acres": 14.2185,
        "ocr_area_acres": 14.2185,
        "area_hectares": 5.754,
        "land_class": "Government",
        "district": "Anantapur",
        "state": "Andhra Pradesh",
        "village": "Example Village",
        "document_id": "DOC-00400",
        "confidence": 0.939,
        "verification_status": "Verified",
        "validation_issue": "",
        "is_disputed": false,
        "color": "#00C896"
      }
    },
    {
      "type": "Feature",
      "id": "P0401",
      "geometry": {
        "type": "Polygon",
        "coordinates": [
          [
            [
              77.5502,
              14.6822
            ],
            [
              77.5522,
              14.6822
            ],
            [
              77.5522,
              14.6838
            ],
            [
              77.5502,
              14.6838
            ],
            [
              77.5502,
              14.6822
            ]
          ]
        ]
      },
      "properties": {
        "parcel_id": "P0401",
        "survey_no": "501/3",
        "survey_number": "501",
        "owner_name": "Synthetic Owner 401",
        "ocr_owner_name": "Synthetic Owner 401",
        "area_acres": 14.2184,
        "ocr_area_acres": 15.3559,
        "area_hectares": 5.754,
        "land_class": "Water Body",
        "district": "Anantapur",
        "state": "Andhra Pradesh",
        "village": "Example Village",
        "document_id": "DOC-00401",
        "confidence": 0.432,
        "verification_status": "Conflict",
        "validation_issue": "Area mismatch",
        "is_disputed": true,
        "color": "#FF4757"
      }
    },
    {
      "type": "Feature",
      "id": "P0402",
      "geometry": {
        "type": "Polygon",
        "coordinates": [
          [
            [
              77.5526,
              14.6822
            ],
            [
              77.5546,
              14.6822
            ],
            [
              77.5546,
              14.6838
            ],
            [
              77.5526,
              14.6838
            ],
            [
              77.5526,
              14.6822
            ]
          ]
        ]
      },
      "properties": {
        "parcel_id": "P0402",
        "survey_no": "502",
        "survey_number": "502",
        "owner_name": "Synthetic Owner 402",
        "ocr_owner_name": "Synthetic Owner 402",
        "area_acres": 14.2184,
        "ocr_area_acres": 14.2184,
        "area_hectares": 5.754,
        "land_class": "Agricultural",
        "district": "Anantapur",
        "state": "Andhra Pradesh",
        "village": "Example Village",
        "document_id": "DOC-00402",
        "confidence": 0.957,
        "verification_status": "Verified",
        "validation_issue": "",
        "is_disputed": false,
        "color": "#00C896"
      }
    },
    {
      "type": "Feature",
      "id": "P0403",
      "geometry": {
        "type": "Polygon",
        "coordinates": [
          [
            [
              77.555,
              14.6822
            ],
            [
              77.557,
              14.6822
            ],
            [
              77.557,
              14.6838
            ],
            [
              77.555,
              14.6838
            ],
            [
              77.555,
              14.6822
            ]
          ]
        ]
      },
      "properties": {
        "parcel_id": "P0403",
        "survey_no": "503",
        "survey_number": "503",
        "owner_name": "Synthetic Owner 403",
        "ocr_owner_name": "Synthetic Owner 403",
        "area_acres": 14.2184,
        "ocr_area_acres": 15.3559,
        "area_hectares": 5.754,
        "land_class": "Government",
        "district": "Anantapur",
        "state": "Andhra Pradesh",
        "village": "Example Village",
        "document_id": "DOC-00403",
        "confidence": 0.456,
        "verification_status": "Conflict",
        "validation_issue": "Area mismatch",
        "is_disputed": true,
        "color": "#FF4757"
      }
    },
    {
      "type": "Feature",
      "id": "P0404",
      "geometry": {
        "type": "Polygon",
        "coordinates": [
          [
            [
              77.5574,
              14.6822
            ],
            [
              77.5594,
              14.6822
            ],
            [
              77.5594,
              14.6838
            ],
            [
              77.5574,
              14.6838
            ],
            [
              77.5574,
              14.6822
            ]
          ]
        ]
      },
      "properties": {
        "parcel_id": "P0404",
        "survey_no": "504",
        "survey_number": "504",
        "owner_name": "Synthetic Owner 404",
        "ocr_owner_name": "Synthetic Owner 404",
        "area_acres": 14.2184,
        "ocr_area_acres": 14.2184,
        "area_hectares": 5.754,
        "land_class": "Water Body",
        "district": "Anantapur",
        "state": "Andhra Pradesh",
        "village": "Example Village",
        "document_id": "DOC-00404",
        "confidence": 0.975,
        "verification_status": "Verified",
        "validation_issue": "",
        "is_disputed": false,
        "color": "#00C896"
      }
    },
    {
      "type": "Feature",
      "id": "P0405",
      "geometry": {
        "type": "Polygon",
        "coordinates": [
          [
            [
              77.5598,
              14.6822
            ],
            [
              77.5618,
              14.6822
            ],
            [
              77.5618,
              14.6838
            ],
            [
              77.5598,
              14.6838
            ],
            [
              77.5598,
              14.6822
            ]
          ]
        ]
      },
      "properties": {
        "parcel_id": "P0405",
        "survey_no": "505",
        "survey_number": "505",
        "owner_name": "Synthetic Owner 405",
        "ocr_owner_name": "Synthetic Owner 405",
        "area_acres": 14.2184,
        "ocr_area_acres": 14.2184,
        "area_hectares": 5.754,
        "land_class": "Agricultural",
        "district": "Anantapur",
        "state": "Andhra Pradesh",
        "village": "Example Village",
        "document_id": "DOC-00405",
        "confidence": 0.984,
        "verification_status": "Verified",
        "validation_issue": "",
        "is_disputed": false,
        "color": "#00C896"
      }
    },
    {
      "type": "Feature",
      "id": "P0406",
      "geometry": {
        "type": "Polygon",
        "coordinates": [
          [
            [
              77.5622,
              14.6822
            ],
            [
              77.5642,
              14.6822
            ],
            [
              77.5642,
              14.6838
            ],
            [
              77.5622,
              14.6838
            ],
            [
              77.5622,
              14.6822
            ]
          ]
        ]
      },
      "properties": {
        "parcel_id": "P0406",
        "survey_no": "506/2",
        "survey_number": "506",
        "owner_name": "Synthetic Owner 406",
        "ocr_owner_name": "Synthetic Owner 406",
        "area_acres": 14.2184,
        "ocr_area_acres": 14.2184,
        "area_hectares": 5.754,
        "land_class": "Government",
        "district": "Anantapur",
        "state": "Andhra Pradesh",
        "village": "Example Village",
        "document_id": "DOC-00406",
        "confidence": 0.93,
        "verification_status": "Verified",
        "validation_issue": "",
        "is_disputed": false,
        "color": "#00C896"
      }
    },
    {
      "type": "Feature",
      "id": "P0407",
      "geometry": {
        "type": "Polygon",
        "coordinates": [
          [
            [
              77.5646,
              14.6822
            ],
            [
              77.5666,
              14.6822
            ],
            [
              77.5666,
              14.6838
            ],
            [
              77.5646,
              14.6838
            ],
            [
              77.5646,
              14.6822
            ]
          ]
        ]
      },
      "properties": {
        "parcel_id": "P0407",
        "survey_no": "507",
        "survey_number": "507",
        "owner_name": "Synthetic Owner 407",
        "ocr_owner_name": "Synthetic Owner 407",
        "area_acres": 14.2184,
        "ocr_area_acres": 14.2184,
        "area_hectares": 5.754,
        "land_class": "Water Body",
        "district": "Anantapur",
        "state": "Andhra Pradesh",
        "village": "Example Village",
        "document_id": "DOC-00407",
        "confidence": 0.939,
        "verification_status": "Verified",
        "validation_issue": "",
        "is_disputed": false,
        "color": "#00C896"
      }
    },
    {
      "type": "Feature",
      "id": "P0408",
      "geometry": {
        "type": "Polygon",
        "coordinates": [
          [
            [
              77.567,
              14.6822
            ],
            [
              77.569,
              14.6822
            ],
            [
              77.569,
              14.6838
            ],
            [
              77.567,
              14.6838
            ],
            [
              77.567,
              14.6822
            ]
          ]
        ]
      },
      "properties": {
        "parcel_id": "P0408",
        "survey_no": "508",
        "survey_number": "508",
        "owner_name": "Synthetic Owner 408",
        "ocr_owner_name": "Synthetic Owner 408",
        "area_acres": 14.2184,
        "ocr_area_acres": 14.2184,
        "area_hectares": 5.754,
        "land_class": "Agricultural",
        "district": "Anantapur",
        "state": "Andhra Pradesh",
        "village": "Example Village",
        "document_id": "DOC-00408",
        "confidence": 0.736,
        "verification_status": "Review Required",
        "validation_issue": "Missing mutation information",
        "is_disputed": false,
        "color": "#FFB800"
      }
    },
    {
      "type": "Feature",
      "id": "P0409",
      "geometry": {
        "type": "Polygon",
        "coordinates": [
          [
            [
              77.5694,
              14.6822
            ],
            [
              77.5714,
              14.6822
            ],
            [
              77.5714,
              14.6838
            ],
            [
              77.5694,
              14.6838
            ],
            [
              77.5694,
              14.6822
            ]
          ]
        ]
      },
      "properties": {
        "parcel_id": "P0409",
        "survey_no": "509",
        "survey_number": "509",
        "owner_name": "Synthetic Owner 409",
        "ocr_owner_name": "Synthetic Owner 409",
        "area_acres": 14.2184,
        "ocr_area_acres": 14.2184,
        "area_hectares": 5.754,
        "land_class": "Government",
        "district": "Anantapur",
        "state": "Andhra Pradesh",
        "village": "Example Village",
        "document_id": "DOC-00409",
        "confidence": 0.528,
        "verification_status": "Review Required",
        "validation_issue": "Low OCR confidence",
        "is_disputed": false,
        "color": "#FFB800"
      }
    },
    {
      "type": "Feature",
      "id": "P0410",
      "geometry": {
        "type": "Polygon",
        "coordinates": [
          [
            [
              77.5718,
              14.6822
            ],
            [
              77.5738,
              14.6822
            ],
            [
              77.5738,
              14.6838
            ],
            [
              77.5718,
              14.6838
            ],
            [
              77.5718,
              14.6822
            ]
          ]
        ]
      },
      "properties": {
        "parcel_id": "P0410",
        "survey_no": "510",
        "survey_number": "510",
        "owner_name": "Synthetic Owner 410",
        "ocr_owner_name": "Synthetic Owner 410",
        "area_acres": 14.2184,
        "ocr_area_acres": 14.2184,
        "area_hectares": 5.754,
        "land_class": "Water Body",
        "district": "Anantapur",
        "state": "Andhra Pradesh",
        "village": "Example Village",
        "document_id": "DOC-00410",
        "confidence": 0.966,
        "verification_status": "Verified",
        "validation_issue": "",
        "is_disputed": false,
        "color": "#00C896"
      }
    },
    {
      "type": "Feature",
      "id": "P0411",
      "geometry": {
        "type": "Polygon",
        "coordinates": [
          [
            [
              77.5742,
              14.6822
            ],
            [
              77.5762,
              14.6822
            ],
            [
              77.5762,
              14.6838
            ],
            [
              77.5742,
              14.6838
            ],
            [
              77.5742,
              14.6822
            ]
          ]
        ]
      },
      "properties": {
        "parcel_id": "P0411",
        "survey_no": "511/1",
        "survey_number": "511",
        "owner_name": "Synthetic Owner 411",
        "ocr_owner_name": "Synthetic Owner 411",
        "area_acres": 14.2184,
        "ocr_area_acres": 14.2184,
        "area_hectares": 5.754,
        "land_class": "Agricultural",
        "district": "Anantapur",
        "state": "Andhra Pradesh",
        "village": "Example Village",
        "document_id": "DOC-00411",
        "confidence": 0.975,
        "verification_status": "Verified",
        "validation_issue": "",
        "is_disputed": false,
        "color": "#00C896"
      }
    },
    {
      "type": "Feature",
      "id": "P0412",
      "geometry": {
        "type": "Polygon",
        "coordinates": [
          [
            [
              77.5766,
              14.6822
            ],
            [
              77.5786,
              14.6822
            ],
            [
              77.5786,
              14.6838
            ],
            [
              77.5766,
              14.6838
            ],
            [
              77.5766,
              14.6822
            ]
          ]
        ]
      },
      "properties": {
        "parcel_id": "P0412",
        "survey_no": "512",
        "survey_number": "512",
        "owner_name": "Synthetic Owner 412",
        "ocr_owner_name": "Synthetic Owner 412",
        "area_acres": 14.2184,
        "ocr_area_acres": 14.2184,
        "area_hectares": 5.754,
        "land_class": "Government",
        "district": "Anantapur",
        "state": "Andhra Pradesh",
        "village": "Example Village",
        "document_id": "DOC-00412",
        "confidence": 0.984,
        "verification_status": "Verified",
        "validation_issue": "",
        "is_disputed": false,
        "color": "#00C896"
      }
    },
    {
      "type": "Feature",
      "id": "P0413",
      "geometry": {
        "type": "Polygon",
        "coordinates": [
          [
            [
              77.579,
              14.6822
            ],
            [
              77.581,
              14.6822
            ],
            [
              77.581,
              14.6838
            ],
            [
              77.579,
              14.6838
            ],
            [
              77.579,
              14.6822
            ]
          ]
        ]
      },
      "properties": {
        "parcel_id": "P0413",
        "survey_no": "513",
        "survey_number": "513",
        "owner_name": "Synthetic Owner 413",
        "ocr_owner_name": "Synthetic Owner 431",
        "area_acres": 14.2184,
        "ocr_area_acres": 14.2184,
        "area_hectares": 5.754,
        "land_class": "Water Body",
        "district": "Anantapur",
        "state": "Andhra Pradesh",
        "village": "Example Village",
        "document_id": "DOC-00413",
        "confidence": 0.576,
        "verification_status": "Conflict",
        "validation_issue": "Owner mismatch",
        "is_disputed": true,
        "color": "#FF4757"
      }
    },
    {
      "type": "Feature",
      "id": "P0414",
      "geometry": {
        "type": "Polygon",
        "coordinates": [
          [
            [
              77.5814,
              14.6822
            ],
            [
              77.5834,
              14.6822
            ],
            [
              77.5834,
              14.6838
            ],
            [
              77.5814,
              14.6838
            ],
            [
              77.5814,
              14.6822
            ]
          ]
        ]
      },
      "properties": {
        "parcel_id": "P0414",
        "survey_no": "514",
        "survey_number": "514",
        "owner_name": "Synthetic Owner 414",
        "ocr_owner_name": "Synthetic Owner 414",
        "area_acres": 14.2184,
        "ocr_area_acres": 14.2184,
        "area_hectares": 5.754,
        "land_class": "Agricultural",
        "district": "Anantapur",
        "state": "Andhra Pradesh",
        "village": "Example Village",
        "document_id": "DOC-00414",
        "confidence": 0.808,
        "verification_status": "Review Required",
        "validation_issue": "Missing mutation information",
        "is_disputed": false,
        "color": "#FFB800"
      }
    },
    {
      "type": "Feature",
      "id": "P0415",
      "geometry": {
        "type": "Polygon",
        "coordinates": [
          [
            [
              77.5838,
              14.6822
            ],
            [
              77.5858,
              14.6822
            ],
            [
              77.5858,
              14.6838
            ],
            [
              77.5838,
              14.6838
            ],
            [
              77.5838,
              14.6822
            ]
          ]
        ]
      },
      "properties": {
        "parcel_id": "P0415",
        "survey_no": "515",
        "survey_number": "515",
        "owner_name": "Synthetic Owner 415",
        "ocr_owner_name": "Synthetic Owner 415",
        "area_acres": 14.2184,
        "ocr_area_acres": 14.2184,
        "area_hectares": 5.754,
        "land_class": "Government",
        "district": "Anantapur",
        "state": "Andhra Pradesh",
        "village": "Example Village",
        "document_id": "DOC-00415",
        "confidence": 0.6,
        "verification_status": "Review Required",
        "validation_issue": "Low OCR confidence",
        "is_disputed": false,
        "color": "#FFB800"
      }
    },
    {
      "type": "Feature",
      "id": "P0416",
      "geometry": {
        "type": "Polygon",
        "coordinates": [
          [
            [
              77.5862,
              14.6822
            ],
            [
              77.5882,
              14.6822
            ],
            [
              77.5882,
              14.6838
            ],
            [
              77.5862,
              14.6838
            ],
            [
              77.5862,
              14.6822
            ]
          ]
        ]
      },
      "properties": {
        "parcel_id": "P0416",
        "survey_no": "516/3",
        "survey_number": "516",
        "owner_name": "Synthetic Owner 416",
        "ocr_owner_name": "Synthetic Owner 416",
        "area_acres": 14.2184,
        "ocr_area_acres": 15.3559,
        "area_hectares": 5.754,
        "land_class": "Water Body",
        "district": "Anantapur",
        "state": "Andhra Pradesh",
        "village": "Example Village",
        "document_id": "DOC-00416",
        "confidence": 0.612,
        "verification_status": "Conflict",
        "validation_issue": "Area mismatch",
        "is_disputed": true,
        "color": "#FF4757"
      }
    },
    {
      "type": "Feature",
      "id": "P0417",
      "geometry": {
        "type": "Polygon",
        "coordinates": [
          [
            [
              77.5886,
              14.6822
            ],
            [
              77.5906,
              14.6822
            ],
            [
              77.5906,
              14.6838
            ],
            [
              77.5886,
              14.6838
            ],
            [
              77.5886,
              14.6822
            ]
          ]
        ]
      },
      "properties": {
        "parcel_id": "P0417",
        "survey_no": "517",
        "survey_number": "517",
        "owner_name": "Synthetic Owner 417",
        "ocr_owner_name": "Synthetic Owner 417",
        "area_acres": 14.2184,
        "ocr_area_acres": 14.2184,
        "area_hectares": 5.754,
        "land_class": "Agricultural",
        "district": "Anantapur",
        "state": "Andhra Pradesh",
        "village": "Example Village",
        "document_id": "DOC-00417",
        "confidence": 0.966,
        "verification_status": "Verified",
        "validation_issue": "",
        "is_disputed": false,
        "color": "#00C896"
      }
    },
    {
      "type": "Feature",
      "id": "P0418",
      "geometry": {
        "type": "Polygon",
        "coordinates": [
          [
            [
              77.591,
              14.6822
            ],
            [
              77.593,
              14.6822
            ],
            [
              77.593,
              14.6838
            ],
            [
              77.591,
              14.6838
            ],
            [
              77.591,
              14.6822
            ]
          ]
        ]
      },
      "properties": {
        "parcel_id": "P0418",
        "survey_no": "518",
        "survey_number": "518",
        "owner_name": "Synthetic Owner 418",
        "ocr_owner_name": "Synthetic Owner 418",
        "area_acres": 14.2184,
        "ocr_area_acres": 14.2184,
        "area_hectares": 5.754,
        "land_class": "Government",
        "district": "Anantapur",
        "state": "Andhra Pradesh",
        "village": "Example Village",
        "document_id": "DOC-00418",
        "confidence": 0.856,
        "verification_status": "Review Required",
        "validation_issue": "Possible duplicate",
        "is_disputed": false,
        "color": "#FFB800"
      }
    },
    {
      "type": "Feature",
      "id": "P0419",
      "geometry": {
        "type": "Polygon",
        "coordinates": [
          [
            [
              77.5934,
              14.6822
            ],
            [
              77.5954,
              14.6822
            ],
            [
              77.5954,
              14.6838
            ],
            [
              77.5934,
              14.6838
            ],
            [
              77.5934,
              14.6822
            ]
          ]
        ]
      },
      "properties": {
        "parcel_id": "P0419",
        "survey_no": "519",
        "survey_number": "519",
        "owner_name": "Synthetic Owner 419",
        "ocr_owner_name": "Synthetic Owner 419",
        "area_acres": 14.2184,
        "ocr_area_acres": 14.2184,
        "area_hectares": 5.754,
        "land_class": "Water Body",
        "district": "Anantapur",
        "state": "Andhra Pradesh",
        "village": "Example Village",
        "document_id": "DOC-00419",
        "confidence": 0.984,
        "verification_status": "Verified",
        "validation_issue": "",
        "is_disputed": false,
        "color": "#00C896"
      }
    },
    {
      "type": "Feature",
      "id": "P0420",
      "geometry": {
        "type": "Polygon",
        "coordinates": [
          [
            [
              77.5958,
              14.6822
            ],
            [
              77.5978,
              14.6822
            ],
            [
              77.5978,
              14.6838
            ],
            [
              77.5958,
              14.6838
            ],
            [
              77.5958,
              14.6822
            ]
          ]
        ]
      },
      "properties": {
        "parcel_id": "P0420",
        "survey_no": "520",
        "survey_number": "520",
        "owner_name": "Synthetic Owner 420",
        "ocr_owner_name": "Synthetic Owner 420",
        "area_acres": 14.2184,
        "ocr_area_acres": 15.3559,
        "area_hectares": 5.754,
        "land_class": "Agricultural",
        "district": "Anantapur",
        "state": "Andhra Pradesh",
        "village": "Example Village",
        "document_id": "DOC-00420",
        "confidence": 0.66,
        "verification_status": "Conflict",
        "validation_issue": "Area mismatch",
        "is_disputed": true,
        "color": "#FF4757"
      }
    },
    {
      "type": "Feature",
      "id": "P0421",
      "geometry": {
        "type": "Polygon",
        "coordinates": [
          [
            [
              77.5982,
              14.6822
            ],
            [
              77.6002,
              14.6822
            ],
            [
              77.6002,
              14.6838
            ],
            [
              77.5982,
              14.6838
            ],
            [
              77.5982,
              14.6822
            ]
          ]
        ]
      },
      "properties": {
        "parcel_id": "P0421",
        "survey_no": "521/2",
        "survey_number": "521",
        "owner_name": "Synthetic Owner 421",
        "ocr_owner_name": "Synthetic Owner 421",
        "area_acres": 14.2184,
        "ocr_area_acres": 14.2184,
        "area_hectares": 5.754,
        "land_class": "Government",
        "district": "Anantapur",
        "state": "Andhra Pradesh",
        "village": "Example Village",
        "document_id": "DOC-00421",
        "confidence": 0.939,
        "verification_status": "Verified",
        "validation_issue": "",
        "is_disputed": false,
        "color": "#00C896"
      }
    },
    {
      "type": "Feature",
      "id": "P0422",
      "geometry": {
        "type": "Polygon",
        "coordinates": [
          [
            [
              77.6006,
              14.6822
            ],
            [
              77.6026,
              14.6822
            ],
            [
              77.6026,
              14.6838
            ],
            [
              77.6006,
              14.6838
            ],
            [
              77.6006,
              14.6822
            ]
          ]
        ]
      },
      "properties": {
        "parcel_id": "P0422",
        "survey_no": "522",
        "survey_number": "522",
        "owner_name": "Synthetic Owner 422",
        "ocr_owner_name": "Synthetic Owner 422",
        "area_acres": 14.2184,
        "ocr_area_acres": 14.2184,
        "area_hectares": 5.754,
        "land_class": "Water Body",
        "district": "Anantapur",
        "state": "Andhra Pradesh",
        "village": "Example Village",
        "document_id": "DOC-00422",
        "confidence": 0.724,
        "verification_status": "Review Required",
        "validation_issue": "Possible duplicate",
        "is_disputed": false,
        "color": "#FFB800"
      }
    },
    {
      "type": "Feature",
      "id": "P0423",
      "geometry": {
        "type": "Polygon",
        "coordinates": [
          [
            [
              77.603,
              14.6822
            ],
            [
              77.605,
              14.6822
            ],
            [
              77.605,
              14.6838
            ],
            [
              77.603,
              14.6838
            ],
            [
              77.603,
              14.6822
            ]
          ]
        ]
      },
      "properties": {
        "parcel_id": "P0423",
        "survey_no": "523",
        "survey_number": "523",
        "owner_name": "Synthetic Owner 423",
        "ocr_owner_name": "Synthetic Owner 423",
        "area_acres": 14.2184,
        "ocr_area_acres": 14.2184,
        "area_hectares": 5.754,
        "land_class": "Agricultural",
        "district": "Anantapur",
        "state": "Andhra Pradesh",
        "village": "Example Village",
        "document_id": "DOC-00423",
        "confidence": 0.957,
        "verification_status": "Verified",
        "validation_issue": "",
        "is_disputed": false,
        "color": "#00C896"
      }
    },
    {
      "type": "Feature",
      "id": "P0424",
      "geometry": {
        "type": "Polygon",
        "coordinates": [
          [
            [
              77.6054,
              14.6822
            ],
            [
              77.6074,
              14.6822
            ],
            [
              77.6074,
              14.6838
            ],
            [
              77.6054,
              14.6838
            ],
            [
              77.6054,
              14.6822
            ]
          ]
        ]
      },
      "properties": {
        "parcel_id": "P0424",
        "survey_no": "524",
        "survey_number": "524",
        "owner_name": "Synthetic Owner 424",
        "ocr_owner_name": "Synthetic Owner 424",
        "area_acres": 14.2184,
        "ocr_area_acres": 14.2184,
        "area_hectares": 5.754,
        "land_class": "Government",
        "district": "Anantapur",
        "state": "Andhra Pradesh",
        "village": "Example Village",
        "document_id": "DOC-00424",
        "confidence": 0.748,
        "verification_status": "Review Required",
        "validation_issue": "Missing mutation information",
        "is_disputed": false,
        "color": "#FFB800"
      }
    },
    {
      "type": "Feature",
      "id": "P0425",
      "geometry": {
        "type": "Polygon",
        "coordinates": [
          [
            [
              77.6078,
              14.6822
            ],
            [
              77.6098,
              14.6822
            ],
            [
              77.6098,
              14.6838
            ],
            [
              77.6078,
              14.6838
            ],
            [
              77.6078,
              14.6822
            ]
          ]
        ]
      },
      "properties": {
        "parcel_id": "P0425",
        "survey_no": "525",
        "survey_number": "525",
        "owner_name": "Synthetic Owner 425",
        "ocr_owner_name": "Synthetic Owner 425",
        "area_acres": 14.2184,
        "ocr_area_acres": 14.2184,
        "area_hectares": 5.754,
        "land_class": "Water Body",
        "district": "Anantapur",
        "state": "Andhra Pradesh",
        "village": "Example Village",
        "document_id": "DOC-00425",
        "confidence": 0.76,
        "verification_status": "Review Required",
        "validation_issue": "Possible duplicate",
        "is_disputed": false,
        "color": "#FFB800"
      }
    },
    {
      "type": "Feature",
      "id": "P0426",
      "geometry": {
        "type": "Polygon",
        "coordinates": [
          [
            [
              77.5502,
              14.6842
            ],
            [
              77.5522,
              14.6842
            ],
            [
              77.5522,
              14.6858
            ],
            [
              77.5502,
              14.6858
            ],
            [
              77.5502,
              14.6842
            ]
          ]
        ]
      },
      "properties": {
        "parcel_id": "P0426",
        "survey_no": "526/1",
        "survey_number": "526",
        "owner_name": "Synthetic Owner 426",
        "ocr_owner_name": "Synthetic Owner 426",
        "area_acres": 14.2183,
        "ocr_area_acres": 14.2183,
        "area_hectares": 5.754,
        "land_class": "Agricultural",
        "district": "Anantapur",
        "state": "Andhra Pradesh",
        "village": "Example Village",
        "document_id": "DOC-00426",
        "confidence": 0.432,
        "verification_status": "Review Required",
        "validation_issue": "Low OCR confidence",
        "is_disputed": false,
        "color": "#FFB800"
      }
    },
    {
      "type": "Feature",
      "id": "P0427",
      "geometry": {
        "type": "Polygon",
        "coordinates": [
          [
            [
              77.5526,
              14.6842
            ],
            [
              77.5546,
              14.6842
            ],
            [
              77.5546,
              14.6858
            ],
            [
              77.5526,
              14.6858
            ],
            [
              77.5526,
              14.6842
            ]
          ]
        ]
      },
      "properties": {
        "parcel_id": "P0427",
        "survey_no": "527",
        "survey_number": "527",
        "owner_name": "Synthetic Owner 427",
        "ocr_owner_name": "Synthetic Owner 427",
        "area_acres": 14.2183,
        "ocr_area_acres": 14.2183,
        "area_hectares": 5.754,
        "land_class": "Government",
        "district": "Anantapur",
        "state": "Andhra Pradesh",
        "village": "Example Village",
        "document_id": "DOC-00427",
        "confidence": 0.93,
        "verification_status": "Verified",
        "validation_issue": "",
        "is_disputed": false,
        "color": "#00C896"
      }
    },
    {
      "type": "Feature",
      "id": "P0428",
      "geometry": {
        "type": "Polygon",
        "coordinates": [
          [
            [
              77.555,
              14.6842
            ],
            [
              77.557,
              14.6842
            ],
            [
              77.557,
              14.6858
            ],
            [
              77.555,
              14.6858
            ],
            [
              77.555,
              14.6842
            ]
          ]
        ]
      },
      "properties": {
        "parcel_id": "P0428",
        "survey_no": "528",
        "survey_number": "528",
        "owner_name": "Synthetic Owner 428",
        "ocr_owner_name": "Synthetic Owner 428",
        "area_acres": 14.2183,
        "ocr_area_acres": 14.2183,
        "area_hectares": 5.754,
        "land_class": "Water Body",
        "district": "Anantapur",
        "state": "Andhra Pradesh",
        "village": "Example Village",
        "document_id": "DOC-00428",
        "confidence": 0.939,
        "verification_status": "Verified",
        "validation_issue": "",
        "is_disputed": false,
        "color": "#00C896"
      }
    },
    {
      "type": "Feature",
      "id": "P0429",
      "geometry": {
        "type": "Polygon",
        "coordinates": [
          [
            [
              77.5574,
              14.6842
            ],
            [
              77.5594,
              14.6842
            ],
            [
              77.5594,
              14.6858
            ],
            [
              77.5574,
              14.6858
            ],
            [
              77.5574,
              14.6842
            ]
          ]
        ]
      },
      "properties": {
        "parcel_id": "P0429",
        "survey_no": "529",
        "survey_number": "529",
        "owner_name": "Synthetic Owner 429",
        "ocr_owner_name": "Synthetic Owner 429",
        "area_acres": 14.2183,
        "ocr_area_acres": 14.2183,
        "area_hectares": 5.754,
        "land_class": "Agricultural",
        "district": "Anantapur",
        "state": "Andhra Pradesh",
        "village": "Example Village",
        "document_id": "DOC-00429",
        "confidence": 0.808,
        "verification_status": "Review Required",
        "validation_issue": "Possible duplicate",
        "is_disputed": false,
        "color": "#FFB800"
      }
    },
    {
      "type": "Feature",
      "id": "P0430",
      "geometry": {
        "type": "Polygon",
        "coordinates": [
          [
            [
              77.5598,
              14.6842
            ],
            [
              77.5618,
              14.6842
            ],
            [
              77.5618,
              14.6858
            ],
            [
              77.5598,
              14.6858
            ],
            [
              77.5598,
              14.6842
            ]
          ]
        ]
      },
      "properties": {
        "parcel_id": "P0430",
        "survey_no": "530",
        "survey_number": "530",
        "owner_name": "Synthetic Owner 430",
        "ocr_owner_name": "Synthetic Owner 430",
        "area_acres": 14.2183,
        "ocr_area_acres": 14.2183,
        "area_hectares": 5.754,
        "land_class": "Government",
        "district": "Anantapur",
        "state": "Andhra Pradesh",
        "village": "Example Village",
        "document_id": "DOC-00430",
        "confidence": 0.957,
        "verification_status": "Verified",
        "validation_issue": "",
        "is_disputed": false,
        "color": "#00C896"
      }
    },
    {
      "type": "Feature",
      "id": "P0431",
      "geometry": {
        "type": "Polygon",
        "coordinates": [
          [
            [
              77.5622,
              14.6842
            ],
            [
              77.5642,
              14.6842
            ],
            [
              77.5642,
              14.6858
            ],
            [
              77.5622,
              14.6858
            ],
            [
              77.5622,
              14.6842
            ]
          ]
        ]
      },
      "properties": {
        "parcel_id": "P0431",
        "survey_no": "531/3",
        "survey_number": "531",
        "owner_name": "Synthetic Owner 431",
        "ocr_owner_name": "Synthetic Owner 431",
        "area_acres": 14.2183,
        "ocr_area_acres": 14.2183,
        "area_hectares": 5.754,
        "land_class": "Water Body",
        "district": "Anantapur",
        "state": "Andhra Pradesh",
        "village": "Example Village",
        "document_id": "DOC-00431",
        "confidence": 0.966,
        "verification_status": "Verified",
        "validation_issue": "",
        "is_disputed": false,
        "color": "#00C896"
      }
    },
    {
      "type": "Feature",
      "id": "P0432",
      "geometry": {
        "type": "Polygon",
        "coordinates": [
          [
            [
              77.5646,
              14.6842
            ],
            [
              77.5666,
              14.6842
            ],
            [
              77.5666,
              14.6858
            ],
            [
              77.5646,
              14.6858
            ],
            [
              77.5646,
              14.6842
            ]
          ]
        ]
      },
      "properties": {
        "parcel_id": "P0432",
        "survey_no": "532",
        "survey_number": "532",
        "owner_name": "Synthetic Owner 432",
        "ocr_owner_name": "Synthetic Owner 432",
        "area_acres": 14.2183,
        "ocr_area_acres": 15.3558,
        "area_hectares": 5.754,
        "land_class": "Agricultural",
        "district": "Anantapur",
        "state": "Andhra Pradesh",
        "village": "Example Village",
        "document_id": "DOC-00432",
        "confidence": 0.504,
        "verification_status": "Conflict",
        "validation_issue": "Area mismatch",
        "is_disputed": true,
        "color": "#FF4757"
      }
    },
    {
      "type": "Feature",
      "id": "P0433",
      "geometry": {
        "type": "Polygon",
        "coordinates": [
          [
            [
              77.567,
              14.6842
            ],
            [
              77.569,
              14.6842
            ],
            [
              77.569,
              14.6858
            ],
            [
              77.567,
              14.6858
            ],
            [
              77.567,
              14.6842
            ]
          ]
        ]
      },
      "properties": {
        "parcel_id": "P0433",
        "survey_no": "533",
        "survey_number": "533",
        "owner_name": "Synthetic Owner 433",
        "ocr_owner_name": "Synthetic Owner 451",
        "area_acres": 14.2183,
        "ocr_area_acres": 14.2183,
        "area_hectares": 5.754,
        "land_class": "Government",
        "district": "Anantapur",
        "state": "Andhra Pradesh",
        "village": "Example Village",
        "document_id": "DOC-00433",
        "confidence": 0.516,
        "verification_status": "Conflict",
        "validation_issue": "Owner mismatch",
        "is_disputed": true,
        "color": "#FF4757"
      }
    },
    {
      "type": "Feature",
      "id": "P0434",
      "geometry": {
        "type": "Polygon",
        "coordinates": [
          [
            [
              77.5694,
              14.6842
            ],
            [
              77.5714,
              14.6842
            ],
            [
              77.5714,
              14.6858
            ],
            [
              77.5694,
              14.6858
            ],
            [
              77.5694,
              14.6842
            ]
          ]
        ]
      },
      "properties": {
        "parcel_id": "P0434",
        "survey_no": "534",
        "survey_number": "534",
        "owner_name": "Synthetic Owner 434",
        "ocr_owner_name": "Synthetic Owner 434",
        "area_acres": 14.2183,
        "ocr_area_acres": 14.2183,
        "area_hectares": 5.754,
        "land_class": "Water Body",
        "district": "Anantapur",
        "state": "Andhra Pradesh",
        "village": "Example Village",
        "document_id": "DOC-00434",
        "confidence": 0.93,
        "verification_status": "Verified",
        "validation_issue": "",
        "is_disputed": false,
        "color": "#00C896"
      }
    },
    {
      "type": "Feature",
      "id": "P0435",
      "geometry": {
        "type": "Polygon",
        "coordinates": [
          [
            [
              77.5718,
              14.6842
            ],
            [
              77.5738,
              14.6842
            ],
            [
              77.5738,
              14.6858
            ],
            [
              77.5718,
              14.6858
            ],
            [
              77.5718,
              14.6842
            ]
          ]
        ]
      },
      "properties": {
        "parcel_id": "P0435",
        "survey_no": "535",
        "survey_number": "535",
        "owner_name": "Synthetic Owner 435",
        "ocr_owner_name": "Synthetic Owner 435",
        "area_acres": 14.2183,
        "ocr_area_acres": 14.2183,
        "area_hectares": 5.754,
        "land_class": "Agricultural",
        "district": "Anantapur",
        "state": "Andhra Pradesh",
        "village": "Example Village",
        "document_id": "DOC-00435",
        "confidence": 0.939,
        "verification_status": "Verified",
        "validation_issue": "",
        "is_disputed": false,
        "color": "#00C896"
      }
    },
    {
      "type": "Feature",
      "id": "P0436",
      "geometry": {
        "type": "Polygon",
        "coordinates": [
          [
            [
              77.5742,
              14.6842
            ],
            [
              77.5762,
              14.6842
            ],
            [
              77.5762,
              14.6858
            ],
            [
              77.5742,
              14.6858
            ],
            [
              77.5742,
              14.6842
            ]
          ]
        ]
      },
      "properties": {
        "parcel_id": "P0436",
        "survey_no": "536/2",
        "survey_number": "536",
        "owner_name": "Synthetic Owner 436",
        "ocr_owner_name": "Synthetic Owner 436",
        "area_acres": 14.2183,
        "ocr_area_acres": 14.2183,
        "area_hectares": 5.754,
        "land_class": "Government",
        "district": "Anantapur",
        "state": "Andhra Pradesh",
        "village": "Example Village",
        "document_id": "DOC-00436",
        "confidence": 0.552,
        "verification_status": "Review Required",
        "validation_issue": "Low OCR confidence",
        "is_disputed": false,
        "color": "#FFB800"
      }
    },
    {
      "type": "Feature",
      "id": "P0437",
      "geometry": {
        "type": "Polygon",
        "coordinates": [
          [
            [
              77.5766,
              14.6842
            ],
            [
              77.5786,
              14.6842
            ],
            [
              77.5786,
              14.6858
            ],
            [
              77.5766,
              14.6858
            ],
            [
              77.5766,
              14.6842
            ]
          ]
        ]
      },
      "properties": {
        "parcel_id": "P0437",
        "survey_no": "537",
        "survey_number": "537",
        "owner_name": "Synthetic Owner 437",
        "ocr_owner_name": "Synthetic Owner 437",
        "area_acres": 14.2183,
        "ocr_area_acres": 14.2183,
        "area_hectares": 5.754,
        "land_class": "Water Body",
        "district": "Anantapur",
        "state": "Andhra Pradesh",
        "village": "Example Village",
        "document_id": "DOC-00437",
        "confidence": 0.564,
        "verification_status": "Review Required",
        "validation_issue": "Low OCR confidence",
        "is_disputed": false,
        "color": "#FFB800"
      }
    },
    {
      "type": "Feature",
      "id": "P0438",
      "geometry": {
        "type": "Polygon",
        "coordinates": [
          [
            [
              77.579,
              14.6842
            ],
            [
              77.581,
              14.6842
            ],
            [
              77.581,
              14.6858
            ],
            [
              77.579,
              14.6858
            ],
            [
              77.579,
              14.6842
            ]
          ]
        ]
      },
      "properties": {
        "parcel_id": "P0438",
        "survey_no": "538",
        "survey_number": "538",
        "owner_name": "Synthetic Owner 438",
        "ocr_owner_name": "Synthetic Owner 438",
        "area_acres": 14.2183,
        "ocr_area_acres": 14.2183,
        "area_hectares": 5.754,
        "land_class": "Agricultural",
        "district": "Anantapur",
        "state": "Andhra Pradesh",
        "village": "Example Village",
        "document_id": "DOC-00438",
        "confidence": 0.966,
        "verification_status": "Verified",
        "validation_issue": "",
        "is_disputed": false,
        "color": "#00C896"
      }
    },
    {
      "type": "Feature",
      "id": "P0439",
      "geometry": {
        "type": "Polygon",
        "coordinates": [
          [
            [
              77.5814,
              14.6842
            ],
            [
              77.5834,
              14.6842
            ],
            [
              77.5834,
              14.6858
            ],
            [
              77.5814,
              14.6858
            ],
            [
              77.5814,
              14.6842
            ]
          ]
        ]
      },
      "properties": {
        "parcel_id": "P0439",
        "survey_no": "539",
        "survey_number": "539",
        "owner_name": "Synthetic Owner 439",
        "ocr_owner_name": "Synthetic Owner 439",
        "area_acres": 14.2183,
        "ocr_area_acres": 14.2183,
        "area_hectares": 5.754,
        "land_class": "Government",
        "district": "Anantapur",
        "state": "Andhra Pradesh",
        "village": "Example Village",
        "document_id": "DOC-00439",
        "confidence": 0.748,
        "verification_status": "Review Required",
        "validation_issue": "Missing mutation information",
        "is_disputed": false,
        "color": "#FFB800"
      }
    },
    {
      "type": "Feature",
      "id": "P0440",
      "geometry": {
        "type": "Polygon",
        "coordinates": [
          [
            [
              77.5838,
              14.6842
            ],
            [
              77.5858,
              14.6842
            ],
            [
              77.5858,
              14.6858
            ],
            [
              77.5838,
              14.6858
            ],
            [
              77.5838,
              14.6842
            ]
          ]
        ]
      },
      "properties": {
        "parcel_id": "P0440",
        "survey_no": "540",
        "survey_number": "540",
        "owner_name": "Synthetic Owner 440",
        "ocr_owner_name": "Synthetic Owner 440",
        "area_acres": 14.2183,
        "ocr_area_acres": 14.2183,
        "area_hectares": 5.754,
        "land_class": "Water Body",
        "district": "Anantapur",
        "state": "Andhra Pradesh",
        "village": "Example Village",
        "document_id": "DOC-00440",
        "confidence": 0.984,
        "verification_status": "Verified",
        "validation_issue": "",
        "is_disputed": false,
        "color": "#00C896"
      }
    },
    {
      "type": "Feature",
      "id": "P0441",
      "geometry": {
        "type": "Polygon",
        "coordinates": [
          [
            [
              77.5862,
              14.6842
            ],
            [
              77.5882,
              14.6842
            ],
            [
              77.5882,
              14.6858
            ],
            [
              77.5862,
              14.6858
            ],
            [
              77.5862,
              14.6842
            ]
          ]
        ]
      },
      "properties": {
        "parcel_id": "P0441",
        "survey_no": "541/1",
        "survey_number": "541",
        "owner_name": "Synthetic Owner 441",
        "ocr_owner_name": "Synthetic Owner 441",
        "area_acres": 14.2183,
        "ocr_area_acres": 14.2183,
        "area_hectares": 5.754,
        "land_class": "Agricultural",
        "district": "Anantapur",
        "state": "Andhra Pradesh",
        "village": "Example Village",
        "document_id": "DOC-00441",
        "confidence": 0.93,
        "verification_status": "Verified",
        "validation_issue": "",
        "is_disputed": false,
        "color": "#00C896"
      }
    },
    {
      "type": "Feature",
      "id": "P0442",
      "geometry": {
        "type": "Polygon",
        "coordinates": [
          [
            [
              77.5886,
              14.6842
            ],
            [
              77.5906,
              14.6842
            ],
            [
              77.5906,
              14.6858
            ],
            [
              77.5886,
              14.6858
            ],
            [
              77.5886,
              14.6842
            ]
          ]
        ]
      },
      "properties": {
        "parcel_id": "P0442",
        "survey_no": "542",
        "survey_number": "542",
        "owner_name": "Synthetic Owner 442",
        "ocr_owner_name": "Synthetic Owner 442",
        "area_acres": 14.2183,
        "ocr_area_acres": 14.2183,
        "area_hectares": 5.754,
        "land_class": "Government",
        "district": "Anantapur",
        "state": "Andhra Pradesh",
        "village": "Example Village",
        "document_id": "DOC-00442",
        "confidence": 0.939,
        "verification_status": "Verified",
        "validation_issue": "",
        "is_disputed": false,
        "color": "#00C896"
      }
    },
    {
      "type": "Feature",
      "id": "P0443",
      "geometry": {
        "type": "Polygon",
        "coordinates": [
          [
            [
              77.591,
              14.6842
            ],
            [
              77.593,
              14.6842
            ],
            [
              77.593,
              14.6858
            ],
            [
              77.591,
              14.6858
            ],
            [
              77.591,
              14.6842
            ]
          ]
        ]
      },
      "properties": {
        "parcel_id": "P0443",
        "survey_no": "543",
        "survey_number": "543",
        "owner_name": "Synthetic Owner 443",
        "ocr_owner_name": "Synthetic Owner 443",
        "area_acres": 14.2183,
        "ocr_area_acres": 14.2183,
        "area_hectares": 5.754,
        "land_class": "Water Body",
        "district": "Anantapur",
        "state": "Andhra Pradesh",
        "village": "Example Village",
        "document_id": "DOC-00443",
        "confidence": 0.796,
        "verification_status": "Review Required",
        "validation_issue": "Missing mutation information",
        "is_disputed": false,
        "color": "#FFB800"
      }
    },
    {
      "type": "Feature",
      "id": "P0444",
      "geometry": {
        "type": "Polygon",
        "coordinates": [
          [
            [
              77.5934,
              14.6842
            ],
            [
              77.5954,
              14.6842
            ],
            [
              77.5954,
              14.6858
            ],
            [
              77.5934,
              14.6858
            ],
            [
              77.5934,
              14.6842
            ]
          ]
        ]
      },
      "properties": {
        "parcel_id": "P0444",
        "survey_no": "544",
        "survey_number": "544",
        "owner_name": "Synthetic Owner 444",
        "ocr_owner_name": "Synthetic Owner 462",
        "area_acres": 14.2183,
        "ocr_area_acres": 14.2183,
        "area_hectares": 5.754,
        "land_class": "Agricultural",
        "district": "Anantapur",
        "state": "Andhra Pradesh",
        "village": "Example Village",
        "document_id": "DOC-00444",
        "confidence": 0.648,
        "verification_status": "Conflict",
        "validation_issue": "Owner mismatch",
        "is_disputed": true,
        "color": "#FF4757"
      }
    },
    {
      "type": "Feature",
      "id": "P0445",
      "geometry": {
        "type": "Polygon",
        "coordinates": [
          [
            [
              77.5958,
              14.6842
            ],
            [
              77.5978,
              14.6842
            ],
            [
              77.5978,
              14.6858
            ],
            [
              77.5958,
              14.6858
            ],
            [
              77.5958,
              14.6842
            ]
          ]
        ]
      },
      "properties": {
        "parcel_id": "P0445",
        "survey_no": "545",
        "survey_number": "545",
        "owner_name": "Synthetic Owner 445",
        "ocr_owner_name": "Synthetic Owner 445",
        "area_acres": 14.2183,
        "ocr_area_acres": 14.2183,
        "area_hectares": 5.754,
        "land_class": "Government",
        "district": "Anantapur",
        "state": "Andhra Pradesh",
        "village": "Example Village",
        "document_id": "DOC-00445",
        "confidence": 0.966,
        "verification_status": "Verified",
        "validation_issue": "",
        "is_disputed": false,
        "color": "#00C896"
      }
    },
    {
      "type": "Feature",
      "id": "P0446",
      "geometry": {
        "type": "Polygon",
        "coordinates": [
          [
            [
              77.5982,
              14.6842
            ],
            [
              77.6002,
              14.6842
            ],
            [
              77.6002,
              14.6858
            ],
            [
              77.5982,
              14.6858
            ],
            [
              77.5982,
              14.6842
            ]
          ]
        ]
      },
      "properties": {
        "parcel_id": "P0446",
        "survey_no": "546/3",
        "survey_number": "546",
        "owner_name": "Synthetic Owner 446",
        "ocr_owner_name": "Synthetic Owner 464",
        "area_acres": 14.2183,
        "ocr_area_acres": 14.2183,
        "area_hectares": 5.754,
        "land_class": "Water Body",
        "district": "Anantapur",
        "state": "Andhra Pradesh",
        "village": "Example Village",
        "document_id": "DOC-00446",
        "confidence": 0.672,
        "verification_status": "Conflict",
        "validation_issue": "Owner mismatch",
        "is_disputed": true,
        "color": "#FF4757"
      }
    },
    {
      "type": "Feature",
      "id": "P0447",
      "geometry": {
        "type": "Polygon",
        "coordinates": [
          [
            [
              77.6006,
              14.6842
            ],
            [
              77.6026,
              14.6842
            ],
            [
              77.6026,
              14.6858
            ],
            [
              77.6006,
              14.6858
            ],
            [
              77.6006,
              14.6842
            ]
          ]
        ]
      },
      "properties": {
        "parcel_id": "P0447",
        "survey_no": "547",
        "survey_number": "547",
        "owner_name": "Synthetic Owner 447",
        "ocr_owner_name": "Synthetic Owner 447",
        "area_acres": 14.2183,
        "ocr_area_acres": 14.2183,
        "area_hectares": 5.754,
        "land_class": "Agricultural",
        "district": "Anantapur",
        "state": "Andhra Pradesh",
        "village": "Example Village",
        "document_id": "DOC-00447",
        "confidence": 0.844,
        "verification_status": "Review Required",
        "validation_issue": "Missing mutation information",
        "is_disputed": false,
        "color": "#FFB800"
      }
    },
    {
      "type": "Feature",
      "id": "P0448",
      "geometry": {
        "type": "Polygon",
        "coordinates": [
          [
            [
              77.603,
              14.6842
            ],
            [
              77.605,
              14.6842
            ],
            [
              77.605,
              14.6858
            ],
            [
              77.603,
              14.6858
            ],
            [
              77.603,
              14.6842
            ]
          ]
        ]
      },
      "properties": {
        "parcel_id": "P0448",
        "survey_no": "548",
        "survey_number": "548",
        "owner_name": "Synthetic Owner 448",
        "ocr_owner_name": "Synthetic Owner 448",
        "area_acres": 14.2183,
        "ocr_area_acres": 14.2183,
        "area_hectares": 5.754,
        "land_class": "Government",
        "district": "Anantapur",
        "state": "Andhra Pradesh",
        "village": "Example Village",
        "document_id": "DOC-00448",
        "confidence": 0.93,
        "verification_status": "Verified",
        "validation_issue": "",
        "is_disputed": false,
        "color": "#00C896"
      }
    },
    {
      "type": "Feature",
      "id": "P0449",
      "geometry": {
        "type": "Polygon",
        "coordinates": [
          [
            [
              77.6054,
              14.6842
            ],
            [
              77.6074,
              14.6842
            ],
            [
              77.6074,
              14.6858
            ],
            [
              77.6054,
              14.6858
            ],
            [
              77.6054,
              14.6842
            ]
          ]
        ]
      },
      "properties": {
        "parcel_id": "P0449",
        "survey_no": "549",
        "survey_number": "549",
        "owner_name": "Synthetic Owner 449",
        "ocr_owner_name": "Synthetic Owner 449",
        "area_acres": 14.2183,
        "ocr_area_acres": 15.3558,
        "area_hectares": 5.754,
        "land_class": "Water Body",
        "district": "Anantapur",
        "state": "Andhra Pradesh",
        "village": "Example Village",
        "document_id": "DOC-00449",
        "confidence": 0.708,
        "verification_status": "Conflict",
        "validation_issue": "Area mismatch",
        "is_disputed": true,
        "color": "#FF4757"
      }
    },
    {
      "type": "Feature",
      "id": "P0450",
      "geometry": {
        "type": "Polygon",
        "coordinates": [
          [
            [
              77.6078,
              14.6842
            ],
            [
              77.6098,
              14.6842
            ],
            [
              77.6098,
              14.6858
            ],
            [
              77.6078,
              14.6858
            ],
            [
              77.6078,
              14.6842
            ]
          ]
        ]
      },
      "properties": {
        "parcel_id": "P0450",
        "survey_no": "550",
        "survey_number": "550",
        "owner_name": "Synthetic Owner 450",
        "ocr_owner_name": "Synthetic Owner 450",
        "area_acres": 14.2183,
        "ocr_area_acres": 14.2183,
        "area_hectares": 5.754,
        "land_class": "Agricultural",
        "district": "Anantapur",
        "state": "Andhra Pradesh",
        "village": "Example Village",
        "document_id": "DOC-00450",
        "confidence": 0.7,
        "verification_status": "Review Required",
        "validation_issue": "Missing mutation information",
        "is_disputed": false,
        "color": "#FFB800"
      }
    },
    {
      "type": "Feature",
      "id": "P0451",
      "geometry": {
        "type": "Polygon",
        "coordinates": [
          [
            [
              77.5502,
              14.6862
            ],
            [
              77.5522,
              14.6862
            ],
            [
              77.5522,
              14.6878
            ],
            [
              77.5502,
              14.6878
            ],
            [
              77.5502,
              14.6862
            ]
          ]
        ]
      },
      "properties": {
        "parcel_id": "P0451",
        "survey_no": "551/2",
        "survey_number": "551",
        "owner_name": "Synthetic Owner 451",
        "ocr_owner_name": "Synthetic Owner 451",
        "area_acres": 14.2182,
        "ocr_area_acres": 14.2182,
        "area_hectares": 5.754,
        "land_class": "Government",
        "district": "Anantapur",
        "state": "Andhra Pradesh",
        "village": "Example Village",
        "document_id": "DOC-00451",
        "confidence": 0.957,
        "verification_status": "Verified",
        "validation_issue": "",
        "is_disputed": false,
        "color": "#00C896"
      }
    },
    {
      "type": "Feature",
      "id": "P0452",
      "geometry": {
        "type": "Polygon",
        "coordinates": [
          [
            [
              77.5526,
              14.6862
            ],
            [
              77.5546,
              14.6862
            ],
            [
              77.5546,
              14.6878
            ],
            [
              77.5526,
              14.6878
            ],
            [
              77.5526,
              14.6862
            ]
          ]
        ]
      },
      "properties": {
        "parcel_id": "P0452",
        "survey_no": "552",
        "survey_number": "552",
        "owner_name": "Synthetic Owner 452",
        "ocr_owner_name": "Synthetic Owner 452",
        "area_acres": 14.2182,
        "ocr_area_acres": 14.2182,
        "area_hectares": 5.754,
        "land_class": "Water Body",
        "district": "Anantapur",
        "state": "Andhra Pradesh",
        "village": "Example Village",
        "document_id": "DOC-00452",
        "confidence": 0.966,
        "verification_status": "Verified",
        "validation_issue": "",
        "is_disputed": false,
        "color": "#00C896"
      }
    },
    {
      "type": "Feature",
      "id": "P0453",
      "geometry": {
        "type": "Polygon",
        "coordinates": [
          [
            [
              77.555,
              14.6862
            ],
            [
              77.557,
              14.6862
            ],
            [
              77.557,
              14.6878
            ],
            [
              77.555,
              14.6878
            ],
            [
              77.555,
              14.6862
            ]
          ]
        ]
      },
      "properties": {
        "parcel_id": "P0453",
        "survey_no": "553",
        "survey_number": "553",
        "owner_name": "Synthetic Owner 453",
        "ocr_owner_name": "Synthetic Owner 453",
        "area_acres": 14.2182,
        "ocr_area_acres": 14.2182,
        "area_hectares": 5.754,
        "land_class": "Agricultural",
        "district": "Anantapur",
        "state": "Andhra Pradesh",
        "village": "Example Village",
        "document_id": "DOC-00453",
        "confidence": 0.975,
        "verification_status": "Verified",
        "validation_issue": "",
        "is_disputed": false,
        "color": "#00C896"
      }
    },
    {
      "type": "Feature",
      "id": "P0454",
      "geometry": {
        "type": "Polygon",
        "coordinates": [
          [
            [
              77.5574,
              14.6862
            ],
            [
              77.5594,
              14.6862
            ],
            [
              77.5594,
              14.6878
            ],
            [
              77.5574,
              14.6878
            ],
            [
              77.5574,
              14.6862
            ]
          ]
        ]
      },
      "properties": {
        "parcel_id": "P0454",
        "survey_no": "554",
        "survey_number": "554",
        "owner_name": "Synthetic Owner 454",
        "ocr_owner_name": "Synthetic Owner 454",
        "area_acres": 14.2182,
        "ocr_area_acres": 14.2182,
        "area_hectares": 5.754,
        "land_class": "Government",
        "district": "Anantapur",
        "state": "Andhra Pradesh",
        "village": "Example Village",
        "document_id": "DOC-00454",
        "confidence": 0.984,
        "verification_status": "Verified",
        "validation_issue": "",
        "is_disputed": false,
        "color": "#00C896"
      }
    },
    {
      "type": "Feature",
      "id": "P0455",
      "geometry": {
        "type": "Polygon",
        "coordinates": [
          [
            [
              77.5598,
              14.6862
            ],
            [
              77.5618,
              14.6862
            ],
            [
              77.5618,
              14.6878
            ],
            [
              77.5598,
              14.6878
            ],
            [
              77.5598,
              14.6862
            ]
          ]
        ]
      },
      "properties": {
        "parcel_id": "P0455",
        "survey_no": "555",
        "survey_number": "555",
        "owner_name": "Synthetic Owner 455",
        "ocr_owner_name": "Synthetic Owner 455",
        "area_acres": 14.2182,
        "ocr_area_acres": 14.2182,
        "area_hectares": 5.754,
        "land_class": "Water Body",
        "district": "Anantapur",
        "state": "Andhra Pradesh",
        "village": "Example Village",
        "document_id": "DOC-00455",
        "confidence": 0.93,
        "verification_status": "Verified",
        "validation_issue": "",
        "is_disputed": false,
        "color": "#00C896"
      }
    },
    {
      "type": "Feature",
      "id": "P0456",
      "geometry": {
        "type": "Polygon",
        "coordinates": [
          [
            [
              77.5622,
              14.6862
            ],
            [
              77.5642,
              14.6862
            ],
            [
              77.5642,
              14.6878
            ],
            [
              77.5622,
              14.6878
            ],
            [
              77.5622,
              14.6862
            ]
          ]
        ]
      },
      "properties": {
        "parcel_id": "P0456",
        "survey_no": "556/1",
        "survey_number": "556",
        "owner_name": "Synthetic Owner 456",
        "ocr_owner_name": "Synthetic Owner 456",
        "area_acres": 14.2182,
        "ocr_area_acres": 14.2182,
        "area_hectares": 5.754,
        "land_class": "Agricultural",
        "district": "Anantapur",
        "state": "Andhra Pradesh",
        "village": "Example Village",
        "document_id": "DOC-00456",
        "confidence": 0.939,
        "verification_status": "Verified",
        "validation_issue": "",
        "is_disputed": false,
        "color": "#00C896"
      }
    },
    {
      "type": "Feature",
      "id": "P0457",
      "geometry": {
        "type": "Polygon",
        "coordinates": [
          [
            [
              77.5646,
              14.6862
            ],
            [
              77.5666,
              14.6862
            ],
            [
              77.5666,
              14.6878
            ],
            [
              77.5646,
              14.6878
            ],
            [
              77.5646,
              14.6862
            ]
          ]
        ]
      },
      "properties": {
        "parcel_id": "P0457",
        "survey_no": "557",
        "survey_number": "557",
        "owner_name": "Synthetic Owner 457",
        "ocr_owner_name": "Synthetic Owner 457",
        "area_acres": 14.2182,
        "ocr_area_acres": 14.2182,
        "area_hectares": 5.754,
        "land_class": "Government",
        "district": "Anantapur",
        "state": "Andhra Pradesh",
        "village": "Example Village",
        "document_id": "DOC-00457",
        "confidence": 0.504,
        "verification_status": "Review Required",
        "validation_issue": "Low OCR confidence",
        "is_disputed": false,
        "color": "#FFB800"
      }
    },
    {
      "type": "Feature",
      "id": "P0458",
      "geometry": {
        "type": "Polygon",
        "coordinates": [
          [
            [
              77.567,
              14.6862
            ],
            [
              77.569,
              14.6862
            ],
            [
              77.569,
              14.6878
            ],
            [
              77.567,
              14.6878
            ],
            [
              77.567,
              14.6862
            ]
          ]
        ]
      },
      "properties": {
        "parcel_id": "P0458",
        "survey_no": "558",
        "survey_number": "558",
        "owner_name": "Synthetic Owner 458",
        "ocr_owner_name": "Synthetic Owner 458",
        "area_acres": 14.2182,
        "ocr_area_acres": 14.2182,
        "area_hectares": 5.754,
        "land_class": "Water Body",
        "district": "Anantapur",
        "state": "Andhra Pradesh",
        "village": "Example Village",
        "document_id": "DOC-00458",
        "confidence": 0.957,
        "verification_status": "Verified",
        "validation_issue": "",
        "is_disputed": false,
        "color": "#00C896"
      }
    },
    {
      "type": "Feature",
      "id": "P0459",
      "geometry": {
        "type": "Polygon",
        "coordinates": [
          [
            [
              77.5694,
              14.6862
            ],
            [
              77.5714,
              14.6862
            ],
            [
              77.5714,
              14.6878
            ],
            [
              77.5694,
              14.6878
            ],
            [
              77.5694,
              14.6862
            ]
          ]
        ]
      },
      "properties": {
        "parcel_id": "P0459",
        "survey_no": "559",
        "survey_number": "559",
        "owner_name": "Synthetic Owner 459",
        "ocr_owner_name": "Synthetic Owner 459",
        "area_acres": 14.2182,
        "ocr_area_acres": 14.2182,
        "area_hectares": 5.754,
        "land_class": "Agricultural",
        "district": "Anantapur",
        "state": "Andhra Pradesh",
        "village": "Example Village",
        "document_id": "DOC-00459",
        "confidence": 0.966,
        "verification_status": "Verified",
        "validation_issue": "",
        "is_disputed": false,
        "color": "#00C896"
      }
    },
    {
      "type": "Feature",
      "id": "P0460",
      "geometry": {
        "type": "Polygon",
        "coordinates": [
          [
            [
              77.5718,
              14.6862
            ],
            [
              77.5738,
              14.6862
            ],
            [
              77.5738,
              14.6878
            ],
            [
              77.5718,
              14.6878
            ],
            [
              77.5718,
              14.6862
            ]
          ]
        ]
      },
      "properties": {
        "parcel_id": "P0460",
        "survey_no": "560",
        "survey_number": "560",
        "owner_name": "Synthetic Owner 460",
        "ocr_owner_name": "Synthetic Owner 460",
        "area_acres": 14.2182,
        "ocr_area_acres": 14.2182,
        "area_hectares": 5.754,
        "land_class": "Government",
        "district": "Anantapur",
        "state": "Andhra Pradesh",
        "village": "Example Village",
        "document_id": "DOC-00460",
        "confidence": 0.975,
        "verification_status": "Verified",
        "validation_issue": "",
        "is_disputed": false,
        "color": "#00C896"
      }
    },
    {
      "type": "Feature",
      "id": "P0461",
      "geometry": {
        "type": "Polygon",
        "coordinates": [
          [
            [
              77.5742,
              14.6862
            ],
            [
              77.5762,
              14.6862
            ],
            [
              77.5762,
              14.6878
            ],
            [
              77.5742,
              14.6878
            ],
            [
              77.5742,
              14.6862
            ]
          ]
        ]
      },
      "properties": {
        "parcel_id": "P0461",
        "survey_no": "561/3",
        "survey_number": "561",
        "owner_name": "Synthetic Owner 461",
        "ocr_owner_name": "Synthetic Owner 479",
        "area_acres": 14.2182,
        "ocr_area_acres": 14.2182,
        "area_hectares": 5.754,
        "land_class": "Water Body",
        "district": "Anantapur",
        "state": "Andhra Pradesh",
        "village": "Example Village",
        "document_id": "DOC-00461",
        "confidence": 0.552,
        "verification_status": "Conflict",
        "validation_issue": "Owner mismatch",
        "is_disputed": true,
        "color": "#FF4757"
      }
    },
    {
      "type": "Feature",
      "id": "P0462",
      "geometry": {
        "type": "Polygon",
        "coordinates": [
          [
            [
              77.5766,
              14.6862
            ],
            [
              77.5786,
              14.6862
            ],
            [
              77.5786,
              14.6878
            ],
            [
              77.5766,
              14.6878
            ],
            [
              77.5766,
              14.6862
            ]
          ]
        ]
      },
      "properties": {
        "parcel_id": "P0462",
        "survey_no": "562",
        "survey_number": "562",
        "owner_name": "Synthetic Owner 462",
        "ocr_owner_name": "Synthetic Owner 462",
        "area_acres": 14.2182,
        "ocr_area_acres": 14.2182,
        "area_hectares": 5.754,
        "land_class": "Agricultural",
        "district": "Anantapur",
        "state": "Andhra Pradesh",
        "village": "Example Village",
        "document_id": "DOC-00462",
        "confidence": 0.844,
        "verification_status": "Review Required",
        "validation_issue": "Possible duplicate",
        "is_disputed": false,
        "color": "#FFB800"
      }
    },
    {
      "type": "Feature",
      "id": "P0463",
      "geometry": {
        "type": "Polygon",
        "coordinates": [
          [
            [
              77.579,
              14.6862
            ],
            [
              77.581,
              14.6862
            ],
            [
              77.581,
              14.6878
            ],
            [
              77.579,
              14.6878
            ],
            [
              77.579,
              14.6862
            ]
          ]
        ]
      },
      "properties": {
        "parcel_id": "P0463",
        "survey_no": "563",
        "survey_number": "563",
        "owner_name": "Synthetic Owner 463",
        "ocr_owner_name": "Synthetic Owner 463",
        "area_acres": 14.2182,
        "ocr_area_acres": 14.2182,
        "area_hectares": 5.754,
        "land_class": "Government",
        "district": "Anantapur",
        "state": "Andhra Pradesh",
        "village": "Example Village",
        "document_id": "DOC-00463",
        "confidence": 0.939,
        "verification_status": "Verified",
        "validation_issue": "",
        "is_disputed": false,
        "color": "#00C896"
      }
    },
    {
      "type": "Feature",
      "id": "P0464",
      "geometry": {
        "type": "Polygon",
        "coordinates": [
          [
            [
              77.5814,
              14.6862
            ],
            [
              77.5834,
              14.6862
            ],
            [
              77.5834,
              14.6878
            ],
            [
              77.5814,
              14.6878
            ],
            [
              77.5814,
              14.6862
            ]
          ]
        ]
      },
      "properties": {
        "parcel_id": "P0464",
        "survey_no": "564",
        "survey_number": "564",
        "owner_name": "Synthetic Owner 464",
        "ocr_owner_name": "Synthetic Owner 464",
        "area_acres": 14.2182,
        "ocr_area_acres": 14.2182,
        "area_hectares": 5.754,
        "land_class": "Water Body",
        "district": "Anantapur",
        "state": "Andhra Pradesh",
        "village": "Example Village",
        "document_id": "DOC-00464",
        "confidence": 0.948,
        "verification_status": "Verified",
        "validation_issue": "",
        "is_disputed": false,
        "color": "#00C896"
      }
    },
    {
      "type": "Feature",
      "id": "P0465",
      "geometry": {
        "type": "Polygon",
        "coordinates": [
          [
            [
              77.5838,
              14.6862
            ],
            [
              77.5858,
              14.6862
            ],
            [
              77.5858,
              14.6878
            ],
            [
              77.5838,
              14.6878
            ],
            [
              77.5838,
              14.6862
            ]
          ]
        ]
      },
      "properties": {
        "parcel_id": "P0465",
        "survey_no": "565",
        "survey_number": "565",
        "owner_name": "Synthetic Owner 465",
        "ocr_owner_name": "Synthetic Owner 465",
        "area_acres": 14.2182,
        "ocr_area_acres": 14.2182,
        "area_hectares": 5.754,
        "land_class": "Agricultural",
        "district": "Anantapur",
        "state": "Andhra Pradesh",
        "village": "Example Village",
        "document_id": "DOC-00465",
        "confidence": 0.957,
        "verification_status": "Verified",
        "validation_issue": "",
        "is_disputed": false,
        "color": "#00C896"
      }
    },
    {
      "type": "Feature",
      "id": "P0466",
      "geometry": {
        "type": "Polygon",
        "coordinates": [
          [
            [
              77.5862,
              14.6862
            ],
            [
              77.5882,
              14.6862
            ],
            [
              77.5882,
              14.6878
            ],
            [
              77.5862,
              14.6878
            ],
            [
              77.5862,
              14.6862
            ]
          ]
        ]
      },
      "properties": {
        "parcel_id": "P0466",
        "survey_no": "566/2",
        "survey_number": "566",
        "owner_name": "Synthetic Owner 466",
        "ocr_owner_name": "Synthetic Owner 466",
        "area_acres": 14.2182,
        "ocr_area_acres": 14.2182,
        "area_hectares": 5.754,
        "land_class": "Government",
        "district": "Anantapur",
        "state": "Andhra Pradesh",
        "village": "Example Village",
        "document_id": "DOC-00466",
        "confidence": 0.966,
        "verification_status": "Verified",
        "validation_issue": "",
        "is_disputed": false,
        "color": "#00C896"
      }
    },
    {
      "type": "Feature",
      "id": "P0467",
      "geometry": {
        "type": "Polygon",
        "coordinates": [
          [
            [
              77.5886,
              14.6862
            ],
            [
              77.5906,
              14.6862
            ],
            [
              77.5906,
              14.6878
            ],
            [
              77.5886,
              14.6878
            ],
            [
              77.5886,
              14.6862
            ]
          ]
        ]
      },
      "properties": {
        "parcel_id": "P0467",
        "survey_no": "567",
        "survey_number": "567",
        "owner_name": "Synthetic Owner 467",
        "ocr_owner_name": "Synthetic Owner 467",
        "area_acres": 14.2182,
        "ocr_area_acres": 14.2182,
        "area_hectares": 5.754,
        "land_class": "Water Body",
        "district": "Anantapur",
        "state": "Andhra Pradesh",
        "village": "Example Village",
        "document_id": "DOC-00467",
        "confidence": 0.724,
        "verification_status": "Review Required",
        "validation_issue": "Missing mutation information",
        "is_disputed": false,
        "color": "#FFB800"
      }
    },
    {
      "type": "Feature",
      "id": "P0468",
      "geometry": {
        "type": "Polygon",
        "coordinates": [
          [
            [
              77.591,
              14.6862
            ],
            [
              77.593,
              14.6862
            ],
            [
              77.593,
              14.6878
            ],
            [
              77.591,
              14.6878
            ],
            [
              77.591,
              14.6862
            ]
          ]
        ]
      },
      "properties": {
        "parcel_id": "P0468",
        "survey_no": "568",
        "survey_number": "568",
        "owner_name": "Synthetic Owner 468",
        "ocr_owner_name": "Synthetic Owner 468",
        "area_acres": 14.2182,
        "ocr_area_acres": 14.2182,
        "area_hectares": 5.754,
        "land_class": "Agricultural",
        "district": "Anantapur",
        "state": "Andhra Pradesh",
        "village": "Example Village",
        "document_id": "DOC-00468",
        "confidence": 0.984,
        "verification_status": "Verified",
        "validation_issue": "",
        "is_disputed": false,
        "color": "#00C896"
      }
    },
    {
      "type": "Feature",
      "id": "P0469",
      "geometry": {
        "type": "Polygon",
        "coordinates": [
          [
            [
              77.5934,
              14.6862
            ],
            [
              77.5954,
              14.6862
            ],
            [
              77.5954,
              14.6878
            ],
            [
              77.5934,
              14.6878
            ],
            [
              77.5934,
              14.6862
            ]
          ]
        ]
      },
      "properties": {
        "parcel_id": "P0469",
        "survey_no": "569",
        "survey_number": "569",
        "owner_name": "Synthetic Owner 469",
        "ocr_owner_name": "Synthetic Owner 469",
        "area_acres": 14.2182,
        "ocr_area_acres": 14.2182,
        "area_hectares": 5.754,
        "land_class": "Government",
        "district": "Anantapur",
        "state": "Andhra Pradesh",
        "village": "Example Village",
        "document_id": "DOC-00469",
        "confidence": 0.93,
        "verification_status": "Verified",
        "validation_issue": "",
        "is_disputed": false,
        "color": "#00C896"
      }
    },
    {
      "type": "Feature",
      "id": "P0470",
      "geometry": {
        "type": "Polygon",
        "coordinates": [
          [
            [
              77.5958,
              14.6862
            ],
            [
              77.5978,
              14.6862
            ],
            [
              77.5978,
              14.6878
            ],
            [
              77.5958,
              14.6878
            ],
            [
              77.5958,
              14.6862
            ]
          ]
        ]
      },
      "properties": {
        "parcel_id": "P0470",
        "survey_no": "570",
        "survey_number": "570",
        "owner_name": "Synthetic Owner 470",
        "ocr_owner_name": "Synthetic Owner 470",
        "area_acres": 14.2182,
        "ocr_area_acres": 14.2182,
        "area_hectares": 5.754,
        "land_class": "Water Body",
        "district": "Anantapur",
        "state": "Andhra Pradesh",
        "village": "Example Village",
        "document_id": "DOC-00470",
        "confidence": 0.939,
        "verification_status": "Verified",
        "validation_issue": "",
        "is_disputed": false,
        "color": "#00C896"
      }
    },
    {
      "type": "Feature",
      "id": "P0471",
      "geometry": {
        "type": "Polygon",
        "coordinates": [
          [
            [
              77.5982,
              14.6862
            ],
            [
              77.6002,
              14.6862
            ],
            [
              77.6002,
              14.6878
            ],
            [
              77.5982,
              14.6878
            ],
            [
              77.5982,
              14.6862
            ]
          ]
        ]
      },
      "properties": {
        "parcel_id": "P0471",
        "survey_no": "571/1",
        "survey_number": "571",
        "owner_name": "Synthetic Owner 471",
        "ocr_owner_name": "Synthetic Owner 471",
        "area_acres": 14.2182,
        "ocr_area_acres": 14.2182,
        "area_hectares": 5.754,
        "land_class": "Agricultural",
        "district": "Anantapur",
        "state": "Andhra Pradesh",
        "village": "Example Village",
        "document_id": "DOC-00471",
        "confidence": 0.948,
        "verification_status": "Verified",
        "validation_issue": "",
        "is_disputed": false,
        "color": "#00C896"
      }
    },
    {
      "type": "Feature",
      "id": "P0472",
      "geometry": {
        "type": "Polygon",
        "coordinates": [
          [
            [
              77.6006,
              14.6862
            ],
            [
              77.6026,
              14.6862
            ],
            [
              77.6026,
              14.6878
            ],
            [
              77.6006,
              14.6878
            ],
            [
              77.6006,
              14.6862
            ]
          ]
        ]
      },
      "properties": {
        "parcel_id": "P0472",
        "survey_no": "572",
        "survey_number": "572",
        "owner_name": "Synthetic Owner 472",
        "ocr_owner_name": "Synthetic Owner 472",
        "area_acres": 14.2182,
        "ocr_area_acres": 14.2182,
        "area_hectares": 5.754,
        "land_class": "Government",
        "district": "Anantapur",
        "state": "Andhra Pradesh",
        "village": "Example Village",
        "document_id": "DOC-00472",
        "confidence": 0.957,
        "verification_status": "Verified",
        "validation_issue": "",
        "is_disputed": false,
        "color": "#00C896"
      }
    },
    {
      "type": "Feature",
      "id": "P0473",
      "geometry": {
        "type": "Polygon",
        "coordinates": [
          [
            [
              77.603,
              14.6862
            ],
            [
              77.605,
              14.6862
            ],
            [
              77.605,
              14.6878
            ],
            [
              77.603,
              14.6878
            ],
            [
              77.603,
              14.6862
            ]
          ]
        ]
      },
      "properties": {
        "parcel_id": "P0473",
        "survey_no": "573",
        "survey_number": "573",
        "owner_name": "Synthetic Owner 473",
        "ocr_owner_name": "Synthetic Owner 473",
        "area_acres": 14.2182,
        "ocr_area_acres": 14.2182,
        "area_hectares": 5.754,
        "land_class": "Water Body",
        "district": "Anantapur",
        "state": "Andhra Pradesh",
        "village": "Example Village",
        "document_id": "DOC-00473",
        "confidence": 0.966,
        "verification_status": "Verified",
        "validation_issue": "",
        "is_disputed": false,
        "color": "#00C896"
      }
    },
    {
      "type": "Feature",
      "id": "P0474",
      "geometry": {
        "type": "Polygon",
        "coordinates": [
          [
            [
              77.6054,
              14.6862
            ],
            [
              77.6074,
              14.6862
            ],
            [
              77.6074,
              14.6878
            ],
            [
              77.6054,
              14.6878
            ],
            [
              77.6054,
              14.6862
            ]
          ]
        ]
      },
      "properties": {
        "parcel_id": "P0474",
        "survey_no": "574",
        "survey_number": "574",
        "owner_name": "Synthetic Owner 474",
        "ocr_owner_name": "Synthetic Owner 474",
        "area_acres": 14.2182,
        "ocr_area_acres": 14.2182,
        "area_hectares": 5.754,
        "land_class": "Agricultural",
        "district": "Anantapur",
        "state": "Andhra Pradesh",
        "village": "Example Village",
        "document_id": "DOC-00474",
        "confidence": 0.975,
        "verification_status": "Verified",
        "validation_issue": "",
        "is_disputed": false,
        "color": "#00C896"
      }
    },
    {
      "type": "Feature",
      "id": "P0475",
      "geometry": {
        "type": "Polygon",
        "coordinates": [
          [
            [
              77.6078,
              14.6862
            ],
            [
              77.6098,
              14.6862
            ],
            [
              77.6098,
              14.6878
            ],
            [
              77.6078,
              14.6878
            ],
            [
              77.6078,
              14.6862
            ]
          ]
        ]
      },
      "properties": {
        "parcel_id": "P0475",
        "survey_no": "575",
        "survey_number": "575",
        "owner_name": "Synthetic Owner 475",
        "ocr_owner_name": "Synthetic Owner 493",
        "area_acres": 14.2182,
        "ocr_area_acres": 14.2182,
        "area_hectares": 5.754,
        "land_class": "Government",
        "district": "Anantapur",
        "state": "Andhra Pradesh",
        "village": "Example Village",
        "document_id": "DOC-00475",
        "confidence": 0.42,
        "verification_status": "Conflict",
        "validation_issue": "Owner mismatch",
        "is_disputed": true,
        "color": "#FF4757"
      }
    },
    {
      "type": "Feature",
      "id": "P0476",
      "geometry": {
        "type": "Polygon",
        "coordinates": [
          [
            [
              77.5502,
              14.6882
            ],
            [
              77.5522,
              14.6882
            ],
            [
              77.5522,
              14.6898
            ],
            [
              77.5502,
              14.6898
            ],
            [
              77.5502,
              14.6882
            ]
          ]
        ]
      },
      "properties": {
        "parcel_id": "P0476",
        "survey_no": "576/3",
        "survey_number": "576",
        "owner_name": "Synthetic Owner 476",
        "ocr_owner_name": "Synthetic Owner 476",
        "area_acres": 14.218,
        "ocr_area_acres": 14.218,
        "area_hectares": 5.754,
        "land_class": "Water Body",
        "district": "Anantapur",
        "state": "Andhra Pradesh",
        "village": "Example Village",
        "document_id": "DOC-00476",
        "confidence": 0.93,
        "verification_status": "Verified",
        "validation_issue": "",
        "is_disputed": false,
        "color": "#00C896"
      }
    },
    {
      "type": "Feature",
      "id": "P0477",
      "geometry": {
        "type": "Polygon",
        "coordinates": [
          [
            [
              77.5526,
              14.6882
            ],
            [
              77.5546,
              14.6882
            ],
            [
              77.5546,
              14.6898
            ],
            [
              77.5526,
              14.6898
            ],
            [
              77.5526,
              14.6882
            ]
          ]
        ]
      },
      "properties": {
        "parcel_id": "P0477",
        "survey_no": "577",
        "survey_number": "577",
        "owner_name": "Synthetic Owner 477",
        "ocr_owner_name": "Synthetic Owner 477",
        "area_acres": 14.218,
        "ocr_area_acres": 14.218,
        "area_hectares": 5.754,
        "land_class": "Agricultural",
        "district": "Anantapur",
        "state": "Andhra Pradesh",
        "village": "Example Village",
        "document_id": "DOC-00477",
        "confidence": 0.939,
        "verification_status": "Verified",
        "validation_issue": "",
        "is_disputed": false,
        "color": "#00C896"
      }
    },
    {
      "type": "Feature",
      "id": "P0478",
      "geometry": {
        "type": "Polygon",
        "coordinates": [
          [
            [
              77.555,
              14.6882
            ],
            [
              77.557,
              14.6882
            ],
            [
              77.557,
              14.6898
            ],
            [
              77.555,
              14.6898
            ],
            [
              77.555,
              14.6882
            ]
          ]
        ]
      },
      "properties": {
        "parcel_id": "P0478",
        "survey_no": "578",
        "survey_number": "578",
        "owner_name": "Synthetic Owner 478",
        "ocr_owner_name": "Synthetic Owner 478",
        "area_acres": 14.218,
        "ocr_area_acres": 14.218,
        "area_hectares": 5.754,
        "land_class": "Government",
        "district": "Anantapur",
        "state": "Andhra Pradesh",
        "village": "Example Village",
        "document_id": "DOC-00478",
        "confidence": 0.948,
        "verification_status": "Verified",
        "validation_issue": "",
        "is_disputed": false,
        "color": "#00C896"
      }
    },
    {
      "type": "Feature",
      "id": "P0479",
      "geometry": {
        "type": "Polygon",
        "coordinates": [
          [
            [
              77.5574,
              14.6882
            ],
            [
              77.5594,
              14.6882
            ],
            [
              77.5594,
              14.6898
            ],
            [
              77.5574,
              14.6898
            ],
            [
              77.5574,
              14.6882
            ]
          ]
        ]
      },
      "properties": {
        "parcel_id": "P0479",
        "survey_no": "579",
        "survey_number": "579",
        "owner_name": "Synthetic Owner 479",
        "ocr_owner_name": "Synthetic Owner 479",
        "area_acres": 14.218,
        "ocr_area_acres": 14.218,
        "area_hectares": 5.754,
        "land_class": "Water Body",
        "district": "Anantapur",
        "state": "Andhra Pradesh",
        "village": "Example Village",
        "document_id": "DOC-00479",
        "confidence": 0.957,
        "verification_status": "Verified",
        "validation_issue": "",
        "is_disputed": false,
        "color": "#00C896"
      }
    },
    {
      "type": "Feature",
      "id": "P0480",
      "geometry": {
        "type": "Polygon",
        "coordinates": [
          [
            [
              77.5598,
              14.6882
            ],
            [
              77.5618,
              14.6882
            ],
            [
              77.5618,
              14.6898
            ],
            [
              77.5598,
              14.6898
            ],
            [
              77.5598,
              14.6882
            ]
          ]
        ]
      },
      "properties": {
        "parcel_id": "P0480",
        "survey_no": "580",
        "survey_number": "580",
        "owner_name": "Synthetic Owner 480",
        "ocr_owner_name": "Synthetic Owner 480",
        "area_acres": 14.218,
        "ocr_area_acres": 14.218,
        "area_hectares": 5.754,
        "land_class": "Agricultural",
        "district": "Anantapur",
        "state": "Andhra Pradesh",
        "village": "Example Village",
        "document_id": "DOC-00480",
        "confidence": 0.966,
        "verification_status": "Verified",
        "validation_issue": "",
        "is_disputed": false,
        "color": "#00C896"
      }
    },
    {
      "type": "Feature",
      "id": "P0481",
      "geometry": {
        "type": "Polygon",
        "coordinates": [
          [
            [
              77.5622,
              14.6882
            ],
            [
              77.5642,
              14.6882
            ],
            [
              77.5642,
              14.6898
            ],
            [
              77.5622,
              14.6898
            ],
            [
              77.5622,
              14.6882
            ]
          ]
        ]
      },
      "properties": {
        "parcel_id": "P0481",
        "survey_no": "581/2",
        "survey_number": "581",
        "owner_name": "Synthetic Owner 481",
        "ocr_owner_name": "Synthetic Owner 481",
        "area_acres": 14.218,
        "ocr_area_acres": 14.218,
        "area_hectares": 5.754,
        "land_class": "Government",
        "district": "Anantapur",
        "state": "Andhra Pradesh",
        "village": "Example Village",
        "document_id": "DOC-00481",
        "confidence": 0.975,
        "verification_status": "Verified",
        "validation_issue": "",
        "is_disputed": false,
        "color": "#00C896"
      }
    },
    {
      "type": "Feature",
      "id": "P0482",
      "geometry": {
        "type": "Polygon",
        "coordinates": [
          [
            [
              77.5646,
              14.6882
            ],
            [
              77.5666,
              14.6882
            ],
            [
              77.5666,
              14.6898
            ],
            [
              77.5646,
              14.6898
            ],
            [
              77.5646,
              14.6882
            ]
          ]
        ]
      },
      "properties": {
        "parcel_id": "P0482",
        "survey_no": "582",
        "survey_number": "582",
        "owner_name": "Synthetic Owner 482",
        "ocr_owner_name": "Synthetic Owner 482",
        "area_acres": 14.218,
        "ocr_area_acres": 14.218,
        "area_hectares": 5.754,
        "land_class": "Water Body",
        "district": "Anantapur",
        "state": "Andhra Pradesh",
        "village": "Example Village",
        "document_id": "DOC-00482",
        "confidence": 0.724,
        "verification_status": "Review Required",
        "validation_issue": "Possible duplicate",
        "is_disputed": false,
        "color": "#FFB800"
      }
    },
    {
      "type": "Feature",
      "id": "P0483",
      "geometry": {
        "type": "Polygon",
        "coordinates": [
          [
            [
              77.567,
              14.6882
            ],
            [
              77.569,
              14.6882
            ],
            [
              77.569,
              14.6898
            ],
            [
              77.567,
              14.6898
            ],
            [
              77.567,
              14.6882
            ]
          ]
        ]
      },
      "properties": {
        "parcel_id": "P0483",
        "survey_no": "583",
        "survey_number": "583",
        "owner_name": "Synthetic Owner 483",
        "ocr_owner_name": "Synthetic Owner 483",
        "area_acres": 14.218,
        "ocr_area_acres": 14.218,
        "area_hectares": 5.754,
        "land_class": "Agricultural",
        "district": "Anantapur",
        "state": "Andhra Pradesh",
        "village": "Example Village",
        "document_id": "DOC-00483",
        "confidence": 0.93,
        "verification_status": "Verified",
        "validation_issue": "",
        "is_disputed": false,
        "color": "#00C896"
      }
    },
    {
      "type": "Feature",
      "id": "P0484",
      "geometry": {
        "type": "Polygon",
        "coordinates": [
          [
            [
              77.5694,
              14.6882
            ],
            [
              77.5714,
              14.6882
            ],
            [
              77.5714,
              14.6898
            ],
            [
              77.5694,
              14.6898
            ],
            [
              77.5694,
              14.6882
            ]
          ]
        ]
      },
      "properties": {
        "parcel_id": "P0484",
        "survey_no": "584",
        "survey_number": "584",
        "owner_name": "Synthetic Owner 484",
        "ocr_owner_name": "Synthetic Owner 484",
        "area_acres": 14.218,
        "ocr_area_acres": 14.218,
        "area_hectares": 5.754,
        "land_class": "Government",
        "district": "Anantapur",
        "state": "Andhra Pradesh",
        "village": "Example Village",
        "document_id": "DOC-00484",
        "confidence": 0.748,
        "verification_status": "Review Required",
        "validation_issue": "Missing mutation information",
        "is_disputed": false,
        "color": "#FFB800"
      }
    },
    {
      "type": "Feature",
      "id": "P0485",
      "geometry": {
        "type": "Polygon",
        "coordinates": [
          [
            [
              77.5718,
              14.6882
            ],
            [
              77.5738,
              14.6882
            ],
            [
              77.5738,
              14.6898
            ],
            [
              77.5718,
              14.6898
            ],
            [
              77.5718,
              14.6882
            ]
          ]
        ]
      },
      "properties": {
        "parcel_id": "P0485",
        "survey_no": "585",
        "survey_number": "585",
        "owner_name": "Synthetic Owner 485",
        "ocr_owner_name": "Synthetic Owner 485",
        "area_acres": 14.218,
        "ocr_area_acres": 14.218,
        "area_hectares": 5.754,
        "land_class": "Water Body",
        "district": "Anantapur",
        "state": "Andhra Pradesh",
        "village": "Example Village",
        "document_id": "DOC-00485",
        "confidence": 0.948,
        "verification_status": "Verified",
        "validation_issue": "",
        "is_disputed": false,
        "color": "#00C896"
      }
    },
    {
      "type": "Feature",
      "id": "P0486",
      "geometry": {
        "type": "Polygon",
        "coordinates": [
          [
            [
              77.5742,
              14.6882
            ],
            [
              77.5762,
              14.6882
            ],
            [
              77.5762,
              14.6898
            ],
            [
              77.5742,
              14.6898
            ],
            [
              77.5742,
              14.6882
            ]
          ]
        ]
      },
      "properties": {
        "parcel_id": "P0486",
        "survey_no": "586/1",
        "survey_number": "586",
        "owner_name": "Synthetic Owner 486",
        "ocr_owner_name": "Synthetic Owner 486",
        "area_acres": 14.218,
        "ocr_area_acres": 14.218,
        "area_hectares": 5.754,
        "land_class": "Agricultural",
        "district": "Anantapur",
        "state": "Andhra Pradesh",
        "village": "Example Village",
        "document_id": "DOC-00486",
        "confidence": 0.957,
        "verification_status": "Verified",
        "validation_issue": "",
        "is_disputed": false,
        "color": "#00C896"
      }
    },
    {
      "type": "Feature",
      "id": "P0487",
      "geometry": {
        "type": "Polygon",
        "coordinates": [
          [
            [
              77.5766,
              14.6882
            ],
            [
              77.5786,
              14.6882
            ],
            [
              77.5786,
              14.6898
            ],
            [
              77.5766,
              14.6898
            ],
            [
              77.5766,
              14.6882
            ]
          ]
        ]
      },
      "properties": {
        "parcel_id": "P0487",
        "survey_no": "587",
        "survey_number": "587",
        "owner_name": "Synthetic Owner 487",
        "ocr_owner_name": "Synthetic Owner 487",
        "area_acres": 14.218,
        "ocr_area_acres": 14.218,
        "area_hectares": 5.754,
        "land_class": "Government",
        "district": "Anantapur",
        "state": "Andhra Pradesh",
        "village": "Example Village",
        "document_id": "DOC-00487",
        "confidence": 0.966,
        "verification_status": "Verified",
        "validation_issue": "",
        "is_disputed": false,
        "color": "#00C896"
      }
    },
    {
      "type": "Feature",
      "id": "P0488",
      "geometry": {
        "type": "Polygon",
        "coordinates": [
          [
            [
              77.579,
              14.6882
            ],
            [
              77.581,
              14.6882
            ],
            [
              77.581,
              14.6898
            ],
            [
              77.579,
              14.6898
            ],
            [
              77.579,
              14.6882
            ]
          ]
        ]
      },
      "properties": {
        "parcel_id": "P0488",
        "survey_no": "588",
        "survey_number": "588",
        "owner_name": "Synthetic Owner 488",
        "ocr_owner_name": "Synthetic Owner 488",
        "area_acres": 14.218,
        "ocr_area_acres": 14.218,
        "area_hectares": 5.754,
        "land_class": "Water Body",
        "district": "Anantapur",
        "state": "Andhra Pradesh",
        "village": "Example Village",
        "document_id": "DOC-00488",
        "confidence": 0.975,
        "verification_status": "Verified",
        "validation_issue": "",
        "is_disputed": false,
        "color": "#00C896"
      }
    },
    {
      "type": "Feature",
      "id": "P0489",
      "geometry": {
        "type": "Polygon",
        "coordinates": [
          [
            [
              77.5814,
              14.6882
            ],
            [
              77.5834,
              14.6882
            ],
            [
              77.5834,
              14.6898
            ],
            [
              77.5814,
              14.6898
            ],
            [
              77.5814,
              14.6882
            ]
          ]
        ]
      },
      "properties": {
        "parcel_id": "P0489",
        "survey_no": "589",
        "survey_number": "589",
        "owner_name": "Synthetic Owner 489",
        "ocr_owner_name": "Synthetic Owner 489",
        "area_acres": 14.218,
        "ocr_area_acres": 14.218,
        "area_hectares": 5.754,
        "land_class": "Agricultural",
        "district": "Anantapur",
        "state": "Andhra Pradesh",
        "village": "Example Village",
        "document_id": "DOC-00489",
        "confidence": 0.984,
        "verification_status": "Verified",
        "validation_issue": "",
        "is_disputed": false,
        "color": "#00C896"
      }
    },
    {
      "type": "Feature",
      "id": "P0490",
      "geometry": {
        "type": "Polygon",
        "coordinates": [
          [
            [
              77.5838,
              14.6882
            ],
            [
              77.5858,
              14.6882
            ],
            [
              77.5858,
              14.6898
            ],
            [
              77.5838,
              14.6898
            ],
            [
              77.5838,
              14.6882
            ]
          ]
        ]
      },
      "properties": {
        "parcel_id": "P0490",
        "survey_no": "590",
        "survey_number": "590",
        "owner_name": "Synthetic Owner 490",
        "ocr_owner_name": "Synthetic Owner 490",
        "area_acres": 14.218,
        "ocr_area_acres": 14.218,
        "area_hectares": 5.754,
        "land_class": "Government",
        "district": "Anantapur",
        "state": "Andhra Pradesh",
        "village": "Example Village",
        "document_id": "DOC-00490",
        "confidence": 0.93,
        "verification_status": "Verified",
        "validation_issue": "",
        "is_disputed": false,
        "color": "#00C896"
      }
    },
    {
      "type": "Feature",
      "id": "P0491",
      "geometry": {
        "type": "Polygon",
        "coordinates": [
          [
            [
              77.5862,
              14.6882
            ],
            [
              77.5882,
              14.6882
            ],
            [
              77.5882,
              14.6898
            ],
            [
              77.5862,
              14.6898
            ],
            [
              77.5862,
              14.6882
            ]
          ]
        ]
      },
      "properties": {
        "parcel_id": "P0491",
        "survey_no": "591/3",
        "survey_number": "591",
        "owner_name": "Synthetic Owner 491",
        "ocr_owner_name": "Synthetic Owner 473",
        "area_acres": 14.218,
        "ocr_area_acres": 14.218,
        "area_hectares": 5.754,
        "land_class": "Water Body",
        "district": "Anantapur",
        "state": "Andhra Pradesh",
        "village": "Example Village",
        "document_id": "DOC-00491",
        "confidence": 0.612,
        "verification_status": "Conflict",
        "validation_issue": "Owner mismatch",
        "is_disputed": true,
        "color": "#FF4757"
      }
    },
    {
      "type": "Feature",
      "id": "P0492",
      "geometry": {
        "type": "Polygon",
        "coordinates": [
          [
            [
              77.5886,
              14.6882
            ],
            [
              77.5906,
              14.6882
            ],
            [
              77.5906,
              14.6898
            ],
            [
              77.5886,
              14.6898
            ],
            [
              77.5886,
              14.6882
            ]
          ]
        ]
      },
      "properties": {
        "parcel_id": "P0492",
        "survey_no": "592",
        "survey_number": "592",
        "owner_name": "Synthetic Owner 492",
        "ocr_owner_name": "Synthetic Owner 492",
        "area_acres": 14.218,
        "ocr_area_acres": 14.218,
        "area_hectares": 5.754,
        "land_class": "Agricultural",
        "district": "Anantapur",
        "state": "Andhra Pradesh",
        "village": "Example Village",
        "document_id": "DOC-00492",
        "confidence": 0.624,
        "verification_status": "Review Required",
        "validation_issue": "Low OCR confidence",
        "is_disputed": false,
        "color": "#FFB800"
      }
    },
    {
      "type": "Feature",
      "id": "P0493",
      "geometry": {
        "type": "Polygon",
        "coordinates": [
          [
            [
              77.591,
              14.6882
            ],
            [
              77.593,
              14.6882
            ],
            [
              77.593,
              14.6898
            ],
            [
              77.591,
              14.6898
            ],
            [
              77.591,
              14.6882
            ]
          ]
        ]
      },
      "properties": {
        "parcel_id": "P0493",
        "survey_no": "593",
        "survey_number": "593",
        "owner_name": "Synthetic Owner 493",
        "ocr_owner_name": "Synthetic Owner 493",
        "area_acres": 14.218,
        "ocr_area_acres": 14.218,
        "area_hectares": 5.754,
        "land_class": "Government",
        "district": "Anantapur",
        "state": "Andhra Pradesh",
        "village": "Example Village",
        "document_id": "DOC-00493",
        "confidence": 0.957,
        "verification_status": "Verified",
        "validation_issue": "",
        "is_disputed": false,
        "color": "#00C896"
      }
    },
    {
      "type": "Feature",
      "id": "P0494",
      "geometry": {
        "type": "Polygon",
        "coordinates": [
          [
            [
              77.5934,
              14.6882
            ],
            [
              77.5954,
              14.6882
            ],
            [
              77.5954,
              14.6898
            ],
            [
              77.5934,
              14.6898
            ],
            [
              77.5934,
              14.6882
            ]
          ]
        ]
      },
      "properties": {
        "parcel_id": "P0494",
        "survey_no": "594",
        "survey_number": "594",
        "owner_name": "Synthetic Owner 494",
        "ocr_owner_name": "Synthetic Owner 494",
        "area_acres": 14.218,
        "ocr_area_acres": 14.218,
        "area_hectares": 5.754,
        "land_class": "Water Body",
        "district": "Anantapur",
        "state": "Andhra Pradesh",
        "village": "Example Village",
        "document_id": "DOC-00494",
        "confidence": 0.966,
        "verification_status": "Verified",
        "validation_issue": "",
        "is_disputed": false,
        "color": "#00C896"
      }
    },
    {
      "type": "Feature",
      "id": "P0495",
      "geometry": {
        "type": "Polygon",
        "coordinates": [
          [
            [
              77.5958,
              14.6882
            ],
            [
              77.5978,
              14.6882
            ],
            [
              77.5978,
              14.6898
            ],
            [
              77.5958,
              14.6898
            ],
            [
              77.5958,
              14.6882
            ]
          ]
        ]
      },
      "properties": {
        "parcel_id": "P0495",
        "survey_no": "595",
        "survey_number": "595",
        "owner_name": "Synthetic Owner 495",
        "ocr_owner_name": "Synthetic Owner 495",
        "area_acres": 14.218,
        "ocr_area_acres": 14.218,
        "area_hectares": 5.754,
        "land_class": "Agricultural",
        "district": "Anantapur",
        "state": "Andhra Pradesh",
        "village": "Example Village",
        "document_id": "DOC-00495",
        "confidence": 0.975,
        "verification_status": "Verified",
        "validation_issue": "",
        "is_disputed": false,
        "color": "#00C896"
      }
    },
    {
      "type": "Feature",
      "id": "P0496",
      "geometry": {
        "type": "Polygon",
        "coordinates": [
          [
            [
              77.5982,
              14.6882
            ],
            [
              77.6002,
              14.6882
            ],
            [
              77.6002,
              14.6898
            ],
            [
              77.5982,
              14.6898
            ],
            [
              77.5982,
              14.6882
            ]
          ]
        ]
      },
      "properties": {
        "parcel_id": "P0496",
        "survey_no": "596/2",
        "survey_number": "596",
        "owner_name": "Synthetic Owner 496",
        "ocr_owner_name": "Synthetic Owner 496",
        "area_acres": 14.218,
        "ocr_area_acres": 14.218,
        "area_hectares": 5.754,
        "land_class": "Government",
        "district": "Anantapur",
        "state": "Andhra Pradesh",
        "village": "Example Village",
        "document_id": "DOC-00496",
        "confidence": 0.984,
        "verification_status": "Verified",
        "validation_issue": "",
        "is_disputed": false,
        "color": "#00C896"
      }
    },
    {
      "type": "Feature",
      "id": "P0497",
      "geometry": {
        "type": "Polygon",
        "coordinates": [
          [
            [
              77.6006,
              14.6882
            ],
            [
              77.6026,
              14.6882
            ],
            [
              77.6026,
              14.6898
            ],
            [
              77.6006,
              14.6898
            ],
            [
              77.6006,
              14.6882
            ]
          ]
        ]
      },
      "properties": {
        "parcel_id": "P0497",
        "survey_no": "597",
        "survey_number": "597",
        "owner_name": "Synthetic Owner 497",
        "ocr_owner_name": "Synthetic Owner 497",
        "area_acres": 14.218,
        "ocr_area_acres": 14.218,
        "area_hectares": 5.754,
        "land_class": "Water Body",
        "district": "Anantapur",
        "state": "Andhra Pradesh",
        "village": "Example Village",
        "document_id": "DOC-00497",
        "confidence": 0.724,
        "verification_status": "Review Required",
        "validation_issue": "Possible duplicate",
        "is_disputed": false,
        "color": "#FFB800"
      }
    },
    {
      "type": "Feature",
      "id": "P0498",
      "geometry": {
        "type": "Polygon",
        "coordinates": [
          [
            [
              77.603,
              14.6882
            ],
            [
              77.605,
              14.6882
            ],
            [
              77.605,
              14.6898
            ],
            [
              77.603,
              14.6898
            ],
            [
              77.603,
              14.6882
            ]
          ]
        ]
      },
      "properties": {
        "parcel_id": "P0498",
        "survey_no": "598",
        "survey_number": "598",
        "owner_name": "Synthetic Owner 498",
        "ocr_owner_name": "Synthetic Owner 498",
        "area_acres": 14.218,
        "ocr_area_acres": 14.218,
        "area_hectares": 5.754,
        "land_class": "Agricultural",
        "district": "Anantapur",
        "state": "Andhra Pradesh",
        "village": "Example Village",
        "document_id": "DOC-00498",
        "confidence": 0.939,
        "verification_status": "Verified",
        "validation_issue": "",
        "is_disputed": false,
        "color": "#00C896"
      }
    },
    {
      "type": "Feature",
      "id": "P0499",
      "geometry": {
        "type": "Polygon",
        "coordinates": [
          [
            [
              77.6054,
              14.6882
            ],
            [
              77.6074,
              14.6882
            ],
            [
              77.6074,
              14.6898
            ],
            [
              77.6054,
              14.6898
            ],
            [
              77.6054,
              14.6882
            ]
          ]
        ]
      },
      "properties": {
        "parcel_id": "P0499",
        "survey_no": "599",
        "survey_number": "599",
        "owner_name": "Synthetic Owner 499",
        "ocr_owner_name": "Synthetic Owner 499",
        "area_acres": 14.218,
        "ocr_area_acres": 14.218,
        "area_hectares": 5.754,
        "land_class": "Government",
        "district": "Anantapur",
        "state": "Andhra Pradesh",
        "village": "Example Village",
        "document_id": "DOC-00499",
        "confidence": 0.948,
        "verification_status": "Verified",
        "validation_issue": "",
        "is_disputed": false,
        "color": "#00C896"
      }
    },
    {
      "type": "Feature",
      "id": "P0500",
      "geometry": {
        "type": "Polygon",
        "coordinates": [
          [
            [
              77.6078,
              14.6882
            ],
            [
              77.6098,
              14.6882
            ],
            [
              77.6098,
              14.6898
            ],
            [
              77.6078,
              14.6898
            ],
            [
              77.6078,
              14.6882
            ]
          ]
        ]
      },
      "properties": {
        "parcel_id": "P0500",
        "survey_no": "600",
        "survey_number": "600",
        "owner_name": "Synthetic Owner 500",
        "ocr_owner_name": "Synthetic Owner 500",
        "area_acres": 14.218,
        "ocr_area_acres": 14.218,
        "area_hectares": 5.754,
        "land_class": "Water Body",
        "district": "Anantapur",
        "state": "Andhra Pradesh",
        "village": "Example Village",
        "document_id": "DOC-00500",
        "confidence": 0.957,
        "verification_status": "Verified",
        "validation_issue": "",
        "is_disputed": false,
        "color": "#00C896"
      }
    }
  ]
}